ISO-10303-21;
HEADER;

FILE_DESCRIPTION((''), '2;1');

FILE_NAME(
    'output_file',
    '2009-06-07T17:44:47-07:00',
    (''),
    (''),
    'SolveSpace',
    '',
    ''
);

FILE_SCHEMA (('CONFIG_CONTROL_DESIGN'));
ENDSEC;

DATA;

/**********************************************************
 * This defines the units and tolerances for the file. It
 * is always the same, independent of the actual data.
 **********************************************************/
#158=(
LENGTH_UNIT()
NAMED_UNIT(*)
SI_UNIT(.MILLI.,.METRE.)
);
#161=(
NAMED_UNIT(*)
PLANE_ANGLE_UNIT()
SI_UNIT($,.RADIAN.)
);
#166=(
NAMED_UNIT(*)
SI_UNIT($,.STERADIAN.)
SOLID_ANGLE_UNIT()
);
#167=UNCERTAINTY_MEASURE_WITH_UNIT(LENGTH_MEASURE(0.001),#158,
'DISTANCE_ACCURACY_VALUE',
'string');
#168=(
GEOMETRIC_REPRESENTATION_CONTEXT(3)
GLOBAL_UNCERTAINTY_ASSIGNED_CONTEXT((#167))
GLOBAL_UNIT_ASSIGNED_CONTEXT((#166,#161,#158))
REPRESENTATION_CONTEXT('ID1','3D')
);
#169=SHAPE_REPRESENTATION('',(#170),#168);
#170=AXIS2_PLACEMENT_3D('',#173,#171,#172);
#171=DIRECTION('',(0.,0.,1.));
#172=DIRECTION('',(1.,0.,0.));
#173=CARTESIAN_POINT('',(0.,0.,0.));

#175 = SHAPE_DEFINITION_REPRESENTATION(#176, #169);
#176 = PRODUCT_DEFINITION_SHAPE('Version', 'Test Part', #177);
#177 = PRODUCT_DEFINITION('Version', 'Test Part', #182, #178);
#178 = DESIGN_CONTEXT('3D Mechanical Parts', #181, 'design');
#179 = PRODUCT('1', 'Product', 'Test Part', (#180));
#180 = MECHANICAL_CONTEXT('3D Mechanical Parts', #181, 'mechanical');
#181 = APPLICATION_CONTEXT(
'configuration controlled 3d designs of mechanical parts and assemblies');
#182 = PRODUCT_DEFINITION_FORMATION_WITH_SPECIFIED_SOURCE('Version',
'Test Part', #179, .MADE.);

#200=(
BOUNDED_SURFACE()
B_SPLINE_SURFACE(1,1,((#201,#202),(#203,#204)),.UNSPECIFIED.,.F.,.F.,.F.)
B_SPLINE_SURFACE_WITH_KNOTS((2,2),(2,2),(0.000,1.000),(0.000,1.000),.UNSPECIFIED.)
GEOMETRIC_REPRESENTATION_ITEM()
RATIONAL_B_SPLINE_SURFACE(((1.0000000000,1.0000000000),(1.0000000000,1.0000000000)))
REPRESENTATION_ITEM('')
SURFACE()
);
#201=CARTESIAN_POINT('',(53.2713827583,-51.2921875000,58.7623143079));
#202=CARTESIAN_POINT('',(53.2713827583,-51.2921875000,-1.3248597260));
#203=CARTESIAN_POINT('',(-5.2713827583,-51.2921875000,58.7623143079));
#204=CARTESIAN_POINT('',(-5.2713827583,-51.2921875000,-1.3248597260));

#205=CARTESIAN_POINT('',(51.9465230323,-51.2921875000,55.8900000000));
#206=VERTEX_POINT('',#205);
#207=(
BOUNDED_CURVE()
B_SPLINE_CURVE(1,(#208,#209),.UNSPECIFIED.,.F.,.F.)
B_SPLINE_CURVE_WITH_KNOTS((2,2),(0.000,1.000),.UNSPECIFIED.)
CURVE()
GEOMETRIC_REPRESENTATION_ITEM()
RATIONAL_B_SPLINE_CURVE((1.0000000000,1.0000000000))
REPRESENTATION_ITEM('')
);
#208=CARTESIAN_POINT('',(51.9465230323,-51.2921875000,55.8900000000));
#209=CARTESIAN_POINT('',(51.9465230323,-51.2921875000,2.8467103318));

#210=CARTESIAN_POINT('',(51.9465230323,-51.2921875000,2.8467103318));
#211=VERTEX_POINT('',#210);
#212=EDGE_CURVE('',#206,#211,#207,.T.);
#213=ORIENTED_EDGE('',*,*,#212,.T.);
#214=(
BOUNDED_CURVE()
B_SPLINE_CURVE(1,(#215,#216),.UNSPECIFIED.,.F.,.F.)
B_SPLINE_CURVE_WITH_KNOTS((2,2),(0.000,1.000),.UNSPECIFIED.)
CURVE()
GEOMETRIC_REPRESENTATION_ITEM()
RATIONAL_B_SPLINE_CURVE((1.0000000000,1.0000000000))
REPRESENTATION_ITEM('')
);
#215=CARTESIAN_POINT('',(51.9465230323,-51.2921875000,2.8467103318));
#216=CARTESIAN_POINT('',(51.9465230323,-51.2921875000,0.0000000000));

#217=CARTESIAN_POINT('',(51.9465230323,-51.2921875000,0.0000000000));
#218=VERTEX_POINT('',#217);
#219=EDGE_CURVE('',#211,#218,#214,.T.);
#220=ORIENTED_EDGE('',*,*,#219,.T.);
#221=(
BOUNDED_CURVE()
B_SPLINE_CURVE(1,(#222,#223),.UNSPECIFIED.,.F.,.F.)
B_SPLINE_CURVE_WITH_KNOTS((2,2),(0.000,1.000),.UNSPECIFIED.)
CURVE()
GEOMETRIC_REPRESENTATION_ITEM()
RATIONAL_B_SPLINE_CURVE((1.0000000000,1.0000000000))
REPRESENTATION_ITEM('')
);
#222=CARTESIAN_POINT('',(51.9465230323,-51.2921875000,0.0000000000));
#223=CARTESIAN_POINT('',(-3.9465230323,-51.2921875000,0.0000000000));

#224=CARTESIAN_POINT('',(-3.9465230323,-51.2921875000,0.0000000000));
#225=VERTEX_POINT('',#224);
#226=EDGE_CURVE('',#218,#225,#221,.T.);
#227=ORIENTED_EDGE('',*,*,#226,.T.);
#228=(
BOUNDED_CURVE()
B_SPLINE_CURVE(1,(#229,#230),.UNSPECIFIED.,.F.,.F.)
B_SPLINE_CURVE_WITH_KNOTS((2,2),(0.000,1.000),.UNSPECIFIED.)
CURVE()
GEOMETRIC_REPRESENTATION_ITEM()
RATIONAL_B_SPLINE_CURVE((1.0000000000,1.0000000000))
REPRESENTATION_ITEM('')
);
#229=CARTESIAN_POINT('',(-3.9465230323,-51.2921875000,0.0000000000));
#230=CARTESIAN_POINT('',(-3.9465230323,-51.2921875000,2.8467103318));

#231=CARTESIAN_POINT('',(-3.9465230323,-51.2921875000,2.8467103318));
#232=VERTEX_POINT('',#231);
#233=EDGE_CURVE('',#225,#232,#228,.T.);
#234=ORIENTED_EDGE('',*,*,#233,.T.);
#235=(
BOUNDED_CURVE()
B_SPLINE_CURVE(1,(#236,#237),.UNSPECIFIED.,.F.,.F.)
B_SPLINE_CURVE_WITH_KNOTS((2,2),(0.000,1.000),.UNSPECIFIED.)
CURVE()
GEOMETRIC_REPRESENTATION_ITEM()
RATIONAL_B_SPLINE_CURVE((1.0000000000,1.0000000000))
REPRESENTATION_ITEM('')
);
#236=CARTESIAN_POINT('',(-3.9465230323,-51.2921875000,2.8467103318));
#237=CARTESIAN_POINT('',(-3.9465230323,-51.2921875000,55.8900000000));

#238=CARTESIAN_POINT('',(-3.9465230323,-51.2921875000,55.8900000000));
#239=VERTEX_POINT('',#238);
#240=EDGE_CURVE('',#232,#239,#235,.T.);
#241=ORIENTED_EDGE('',*,*,#240,.T.);
#242=(
BOUNDED_CURVE()
B_SPLINE_CURVE(1,(#243,#244),.UNSPECIFIED.,.F.,.F.)
B_SPLINE_CURVE_WITH_KNOTS((2,2),(0.000,1.000),.UNSPECIFIED.)
CURVE()
GEOMETRIC_REPRESENTATION_ITEM()
RATIONAL_B_SPLINE_CURVE((1.0000000000,1.0000000000))
REPRESENTATION_ITEM('')
);
#243=CARTESIAN_POINT('',(-3.9465230323,-51.2921875000,55.8900000000));
#244=CARTESIAN_POINT('',(-3.9465230323,-51.2921875000,57.4374545819));

#245=CARTESIAN_POINT('',(-3.9465230323,-51.2921875000,57.4374545819));
#246=VERTEX_POINT('',#245);
#247=EDGE_CURVE('',#239,#246,#242,.T.);
#248=ORIENTED_EDGE('',*,*,#247,.T.);
#249=(
BOUNDED_CURVE()
B_SPLINE_CURVE(1,(#250,#251),.UNSPECIFIED.,.F.,.F.)
B_SPLINE_CURVE_WITH_KNOTS((2,2),(0.000,1.000),.UNSPECIFIED.)
CURVE()
GEOMETRIC_REPRESENTATION_ITEM()
RATIONAL_B_SPLINE_CURVE((1.0000000000,1.0000000000))
REPRESENTATION_ITEM('')
);
#250=CARTESIAN_POINT('',(-3.9465230323,-51.2921875000,57.4374545819));
#251=CARTESIAN_POINT('',(51.9465230323,-51.2921875000,57.4374545819));

#252=CARTESIAN_POINT('',(51.9465230323,-51.2921875000,57.4374545819));
#253=VERTEX_POINT('',#252);
#254=EDGE_CURVE('',#246,#253,#249,.T.);
#255=ORIENTED_EDGE('',*,*,#254,.T.);
#256=(
BOUNDED_CURVE()
B_SPLINE_CURVE(1,(#257,#258),.UNSPECIFIED.,.F.,.F.)
B_SPLINE_CURVE_WITH_KNOTS((2,2),(0.000,1.000),.UNSPECIFIED.)
CURVE()
GEOMETRIC_REPRESENTATION_ITEM()
RATIONAL_B_SPLINE_CURVE((1.0000000000,1.0000000000))
REPRESENTATION_ITEM('')
);
#257=CARTESIAN_POINT('',(51.9465230323,-51.2921875000,57.4374545819));
#258=CARTESIAN_POINT('',(51.9465230323,-51.2921875000,55.8900000000));

#259=EDGE_CURVE('',#253,#206,#256,.T.);
#260=ORIENTED_EDGE('',*,*,#259,.T.);
#261=EDGE_LOOP('',(#213,#220,#227,#234,#241,#248,#255,#260));
#262=FACE_OUTER_BOUND('',#261,.T.);
#263=ADVANCED_FACE('',(#262),#200,.T.);
#264=COLOUR_RGB('',0.39,0.39,0.39);
#265=FILL_AREA_STYLE_COLOUR('',#264);
#266=FILL_AREA_STYLE('',(#265));
#267=SURFACE_STYLE_FILL_AREA(#266);
#268=SURFACE_STYLE_TRANSPARENT(0.00);
#269=SURFACE_STYLE_RENDERING_WITH_PROPERTIES(.NORMAL_SHADING.,#264,(#268));
#270=SURFACE_SIDE_STYLE('',(#267, #269));
#271=SURFACE_STYLE_USAGE(.BOTH.,#270);
#272=PRESENTATION_STYLE_ASSIGNMENT((#271));
#273=STYLED_ITEM('',(#272),#263);

#274=(
BOUNDED_SURFACE()
B_SPLINE_SURFACE(1,1,((#275,#276),(#277,#278)),.UNSPECIFIED.,.F.,.F.,.F.)
B_SPLINE_SURFACE_WITH_KNOTS((2,2),(2,2),(0.000,1.000),(0.000,1.000),.UNSPECIFIED.)
GEOMETRIC_REPRESENTATION_ITEM()
RATIONAL_B_SPLINE_SURFACE(((1.0000000000,1.0000000000),(1.0000000000,1.0000000000)))
REPRESENTATION_ITEM('')
SURFACE()
);
#275=CARTESIAN_POINT('',(-3.9465230323,-52.6170472260,58.7623143079));
#276=CARTESIAN_POINT('',(-3.9465230323,-52.6170472260,-1.3248597260));
#277=CARTESIAN_POINT('',(-3.9465230323,4.7467347260,58.7623143079));
#278=CARTESIAN_POINT('',(-3.9465230323,4.7467347260,-1.3248597260));

#279=CARTESIAN_POINT('',(-3.9465230323,-51.2921875000,55.8900000000));
#280=VERTEX_POINT('',#279);
#281=(
BOUNDED_CURVE()
B_SPLINE_CURVE(1,(#282,#283),.UNSPECIFIED.,.F.,.F.)
B_SPLINE_CURVE_WITH_KNOTS((2,2),(0.000,1.000),.UNSPECIFIED.)
CURVE()
GEOMETRIC_REPRESENTATION_ITEM()
RATIONAL_B_SPLINE_CURVE((1.0000000000,1.0000000000))
REPRESENTATION_ITEM('')
);
#282=CARTESIAN_POINT('',(-3.9465230323,-51.2921875000,55.8900000000));
#283=CARTESIAN_POINT('',(-3.9465230323,-51.2921875000,2.8467103318));

#284=CARTESIAN_POINT('',(-3.9465230323,-51.2921875000,2.8467103318));
#285=VERTEX_POINT('',#284);
#286=EDGE_CURVE('',#280,#285,#281,.T.);
#287=ORIENTED_EDGE('',*,*,#286,.T.);
#288=(
BOUNDED_CURVE()
B_SPLINE_CURVE(1,(#289,#290),.UNSPECIFIED.,.F.,.F.)
B_SPLINE_CURVE_WITH_KNOTS((2,2),(0.000,1.000),.UNSPECIFIED.)
CURVE()
GEOMETRIC_REPRESENTATION_ITEM()
RATIONAL_B_SPLINE_CURVE((1.0000000000,1.0000000000))
REPRESENTATION_ITEM('')
);
#289=CARTESIAN_POINT('',(-3.9465230323,-51.2921875000,2.8467103318));
#290=CARTESIAN_POINT('',(-3.9465230323,-51.2921875000,0.0000000000));

#291=CARTESIAN_POINT('',(-3.9465230323,-51.2921875000,0.0000000000));
#292=VERTEX_POINT('',#291);
#293=EDGE_CURVE('',#285,#292,#288,.T.);
#294=ORIENTED_EDGE('',*,*,#293,.T.);
#295=(
BOUNDED_CURVE()
B_SPLINE_CURVE(1,(#296,#297),.UNSPECIFIED.,.F.,.F.)
B_SPLINE_CURVE_WITH_KNOTS((2,2),(0.000,1.000),.UNSPECIFIED.)
CURVE()
GEOMETRIC_REPRESENTATION_ITEM()
RATIONAL_B_SPLINE_CURVE((1.0000000000,1.0000000000))
REPRESENTATION_ITEM('')
);
#296=CARTESIAN_POINT('',(-3.9465230323,-51.2921875000,0.0000000000));
#297=CARTESIAN_POINT('',(-3.9465230323,3.4218750000,0.0000000000));

#298=CARTESIAN_POINT('',(-3.9465230323,3.4218750000,0.0000000000));
#299=VERTEX_POINT('',#298);
#300=EDGE_CURVE('',#292,#299,#295,.T.);
#301=ORIENTED_EDGE('',*,*,#300,.T.);
#302=(
BOUNDED_CURVE()
B_SPLINE_CURVE(1,(#303,#304),.UNSPECIFIED.,.F.,.F.)
B_SPLINE_CURVE_WITH_KNOTS((2,2),(0.000,1.000),.UNSPECIFIED.)
CURVE()
GEOMETRIC_REPRESENTATION_ITEM()
RATIONAL_B_SPLINE_CURVE((1.0000000000,1.0000000000))
REPRESENTATION_ITEM('')
);
#303=CARTESIAN_POINT('',(-3.9465230323,3.4218750000,0.0000000000));
#304=CARTESIAN_POINT('',(-3.9465230323,3.4218750000,2.8467103318));

#305=CARTESIAN_POINT('',(-3.9465230323,3.4218750000,2.8467103318));
#306=VERTEX_POINT('',#305);
#307=EDGE_CURVE('',#299,#306,#302,.T.);
#308=ORIENTED_EDGE('',*,*,#307,.T.);
#309=(
BOUNDED_CURVE()
B_SPLINE_CURVE(1,(#310,#311),.UNSPECIFIED.,.F.,.F.)
B_SPLINE_CURVE_WITH_KNOTS((2,2),(0.000,1.000),.UNSPECIFIED.)
CURVE()
GEOMETRIC_REPRESENTATION_ITEM()
RATIONAL_B_SPLINE_CURVE((1.0000000000,1.0000000000))
REPRESENTATION_ITEM('')
);
#310=CARTESIAN_POINT('',(-3.9465230323,3.4218750000,2.8467103318));
#311=CARTESIAN_POINT('',(-3.9465230323,3.4218750000,55.8900000000));

#312=CARTESIAN_POINT('',(-3.9465230323,3.4218750000,55.8900000000));
#313=VERTEX_POINT('',#312);
#314=EDGE_CURVE('',#306,#313,#309,.T.);
#315=ORIENTED_EDGE('',*,*,#314,.T.);
#316=(
BOUNDED_CURVE()
B_SPLINE_CURVE(1,(#317,#318),.UNSPECIFIED.,.F.,.F.)
B_SPLINE_CURVE_WITH_KNOTS((2,2),(0.000,1.000),.UNSPECIFIED.)
CURVE()
GEOMETRIC_REPRESENTATION_ITEM()
RATIONAL_B_SPLINE_CURVE((1.0000000000,1.0000000000))
REPRESENTATION_ITEM('')
);
#317=CARTESIAN_POINT('',(-3.9465230323,3.4218750000,55.8900000000));
#318=CARTESIAN_POINT('',(-3.9465230323,3.4218750000,57.4374545819));

#319=CARTESIAN_POINT('',(-3.9465230323,3.4218750000,57.4374545819));
#320=VERTEX_POINT('',#319);
#321=EDGE_CURVE('',#313,#320,#316,.T.);
#322=ORIENTED_EDGE('',*,*,#321,.T.);
#323=(
BOUNDED_CURVE()
B_SPLINE_CURVE(1,(#324,#325),.UNSPECIFIED.,.F.,.F.)
B_SPLINE_CURVE_WITH_KNOTS((2,2),(0.000,1.000),.UNSPECIFIED.)
CURVE()
GEOMETRIC_REPRESENTATION_ITEM()
RATIONAL_B_SPLINE_CURVE((1.0000000000,1.0000000000))
REPRESENTATION_ITEM('')
);
#324=CARTESIAN_POINT('',(-3.9465230323,3.4218750000,57.4374545819));
#325=CARTESIAN_POINT('',(-3.9465230323,-51.2921875000,57.4374545819));

#326=CARTESIAN_POINT('',(-3.9465230323,-51.2921875000,57.4374545819));
#327=VERTEX_POINT('',#326);
#328=EDGE_CURVE('',#320,#327,#323,.T.);
#329=ORIENTED_EDGE('',*,*,#328,.T.);
#330=(
BOUNDED_CURVE()
B_SPLINE_CURVE(1,(#331,#332),.UNSPECIFIED.,.F.,.F.)
B_SPLINE_CURVE_WITH_KNOTS((2,2),(0.000,1.000),.UNSPECIFIED.)
CURVE()
GEOMETRIC_REPRESENTATION_ITEM()
RATIONAL_B_SPLINE_CURVE((1.0000000000,1.0000000000))
REPRESENTATION_ITEM('')
);
#331=CARTESIAN_POINT('',(-3.9465230323,-51.2921875000,57.4374545819));
#332=CARTESIAN_POINT('',(-3.9465230323,-51.2921875000,55.8900000000));

#333=EDGE_CURVE('',#327,#280,#330,.T.);
#334=ORIENTED_EDGE('',*,*,#333,.T.);
#335=EDGE_LOOP('',(#287,#294,#301,#308,#315,#322,#329,#334));
#336=FACE_OUTER_BOUND('',#335,.T.);
#337=CARTESIAN_POINT('',(-3.9465230323,-17.6622629069,11.0332110295));
#338=VERTEX_POINT('',#337);
#339=(
BOUNDED_CURVE()
B_SPLINE_CURVE(1,(#340,#341),.UNSPECIFIED.,.F.,.F.)
B_SPLINE_CURVE_WITH_KNOTS((2,2),(0.000,1.000),.UNSPECIFIED.)
CURVE()
GEOMETRIC_REPRESENTATION_ITEM()
RATIONAL_B_SPLINE_CURVE((1.0000000000,1.0000000000))
REPRESENTATION_ITEM('')
);
#340=CARTESIAN_POINT('',(-3.9465230323,-17.6622629069,11.0332110295));
#341=CARTESIAN_POINT('',(-3.9465230323,-17.6622629069,10.6857487085));

#342=CARTESIAN_POINT('',(-3.9465230323,-17.6622629069,10.6857487085));
#343=VERTEX_POINT('',#342);
#344=EDGE_CURVE('',#338,#343,#339,.T.);
#345=ORIENTED_EDGE('',*,*,#344,.T.);
#346=(
BOUNDED_CURVE()
B_SPLINE_CURVE(2,(#347,#348,#349),.UNSPECIFIED.,.F.,.F.)
B_SPLINE_CURVE_WITH_KNOTS((3,3),(0.000,1.000),.UNSPECIFIED.)
CURVE()
GEOMETRIC_REPRESENTATION_ITEM()
RATIONAL_B_SPLINE_CURVE((1.0000000000,0.7071067812,1.0000000000))
REPRESENTATION_ITEM('')
);
#347=CARTESIAN_POINT('',(-3.9465230323,-17.6622629069,10.6857487084));
#348=CARTESIAN_POINT('',(-3.9465230323,-17.6622629071,7.6359639682));
#349=CARTESIAN_POINT('',(-3.9465230323,-20.7120476472,7.6359639682));

#350=CARTESIAN_POINT('',(-3.9465230323,-20.7120476472,7.6359639682));
#351=VERTEX_POINT('',#350);
#352=EDGE_CURVE('',#343,#351,#346,.T.);
#353=ORIENTED_EDGE('',*,*,#352,.T.);
#354=(
BOUNDED_CURVE()
B_SPLINE_CURVE(1,(#355,#356),.UNSPECIFIED.,.F.,.F.)
B_SPLINE_CURVE_WITH_KNOTS((2,2),(0.000,1.000),.UNSPECIFIED.)
CURVE()
GEOMETRIC_REPRESENTATION_ITEM()
RATIONAL_B_SPLINE_CURVE((1.0000000000,1.0000000000))
REPRESENTATION_ITEM('')
);
#355=CARTESIAN_POINT('',(-3.9465230323,-20.7120476472,7.6359639682));
#356=CARTESIAN_POINT('',(-3.9465230323,-28.1086771101,7.6359639682));

#357=CARTESIAN_POINT('',(-3.9465230323,-28.1086771101,7.6359639682));
#358=VERTEX_POINT('',#357);
#359=EDGE_CURVE('',#351,#358,#354,.T.);
#360=ORIENTED_EDGE('',*,*,#359,.T.);
#361=(
BOUNDED_CURVE()
B_SPLINE_CURVE(2,(#362,#363,#364),.UNSPECIFIED.,.F.,.F.)
B_SPLINE_CURVE_WITH_KNOTS((3,3),(0.000,1.000),.UNSPECIFIED.)
CURVE()
GEOMETRIC_REPRESENTATION_ITEM()
RATIONAL_B_SPLINE_CURVE((1.0000000000,0.7071067812,1.0000000000))
REPRESENTATION_ITEM('')
);
#362=CARTESIAN_POINT('',(-3.9465230323,-28.1086771102,7.6359639682));
#363=CARTESIAN_POINT('',(-3.9465230323,-30.8574083736,7.6359639683));
#364=CARTESIAN_POINT('',(-3.9465230323,-30.8574083736,10.3846952317));

#365=CARTESIAN_POINT('',(-3.9465230323,-30.8574083736,10.3846952317));
#366=VERTEX_POINT('',#365);
#367=EDGE_CURVE('',#358,#366,#361,.T.);
#368=ORIENTED_EDGE('',*,*,#367,.T.);
#369=(
BOUNDED_CURVE()
B_SPLINE_CURVE(1,(#370,#371),.UNSPECIFIED.,.F.,.F.)
B_SPLINE_CURVE_WITH_KNOTS((2,2),(0.000,1.000),.UNSPECIFIED.)
CURVE()
GEOMETRIC_REPRESENTATION_ITEM()
RATIONAL_B_SPLINE_CURVE((1.0000000000,1.0000000000))
REPRESENTATION_ITEM('')
);
#370=CARTESIAN_POINT('',(-3.9465230323,-30.8574083736,10.3846952317));
#371=CARTESIAN_POINT('',(-3.9465230323,-30.8574083736,11.2593523520));

#372=CARTESIAN_POINT('',(-3.9465230323,-30.8574083736,11.2593523520));
#373=VERTEX_POINT('',#372);
#374=EDGE_CURVE('',#366,#373,#369,.T.);
#375=ORIENTED_EDGE('',*,*,#374,.T.);
#376=(
BOUNDED_CURVE()
B_SPLINE_CURVE(2,(#377,#378,#379),.UNSPECIFIED.,.F.,.F.)
B_SPLINE_CURVE_WITH_KNOTS((3,3),(0.000,1.000),.UNSPECIFIED.)
CURVE()
GEOMETRIC_REPRESENTATION_ITEM()
RATIONAL_B_SPLINE_CURVE((1.0000000000,0.7071067812,1.0000000000))
REPRESENTATION_ITEM('')
);
#377=CARTESIAN_POINT('',(-3.9465230323,-30.8574083736,11.2593523522));
#378=CARTESIAN_POINT('',(-3.9465230323,-30.8574083734,14.6586062498));
#379=CARTESIAN_POINT('',(-3.9465230323,-27.4581544758,14.6586062498));

#380=CARTESIAN_POINT('',(-3.9465230323,-27.4581544758,14.6586062498));
#381=VERTEX_POINT('',#380);
#382=EDGE_CURVE('',#373,#381,#376,.T.);
#383=ORIENTED_EDGE('',*,*,#382,.T.);
#384=(
BOUNDED_CURVE()
B_SPLINE_CURVE(1,(#385,#386),.UNSPECIFIED.,.F.,.F.)
B_SPLINE_CURVE_WITH_KNOTS((2,2),(0.000,1.000),.UNSPECIFIED.)
CURVE()
GEOMETRIC_REPRESENTATION_ITEM()
RATIONAL_B_SPLINE_CURVE((1.0000000000,1.0000000000))
REPRESENTATION_ITEM('')
);
#385=CARTESIAN_POINT('',(-3.9465230323,-27.4581544758,14.6586062498));
#386=CARTESIAN_POINT('',(-3.9465230323,-21.2876581272,14.6586062498));

#387=CARTESIAN_POINT('',(-3.9465230323,-21.2876581272,14.6586062498));
#388=VERTEX_POINT('',#387);
#389=EDGE_CURVE('',#381,#388,#384,.T.);
#390=ORIENTED_EDGE('',*,*,#389,.T.);
#391=(
BOUNDED_CURVE()
B_SPLINE_CURVE(2,(#392,#393,#394),.UNSPECIFIED.,.F.,.F.)
B_SPLINE_CURVE_WITH_KNOTS((3,3),(0.000,1.000),.UNSPECIFIED.)
CURVE()
GEOMETRIC_REPRESENTATION_ITEM()
RATIONAL_B_SPLINE_CURVE((1.0000000000,0.7071067812,1.0000000000))
REPRESENTATION_ITEM('')
);
#392=CARTESIAN_POINT('',(-3.9465230323,-21.2876581270,14.6586062498));
#393=CARTESIAN_POINT('',(-3.9465230323,-17.6622629069,14.6586062496));
#394=CARTESIAN_POINT('',(-3.9465230323,-17.6622629069,11.0332110295));

#395=EDGE_CURVE('',#388,#338,#391,.T.);
#396=ORIENTED_EDGE('',*,*,#395,.T.);
#397=EDGE_LOOP('',(#345,#353,#360,#368,#375,#383,#390,#396));
#398=FACE_BOUND('',#397,.T.);
#399=ADVANCED_FACE('',(#336,#398),#274,.T.);
#400=COLOUR_RGB('',0.39,0.39,0.39);
#401=FILL_AREA_STYLE_COLOUR('',#400);
#402=FILL_AREA_STYLE('',(#401));
#403=SURFACE_STYLE_FILL_AREA(#402);
#404=SURFACE_STYLE_TRANSPARENT(0.00);
#405=SURFACE_STYLE_RENDERING_WITH_PROPERTIES(.NORMAL_SHADING.,#400,(#404));
#406=SURFACE_SIDE_STYLE('',(#403, #405));
#407=SURFACE_STYLE_USAGE(.BOTH.,#406);
#408=PRESENTATION_STYLE_ASSIGNMENT((#407));
#409=STYLED_ITEM('',(#408),#399);

#410=(
BOUNDED_SURFACE()
B_SPLINE_SURFACE(1,1,((#411,#412),(#413,#414)),.UNSPECIFIED.,.F.,.F.,.F.)
B_SPLINE_SURFACE_WITH_KNOTS((2,2),(2,2),(0.000,1.000),(0.000,1.000),.UNSPECIFIED.)
GEOMETRIC_REPRESENTATION_ITEM()
RATIONAL_B_SPLINE_SURFACE(((1.0000000000,1.0000000000),(1.0000000000,1.0000000000)))
REPRESENTATION_ITEM('')
SURFACE()
);
#411=CARTESIAN_POINT('',(-5.2713827583,3.4218750000,58.7623143079));
#412=CARTESIAN_POINT('',(-5.2713827583,3.4218750000,-1.3248597260));
#413=CARTESIAN_POINT('',(53.2713827583,3.4218750000,58.7623143079));
#414=CARTESIAN_POINT('',(53.2713827583,3.4218750000,-1.3248597260));

#415=CARTESIAN_POINT('',(-3.9465230323,3.4218750000,55.8900000000));
#416=VERTEX_POINT('',#415);
#417=(
BOUNDED_CURVE()
B_SPLINE_CURVE(1,(#418,#419),.UNSPECIFIED.,.F.,.F.)
B_SPLINE_CURVE_WITH_KNOTS((2,2),(0.000,1.000),.UNSPECIFIED.)
CURVE()
GEOMETRIC_REPRESENTATION_ITEM()
RATIONAL_B_SPLINE_CURVE((1.0000000000,1.0000000000))
REPRESENTATION_ITEM('')
);
#418=CARTESIAN_POINT('',(-3.9465230323,3.4218750000,55.8900000000));
#419=CARTESIAN_POINT('',(-3.9465230323,3.4218750000,2.8467103318));

#420=CARTESIAN_POINT('',(-3.9465230323,3.4218750000,2.8467103318));
#421=VERTEX_POINT('',#420);
#422=EDGE_CURVE('',#416,#421,#417,.T.);
#423=ORIENTED_EDGE('',*,*,#422,.T.);
#424=(
BOUNDED_CURVE()
B_SPLINE_CURVE(1,(#425,#426),.UNSPECIFIED.,.F.,.F.)
B_SPLINE_CURVE_WITH_KNOTS((2,2),(0.000,1.000),.UNSPECIFIED.)
CURVE()
GEOMETRIC_REPRESENTATION_ITEM()
RATIONAL_B_SPLINE_CURVE((1.0000000000,1.0000000000))
REPRESENTATION_ITEM('')
);
#425=CARTESIAN_POINT('',(-3.9465230323,3.4218750000,2.8467103318));
#426=CARTESIAN_POINT('',(-3.9465230323,3.4218750000,0.0000000000));

#427=CARTESIAN_POINT('',(-3.9465230323,3.4218750000,0.0000000000));
#428=VERTEX_POINT('',#427);
#429=EDGE_CURVE('',#421,#428,#424,.T.);
#430=ORIENTED_EDGE('',*,*,#429,.T.);
#431=(
BOUNDED_CURVE()
B_SPLINE_CURVE(1,(#432,#433),.UNSPECIFIED.,.F.,.F.)
B_SPLINE_CURVE_WITH_KNOTS((2,2),(0.000,1.000),.UNSPECIFIED.)
CURVE()
GEOMETRIC_REPRESENTATION_ITEM()
RATIONAL_B_SPLINE_CURVE((1.0000000000,1.0000000000))
REPRESENTATION_ITEM('')
);
#432=CARTESIAN_POINT('',(-3.9465230323,3.4218750000,0.0000000000));
#433=CARTESIAN_POINT('',(51.9465230323,3.4218750000,0.0000000000));

#434=CARTESIAN_POINT('',(51.9465230323,3.4218750000,0.0000000000));
#435=VERTEX_POINT('',#434);
#436=EDGE_CURVE('',#428,#435,#431,.T.);
#437=ORIENTED_EDGE('',*,*,#436,.T.);
#438=(
BOUNDED_CURVE()
B_SPLINE_CURVE(1,(#439,#440),.UNSPECIFIED.,.F.,.F.)
B_SPLINE_CURVE_WITH_KNOTS((2,2),(0.000,1.000),.UNSPECIFIED.)
CURVE()
GEOMETRIC_REPRESENTATION_ITEM()
RATIONAL_B_SPLINE_CURVE((1.0000000000,1.0000000000))
REPRESENTATION_ITEM('')
);
#439=CARTESIAN_POINT('',(51.9465230323,3.4218750000,0.0000000000));
#440=CARTESIAN_POINT('',(51.9465230323,3.4218750000,2.8467103318));

#441=CARTESIAN_POINT('',(51.9465230323,3.4218750000,2.8467103318));
#442=VERTEX_POINT('',#441);
#443=EDGE_CURVE('',#435,#442,#438,.T.);
#444=ORIENTED_EDGE('',*,*,#443,.T.);
#445=(
BOUNDED_CURVE()
B_SPLINE_CURVE(1,(#446,#447),.UNSPECIFIED.,.F.,.F.)
B_SPLINE_CURVE_WITH_KNOTS((2,2),(0.000,1.000),.UNSPECIFIED.)
CURVE()
GEOMETRIC_REPRESENTATION_ITEM()
RATIONAL_B_SPLINE_CURVE((1.0000000000,1.0000000000))
REPRESENTATION_ITEM('')
);
#446=CARTESIAN_POINT('',(51.9465230323,3.4218750000,2.8467103318));
#447=CARTESIAN_POINT('',(51.9465230323,3.4218750000,55.8900000000));

#448=CARTESIAN_POINT('',(51.9465230323,3.4218750000,55.8900000000));
#449=VERTEX_POINT('',#448);
#450=EDGE_CURVE('',#442,#449,#445,.T.);
#451=ORIENTED_EDGE('',*,*,#450,.T.);
#452=(
BOUNDED_CURVE()
B_SPLINE_CURVE(1,(#453,#454),.UNSPECIFIED.,.F.,.F.)
B_SPLINE_CURVE_WITH_KNOTS((2,2),(0.000,1.000),.UNSPECIFIED.)
CURVE()
GEOMETRIC_REPRESENTATION_ITEM()
RATIONAL_B_SPLINE_CURVE((1.0000000000,1.0000000000))
REPRESENTATION_ITEM('')
);
#453=CARTESIAN_POINT('',(51.9465230323,3.4218750000,55.8900000000));
#454=CARTESIAN_POINT('',(51.9465230323,3.4218750000,57.4374545819));

#455=CARTESIAN_POINT('',(51.9465230323,3.4218750000,57.4374545819));
#456=VERTEX_POINT('',#455);
#457=EDGE_CURVE('',#449,#456,#452,.T.);
#458=ORIENTED_EDGE('',*,*,#457,.T.);
#459=(
BOUNDED_CURVE()
B_SPLINE_CURVE(1,(#460,#461),.UNSPECIFIED.,.F.,.F.)
B_SPLINE_CURVE_WITH_KNOTS((2,2),(0.000,1.000),.UNSPECIFIED.)
CURVE()
GEOMETRIC_REPRESENTATION_ITEM()
RATIONAL_B_SPLINE_CURVE((1.0000000000,1.0000000000))
REPRESENTATION_ITEM('')
);
#460=CARTESIAN_POINT('',(51.9465230323,3.4218750000,57.4374545819));
#461=CARTESIAN_POINT('',(-3.9465230323,3.4218750000,57.4374545819));

#462=CARTESIAN_POINT('',(-3.9465230323,3.4218750000,57.4374545819));
#463=VERTEX_POINT('',#462);
#464=EDGE_CURVE('',#456,#463,#459,.T.);
#465=ORIENTED_EDGE('',*,*,#464,.T.);
#466=(
BOUNDED_CURVE()
B_SPLINE_CURVE(1,(#467,#468),.UNSPECIFIED.,.F.,.F.)
B_SPLINE_CURVE_WITH_KNOTS((2,2),(0.000,1.000),.UNSPECIFIED.)
CURVE()
GEOMETRIC_REPRESENTATION_ITEM()
RATIONAL_B_SPLINE_CURVE((1.0000000000,1.0000000000))
REPRESENTATION_ITEM('')
);
#467=CARTESIAN_POINT('',(-3.9465230323,3.4218750000,57.4374545819));
#468=CARTESIAN_POINT('',(-3.9465230323,3.4218750000,55.8900000000));

#469=EDGE_CURVE('',#463,#416,#466,.T.);
#470=ORIENTED_EDGE('',*,*,#469,.T.);
#471=EDGE_LOOP('',(#423,#430,#437,#444,#451,#458,#465,#470));
#472=FACE_OUTER_BOUND('',#471,.T.);
#473=ADVANCED_FACE('',(#472),#410,.T.);
#474=COLOUR_RGB('',0.39,0.39,0.39);
#475=FILL_AREA_STYLE_COLOUR('',#474);
#476=FILL_AREA_STYLE('',(#475));
#477=SURFACE_STYLE_FILL_AREA(#476);
#478=SURFACE_STYLE_TRANSPARENT(0.00);
#479=SURFACE_STYLE_RENDERING_WITH_PROPERTIES(.NORMAL_SHADING.,#474,(#478));
#480=SURFACE_SIDE_STYLE('',(#477, #479));
#481=SURFACE_STYLE_USAGE(.BOTH.,#480);
#482=PRESENTATION_STYLE_ASSIGNMENT((#481));
#483=STYLED_ITEM('',(#482),#473);

#484=(
BOUNDED_SURFACE()
B_SPLINE_SURFACE(1,1,((#485,#486),(#487,#488)),.UNSPECIFIED.,.F.,.F.,.F.)
B_SPLINE_SURFACE_WITH_KNOTS((2,2),(2,2),(0.000,1.000),(0.000,1.000),.UNSPECIFIED.)
GEOMETRIC_REPRESENTATION_ITEM()
RATIONAL_B_SPLINE_SURFACE(((1.0000000000,1.0000000000),(1.0000000000,1.0000000000)))
REPRESENTATION_ITEM('')
SURFACE()
);
#485=CARTESIAN_POINT('',(51.9465230323,4.7467347260,58.7623143079));
#486=CARTESIAN_POINT('',(51.9465230323,4.7467347260,-1.3248597260));
#487=CARTESIAN_POINT('',(51.9465230323,-52.6170472260,58.7623143079));
#488=CARTESIAN_POINT('',(51.9465230323,-52.6170472260,-1.3248597260));

#489=CARTESIAN_POINT('',(51.9465230323,-34.3990789032,13.3751133626));
#490=VERTEX_POINT('',#489);
#491=(
BOUNDED_CURVE()
B_SPLINE_CURVE(1,(#492,#493),.UNSPECIFIED.,.F.,.F.)
B_SPLINE_CURVE_WITH_KNOTS((2,2),(0.000,1.000),.UNSPECIFIED.)
CURVE()
GEOMETRIC_REPRESENTATION_ITEM()
RATIONAL_B_SPLINE_CURVE((1.0000000000,1.0000000000))
REPRESENTATION_ITEM('')
);
#492=CARTESIAN_POINT('',(51.9465230323,-34.3990789032,13.3751133626));
#493=CARTESIAN_POINT('',(51.9465230323,-34.3990789032,17.3685267247));

#494=CARTESIAN_POINT('',(51.9465230323,-34.3990789032,17.3685267247));
#495=VERTEX_POINT('',#494);
#496=EDGE_CURVE('',#490,#495,#491,.T.);
#497=ORIENTED_EDGE('',*,*,#496,.T.);
#498=(
BOUNDED_CURVE()
B_SPLINE_CURVE(1,(#499,#500),.UNSPECIFIED.,.F.,.F.)
B_SPLINE_CURVE_WITH_KNOTS((2,2),(0.000,1.000),.UNSPECIFIED.)
CURVE()
GEOMETRIC_REPRESENTATION_ITEM()
RATIONAL_B_SPLINE_CURVE((1.0000000000,1.0000000000))
REPRESENTATION_ITEM('')
);
#499=CARTESIAN_POINT('',(51.9465230323,-34.3990789032,17.3685267247));
#500=CARTESIAN_POINT('',(51.9465230323,-34.1471590128,17.3685267247));

#501=CARTESIAN_POINT('',(51.9465230323,-34.1471590128,17.3685267247));
#502=VERTEX_POINT('',#501);
#503=EDGE_CURVE('',#495,#502,#498,.T.);
#504=ORIENTED_EDGE('',*,*,#503,.T.);
#505=(
BOUNDED_CURVE()
B_SPLINE_CURVE(3,(#506,#507,#508,#509),.UNSPECIFIED.,.F.,.F.)
B_SPLINE_CURVE_WITH_KNOTS((4,4),(0.000,1.000),.UNSPECIFIED.)
CURVE()
GEOMETRIC_REPRESENTATION_ITEM()
RATIONAL_B_SPLINE_CURVE((1.0000000000,1.0000000000,1.0000000000,1.0000000000))
REPRESENTATION_ITEM('')
);
#506=CARTESIAN_POINT('',(51.9465230323,-34.1471590128,17.3685267247));
#507=CARTESIAN_POINT('',(51.9465230323,-33.2747863771,17.3685267247));
#508=CARTESIAN_POINT('',(51.9465230323,-33.1535001216,16.4074241636));
#509=CARTESIAN_POINT('',(51.9465230323,-33.1535001216,15.3717790227));

#510=CARTESIAN_POINT('',(51.9465230323,-33.1535001216,15.3717790227));
#511=VERTEX_POINT('',#510);
#512=EDGE_CURVE('',#502,#511,#505,.T.);
#513=ORIENTED_EDGE('',*,*,#512,.T.);
#514=(
BOUNDED_CURVE()
B_SPLINE_CURVE(3,(#515,#516,#517,#518),.UNSPECIFIED.,.F.,.F.)
B_SPLINE_CURVE_WITH_KNOTS((4,4),(0.000,1.000),.UNSPECIFIED.)
CURVE()
GEOMETRIC_REPRESENTATION_ITEM()
RATIONAL_B_SPLINE_CURVE((1.0000000000,1.0000000000,1.0000000000,1.0000000000))
REPRESENTATION_ITEM('')
);
#515=CARTESIAN_POINT('',(51.9465230323,-33.1535001216,15.3717790227));
#516=CARTESIAN_POINT('',(51.9465230323,-33.1535001216,14.3361336826));
#517=CARTESIAN_POINT('',(51.9465230323,-33.2747863771,13.3751133626));
#518=CARTESIAN_POINT('',(51.9465230323,-34.1471590128,13.3751133626));

#519=CARTESIAN_POINT('',(51.9465230323,-34.1471590128,13.3751133626));
#520=VERTEX_POINT('',#519);
#521=EDGE_CURVE('',#511,#520,#514,.T.);
#522=ORIENTED_EDGE('',*,*,#521,.T.);
#523=(
BOUNDED_CURVE()
B_SPLINE_CURVE(1,(#524,#525),.UNSPECIFIED.,.F.,.F.)
B_SPLINE_CURVE_WITH_KNOTS((2,2),(0.000,1.000),.UNSPECIFIED.)
CURVE()
GEOMETRIC_REPRESENTATION_ITEM()
RATIONAL_B_SPLINE_CURVE((1.0000000000,1.0000000000))
REPRESENTATION_ITEM('')
);
#524=CARTESIAN_POINT('',(51.9465230323,-34.1471590128,13.3751133626));
#525=CARTESIAN_POINT('',(51.9465230323,-34.3990789032,13.3751133626));

#526=EDGE_CURVE('',#520,#490,#523,.T.);
#527=ORIENTED_EDGE('',*,*,#526,.T.);
#528=EDGE_LOOP('',(#497,#504,#513,#522,#527));
#529=FACE_OUTER_BOUND('',#528,.T.);
#530=ADVANCED_FACE('',(#529),#484,.T.);
#531=COLOUR_RGB('',0.39,0.39,0.39);
#532=FILL_AREA_STYLE_COLOUR('',#531);
#533=FILL_AREA_STYLE('',(#532));
#534=SURFACE_STYLE_FILL_AREA(#533);
#535=SURFACE_STYLE_TRANSPARENT(0.00);
#536=SURFACE_STYLE_RENDERING_WITH_PROPERTIES(.NORMAL_SHADING.,#531,(#535));
#537=SURFACE_SIDE_STYLE('',(#534, #536));
#538=SURFACE_STYLE_USAGE(.BOTH.,#537);
#539=PRESENTATION_STYLE_ASSIGNMENT((#538));
#540=STYLED_ITEM('',(#539),#530);

#541=CARTESIAN_POINT('',(51.9465230323,3.4218750000,55.8900000000));
#542=VERTEX_POINT('',#541);
#543=(
BOUNDED_CURVE()
B_SPLINE_CURVE(1,(#544,#545),.UNSPECIFIED.,.F.,.F.)
B_SPLINE_CURVE_WITH_KNOTS((2,2),(0.000,1.000),.UNSPECIFIED.)
CURVE()
GEOMETRIC_REPRESENTATION_ITEM()
RATIONAL_B_SPLINE_CURVE((1.0000000000,1.0000000000))
REPRESENTATION_ITEM('')
);
#544=CARTESIAN_POINT('',(51.9465230323,3.4218750000,55.8900000000));
#545=CARTESIAN_POINT('',(51.9465230323,3.4218750000,2.8467103318));

#546=CARTESIAN_POINT('',(51.9465230323,3.4218750000,2.8467103318));
#547=VERTEX_POINT('',#546);
#548=EDGE_CURVE('',#542,#547,#543,.T.);
#549=ORIENTED_EDGE('',*,*,#548,.T.);
#550=(
BOUNDED_CURVE()
B_SPLINE_CURVE(1,(#551,#552),.UNSPECIFIED.,.F.,.F.)
B_SPLINE_CURVE_WITH_KNOTS((2,2),(0.000,1.000),.UNSPECIFIED.)
CURVE()
GEOMETRIC_REPRESENTATION_ITEM()
RATIONAL_B_SPLINE_CURVE((1.0000000000,1.0000000000))
REPRESENTATION_ITEM('')
);
#551=CARTESIAN_POINT('',(51.9465230323,3.4218750000,2.8467103318));
#552=CARTESIAN_POINT('',(51.9465230323,3.4218750000,0.0000000000));

#553=CARTESIAN_POINT('',(51.9465230323,3.4218750000,0.0000000000));
#554=VERTEX_POINT('',#553);
#555=EDGE_CURVE('',#547,#554,#550,.T.);
#556=ORIENTED_EDGE('',*,*,#555,.T.);
#557=(
BOUNDED_CURVE()
B_SPLINE_CURVE(1,(#558,#559),.UNSPECIFIED.,.F.,.F.)
B_SPLINE_CURVE_WITH_KNOTS((2,2),(0.000,1.000),.UNSPECIFIED.)
CURVE()
GEOMETRIC_REPRESENTATION_ITEM()
RATIONAL_B_SPLINE_CURVE((1.0000000000,1.0000000000))
REPRESENTATION_ITEM('')
);
#558=CARTESIAN_POINT('',(51.9465230323,3.4218750000,0.0000000000));
#559=CARTESIAN_POINT('',(51.9465230323,-51.2921875000,0.0000000000));

#560=CARTESIAN_POINT('',(51.9465230323,-51.2921875000,0.0000000000));
#561=VERTEX_POINT('',#560);
#562=EDGE_CURVE('',#554,#561,#557,.T.);
#563=ORIENTED_EDGE('',*,*,#562,.T.);
#564=(
BOUNDED_CURVE()
B_SPLINE_CURVE(1,(#565,#566),.UNSPECIFIED.,.F.,.F.)
B_SPLINE_CURVE_WITH_KNOTS((2,2),(0.000,1.000),.UNSPECIFIED.)
CURVE()
GEOMETRIC_REPRESENTATION_ITEM()
RATIONAL_B_SPLINE_CURVE((1.0000000000,1.0000000000))
REPRESENTATION_ITEM('')
);
#565=CARTESIAN_POINT('',(51.9465230323,-51.2921875000,0.0000000000));
#566=CARTESIAN_POINT('',(51.9465230323,-51.2921875000,2.8467103318));

#567=CARTESIAN_POINT('',(51.9465230323,-51.2921875000,2.8467103318));
#568=VERTEX_POINT('',#567);
#569=EDGE_CURVE('',#561,#568,#564,.T.);
#570=ORIENTED_EDGE('',*,*,#569,.T.);
#571=(
BOUNDED_CURVE()
B_SPLINE_CURVE(1,(#572,#573),.UNSPECIFIED.,.F.,.F.)
B_SPLINE_CURVE_WITH_KNOTS((2,2),(0.000,1.000),.UNSPECIFIED.)
CURVE()
GEOMETRIC_REPRESENTATION_ITEM()
RATIONAL_B_SPLINE_CURVE((1.0000000000,1.0000000000))
REPRESENTATION_ITEM('')
);
#572=CARTESIAN_POINT('',(51.9465230323,-51.2921875000,2.8467103318));
#573=CARTESIAN_POINT('',(51.9465230323,-51.2921875000,55.8900000000));

#574=CARTESIAN_POINT('',(51.9465230323,-51.2921875000,55.8900000000));
#575=VERTEX_POINT('',#574);
#576=EDGE_CURVE('',#568,#575,#571,.T.);
#577=ORIENTED_EDGE('',*,*,#576,.T.);
#578=(
BOUNDED_CURVE()
B_SPLINE_CURVE(1,(#579,#580),.UNSPECIFIED.,.F.,.F.)
B_SPLINE_CURVE_WITH_KNOTS((2,2),(0.000,1.000),.UNSPECIFIED.)
CURVE()
GEOMETRIC_REPRESENTATION_ITEM()
RATIONAL_B_SPLINE_CURVE((1.0000000000,1.0000000000))
REPRESENTATION_ITEM('')
);
#579=CARTESIAN_POINT('',(51.9465230323,-51.2921875000,55.8900000000));
#580=CARTESIAN_POINT('',(51.9465230323,-51.2921875000,57.4374545819));

#581=CARTESIAN_POINT('',(51.9465230323,-51.2921875000,57.4374545819));
#582=VERTEX_POINT('',#581);
#583=EDGE_CURVE('',#575,#582,#578,.T.);
#584=ORIENTED_EDGE('',*,*,#583,.T.);
#585=(
BOUNDED_CURVE()
B_SPLINE_CURVE(1,(#586,#587),.UNSPECIFIED.,.F.,.F.)
B_SPLINE_CURVE_WITH_KNOTS((2,2),(0.000,1.000),.UNSPECIFIED.)
CURVE()
GEOMETRIC_REPRESENTATION_ITEM()
RATIONAL_B_SPLINE_CURVE((1.0000000000,1.0000000000))
REPRESENTATION_ITEM('')
);
#586=CARTESIAN_POINT('',(51.9465230323,-51.2921875000,57.4374545819));
#587=CARTESIAN_POINT('',(51.9465230323,3.4218750000,57.4374545819));

#588=CARTESIAN_POINT('',(51.9465230323,3.4218750000,57.4374545819));
#589=VERTEX_POINT('',#588);
#590=EDGE_CURVE('',#582,#589,#585,.T.);
#591=ORIENTED_EDGE('',*,*,#590,.T.);
#592=(
BOUNDED_CURVE()
B_SPLINE_CURVE(1,(#593,#594),.UNSPECIFIED.,.F.,.F.)
B_SPLINE_CURVE_WITH_KNOTS((2,2),(0.000,1.000),.UNSPECIFIED.)
CURVE()
GEOMETRIC_REPRESENTATION_ITEM()
RATIONAL_B_SPLINE_CURVE((1.0000000000,1.0000000000))
REPRESENTATION_ITEM('')
);
#593=CARTESIAN_POINT('',(51.9465230323,3.4218750000,57.4374545819));
#594=CARTESIAN_POINT('',(51.9465230323,3.4218750000,55.8900000000));

#595=EDGE_CURVE('',#589,#542,#592,.T.);
#596=ORIENTED_EDGE('',*,*,#595,.T.);
#597=EDGE_LOOP('',(#549,#556,#563,#570,#577,#584,#591,#596));
#598=FACE_OUTER_BOUND('',#597,.T.);
#599=CARTESIAN_POINT('',(51.9465230323,-40.6830651621,17.8583446388));
#600=VERTEX_POINT('',#599);
#601=(
BOUNDED_CURVE()
B_SPLINE_CURVE(1,(#602,#603),.UNSPECIFIED.,.F.,.F.)
B_SPLINE_CURVE_WITH_KNOTS((2,2),(0.000,1.000),.UNSPECIFIED.)
CURVE()
GEOMETRIC_REPRESENTATION_ITEM()
RATIONAL_B_SPLINE_CURVE((1.0000000000,1.0000000000))
REPRESENTATION_ITEM('')
);
#602=CARTESIAN_POINT('',(51.9465230323,-40.6830651621,17.8583446388));
#603=CARTESIAN_POINT('',(51.9465230323,-40.6830651621,16.2721973854));

#604=CARTESIAN_POINT('',(51.9465230323,-40.6830651621,16.2721973854));
#605=VERTEX_POINT('',#604);
#606=EDGE_CURVE('',#600,#605,#601,.T.);
#607=ORIENTED_EDGE('',*,*,#606,.T.);
#608=(
BOUNDED_CURVE()
B_SPLINE_CURVE(1,(#609,#610),.UNSPECIFIED.,.F.,.F.)
B_SPLINE_CURVE_WITH_KNOTS((2,2),(0.000,1.000),.UNSPECIFIED.)
CURVE()
GEOMETRIC_REPRESENTATION_ITEM()
RATIONAL_B_SPLINE_CURVE((1.0000000000,1.0000000000))
REPRESENTATION_ITEM('')
);
#609=CARTESIAN_POINT('',(51.9465230323,-40.6830651621,16.2721973854));
#610=CARTESIAN_POINT('',(51.9465230323,-38.6583537749,15.1479044606));

#611=CARTESIAN_POINT('',(51.9465230323,-38.6583537749,15.1479044606));
#612=VERTEX_POINT('',#611);
#613=EDGE_CURVE('',#605,#612,#608,.T.);
#614=ORIENTED_EDGE('',*,*,#613,.T.);
#615=(
BOUNDED_CURVE()
B_SPLINE_CURVE(1,(#616,#617),.UNSPECIFIED.,.F.,.F.)
B_SPLINE_CURVE_WITH_KNOTS((2,2),(0.000,1.000),.UNSPECIFIED.)
CURVE()
GEOMETRIC_REPRESENTATION_ITEM()
RATIONAL_B_SPLINE_CURVE((1.0000000000,1.0000000000))
REPRESENTATION_ITEM('')
);
#616=CARTESIAN_POINT('',(51.9465230323,-38.6583537749,15.1479044606));
#617=CARTESIAN_POINT('',(51.9465230323,-40.6830651621,14.0235293943));

#618=CARTESIAN_POINT('',(51.9465230323,-40.6830651621,14.0235293943));
#619=VERTEX_POINT('',#618);
#620=EDGE_CURVE('',#612,#619,#615,.T.);
#621=ORIENTED_EDGE('',*,*,#620,.T.);
#622=(
BOUNDED_CURVE()
B_SPLINE_CURVE(1,(#623,#624),.UNSPECIFIED.,.F.,.F.)
B_SPLINE_CURVE_WITH_KNOTS((2,2),(0.000,1.000),.UNSPECIFIED.)
CURVE()
GEOMETRIC_REPRESENTATION_ITEM()
RATIONAL_B_SPLINE_CURVE((1.0000000000,1.0000000000))
REPRESENTATION_ITEM('')
);
#623=CARTESIAN_POINT('',(51.9465230323,-40.6830651621,14.0235293943));
#624=CARTESIAN_POINT('',(51.9465230323,-40.6830651621,12.4373824898));

#625=CARTESIAN_POINT('',(51.9465230323,-40.6830651621,12.4373824898));
#626=VERTEX_POINT('',#625);
#627=EDGE_CURVE('',#619,#626,#622,.T.);
#628=ORIENTED_EDGE('',*,*,#627,.T.);
#629=(
BOUNDED_CURVE()
B_SPLINE_CURVE(1,(#630,#631),.UNSPECIFIED.,.F.,.F.)
B_SPLINE_CURVE_WITH_KNOTS((2,2),(0.000,1.000),.UNSPECIFIED.)
CURVE()
GEOMETRIC_REPRESENTATION_ITEM()
RATIONAL_B_SPLINE_CURVE((1.0000000000,1.0000000000))
REPRESENTATION_ITEM('')
);
#630=CARTESIAN_POINT('',(51.9465230323,-40.6830651621,12.4373824898));
#631=CARTESIAN_POINT('',(51.9465230323,-36.7923226468,14.6720276672));

#632=CARTESIAN_POINT('',(51.9465230323,-36.7923226468,14.6720276672));
#633=VERTEX_POINT('',#632);
#634=EDGE_CURVE('',#626,#633,#629,.T.);
#635=ORIENTED_EDGE('',*,*,#634,.T.);
#636=(
BOUNDED_CURVE()
B_SPLINE_CURVE(1,(#637,#638),.UNSPECIFIED.,.F.,.F.)
B_SPLINE_CURVE_WITH_KNOTS((2,2),(0.000,1.000),.UNSPECIFIED.)
CURVE()
GEOMETRIC_REPRESENTATION_ITEM()
RATIONAL_B_SPLINE_CURVE((1.0000000000,1.0000000000))
REPRESENTATION_ITEM('')
);
#637=CARTESIAN_POINT('',(51.9465230323,-36.7923226468,14.6720276672));
#638=CARTESIAN_POINT('',(51.9465230323,-36.7923226468,15.6236993119));

#639=CARTESIAN_POINT('',(51.9465230323,-36.7923226468,15.6236993119));
#640=VERTEX_POINT('',#639);
#641=EDGE_CURVE('',#633,#640,#636,.T.);
#642=ORIENTED_EDGE('',*,*,#641,.T.);
#643=(
BOUNDED_CURVE()
B_SPLINE_CURVE(1,(#644,#645),.UNSPECIFIED.,.F.,.F.)
B_SPLINE_CURVE_WITH_KNOTS((2,2),(0.000,1.000),.UNSPECIFIED.)
CURVE()
GEOMETRIC_REPRESENTATION_ITEM()
RATIONAL_B_SPLINE_CURVE((1.0000000000,1.0000000000))
REPRESENTATION_ITEM('')
);
#644=CARTESIAN_POINT('',(51.9465230323,-36.7923226468,15.6236993119));
#645=CARTESIAN_POINT('',(51.9465230323,-40.6830651621,17.8583446388));

#646=EDGE_CURVE('',#640,#600,#643,.T.);
#647=ORIENTED_EDGE('',*,*,#646,.T.);
#648=EDGE_LOOP('',(#607,#614,#621,#628,#635,#642,#647));
#649=FACE_BOUND('',#648,.T.);
#650=CARTESIAN_POINT('',(51.9465230323,-35.9525880839,12.0268638338));
#651=VERTEX_POINT('',#650);
#652=(
BOUNDED_CURVE()
B_SPLINE_CURVE(1,(#653,#654),.UNSPECIFIED.,.F.,.F.)
B_SPLINE_CURVE_WITH_KNOTS((2,2),(0.000,1.000),.UNSPECIFIED.)
CURVE()
GEOMETRIC_REPRESENTATION_ITEM()
RATIONAL_B_SPLINE_CURVE((1.0000000000,1.0000000000))
REPRESENTATION_ITEM('')
);
#653=CARTESIAN_POINT('',(51.9465230323,-35.9525880839,12.0268638338));
#654=CARTESIAN_POINT('',(51.9465230323,-34.1471590128,12.0268638338));

#655=CARTESIAN_POINT('',(51.9465230323,-34.1471590128,12.0268638338));
#656=VERTEX_POINT('',#655);
#657=EDGE_CURVE('',#651,#656,#652,.T.);
#658=ORIENTED_EDGE('',*,*,#657,.T.);
#659=(
BOUNDED_CURVE()
B_SPLINE_CURVE(3,(#660,#661,#662,#663),.UNSPECIFIED.,.F.,.F.)
B_SPLINE_CURVE_WITH_KNOTS((4,4),(0.000,1.000),.UNSPECIFIED.)
CURVE()
GEOMETRIC_REPRESENTATION_ITEM()
RATIONAL_B_SPLINE_CURVE((1.0000000000,1.0000000000,1.0000000000,1.0000000000))
REPRESENTATION_ITEM('')
);
#660=CARTESIAN_POINT('',(51.9465230323,-34.1471590128,12.0268638338));
#661=CARTESIAN_POINT('',(51.9465230323,-32.1737829494,12.0268638338));
#662=CARTESIAN_POINT('',(51.9465230323,-31.5533302041,13.4870506436));
#663=CARTESIAN_POINT('',(51.9465230323,-31.5533302041,15.3717790227));

#664=CARTESIAN_POINT('',(51.9465230323,-31.5533302041,15.3717790227));
#665=VERTEX_POINT('',#664);
#666=EDGE_CURVE('',#656,#665,#659,.T.);
#667=ORIENTED_EDGE('',*,*,#666,.T.);
#668=(
BOUNDED_CURVE()
B_SPLINE_CURVE(3,(#669,#670,#671,#672),.UNSPECIFIED.,.F.,.F.)
B_SPLINE_CURVE_WITH_KNOTS((4,4),(0.000,1.000),.UNSPECIFIED.)
CURVE()
GEOMETRIC_REPRESENTATION_ITEM()
RATIONAL_B_SPLINE_CURVE((1.0000000000,1.0000000000,1.0000000000,1.0000000000))
REPRESENTATION_ITEM('')
);
#669=CARTESIAN_POINT('',(51.9465230323,-31.5533302041,15.3717790227));
#670=CARTESIAN_POINT('',(51.9465230323,-31.5533302041,17.2518332137));
#671=CARTESIAN_POINT('',(51.9465230323,-32.1737829494,18.7166942116));
#672=CARTESIAN_POINT('',(51.9465230323,-34.1471590128,18.7166942116));

#673=CARTESIAN_POINT('',(51.9465230323,-34.1471590128,18.7166942116));
#674=VERTEX_POINT('',#673);
#675=EDGE_CURVE('',#665,#674,#668,.T.);
#676=ORIENTED_EDGE('',*,*,#675,.T.);
#677=(
BOUNDED_CURVE()
B_SPLINE_CURVE(1,(#678,#679),.UNSPECIFIED.,.F.,.F.)
B_SPLINE_CURVE_WITH_KNOTS((2,2),(0.000,1.000),.UNSPECIFIED.)
CURVE()
GEOMETRIC_REPRESENTATION_ITEM()
RATIONAL_B_SPLINE_CURVE((1.0000000000,1.0000000000))
REPRESENTATION_ITEM('')
);
#678=CARTESIAN_POINT('',(51.9465230323,-34.1471590128,18.7166942116));
#679=CARTESIAN_POINT('',(51.9465230323,-35.9525880839,18.7166942116));

#680=CARTESIAN_POINT('',(51.9465230323,-35.9525880839,18.7166942116));
#681=VERTEX_POINT('',#680);
#682=EDGE_CURVE('',#674,#681,#677,.T.);
#683=ORIENTED_EDGE('',*,*,#682,.T.);
#684=(
BOUNDED_CURVE()
B_SPLINE_CURVE(1,(#685,#686),.UNSPECIFIED.,.F.,.F.)
B_SPLINE_CURVE_WITH_KNOTS((2,2),(0.000,1.000),.UNSPECIFIED.)
CURVE()
GEOMETRIC_REPRESENTATION_ITEM()
RATIONAL_B_SPLINE_CURVE((1.0000000000,1.0000000000))
REPRESENTATION_ITEM('')
);
#685=CARTESIAN_POINT('',(51.9465230323,-35.9525880839,18.7166942116));
#686=CARTESIAN_POINT('',(51.9465230323,-35.9525880839,12.0268638338));

#687=EDGE_CURVE('',#681,#651,#684,.T.);
#688=ORIENTED_EDGE('',*,*,#687,.T.);
#689=EDGE_LOOP('',(#658,#667,#676,#683,#688));
#690=FACE_BOUND('',#689,.T.);
#691=CARTESIAN_POINT('',(51.9465230323,-27.6952254625,16.4681083620));
#692=VERTEX_POINT('',#691);
#693=(
BOUNDED_CURVE()
B_SPLINE_CURVE(1,(#694,#695),.UNSPECIFIED.,.F.,.F.)
B_SPLINE_CURVE_WITH_KNOTS((2,2),(0.000,1.000),.UNSPECIFIED.)
CURVE()
GEOMETRIC_REPRESENTATION_ITEM()
RATIONAL_B_SPLINE_CURVE((1.0000000000,1.0000000000))
REPRESENTATION_ITEM('')
);
#694=CARTESIAN_POINT('',(51.9465230323,-27.6952254625,16.4681083620));
#695=CARTESIAN_POINT('',(51.9465230323,-27.6952254625,17.6437365109));

#696=CARTESIAN_POINT('',(51.9465230323,-27.6952254625,17.6437365109));
#697=VERTEX_POINT('',#696);
#698=EDGE_CURVE('',#692,#697,#693,.T.);
#699=ORIENTED_EDGE('',*,*,#698,.T.);
#700=(
BOUNDED_CURVE()
B_SPLINE_CURVE(1,(#701,#702),.UNSPECIFIED.,.F.,.F.)
B_SPLINE_CURVE_WITH_KNOTS((2,2),(0.000,1.000),.UNSPECIFIED.)
CURVE()
GEOMETRIC_REPRESENTATION_ITEM()
RATIONAL_B_SPLINE_CURVE((1.0000000000,1.0000000000))
REPRESENTATION_ITEM('')
);
#701=CARTESIAN_POINT('',(51.9465230323,-27.6952254625,17.6437365109));
#702=CARTESIAN_POINT('',(51.9465230323,-31.1334629226,17.6437365109));

#703=CARTESIAN_POINT('',(51.9465230323,-31.1334629226,17.6437365109));
#704=VERTEX_POINT('',#703);
#705=EDGE_CURVE('',#697,#704,#700,.T.);
#706=ORIENTED_EDGE('',*,*,#705,.T.);
#707=(
BOUNDED_CURVE()
B_SPLINE_CURVE(1,(#708,#709),.UNSPECIFIED.,.F.,.F.)
B_SPLINE_CURVE_WITH_KNOTS((2,2),(0.000,1.000),.UNSPECIFIED.)
CURVE()
GEOMETRIC_REPRESENTATION_ITEM()
RATIONAL_B_SPLINE_CURVE((1.0000000000,1.0000000000))
REPRESENTATION_ITEM('')
);
#708=CARTESIAN_POINT('',(51.9465230323,-31.1334629226,17.6437365109));
#709=CARTESIAN_POINT('',(51.9465230323,-31.1334629226,12.0268638338));

#710=CARTESIAN_POINT('',(51.9465230323,-31.1334629226,12.0268638338));
#711=VERTEX_POINT('',#710);
#712=EDGE_CURVE('',#704,#711,#707,.T.);
#713=ORIENTED_EDGE('',*,*,#712,.T.);
#714=(
BOUNDED_CURVE()
B_SPLINE_CURVE(1,(#715,#716),.UNSPECIFIED.,.F.,.F.)
B_SPLINE_CURVE_WITH_KNOTS((2,2),(0.000,1.000),.UNSPECIFIED.)
CURVE()
GEOMETRIC_REPRESENTATION_ITEM()
RATIONAL_B_SPLINE_CURVE((1.0000000000,1.0000000000))
REPRESENTATION_ITEM('')
);
#715=CARTESIAN_POINT('',(51.9465230323,-31.1334629226,12.0268638338));
#716=CARTESIAN_POINT('',(51.9465230323,-27.6579140988,12.0268638338));

#717=CARTESIAN_POINT('',(51.9465230323,-27.6579140988,12.0268638338));
#718=VERTEX_POINT('',#717);
#719=EDGE_CURVE('',#711,#718,#714,.T.);
#720=ORIENTED_EDGE('',*,*,#719,.T.);
#721=(
BOUNDED_CURVE()
B_SPLINE_CURVE(1,(#722,#723),.UNSPECIFIED.,.F.,.F.)
B_SPLINE_CURVE_WITH_KNOTS((2,2),(0.000,1.000),.UNSPECIFIED.)
CURVE()
GEOMETRIC_REPRESENTATION_ITEM()
RATIONAL_B_SPLINE_CURVE((1.0000000000,1.0000000000))
REPRESENTATION_ITEM('')
);
#722=CARTESIAN_POINT('',(51.9465230323,-27.6579140988,12.0268638338));
#723=CARTESIAN_POINT('',(51.9465230323,-27.6579140988,13.2024921821));

#724=CARTESIAN_POINT('',(51.9465230323,-27.6579140988,13.2024921821));
#725=VERTEX_POINT('',#724);
#726=EDGE_CURVE('',#718,#725,#721,.T.);
#727=ORIENTED_EDGE('',*,*,#726,.T.);
#728=(
BOUNDED_CURVE()
B_SPLINE_CURVE(1,(#729,#730),.UNSPECIFIED.,.F.,.F.)
B_SPLINE_CURVE_WITH_KNOTS((2,2),(0.000,1.000),.UNSPECIFIED.)
CURVE()
GEOMETRIC_REPRESENTATION_ITEM()
RATIONAL_B_SPLINE_CURVE((1.0000000000,1.0000000000))
REPRESENTATION_ITEM('')
);
#729=CARTESIAN_POINT('',(51.9465230323,-27.6579140988,13.2024921821));
#730=CARTESIAN_POINT('',(51.9465230323,-29.6032440365,13.2024921821));

#731=CARTESIAN_POINT('',(51.9465230323,-29.6032440365,13.2024921821));
#732=VERTEX_POINT('',#731);
#733=EDGE_CURVE('',#725,#732,#728,.T.);
#734=ORIENTED_EDGE('',*,*,#733,.T.);
#735=(
BOUNDED_CURVE()
B_SPLINE_CURVE(1,(#736,#737),.UNSPECIFIED.,.F.,.F.)
B_SPLINE_CURVE_WITH_KNOTS((2,2),(0.000,1.000),.UNSPECIFIED.)
CURVE()
GEOMETRIC_REPRESENTATION_ITEM()
RATIONAL_B_SPLINE_CURVE((1.0000000000,1.0000000000))
REPRESENTATION_ITEM('')
);
#736=CARTESIAN_POINT('',(51.9465230323,-29.6032440365,13.2024921821));
#737=CARTESIAN_POINT('',(51.9465230323,-29.6032440365,14.3314593947));

#738=CARTESIAN_POINT('',(51.9465230323,-29.6032440365,14.3314593947));
#739=VERTEX_POINT('',#738);
#740=EDGE_CURVE('',#732,#739,#735,.T.);
#741=ORIENTED_EDGE('',*,*,#740,.T.);
#742=(
BOUNDED_CURVE()
B_SPLINE_CURVE(1,(#743,#744),.UNSPECIFIED.,.F.,.F.)
B_SPLINE_CURVE_WITH_KNOTS((2,2),(0.000,1.000),.UNSPECIFIED.)
CURVE()
GEOMETRIC_REPRESENTATION_ITEM()
RATIONAL_B_SPLINE_CURVE((1.0000000000,1.0000000000))
REPRESENTATION_ITEM('')
);
#743=CARTESIAN_POINT('',(51.9465230323,-29.6032440365,14.3314593947));
#744=CARTESIAN_POINT('',(51.9465230323,-27.8631728536,14.3314593947));

#745=CARTESIAN_POINT('',(51.9465230323,-27.8631728536,14.3314593947));
#746=VERTEX_POINT('',#745);
#747=EDGE_CURVE('',#739,#746,#742,.T.);
#748=ORIENTED_EDGE('',*,*,#747,.T.);
#749=(
BOUNDED_CURVE()
B_SPLINE_CURVE(1,(#750,#751),.UNSPECIFIED.,.F.,.F.)
B_SPLINE_CURVE_WITH_KNOTS((2,2),(0.000,1.000),.UNSPECIFIED.)
CURVE()
GEOMETRIC_REPRESENTATION_ITEM()
RATIONAL_B_SPLINE_CURVE((1.0000000000,1.0000000000))
REPRESENTATION_ITEM('')
);
#750=CARTESIAN_POINT('',(51.9465230323,-27.8631728536,14.3314593947));
#751=CARTESIAN_POINT('',(51.9465230323,-27.8631728536,15.5070879423));

#752=CARTESIAN_POINT('',(51.9465230323,-27.8631728536,15.5070879423));
#753=VERTEX_POINT('',#752);
#754=EDGE_CURVE('',#746,#753,#749,.T.);
#755=ORIENTED_EDGE('',*,*,#754,.T.);
#756=(
BOUNDED_CURVE()
B_SPLINE_CURVE(1,(#757,#758),.UNSPECIFIED.,.F.,.F.)
B_SPLINE_CURVE_WITH_KNOTS((2,2),(0.000,1.000),.UNSPECIFIED.)
CURVE()
GEOMETRIC_REPRESENTATION_ITEM()
RATIONAL_B_SPLINE_CURVE((1.0000000000,1.0000000000))
REPRESENTATION_ITEM('')
);
#757=CARTESIAN_POINT('',(51.9465230323,-27.8631728536,15.5070879423));
#758=CARTESIAN_POINT('',(51.9465230323,-29.6032440365,15.5070879423));

#759=CARTESIAN_POINT('',(51.9465230323,-29.6032440365,15.5070879423));
#760=VERTEX_POINT('',#759);
#761=EDGE_CURVE('',#753,#760,#756,.T.);
#762=ORIENTED_EDGE('',*,*,#761,.T.);
#763=(
BOUNDED_CURVE()
B_SPLINE_CURVE(1,(#764,#765),.UNSPECIFIED.,.F.,.F.)
B_SPLINE_CURVE_WITH_KNOTS((2,2),(0.000,1.000),.UNSPECIFIED.)
CURVE()
GEOMETRIC_REPRESENTATION_ITEM()
RATIONAL_B_SPLINE_CURVE((1.0000000000,1.0000000000))
REPRESENTATION_ITEM('')
);
#764=CARTESIAN_POINT('',(51.9465230323,-29.6032440365,15.5070879423));
#765=CARTESIAN_POINT('',(51.9465230323,-29.6032440365,16.4681083620));

#766=CARTESIAN_POINT('',(51.9465230323,-29.6032440365,16.4681083620));
#767=VERTEX_POINT('',#766);
#768=EDGE_CURVE('',#760,#767,#763,.T.);
#769=ORIENTED_EDGE('',*,*,#768,.T.);
#770=(
BOUNDED_CURVE()
B_SPLINE_CURVE(1,(#771,#772),.UNSPECIFIED.,.F.,.F.)
B_SPLINE_CURVE_WITH_KNOTS((2,2),(0.000,1.000),.UNSPECIFIED.)
CURVE()
GEOMETRIC_REPRESENTATION_ITEM()
RATIONAL_B_SPLINE_CURVE((1.0000000000,1.0000000000))
REPRESENTATION_ITEM('')
);
#771=CARTESIAN_POINT('',(51.9465230323,-29.6032440365,16.4681083620));
#772=CARTESIAN_POINT('',(51.9465230323,-27.6952254625,16.4681083620));

#773=EDGE_CURVE('',#767,#692,#770,.T.);
#774=ORIENTED_EDGE('',*,*,#773,.T.);
#775=EDGE_LOOP('',(#699,#706,#713,#720,#727,#734,#741,#748,#755,#762,#769,#774));
#776=FACE_BOUND('',#775,.T.);
#777=CARTESIAN_POINT('',(51.9465230323,-27.1913856818,17.6437365109));
#778=VERTEX_POINT('',#777);
#779=(
BOUNDED_CURVE()
B_SPLINE_CURVE(1,(#780,#781),.UNSPECIFIED.,.F.,.F.)
B_SPLINE_CURVE_WITH_KNOTS((2,2),(0.000,1.000),.UNSPECIFIED.)
CURVE()
GEOMETRIC_REPRESENTATION_ITEM()
RATIONAL_B_SPLINE_CURVE((1.0000000000,1.0000000000))
REPRESENTATION_ITEM('')
);
#780=CARTESIAN_POINT('',(51.9465230323,-27.1913856818,17.6437365109));
#781=CARTESIAN_POINT('',(51.9465230323,-27.1913856818,12.0268638338));

#782=CARTESIAN_POINT('',(51.9465230323,-27.1913856818,12.0268638338));
#783=VERTEX_POINT('',#782);
#784=EDGE_CURVE('',#778,#783,#779,.T.);
#785=ORIENTED_EDGE('',*,*,#784,.T.);
#786=(
BOUNDED_CURVE()
B_SPLINE_CURVE(1,(#787,#788),.UNSPECIFIED.,.F.,.F.)
B_SPLINE_CURVE_WITH_KNOTS((2,2),(0.000,1.000),.UNSPECIFIED.)
CURVE()
GEOMETRIC_REPRESENTATION_ITEM()
RATIONAL_B_SPLINE_CURVE((1.0000000000,1.0000000000))
REPRESENTATION_ITEM('')
);
#787=CARTESIAN_POINT('',(51.9465230323,-27.1913856818,12.0268638338));
#788=CARTESIAN_POINT('',(51.9465230323,-25.6611652007,12.0268638338));

#789=CARTESIAN_POINT('',(51.9465230323,-25.6611652007,12.0268638338));
#790=VERTEX_POINT('',#789);
#791=EDGE_CURVE('',#783,#790,#786,.T.);
#792=ORIENTED_EDGE('',*,*,#791,.T.);
#793=(
BOUNDED_CURVE()
B_SPLINE_CURVE(1,(#794,#795),.UNSPECIFIED.,.F.,.F.)
B_SPLINE_CURVE_WITH_KNOTS((2,2),(0.000,1.000),.UNSPECIFIED.)
CURVE()
GEOMETRIC_REPRESENTATION_ITEM()
RATIONAL_B_SPLINE_CURVE((1.0000000000,1.0000000000))
REPRESENTATION_ITEM('')
);
#794=CARTESIAN_POINT('',(51.9465230323,-25.6611652007,12.0268638338));
#795=CARTESIAN_POINT('',(51.9465230323,-25.6611652007,13.6876357087));

#796=CARTESIAN_POINT('',(51.9465230323,-25.6611652007,13.6876357087));
#797=VERTEX_POINT('',#796);
#798=EDGE_CURVE('',#790,#797,#793,.T.);
#799=ORIENTED_EDGE('',*,*,#798,.T.);
#800=(
BOUNDED_CURVE()
B_SPLINE_CURVE(1,(#801,#802),.UNSPECIFIED.,.F.,.F.)
B_SPLINE_CURVE_WITH_KNOTS((2,2),(0.000,1.000),.UNSPECIFIED.)
CURVE()
GEOMETRIC_REPRESENTATION_ITEM()
RATIONAL_B_SPLINE_CURVE((1.0000000000,1.0000000000))
REPRESENTATION_ITEM('')
);
#801=CARTESIAN_POINT('',(51.9465230323,-25.6611652007,13.6876357087));
#802=CARTESIAN_POINT('',(51.9465230323,-25.5212647328,13.8975692498));

#803=CARTESIAN_POINT('',(51.9465230323,-25.5212647328,13.8975692498));
#804=VERTEX_POINT('',#803);
#805=EDGE_CURVE('',#797,#804,#800,.T.);
#806=ORIENTED_EDGE('',*,*,#805,.T.);
#807=(
BOUNDED_CURVE()
B_SPLINE_CURVE(1,(#808,#809),.UNSPECIFIED.,.F.,.F.)
B_SPLINE_CURVE_WITH_KNOTS((2,2),(0.000,1.000),.UNSPECIFIED.)
CURVE()
GEOMETRIC_REPRESENTATION_ITEM()
RATIONAL_B_SPLINE_CURVE((1.0000000000,1.0000000000))
REPRESENTATION_ITEM('')
);
#808=CARTESIAN_POINT('',(51.9465230323,-25.5212647328,13.8975692498));
#809=CARTESIAN_POINT('',(51.9465230323,-24.7235164195,12.0268638338));

#810=CARTESIAN_POINT('',(51.9465230323,-24.7235164195,12.0268638338));
#811=VERTEX_POINT('',#810);
#812=EDGE_CURVE('',#804,#811,#807,.T.);
#813=ORIENTED_EDGE('',*,*,#812,.T.);
#814=(
BOUNDED_CURVE()
B_SPLINE_CURVE(1,(#815,#816),.UNSPECIFIED.,.F.,.F.)
B_SPLINE_CURVE_WITH_KNOTS((2,2),(0.000,1.000),.UNSPECIFIED.)
CURVE()
GEOMETRIC_REPRESENTATION_ITEM()
RATIONAL_B_SPLINE_CURVE((1.0000000000,1.0000000000))
REPRESENTATION_ITEM('')
);
#815=CARTESIAN_POINT('',(51.9465230323,-24.7235164195,12.0268638338));
#816=CARTESIAN_POINT('',(51.9465230323,-23.0020610440,12.0268638338));

#817=CARTESIAN_POINT('',(51.9465230323,-23.0020610440,12.0268638338));
#818=VERTEX_POINT('',#817);
#819=EDGE_CURVE('',#811,#818,#814,.T.);
#820=ORIENTED_EDGE('',*,*,#819,.T.);
#821=(
BOUNDED_CURVE()
B_SPLINE_CURVE(1,(#822,#823),.UNSPECIFIED.,.F.,.F.)
B_SPLINE_CURVE_WITH_KNOTS((2,2),(0.000,1.000),.UNSPECIFIED.)
CURVE()
GEOMETRIC_REPRESENTATION_ITEM()
RATIONAL_B_SPLINE_CURVE((1.0000000000,1.0000000000))
REPRESENTATION_ITEM('')
);
#822=CARTESIAN_POINT('',(51.9465230323,-23.0020610440,12.0268638338));
#823=CARTESIAN_POINT('',(51.9465230323,-24.5228504092,15.3811275984));

#824=CARTESIAN_POINT('',(51.9465230323,-24.5228504092,15.3811275984));
#825=VERTEX_POINT('',#824);
#826=EDGE_CURVE('',#818,#825,#821,.T.);
#827=ORIENTED_EDGE('',*,*,#826,.T.);
#828=(
BOUNDED_CURVE()
B_SPLINE_CURVE(1,(#829,#830),.UNSPECIFIED.,.F.,.F.)
B_SPLINE_CURVE_WITH_KNOTS((2,2),(0.000,1.000),.UNSPECIFIED.)
CURVE()
GEOMETRIC_REPRESENTATION_ITEM()
RATIONAL_B_SPLINE_CURVE((1.0000000000,1.0000000000))
REPRESENTATION_ITEM('')
);
#829=CARTESIAN_POINT('',(51.9465230323,-24.5228504092,15.3811275984));
#830=CARTESIAN_POINT('',(51.9465230323,-23.0020610440,17.6437365109));

#831=CARTESIAN_POINT('',(51.9465230323,-23.0020610440,17.6437365109));
#832=VERTEX_POINT('',#831);
#833=EDGE_CURVE('',#825,#832,#828,.T.);
#834=ORIENTED_EDGE('',*,*,#833,.T.);
#835=(
BOUNDED_CURVE()
B_SPLINE_CURVE(1,(#836,#837),.UNSPECIFIED.,.F.,.F.)
B_SPLINE_CURVE_WITH_KNOTS((2,2),(0.000,1.000),.UNSPECIFIED.)
CURVE()
GEOMETRIC_REPRESENTATION_ITEM()
RATIONAL_B_SPLINE_CURVE((1.0000000000,1.0000000000))
REPRESENTATION_ITEM('')
);
#836=CARTESIAN_POINT('',(51.9465230323,-23.0020610440,17.6437365109));
#837=CARTESIAN_POINT('',(51.9465230323,-24.7514812013,17.6437365109));

#838=CARTESIAN_POINT('',(51.9465230323,-24.7514812013,17.6437365109));
#839=VERTEX_POINT('',#838);
#840=EDGE_CURVE('',#832,#839,#835,.T.);
#841=ORIENTED_EDGE('',*,*,#840,.T.);
#842=(
BOUNDED_CURVE()
B_SPLINE_CURVE(1,(#843,#844),.UNSPECIFIED.,.F.,.F.)
B_SPLINE_CURVE_WITH_KNOTS((2,2),(0.000,1.000),.UNSPECIFIED.)
CURVE()
GEOMETRIC_REPRESENTATION_ITEM()
RATIONAL_B_SPLINE_CURVE((1.0000000000,1.0000000000))
REPRESENTATION_ITEM('')
);
#843=CARTESIAN_POINT('',(51.9465230323,-24.7514812013,17.6437365109));
#844=CARTESIAN_POINT('',(51.9465230323,-25.6611652007,15.9969054577));

#845=CARTESIAN_POINT('',(51.9465230323,-25.6611652007,15.9969054577));
#846=VERTEX_POINT('',#845);
#847=EDGE_CURVE('',#839,#846,#842,.T.);
#848=ORIENTED_EDGE('',*,*,#847,.T.);
#849=(
BOUNDED_CURVE()
B_SPLINE_CURVE(1,(#850,#851),.UNSPECIFIED.,.F.,.F.)
B_SPLINE_CURVE_WITH_KNOTS((2,2),(0.000,1.000),.UNSPECIFIED.)
CURVE()
GEOMETRIC_REPRESENTATION_ITEM()
RATIONAL_B_SPLINE_CURVE((1.0000000000,1.0000000000))
REPRESENTATION_ITEM('')
);
#850=CARTESIAN_POINT('',(51.9465230323,-25.6611652007,15.9969054577));
#851=CARTESIAN_POINT('',(51.9465230323,-25.6611652007,17.6437365109));

#852=CARTESIAN_POINT('',(51.9465230323,-25.6611652007,17.6437365109));
#853=VERTEX_POINT('',#852);
#854=EDGE_CURVE('',#846,#853,#849,.T.);
#855=ORIENTED_EDGE('',*,*,#854,.T.);
#856=(
BOUNDED_CURVE()
B_SPLINE_CURVE(1,(#857,#858),.UNSPECIFIED.,.F.,.F.)
B_SPLINE_CURVE_WITH_KNOTS((2,2),(0.000,1.000),.UNSPECIFIED.)
CURVE()
GEOMETRIC_REPRESENTATION_ITEM()
RATIONAL_B_SPLINE_CURVE((1.0000000000,1.0000000000))
REPRESENTATION_ITEM('')
);
#857=CARTESIAN_POINT('',(51.9465230323,-25.6611652007,17.6437365109));
#858=CARTESIAN_POINT('',(51.9465230323,-27.1913856818,17.6437365109));

#859=EDGE_CURVE('',#853,#778,#856,.T.);
#860=ORIENTED_EDGE('',*,*,#859,.T.);
#861=EDGE_LOOP('',(#785,#792,#799,#806,#813,#820,#827,#834,#841,#848,#855,#860));
#862=FACE_BOUND('',#861,.T.);
#863=CARTESIAN_POINT('',(51.9465230323,-21.1452971476,17.6437365109));
#864=VERTEX_POINT('',#863);
#865=(
BOUNDED_CURVE()
B_SPLINE_CURVE(1,(#866,#867),.UNSPECIFIED.,.F.,.F.)
B_SPLINE_CURVE_WITH_KNOTS((2,2),(0.000,1.000),.UNSPECIFIED.)
CURVE()
GEOMETRIC_REPRESENTATION_ITEM()
RATIONAL_B_SPLINE_CURVE((1.0000000000,1.0000000000))
REPRESENTATION_ITEM('')
);
#866=CARTESIAN_POINT('',(51.9465230323,-21.1452971476,17.6437365109));
#867=CARTESIAN_POINT('',(51.9465230323,-22.6755160337,17.6437365109));

#868=CARTESIAN_POINT('',(51.9465230323,-22.6755160337,17.6437365109));
#869=VERTEX_POINT('',#868);
#870=EDGE_CURVE('',#864,#869,#865,.T.);
#871=ORIENTED_EDGE('',*,*,#870,.T.);
#872=(
BOUNDED_CURVE()
B_SPLINE_CURVE(1,(#873,#874),.UNSPECIFIED.,.F.,.F.)
B_SPLINE_CURVE_WITH_KNOTS((2,2),(0.000,1.000),.UNSPECIFIED.)
CURVE()
GEOMETRIC_REPRESENTATION_ITEM()
RATIONAL_B_SPLINE_CURVE((1.0000000000,1.0000000000))
REPRESENTATION_ITEM('')
);
#873=CARTESIAN_POINT('',(51.9465230323,-22.6755160337,17.6437365109));
#874=CARTESIAN_POINT('',(51.9465230323,-22.6755160337,12.0268638338));

#875=CARTESIAN_POINT('',(51.9465230323,-22.6755160337,12.0268638338));
#876=VERTEX_POINT('',#875);
#877=EDGE_CURVE('',#869,#876,#872,.T.);
#878=ORIENTED_EDGE('',*,*,#877,.T.);
#879=(
BOUNDED_CURVE()
B_SPLINE_CURVE(1,(#880,#881),.UNSPECIFIED.,.F.,.F.)
B_SPLINE_CURVE_WITH_KNOTS((2,2),(0.000,1.000),.UNSPECIFIED.)
CURVE()
GEOMETRIC_REPRESENTATION_ITEM()
RATIONAL_B_SPLINE_CURVE((1.0000000000,1.0000000000))
REPRESENTATION_ITEM('')
);
#880=CARTESIAN_POINT('',(51.9465230323,-22.6755160337,12.0268638338));
#881=CARTESIAN_POINT('',(51.9465230323,-21.1452971476,12.0268638338));

#882=CARTESIAN_POINT('',(51.9465230323,-21.1452971476,12.0268638338));
#883=VERTEX_POINT('',#882);
#884=EDGE_CURVE('',#876,#883,#879,.T.);
#885=ORIENTED_EDGE('',*,*,#884,.T.);
#886=(
BOUNDED_CURVE()
B_SPLINE_CURVE(1,(#887,#888),.UNSPECIFIED.,.F.,.F.)
B_SPLINE_CURVE_WITH_KNOTS((2,2),(0.000,1.000),.UNSPECIFIED.)
CURVE()
GEOMETRIC_REPRESENTATION_ITEM()
RATIONAL_B_SPLINE_CURVE((1.0000000000,1.0000000000))
REPRESENTATION_ITEM('')
);
#887=CARTESIAN_POINT('',(51.9465230323,-21.1452971476,12.0268638338));
#888=CARTESIAN_POINT('',(51.9465230323,-21.1452971476,17.6437365109));

#889=EDGE_CURVE('',#883,#864,#886,.T.);
#890=ORIENTED_EDGE('',*,*,#889,.T.);
#891=EDGE_LOOP('',(#871,#878,#885,#890));
#892=FACE_BOUND('',#891,.T.);
#893=CARTESIAN_POINT('',(51.9465230323,-18.0149896879,17.4105133731));
#894=VERTEX_POINT('',#893);
#895=(
BOUNDED_CURVE()
B_SPLINE_CURVE(3,(#896,#897,#898,#899),.UNSPECIFIED.,.F.,.F.)
B_SPLINE_CURVE_WITH_KNOTS((4,4),(0.000,1.000),.UNSPECIFIED.)
CURVE()
GEOMETRIC_REPRESENTATION_ITEM()
RATIONAL_B_SPLINE_CURVE((1.0000000000,1.0000000000,1.0000000000,1.0000000000))
REPRESENTATION_ITEM('')
);
#896=CARTESIAN_POINT('',(51.9465230323,-18.0149896883,17.4105133733));
#897=CARTESIAN_POINT('',(51.9465230323,-17.9403637708,17.3685267249));
#898=CARTESIAN_POINT('',(51.9465230323,-17.8750062812,17.3218655892));
#899=CARTESIAN_POINT('',(51.9465230323,-17.8144050216,17.2705303650));

#900=CARTESIAN_POINT('',(51.9465230323,-17.8144050216,17.2705303650));
#901=VERTEX_POINT('',#900);
#902=EDGE_CURVE('',#894,#901,#895,.T.);
#903=ORIENTED_EDGE('',*,*,#902,.T.);
#904=(
BOUNDED_CURVE()
B_SPLINE_CURVE(1,(#905,#906),.UNSPECIFIED.,.F.,.F.)
B_SPLINE_CURVE_WITH_KNOTS((2,2),(0.000,1.000),.UNSPECIFIED.)
CURVE()
GEOMETRIC_REPRESENTATION_ITEM()
RATIONAL_B_SPLINE_CURVE((1.0000000000,1.0000000000))
REPRESENTATION_ITEM('')
);
#905=CARTESIAN_POINT('',(51.9465230323,-17.8144050216,17.2705303650));
#906=CARTESIAN_POINT('',(51.9465230323,-16.7694109064,18.0822192010));

#907=CARTESIAN_POINT('',(51.9465230323,-16.7694109064,18.0822192010));
#908=VERTEX_POINT('',#907);
#909=EDGE_CURVE('',#901,#908,#904,.T.);
#910=ORIENTED_EDGE('',*,*,#909,.T.);
#911=(
BOUNDED_CURVE()
B_SPLINE_CURVE(3,(#912,#913,#914,#915),.UNSPECIFIED.,.F.,.F.)
B_SPLINE_CURVE_WITH_KNOTS((4,4),(0.000,1.000),.UNSPECIFIED.)
CURVE()
GEOMETRIC_REPRESENTATION_ITEM()
RATIONAL_B_SPLINE_CURVE((1.0000000000,1.0000000000,1.0000000000,1.0000000000))
REPRESENTATION_ITEM('')
);
#912=CARTESIAN_POINT('',(51.9465230323,-16.7694109064,18.0822192010));
#913=CARTESIAN_POINT('',(51.9465230323,-16.8766733015,18.2362248732));
#914=CARTESIAN_POINT('',(51.9465230323,-17.0119818223,18.3715337928));
#915=CARTESIAN_POINT('',(51.9465230323,-17.1799284159,18.4928196495));

#916=CARTESIAN_POINT('',(51.9465230323,-17.1799284159,18.4928196495));
#917=VERTEX_POINT('',#916);
#918=EDGE_CURVE('',#908,#917,#911,.T.);
#919=ORIENTED_EDGE('',*,*,#918,.T.);
#920=(
BOUNDED_CURVE()
B_SPLINE_CURVE(3,(#921,#922,#923,#924),.UNSPECIFIED.,.F.,.F.)
B_SPLINE_CURVE_WITH_KNOTS((4,4),(0.000,1.000),.UNSPECIFIED.)
CURVE()
GEOMETRIC_REPRESENTATION_ITEM()
RATIONAL_B_SPLINE_CURVE((1.0000000000,1.0000000000,1.0000000000,1.0000000000))
REPRESENTATION_ITEM('')
);
#921=CARTESIAN_POINT('',(51.9465230323,-17.1799284159,18.4928196495));
#922=CARTESIAN_POINT('',(51.9465230323,-17.4644871765,18.6980792018));
#923=CARTESIAN_POINT('',(51.9465230323,-17.9030524068,18.9033379565));
#924=CARTESIAN_POINT('',(51.9465230323,-18.5235043546,18.9033379565));

#925=CARTESIAN_POINT('',(51.9465230323,-18.5235043546,18.9033379565));
#926=VERTEX_POINT('',#925);
#927=EDGE_CURVE('',#917,#926,#920,.T.);
#928=ORIENTED_EDGE('',*,*,#927,.T.);
#929=(
BOUNDED_CURVE()
B_SPLINE_CURVE(3,(#930,#931,#932,#933),.UNSPECIFIED.,.F.,.F.)
B_SPLINE_CURVE_WITH_KNOTS((4,4),(0.000,1.000),.UNSPECIFIED.)
CURVE()
GEOMETRIC_REPRESENTATION_ITEM()
RATIONAL_B_SPLINE_CURVE((1.0000000000,1.0000000000,1.0000000000,1.0000000000))
REPRESENTATION_ITEM('')
);
#930=CARTESIAN_POINT('',(51.9465230323,-18.5235043546,18.9033379565));
#931=CARTESIAN_POINT('',(51.9465230323,-19.9417046157,18.9033379566));
#932=CARTESIAN_POINT('',(51.9465230323,-20.5855278033,17.9329693600));
#933=CARTESIAN_POINT('',(51.9465230323,-20.5855278033,16.9066727948));

#934=CARTESIAN_POINT('',(51.9465230323,-20.5855278033,16.9066727948));
#935=VERTEX_POINT('',#934);
#936=EDGE_CURVE('',#926,#935,#929,.T.);
#937=ORIENTED_EDGE('',*,*,#936,.T.);
#938=(
BOUNDED_CURVE()
B_SPLINE_CURVE(3,(#939,#940,#941,#942),.UNSPECIFIED.,.F.,.F.)
B_SPLINE_CURVE_WITH_KNOTS((4,4),(0.000,1.000),.UNSPECIFIED.)
CURVE()
GEOMETRIC_REPRESENTATION_ITEM()
RATIONAL_B_SPLINE_CURVE((1.0000000000,1.0000000000,1.0000000000,1.0000000000))
REPRESENTATION_ITEM('')
);
#939=CARTESIAN_POINT('',(51.9465230323,-20.5855278033,16.9066727948));
#940=CARTESIAN_POINT('',(51.9465230323,-20.5855278033,15.8756196010));
#941=CARTESIAN_POINT('',(51.9465230323,-19.9557276786,15.2038320304));
#942=CARTESIAN_POINT('',(51.9465230323,-18.8734206047,14.7186886035));

#943=CARTESIAN_POINT('',(51.9465230323,-18.8734206047,14.7186886035));
#944=VERTEX_POINT('',#943);
#945=EDGE_CURVE('',#935,#944,#938,.T.);
#946=ORIENTED_EDGE('',*,*,#945,.T.);
#947=(
BOUNDED_CURVE()
B_SPLINE_CURVE(3,(#948,#949,#950,#951),.UNSPECIFIED.,.F.,.F.)
B_SPLINE_CURVE_WITH_KNOTS((4,4),(0.000,1.000),.UNSPECIFIED.)
CURVE()
GEOMETRIC_REPRESENTATION_ITEM()
RATIONAL_B_SPLINE_CURVE((1.0000000000,1.0000000000,1.0000000000,1.0000000000))
REPRESENTATION_ITEM('')
);
#948=CARTESIAN_POINT('',(51.9465230323,-18.8734206047,14.7186886035));
#949=CARTESIAN_POINT('',(51.9465230323,-18.4115670736,14.5087549627));
#950=CARTESIAN_POINT('',(51.9465230323,-18.1922844584,14.3314593947));
#951=CARTESIAN_POINT('',(51.9465230323,-18.1922844584,13.8836283284));

#952=CARTESIAN_POINT('',(51.9465230323,-18.1922844584,13.8836283284));
#953=VERTEX_POINT('',#952);
#954=EDGE_CURVE('',#944,#953,#947,.T.);
#955=ORIENTED_EDGE('',*,*,#954,.T.);
#956=(
BOUNDED_CURVE()
B_SPLINE_CURVE(3,(#957,#958,#959,#960),.UNSPECIFIED.,.F.,.F.)
B_SPLINE_CURVE_WITH_KNOTS((4,4),(0.000,1.000),.UNSPECIFIED.)
CURVE()
GEOMETRIC_REPRESENTATION_ITEM()
RATIONAL_B_SPLINE_CURVE((1.0000000000,1.0000000000,1.0000000000,1.0000000000))
REPRESENTATION_ITEM('')
);
#957=CARTESIAN_POINT('',(51.9465230323,-18.1922844584,13.8836283284));
#958=CARTESIAN_POINT('',(51.9465230323,-18.1922844584,13.4403896077));
#959=CARTESIAN_POINT('',(51.9465230323,-18.3508828751,13.1884692189));
#960=CARTESIAN_POINT('',(51.9465230323,-18.7847732194,13.1884692189));

#961=CARTESIAN_POINT('',(51.9465230323,-18.7847732194,13.1884692189));
#962=VERTEX_POINT('',#961);
#963=EDGE_CURVE('',#953,#962,#956,.T.);
#964=ORIENTED_EDGE('',*,*,#963,.T.);
#965=(
BOUNDED_CURVE()
B_SPLINE_CURVE(3,(#966,#967,#968,#969),.UNSPECIFIED.,.F.,.F.)
B_SPLINE_CURVE_WITH_KNOTS((4,4),(0.000,1.000),.UNSPECIFIED.)
CURVE()
GEOMETRIC_REPRESENTATION_ITEM()
RATIONAL_B_SPLINE_CURVE((1.0000000000,1.0000000000,1.0000000000,1.0000000000))
REPRESENTATION_ITEM('')
);
#966=CARTESIAN_POINT('',(51.9465230323,-18.7847732194,13.1884692189));
#967=CARTESIAN_POINT('',(51.9465230323,-19.0646570941,13.1884692189));
#968=CARTESIAN_POINT('',(51.9465230323,-19.2886145952,13.2817912907));
#969=CARTESIAN_POINT('',(51.9465230323,-19.4425381259,13.3797876504));

#970=CARTESIAN_POINT('',(51.9465230323,-19.4425381259,13.3797876504));
#971=VERTEX_POINT('',#970);
#972=EDGE_CURVE('',#962,#971,#965,.T.);
#973=ORIENTED_EDGE('',*,*,#972,.T.);
#974=(
BOUNDED_CURVE()
B_SPLINE_CURVE(3,(#975,#976,#977,#978),.UNSPECIFIED.,.F.,.F.)
B_SPLINE_CURVE_WITH_KNOTS((4,4),(0.000,1.000),.UNSPECIFIED.)
CURVE()
GEOMETRIC_REPRESENTATION_ITEM()
RATIONAL_B_SPLINE_CURVE((1.0000000000,1.0000000000,1.0000000000,1.0000000000))
REPRESENTATION_ITEM('')
);
#975=CARTESIAN_POINT('',(51.9465230323,-19.4425381259,13.3797876504));
#976=CARTESIAN_POINT('',(51.9465230323,-19.5311855111,13.4357153199));
#977=CARTESIAN_POINT('',(51.9465230323,-19.6104847195,13.5010736068));
#978=CARTESIAN_POINT('',(51.9465230323,-19.6804357509,13.5756984276));

#979=CARTESIAN_POINT('',(51.9465230323,-19.6804357509,13.5756984276));
#980=VERTEX_POINT('',#979);
#981=EDGE_CURVE('',#971,#980,#974,.T.);
#982=ORIENTED_EDGE('',*,*,#981,.T.);
#983=(
BOUNDED_CURVE()
B_SPLINE_CURVE(1,(#984,#985),.UNSPECIFIED.,.F.,.F.)
B_SPLINE_CURVE_WITH_KNOTS((2,2),(0.000,1.000),.UNSPECIFIED.)
CURVE()
GEOMETRIC_REPRESENTATION_ITEM()
RATIONAL_B_SPLINE_CURVE((1.0000000000,1.0000000000))
REPRESENTATION_ITEM('')
);
#984=CARTESIAN_POINT('',(51.9465230323,-19.6804357509,13.5756984276));
#985=CARTESIAN_POINT('',(51.9465230323,-20.7254298661,12.7639276994));

#986=CARTESIAN_POINT('',(51.9465230323,-20.7254298661,12.7639276994));
#987=VERTEX_POINT('',#986);
#988=EDGE_CURVE('',#980,#987,#983,.T.);
#989=ORIENTED_EDGE('',*,*,#988,.T.);
#990=(
BOUNDED_CURVE()
B_SPLINE_CURVE(3,(#991,#992,#993,#994),.UNSPECIFIED.,.F.,.F.)
B_SPLINE_CURVE_WITH_KNOTS((4,4),(0.000,1.000),.UNSPECIFIED.)
CURVE()
GEOMETRIC_REPRESENTATION_ITEM()
RATIONAL_B_SPLINE_CURVE((1.0000000000,1.0000000000,1.0000000000,1.0000000000))
REPRESENTATION_ITEM('')
);
#991=CARTESIAN_POINT('',(51.9465230323,-20.7254298661,12.7639276994));
#992=CARTESIAN_POINT('',(51.9465230323,-20.6134925850,12.5913885109));
#993=CARTESIAN_POINT('',(51.9465230323,-20.4688342923,12.4373824898));
#994=CARTESIAN_POINT('',(51.9465230323,-20.2869475748,12.3020736948));

#995=CARTESIAN_POINT('',(51.9465230323,-20.2869475748,12.3020736948));
#996=VERTEX_POINT('',#995);
#997=EDGE_CURVE('',#987,#996,#990,.T.);
#998=ORIENTED_EDGE('',*,*,#997,.T.);
#999=(
BOUNDED_CURVE()
B_SPLINE_CURVE(3,(#1000,#1001,#1002,#1003),.UNSPECIFIED.,.F.,.F.)
B_SPLINE_CURVE_WITH_KNOTS((4,4),(0.000,1.000),.UNSPECIFIED.)
CURVE()
GEOMETRIC_REPRESENTATION_ITEM()
RATIONAL_B_SPLINE_CURVE((1.0000000000,1.0000000000,1.0000000000,1.0000000000))
REPRESENTATION_ITEM('')
);
#1000=CARTESIAN_POINT('',(51.9465230323,-20.2869475748,12.3020736948));
#1001=CARTESIAN_POINT('',(51.9465230323,-19.9790175744,12.0688505601));
#1002=CARTESIAN_POINT('',(51.9465230323,-19.4985474384,11.8402197151));
#1003=CARTESIAN_POINT('',(51.9465230323,-18.7847732194,11.8402197151));

#1004=CARTESIAN_POINT('',(51.9465230323,-18.7847732194,11.8402197151));
#1005=VERTEX_POINT('',#1004);
#1006=EDGE_CURVE('',#996,#1005,#999,.T.);
#1007=ORIENTED_EDGE('',*,*,#1006,.T.);
#1008=(
BOUNDED_CURVE()
B_SPLINE_CURVE(3,(#1009,#1010,#1011,#1012),.UNSPECIFIED.,.F.,.F.)
B_SPLINE_CURVE_WITH_KNOTS((4,4),(0.000,1.000),.UNSPECIFIED.)
CURVE()
GEOMETRIC_REPRESENTATION_ITEM()
RATIONAL_B_SPLINE_CURVE((1.0000000000,1.0000000000,1.0000000000,1.0000000000))
REPRESENTATION_ITEM('')
);
#1009=CARTESIAN_POINT('',(51.9465230323,-18.7847732194,11.8402197151));
#1010=CARTESIAN_POINT('',(51.9465230323,-17.4691620625,11.8402197151));
#1011=CARTESIAN_POINT('',(51.9465230323,-16.6200793226,12.5400531373));
#1012=CARTESIAN_POINT('',(51.9465230323,-16.6200793226,13.8836283284));

#1013=CARTESIAN_POINT('',(51.9465230323,-16.6200793226,13.8836283284));
#1014=VERTEX_POINT('',#1013);
#1015=EDGE_CURVE('',#1005,#1014,#1008,.T.);
#1016=ORIENTED_EDGE('',*,*,#1015,.T.);
#1017=(
BOUNDED_CURVE()
B_SPLINE_CURVE(3,(#1018,#1019,#1020,#1021),.UNSPECIFIED.,.F.,.F.)
B_SPLINE_CURVE_WITH_KNOTS((4,4),(0.000,1.000),.UNSPECIFIED.)
CURVE()
GEOMETRIC_REPRESENTATION_ITEM()
RATIONAL_B_SPLINE_CURVE((1.0000000000,1.0000000000,1.0000000000,1.0000000000))
REPRESENTATION_ITEM('')
);
#1018=CARTESIAN_POINT('',(51.9465230323,-16.6200793226,13.8836283283));
#1019=CARTESIAN_POINT('',(51.9465230323,-16.6200793226,15.1385558849));
#1020=CARTESIAN_POINT('',(51.9465230323,-17.4644871765,15.5444001035));
#1021=CARTESIAN_POINT('',(51.9465230323,-18.4208339065,16.0669382319));

#1022=CARTESIAN_POINT('',(51.9465230323,-18.4208339065,16.0669382319));
#1023=VERTEX_POINT('',#1022);
#1024=EDGE_CURVE('',#1014,#1023,#1017,.T.);
#1025=ORIENTED_EDGE('',*,*,#1024,.T.);
#1026=(
BOUNDED_CURVE()
B_SPLINE_CURVE(3,(#1027,#1028,#1029,#1030),.UNSPECIFIED.,.F.,.F.)
B_SPLINE_CURVE_WITH_KNOTS((4,4),(0.000,1.000),.UNSPECIFIED.)
CURVE()
GEOMETRIC_REPRESENTATION_ITEM()
RATIONAL_B_SPLINE_CURVE((1.0000000000,1.0000000000,1.0000000000,1.0000000000))
REPRESENTATION_ITEM('')
);
#1027=CARTESIAN_POINT('',(51.9465230323,-18.4208339065,16.0669382319));
#1028=CARTESIAN_POINT('',(51.9465230323,-18.7474602607,16.2535002341));
#1029=CARTESIAN_POINT('',(51.9465230323,-19.0133226675,16.4494108119));
#1030=CARTESIAN_POINT('',(51.9465230323,-19.0133226675,16.9066727948));

#1031=CARTESIAN_POINT('',(51.9465230323,-19.0133226675,16.9066727948));
#1032=VERTEX_POINT('',#1031);
#1033=EDGE_CURVE('',#1023,#1032,#1026,.T.);
#1034=ORIENTED_EDGE('',*,*,#1033,.T.);
#1035=(
BOUNDED_CURVE()
B_SPLINE_CURVE(3,(#1036,#1037,#1038,#1039),.UNSPECIFIED.,.F.,.F.)
B_SPLINE_CURVE_WITH_KNOTS((4,4),(0.000,1.000),.UNSPECIFIED.)
CURVE()
GEOMETRIC_REPRESENTATION_ITEM()
RATIONAL_B_SPLINE_CURVE((1.0000000000,1.0000000000,1.0000000000,1.0000000000))
REPRESENTATION_ITEM('')
);
#1036=CARTESIAN_POINT('',(51.9465230323,-19.0133226675,16.9066727948));
#1037=CARTESIAN_POINT('',(51.9465230323,-19.0133226675,17.3171915006));
#1038=CARTESIAN_POINT('',(51.9465230323,-18.8174112922,17.5550887269));
#1039=CARTESIAN_POINT('',(51.9465230323,-18.5235043546,17.5550887269));

#1040=CARTESIAN_POINT('',(51.9465230323,-18.5235043546,17.5550887269));
#1041=VERTEX_POINT('',#1040);
#1042=EDGE_CURVE('',#1032,#1041,#1035,.T.);
#1043=ORIENTED_EDGE('',*,*,#1042,.T.);
#1044=(
BOUNDED_CURVE()
B_SPLINE_CURVE(3,(#1045,#1046,#1047,#1048),.UNSPECIFIED.,.F.,.F.)
B_SPLINE_CURVE_WITH_KNOTS((4,4),(0.000,1.000),.UNSPECIFIED.)
CURVE()
GEOMETRIC_REPRESENTATION_ITEM()
RATIONAL_B_SPLINE_CURVE((1.0000000000,1.0000000000,1.0000000000,1.0000000000))
REPRESENTATION_ITEM('')
);
#1045=CARTESIAN_POINT('',(51.9465230323,-18.5235043634,17.5550887269));
#1046=CARTESIAN_POINT('',(51.9465230323,-18.3182448074,17.5550887290));
#1047=CARTESIAN_POINT('',(51.9465230323,-18.1409500336,17.4804640067));
#1048=CARTESIAN_POINT('',(51.9465230323,-18.0149896879,17.4105133731));

#1049=EDGE_CURVE('',#1041,#894,#1044,.T.);
#1050=ORIENTED_EDGE('',*,*,#1049,.T.);
#1051=EDGE_LOOP('',(#903,#910,#919,#928,#937,#946,#955,#964,#973,#982,#989,#998,#1007,#1016,#1025,#1034,#1043,#1050));
#1052=FACE_BOUND('',#1051,.T.);
#1053=CARTESIAN_POINT('',(51.9465230323,-12.0295837572,17.6437365109));
#1054=VERTEX_POINT('',#1053);
#1055=(
BOUNDED_CURVE()
B_SPLINE_CURVE(1,(#1056,#1057),.UNSPECIFIED.,.F.,.F.)
B_SPLINE_CURVE_WITH_KNOTS((2,2),(0.000,1.000),.UNSPECIFIED.)
CURVE()
GEOMETRIC_REPRESENTATION_ITEM()
RATIONAL_B_SPLINE_CURVE((1.0000000000,1.0000000000))
REPRESENTATION_ITEM('')
);
#1056=CARTESIAN_POINT('',(51.9465230323,-12.0295837572,17.6437365109));
#1057=CARTESIAN_POINT('',(51.9465230323,-13.5598042383,17.6437365109));

#1058=CARTESIAN_POINT('',(51.9465230323,-13.5598042383,17.6437365109));
#1059=VERTEX_POINT('',#1058);
#1060=EDGE_CURVE('',#1054,#1059,#1055,.T.);
#1061=ORIENTED_EDGE('',*,*,#1060,.T.);
#1062=(
BOUNDED_CURVE()
B_SPLINE_CURVE(1,(#1063,#1064),.UNSPECIFIED.,.F.,.F.)
B_SPLINE_CURVE_WITH_KNOTS((2,2),(0.000,1.000),.UNSPECIFIED.)
CURVE()
GEOMETRIC_REPRESENTATION_ITEM()
RATIONAL_B_SPLINE_CURVE((1.0000000000,1.0000000000))
REPRESENTATION_ITEM('')
);
#1063=CARTESIAN_POINT('',(51.9465230323,-13.5598042383,17.6437365109));
#1064=CARTESIAN_POINT('',(51.9465230323,-13.5598042383,14.4014100274));

#1065=CARTESIAN_POINT('',(51.9465230323,-13.5598042383,14.4014100274));
#1066=VERTEX_POINT('',#1065);
#1067=EDGE_CURVE('',#1059,#1066,#1062,.T.);
#1068=ORIENTED_EDGE('',*,*,#1067,.T.);
#1069=(
BOUNDED_CURVE()
B_SPLINE_CURVE(3,(#1070,#1071,#1072,#1073),.UNSPECIFIED.,.F.,.F.)
B_SPLINE_CURVE_WITH_KNOTS((4,4),(0.000,1.000),.UNSPECIFIED.)
CURVE()
GEOMETRIC_REPRESENTATION_ITEM()
RATIONAL_B_SPLINE_CURVE((1.0000000000,1.0000000000,1.0000000000,1.0000000000))
REPRESENTATION_ITEM('')
);
#1070=CARTESIAN_POINT('',(51.9465230323,-13.5598042383,14.4014100274));
#1071=CARTESIAN_POINT('',(51.9465230323,-13.5598042383,13.4310410321));
#1072=CARTESIAN_POINT('',(51.9465230323,-13.5877674251,13.0625090743));
#1073=CARTESIAN_POINT('',(51.9465230323,-14.1148986967,13.0625090743));

#1074=CARTESIAN_POINT('',(51.9465230323,-14.1148986967,13.0625090743));
#1075=VERTEX_POINT('',#1074);
#1076=EDGE_CURVE('',#1066,#1075,#1069,.T.);
#1077=ORIENTED_EDGE('',*,*,#1076,.T.);
#1078=(
BOUNDED_CURVE()
B_SPLINE_CURVE(3,(#1079,#1080,#1081,#1082),.UNSPECIFIED.,.F.,.F.)
B_SPLINE_CURVE_WITH_KNOTS((4,4),(0.000,1.000),.UNSPECIFIED.)
CURVE()
GEOMETRIC_REPRESENTATION_ITEM()
RATIONAL_B_SPLINE_CURVE((1.0000000000,1.0000000000,1.0000000000,1.0000000000))
REPRESENTATION_ITEM('')
);
#1079=CARTESIAN_POINT('',(51.9465230323,-14.1148986966,13.0625090743));
#1080=CARTESIAN_POINT('',(51.9465230323,-14.6421097172,13.0625090743));
#1081=CARTESIAN_POINT('',(51.9465230323,-14.6700744990,13.4310410320));
#1082=CARTESIAN_POINT('',(51.9465230323,-14.6700744990,14.4014100274));

#1083=CARTESIAN_POINT('',(51.9465230323,-14.6700744990,14.4014100274));
#1084=VERTEX_POINT('',#1083);
#1085=EDGE_CURVE('',#1075,#1084,#1078,.T.);
#1086=ORIENTED_EDGE('',*,*,#1085,.T.);
#1087=(
BOUNDED_CURVE()
B_SPLINE_CURVE(1,(#1088,#1089),.UNSPECIFIED.,.F.,.F.)
B_SPLINE_CURVE_WITH_KNOTS((2,2),(0.000,1.000),.UNSPECIFIED.)
CURVE()
GEOMETRIC_REPRESENTATION_ITEM()
RATIONAL_B_SPLINE_CURVE((1.0000000000,1.0000000000))
REPRESENTATION_ITEM('')
);
#1088=CARTESIAN_POINT('',(51.9465230323,-14.6700744990,14.4014100274));
#1089=CARTESIAN_POINT('',(51.9465230323,-14.6700744990,17.6437365109));

#1090=CARTESIAN_POINT('',(51.9465230323,-14.6700744990,17.6437365109));
#1091=VERTEX_POINT('',#1090);
#1092=EDGE_CURVE('',#1084,#1091,#1087,.T.);
#1093=ORIENTED_EDGE('',*,*,#1092,.T.);
#1094=(
BOUNDED_CURVE()
B_SPLINE_CURVE(1,(#1095,#1096),.UNSPECIFIED.,.F.,.F.)
B_SPLINE_CURVE_WITH_KNOTS((2,2),(0.000,1.000),.UNSPECIFIED.)
CURVE()
GEOMETRIC_REPRESENTATION_ITEM()
RATIONAL_B_SPLINE_CURVE((1.0000000000,1.0000000000))
REPRESENTATION_ITEM('')
);
#1095=CARTESIAN_POINT('',(51.9465230323,-14.6700744990,17.6437365109));
#1096=CARTESIAN_POINT('',(51.9465230323,-16.2002933851,17.6437365109));

#1097=CARTESIAN_POINT('',(51.9465230323,-16.2002933851,17.6437365109));
#1098=VERTEX_POINT('',#1097);
#1099=EDGE_CURVE('',#1091,#1098,#1094,.T.);
#1100=ORIENTED_EDGE('',*,*,#1099,.T.);
#1101=(
BOUNDED_CURVE()
B_SPLINE_CURVE(1,(#1102,#1103),.UNSPECIFIED.,.F.,.F.)
B_SPLINE_CURVE_WITH_KNOTS((2,2),(0.000,1.000),.UNSPECIFIED.)
CURVE()
GEOMETRIC_REPRESENTATION_ITEM()
RATIONAL_B_SPLINE_CURVE((1.0000000000,1.0000000000))
REPRESENTATION_ITEM('')
);
#1102=CARTESIAN_POINT('',(51.9465230323,-16.2002933851,17.6437365109));
#1103=CARTESIAN_POINT('',(51.9465230323,-16.2002933851,14.4014100274));

#1104=CARTESIAN_POINT('',(51.9465230323,-16.2002933851,14.4014100274));
#1105=VERTEX_POINT('',#1104);
#1106=EDGE_CURVE('',#1098,#1105,#1101,.T.);
#1107=ORIENTED_EDGE('',*,*,#1106,.T.);
#1108=(
BOUNDED_CURVE()
B_SPLINE_CURVE(3,(#1109,#1110,#1111,#1112),.UNSPECIFIED.,.F.,.F.)
B_SPLINE_CURVE_WITH_KNOTS((4,4),(0.000,1.000),.UNSPECIFIED.)
CURVE()
GEOMETRIC_REPRESENTATION_ITEM()
RATIONAL_B_SPLINE_CURVE((1.0000000000,1.0000000000,1.0000000000,1.0000000000))
REPRESENTATION_ITEM('')
);
#1109=CARTESIAN_POINT('',(51.9465230323,-16.2002933851,14.4014100274));
#1110=CARTESIAN_POINT('',(51.9465230323,-16.2002933851,12.6706876196));
#1111=CARTESIAN_POINT('',(51.9465230323,-15.7197419052,11.8868807386));
#1112=CARTESIAN_POINT('',(51.9465230323,-14.1148986967,11.8868807386));

#1113=CARTESIAN_POINT('',(51.9465230323,-14.1148986967,11.8868807386));
#1114=VERTEX_POINT('',#1113);
#1115=EDGE_CURVE('',#1105,#1114,#1108,.T.);
#1116=ORIENTED_EDGE('',*,*,#1115,.T.);
#1117=(
BOUNDED_CURVE()
B_SPLINE_CURVE(3,(#1118,#1119,#1120,#1121),.UNSPECIFIED.,.F.,.F.)
B_SPLINE_CURVE_WITH_KNOTS((4,4),(0.000,1.000),.UNSPECIFIED.)
CURVE()
GEOMETRIC_REPRESENTATION_ITEM()
RATIONAL_B_SPLINE_CURVE((1.0000000000,1.0000000000,1.0000000000,1.0000000000))
REPRESENTATION_ITEM('')
);
#1118=CARTESIAN_POINT('',(51.9465230323,-14.1148986967,11.8868807386));
#1119=CARTESIAN_POINT('',(51.9465230323,-12.5101352372,11.8868807386));
#1120=CARTESIAN_POINT('',(51.9465230323,-12.0295837572,12.6706876195));
#1121=CARTESIAN_POINT('',(51.9465230323,-12.0295837572,14.4014100274));

#1122=CARTESIAN_POINT('',(51.9465230323,-12.0295837572,14.4014100274));
#1123=VERTEX_POINT('',#1122);
#1124=EDGE_CURVE('',#1114,#1123,#1117,.T.);
#1125=ORIENTED_EDGE('',*,*,#1124,.T.);
#1126=(
BOUNDED_CURVE()
B_SPLINE_CURVE(1,(#1127,#1128),.UNSPECIFIED.,.F.,.F.)
B_SPLINE_CURVE_WITH_KNOTS((2,2),(0.000,1.000),.UNSPECIFIED.)
CURVE()
GEOMETRIC_REPRESENTATION_ITEM()
RATIONAL_B_SPLINE_CURVE((1.0000000000,1.0000000000))
REPRESENTATION_ITEM('')
);
#1127=CARTESIAN_POINT('',(51.9465230323,-12.0295837572,14.4014100274));
#1128=CARTESIAN_POINT('',(51.9465230323,-12.0295837572,17.6437365109));

#1129=EDGE_CURVE('',#1123,#1054,#1126,.T.);
#1130=ORIENTED_EDGE('',*,*,#1129,.T.);
#1131=EDGE_LOOP('',(#1061,#1068,#1077,#1086,#1093,#1100,#1107,#1116,#1125,#1130));
#1132=FACE_BOUND('',#1131,.T.);
#1133=CARTESIAN_POINT('',(51.9465230323,-11.4698160079,17.6437365109));
#1134=VERTEX_POINT('',#1133);
#1135=(
BOUNDED_CURVE()
B_SPLINE_CURVE(1,(#1136,#1137),.UNSPECIFIED.,.F.,.F.)
B_SPLINE_CURVE_WITH_KNOTS((2,2),(0.000,1.000),.UNSPECIFIED.)
CURVE()
GEOMETRIC_REPRESENTATION_ITEM()
RATIONAL_B_SPLINE_CURVE((1.0000000000,1.0000000000))
REPRESENTATION_ITEM('')
);
#1136=CARTESIAN_POINT('',(51.9465230323,-11.4698160079,17.6437365109));
#1137=CARTESIAN_POINT('',(51.9465230323,-11.4698160079,12.0268638338));

#1138=CARTESIAN_POINT('',(51.9465230323,-11.4698160079,12.0268638338));
#1139=VERTEX_POINT('',#1138);
#1140=EDGE_CURVE('',#1134,#1139,#1135,.T.);
#1141=ORIENTED_EDGE('',*,*,#1140,.T.);
#1142=(
BOUNDED_CURVE()
B_SPLINE_CURVE(1,(#1143,#1144),.UNSPECIFIED.,.F.,.F.)
B_SPLINE_CURVE_WITH_KNOTS((2,2),(0.000,1.000),.UNSPECIFIED.)
CURVE()
GEOMETRIC_REPRESENTATION_ITEM()
RATIONAL_B_SPLINE_CURVE((1.0000000000,1.0000000000))
REPRESENTATION_ITEM('')
);
#1143=CARTESIAN_POINT('',(51.9465230323,-11.4698160079,12.0268638338));
#1144=CARTESIAN_POINT('',(51.9465230323,-9.9395955268,12.0268638338));

#1145=CARTESIAN_POINT('',(51.9465230323,-9.9395955268,12.0268638338));
#1146=VERTEX_POINT('',#1145);
#1147=EDGE_CURVE('',#1139,#1146,#1142,.T.);
#1148=ORIENTED_EDGE('',*,*,#1147,.T.);
#1149=(
BOUNDED_CURVE()
B_SPLINE_CURVE(1,(#1150,#1151),.UNSPECIFIED.,.F.,.F.)
B_SPLINE_CURVE_WITH_KNOTS((2,2),(0.000,1.000),.UNSPECIFIED.)
CURVE()
GEOMETRIC_REPRESENTATION_ITEM()
RATIONAL_B_SPLINE_CURVE((1.0000000000,1.0000000000))
REPRESENTATION_ITEM('')
);
#1150=CARTESIAN_POINT('',(51.9465230323,-9.9395955268,12.0268638338));
#1151=CARTESIAN_POINT('',(51.9465230323,-9.9395955268,13.6876357087));

#1152=CARTESIAN_POINT('',(51.9465230323,-9.9395955268,13.6876357087));
#1153=VERTEX_POINT('',#1152);
#1154=EDGE_CURVE('',#1146,#1153,#1149,.T.);
#1155=ORIENTED_EDGE('',*,*,#1154,.T.);
#1156=(
BOUNDED_CURVE()
B_SPLINE_CURVE(1,(#1157,#1158),.UNSPECIFIED.,.F.,.F.)
B_SPLINE_CURVE_WITH_KNOTS((2,2),(0.000,1.000),.UNSPECIFIED.)
CURVE()
GEOMETRIC_REPRESENTATION_ITEM()
RATIONAL_B_SPLINE_CURVE((1.0000000000,1.0000000000))
REPRESENTATION_ITEM('')
);
#1157=CARTESIAN_POINT('',(51.9465230323,-9.9395955268,13.6876357087));
#1158=CARTESIAN_POINT('',(51.9465230323,-9.7996966539,13.8975692498));

#1159=CARTESIAN_POINT('',(51.9465230323,-9.7996966539,13.8975692498));
#1160=VERTEX_POINT('',#1159);
#1161=EDGE_CURVE('',#1153,#1160,#1156,.T.);
#1162=ORIENTED_EDGE('',*,*,#1161,.T.);
#1163=(
BOUNDED_CURVE()
B_SPLINE_CURVE(1,(#1164,#1165),.UNSPECIFIED.,.F.,.F.)
B_SPLINE_CURVE_WITH_KNOTS((2,2),(0.000,1.000),.UNSPECIFIED.)
CURVE()
GEOMETRIC_REPRESENTATION_ITEM()
RATIONAL_B_SPLINE_CURVE((1.0000000000,1.0000000000))
REPRESENTATION_ITEM('')
);
#1164=CARTESIAN_POINT('',(51.9465230323,-9.7996966539,13.8975692498));
#1165=CARTESIAN_POINT('',(51.9465230323,-9.0019483406,12.0268638338));

#1166=CARTESIAN_POINT('',(51.9465230323,-9.0019483406,12.0268638338));
#1167=VERTEX_POINT('',#1166);
#1168=EDGE_CURVE('',#1160,#1167,#1163,.T.);
#1169=ORIENTED_EDGE('',*,*,#1168,.T.);
#1170=(
BOUNDED_CURVE()
B_SPLINE_CURVE(1,(#1171,#1172),.UNSPECIFIED.,.F.,.F.)
B_SPLINE_CURVE_WITH_KNOTS((2,2),(0.000,1.000),.UNSPECIFIED.)
CURVE()
GEOMETRIC_REPRESENTATION_ITEM()
RATIONAL_B_SPLINE_CURVE((1.0000000000,1.0000000000))
REPRESENTATION_ITEM('')
);
#1171=CARTESIAN_POINT('',(51.9465230323,-9.0019483406,12.0268638338));
#1172=CARTESIAN_POINT('',(51.9465230323,-7.2804929651,12.0268638338));

#1173=CARTESIAN_POINT('',(51.9465230323,-7.2804929651,12.0268638338));
#1174=VERTEX_POINT('',#1173);
#1175=EDGE_CURVE('',#1167,#1174,#1170,.T.);
#1176=ORIENTED_EDGE('',*,*,#1175,.T.);
#1177=(
BOUNDED_CURVE()
B_SPLINE_CURVE(1,(#1178,#1179),.UNSPECIFIED.,.F.,.F.)
B_SPLINE_CURVE_WITH_KNOTS((2,2),(0.000,1.000),.UNSPECIFIED.)
CURVE()
GEOMETRIC_REPRESENTATION_ITEM()
RATIONAL_B_SPLINE_CURVE((1.0000000000,1.0000000000))
REPRESENTATION_ITEM('')
);
#1178=CARTESIAN_POINT('',(51.9465230323,-7.2804929651,12.0268638338));
#1179=CARTESIAN_POINT('',(51.9465230323,-8.8012807353,15.3811275984));

#1180=CARTESIAN_POINT('',(51.9465230323,-8.8012807353,15.3811275984));
#1181=VERTEX_POINT('',#1180);
#1182=EDGE_CURVE('',#1174,#1181,#1177,.T.);
#1183=ORIENTED_EDGE('',*,*,#1182,.T.);
#1184=(
BOUNDED_CURVE()
B_SPLINE_CURVE(1,(#1185,#1186),.UNSPECIFIED.,.F.,.F.)
B_SPLINE_CURVE_WITH_KNOTS((2,2),(0.000,1.000),.UNSPECIFIED.)
CURVE()
GEOMETRIC_REPRESENTATION_ITEM()
RATIONAL_B_SPLINE_CURVE((1.0000000000,1.0000000000))
REPRESENTATION_ITEM('')
);
#1185=CARTESIAN_POINT('',(51.9465230323,-8.8012807353,15.3811275984));
#1186=CARTESIAN_POINT('',(51.9465230323,-7.2804929651,17.6437365109));

#1187=CARTESIAN_POINT('',(51.9465230323,-7.2804929651,17.6437365109));
#1188=VERTEX_POINT('',#1187);
#1189=EDGE_CURVE('',#1181,#1188,#1184,.T.);
#1190=ORIENTED_EDGE('',*,*,#1189,.T.);
#1191=(
BOUNDED_CURVE()
B_SPLINE_CURVE(1,(#1192,#1193),.UNSPECIFIED.,.F.,.F.)
B_SPLINE_CURVE_WITH_KNOTS((2,2),(0.000,1.000),.UNSPECIFIED.)
CURVE()
GEOMETRIC_REPRESENTATION_ITEM()
RATIONAL_B_SPLINE_CURVE((1.0000000000,1.0000000000))
REPRESENTATION_ITEM('')
);
#1192=CARTESIAN_POINT('',(51.9465230323,-7.2804929651,17.6437365109));
#1193=CARTESIAN_POINT('',(51.9465230323,-9.0299115274,17.6437365109));

#1194=CARTESIAN_POINT('',(51.9465230323,-9.0299115274,17.6437365109));
#1195=VERTEX_POINT('',#1194);
#1196=EDGE_CURVE('',#1188,#1195,#1191,.T.);
#1197=ORIENTED_EDGE('',*,*,#1196,.T.);
#1198=(
BOUNDED_CURVE()
B_SPLINE_CURVE(1,(#1199,#1200),.UNSPECIFIED.,.F.,.F.)
B_SPLINE_CURVE_WITH_KNOTS((2,2),(0.000,1.000),.UNSPECIFIED.)
CURVE()
GEOMETRIC_REPRESENTATION_ITEM()
RATIONAL_B_SPLINE_CURVE((1.0000000000,1.0000000000))
REPRESENTATION_ITEM('')
);
#1199=CARTESIAN_POINT('',(51.9465230323,-9.0299115274,17.6437365109));
#1200=CARTESIAN_POINT('',(51.9465230323,-9.9395955268,15.9969054577));

#1201=CARTESIAN_POINT('',(51.9465230323,-9.9395955268,15.9969054577));
#1202=VERTEX_POINT('',#1201);
#1203=EDGE_CURVE('',#1195,#1202,#1198,.T.);
#1204=ORIENTED_EDGE('',*,*,#1203,.T.);
#1205=(
BOUNDED_CURVE()
B_SPLINE_CURVE(1,(#1206,#1207),.UNSPECIFIED.,.F.,.F.)
B_SPLINE_CURVE_WITH_KNOTS((2,2),(0.000,1.000),.UNSPECIFIED.)
CURVE()
GEOMETRIC_REPRESENTATION_ITEM()
RATIONAL_B_SPLINE_CURVE((1.0000000000,1.0000000000))
REPRESENTATION_ITEM('')
);
#1206=CARTESIAN_POINT('',(51.9465230323,-9.9395955268,15.9969054577));
#1207=CARTESIAN_POINT('',(51.9465230323,-9.9395955268,17.6437365109));

#1208=CARTESIAN_POINT('',(51.9465230323,-9.9395955268,17.6437365109));
#1209=VERTEX_POINT('',#1208);
#1210=EDGE_CURVE('',#1202,#1209,#1205,.T.);
#1211=ORIENTED_EDGE('',*,*,#1210,.T.);
#1212=(
BOUNDED_CURVE()
B_SPLINE_CURVE(1,(#1213,#1214),.UNSPECIFIED.,.F.,.F.)
B_SPLINE_CURVE_WITH_KNOTS((2,2),(0.000,1.000),.UNSPECIFIED.)
CURVE()
GEOMETRIC_REPRESENTATION_ITEM()
RATIONAL_B_SPLINE_CURVE((1.0000000000,1.0000000000))
REPRESENTATION_ITEM('')
);
#1213=CARTESIAN_POINT('',(51.9465230323,-9.9395955268,17.6437365109));
#1214=CARTESIAN_POINT('',(51.9465230323,-11.4698160079,17.6437365109));

#1215=EDGE_CURVE('',#1209,#1134,#1212,.T.);
#1216=ORIENTED_EDGE('',*,*,#1215,.T.);
#1217=EDGE_LOOP('',(#1141,#1148,#1155,#1162,#1169,#1176,#1183,#1190,#1197,#1204,#1211,#1216));
#1218=FACE_BOUND('',#1217,.T.);
#1219=CARTESIAN_POINT('',(51.9465230323,-5.4237290687,17.6437365109));
#1220=VERTEX_POINT('',#1219);
#1221=(
BOUNDED_CURVE()
B_SPLINE_CURVE(1,(#1222,#1223),.UNSPECIFIED.,.F.,.F.)
B_SPLINE_CURVE_WITH_KNOTS((2,2),(0.000,1.000),.UNSPECIFIED.)
CURVE()
GEOMETRIC_REPRESENTATION_ITEM()
RATIONAL_B_SPLINE_CURVE((1.0000000000,1.0000000000))
REPRESENTATION_ITEM('')
);
#1222=CARTESIAN_POINT('',(51.9465230323,-5.4237290687,17.6437365109));
#1223=CARTESIAN_POINT('',(51.9465230323,-6.9539463598,17.6437365109));

#1224=CARTESIAN_POINT('',(51.9465230323,-6.9539463598,17.6437365109));
#1225=VERTEX_POINT('',#1224);
#1226=EDGE_CURVE('',#1220,#1225,#1221,.T.);
#1227=ORIENTED_EDGE('',*,*,#1226,.T.);
#1228=(
BOUNDED_CURVE()
B_SPLINE_CURVE(1,(#1229,#1230),.UNSPECIFIED.,.F.,.F.)
B_SPLINE_CURVE_WITH_KNOTS((2,2),(0.000,1.000),.UNSPECIFIED.)
CURVE()
GEOMETRIC_REPRESENTATION_ITEM()
RATIONAL_B_SPLINE_CURVE((1.0000000000,1.0000000000))
REPRESENTATION_ITEM('')
);
#1229=CARTESIAN_POINT('',(51.9465230323,-6.9539463598,17.6437365109));
#1230=CARTESIAN_POINT('',(51.9465230323,-6.9539463598,12.0268638338));

#1231=CARTESIAN_POINT('',(51.9465230323,-6.9539463598,12.0268638338));
#1232=VERTEX_POINT('',#1231);
#1233=EDGE_CURVE('',#1225,#1232,#1228,.T.);
#1234=ORIENTED_EDGE('',*,*,#1233,.T.);
#1235=(
BOUNDED_CURVE()
B_SPLINE_CURVE(1,(#1236,#1237),.UNSPECIFIED.,.F.,.F.)
B_SPLINE_CURVE_WITH_KNOTS((2,2),(0.000,1.000),.UNSPECIFIED.)
CURVE()
GEOMETRIC_REPRESENTATION_ITEM()
RATIONAL_B_SPLINE_CURVE((1.0000000000,1.0000000000))
REPRESENTATION_ITEM('')
);
#1236=CARTESIAN_POINT('',(51.9465230323,-6.9539463598,12.0268638338));
#1237=CARTESIAN_POINT('',(51.9465230323,-5.4237290687,12.0268638338));

#1238=CARTESIAN_POINT('',(51.9465230323,-5.4237290687,12.0268638338));
#1239=VERTEX_POINT('',#1238);
#1240=EDGE_CURVE('',#1232,#1239,#1235,.T.);
#1241=ORIENTED_EDGE('',*,*,#1240,.T.);
#1242=(
BOUNDED_CURVE()
B_SPLINE_CURVE(1,(#1243,#1244),.UNSPECIFIED.,.F.,.F.)
B_SPLINE_CURVE_WITH_KNOTS((2,2),(0.000,1.000),.UNSPECIFIED.)
CURVE()
GEOMETRIC_REPRESENTATION_ITEM()
RATIONAL_B_SPLINE_CURVE((1.0000000000,1.0000000000))
REPRESENTATION_ITEM('')
);
#1243=CARTESIAN_POINT('',(51.9465230323,-5.4237290687,12.0268638338));
#1244=CARTESIAN_POINT('',(51.9465230323,-5.4237290687,17.6437365109));

#1245=EDGE_CURVE('',#1239,#1220,#1242,.T.);
#1246=ORIENTED_EDGE('',*,*,#1245,.T.);
#1247=EDGE_LOOP('',(#1227,#1234,#1241,#1246));
#1248=FACE_BOUND('',#1247,.T.);
#1249=CARTESIAN_POINT('',(51.9465230323,-2.9978476511,15.1479044606));
#1250=VERTEX_POINT('',#1249);
#1251=(
BOUNDED_CURVE()
B_SPLINE_CURVE(1,(#1252,#1253),.UNSPECIFIED.,.F.,.F.)
B_SPLINE_CURVE_WITH_KNOTS((2,2),(0.000,1.000),.UNSPECIFIED.)
CURVE()
GEOMETRIC_REPRESENTATION_ITEM()
RATIONAL_B_SPLINE_CURVE((1.0000000000,1.0000000000))
REPRESENTATION_ITEM('')
);
#1252=CARTESIAN_POINT('',(51.9465230323,-2.9978476511,15.1479044606));
#1253=CARTESIAN_POINT('',(51.9465230323,-0.9732153151,16.2721973854));

#1254=CARTESIAN_POINT('',(51.9465230323,-0.9732153151,16.2721973854));
#1255=VERTEX_POINT('',#1254);
#1256=EDGE_CURVE('',#1250,#1255,#1251,.T.);
#1257=ORIENTED_EDGE('',*,*,#1256,.T.);
#1258=(
BOUNDED_CURVE()
B_SPLINE_CURVE(1,(#1259,#1260),.UNSPECIFIED.,.F.,.F.)
B_SPLINE_CURVE_WITH_KNOTS((2,2),(0.000,1.000),.UNSPECIFIED.)
CURVE()
GEOMETRIC_REPRESENTATION_ITEM()
RATIONAL_B_SPLINE_CURVE((1.0000000000,1.0000000000))
REPRESENTATION_ITEM('')
);
#1259=CARTESIAN_POINT('',(51.9465230323,-0.9732153151,16.2721973854));
#1260=CARTESIAN_POINT('',(51.9465230323,-0.9732153151,17.8583446388));

#1261=CARTESIAN_POINT('',(51.9465230323,-0.9732153151,17.8583446388));
#1262=VERTEX_POINT('',#1261);
#1263=EDGE_CURVE('',#1255,#1262,#1258,.T.);
#1264=ORIENTED_EDGE('',*,*,#1263,.T.);
#1265=(
BOUNDED_CURVE()
B_SPLINE_CURVE(1,(#1266,#1267),.UNSPECIFIED.,.F.,.F.)
B_SPLINE_CURVE_WITH_KNOTS((2,2),(0.000,1.000),.UNSPECIFIED.)
CURVE()
GEOMETRIC_REPRESENTATION_ITEM()
RATIONAL_B_SPLINE_CURVE((1.0000000000,1.0000000000))
REPRESENTATION_ITEM('')
);
#1266=CARTESIAN_POINT('',(51.9465230323,-0.9732153151,17.8583446388));
#1267=CARTESIAN_POINT('',(51.9465230323,-4.8639581294,15.6236993119));

#1268=CARTESIAN_POINT('',(51.9465230323,-4.8639581294,15.6236993119));
#1269=VERTEX_POINT('',#1268);
#1270=EDGE_CURVE('',#1262,#1269,#1265,.T.);
#1271=ORIENTED_EDGE('',*,*,#1270,.T.);
#1272=(
BOUNDED_CURVE()
B_SPLINE_CURVE(1,(#1273,#1274),.UNSPECIFIED.,.F.,.F.)
B_SPLINE_CURVE_WITH_KNOTS((2,2),(0.000,1.000),.UNSPECIFIED.)
CURVE()
GEOMETRIC_REPRESENTATION_ITEM()
RATIONAL_B_SPLINE_CURVE((1.0000000000,1.0000000000))
REPRESENTATION_ITEM('')
);
#1273=CARTESIAN_POINT('',(51.9465230323,-4.8639581294,15.6236993119));
#1274=CARTESIAN_POINT('',(51.9465230323,-4.8639581294,14.6720276672));

#1275=CARTESIAN_POINT('',(51.9465230323,-4.8639581294,14.6720276672));
#1276=VERTEX_POINT('',#1275);
#1277=EDGE_CURVE('',#1269,#1276,#1272,.T.);
#1278=ORIENTED_EDGE('',*,*,#1277,.T.);
#1279=(
BOUNDED_CURVE()
B_SPLINE_CURVE(1,(#1280,#1281),.UNSPECIFIED.,.F.,.F.)
B_SPLINE_CURVE_WITH_KNOTS((2,2),(0.000,1.000),.UNSPECIFIED.)
CURVE()
GEOMETRIC_REPRESENTATION_ITEM()
RATIONAL_B_SPLINE_CURVE((1.0000000000,1.0000000000))
REPRESENTATION_ITEM('')
);
#1280=CARTESIAN_POINT('',(51.9465230323,-4.8639581294,14.6720276672));
#1281=CARTESIAN_POINT('',(51.9465230323,-0.9732153151,12.4373824898));

#1282=CARTESIAN_POINT('',(51.9465230323,-0.9732153151,12.4373824898));
#1283=VERTEX_POINT('',#1282);
#1284=EDGE_CURVE('',#1276,#1283,#1279,.T.);
#1285=ORIENTED_EDGE('',*,*,#1284,.T.);
#1286=(
BOUNDED_CURVE()
B_SPLINE_CURVE(1,(#1287,#1288),.UNSPECIFIED.,.F.,.F.)
B_SPLINE_CURVE_WITH_KNOTS((2,2),(0.000,1.000),.UNSPECIFIED.)
CURVE()
GEOMETRIC_REPRESENTATION_ITEM()
RATIONAL_B_SPLINE_CURVE((1.0000000000,1.0000000000))
REPRESENTATION_ITEM('')
);
#1287=CARTESIAN_POINT('',(51.9465230323,-0.9732153151,12.4373824898));
#1288=CARTESIAN_POINT('',(51.9465230323,-0.9732153151,14.0235293943));

#1289=CARTESIAN_POINT('',(51.9465230323,-0.9732153151,14.0235293943));
#1290=VERTEX_POINT('',#1289);
#1291=EDGE_CURVE('',#1283,#1290,#1286,.T.);
#1292=ORIENTED_EDGE('',*,*,#1291,.T.);
#1293=(
BOUNDED_CURVE()
B_SPLINE_CURVE(1,(#1294,#1295),.UNSPECIFIED.,.F.,.F.)
B_SPLINE_CURVE_WITH_KNOTS((2,2),(0.000,1.000),.UNSPECIFIED.)
CURVE()
GEOMETRIC_REPRESENTATION_ITEM()
RATIONAL_B_SPLINE_CURVE((1.0000000000,1.0000000000))
REPRESENTATION_ITEM('')
);
#1294=CARTESIAN_POINT('',(51.9465230323,-0.9732153151,14.0235293943));
#1295=CARTESIAN_POINT('',(51.9465230323,-2.9978476511,15.1479044606));

#1296=EDGE_CURVE('',#1290,#1250,#1293,.T.);
#1297=ORIENTED_EDGE('',*,*,#1296,.T.);
#1298=EDGE_LOOP('',(#1257,#1264,#1271,#1278,#1285,#1292,#1297));
#1299=FACE_BOUND('',#1298,.T.);
#1300=CARTESIAN_POINT('',(51.9465230323,-10.3065173549,27.6696956666));
#1301=VERTEX_POINT('',#1300);
#1302=(
BOUNDED_CURVE()
B_SPLINE_CURVE(1,(#1303,#1304),.UNSPECIFIED.,.F.,.F.)
B_SPLINE_CURVE_WITH_KNOTS((2,2),(0.000,1.000),.UNSPECIFIED.)
CURVE()
GEOMETRIC_REPRESENTATION_ITEM()
RATIONAL_B_SPLINE_CURVE((1.0000000000,1.0000000000))
REPRESENTATION_ITEM('')
);
#1303=CARTESIAN_POINT('',(51.9465230323,-10.3065173549,27.6696956666));
#1304=CARTESIAN_POINT('',(51.9465230323,-10.3065173549,42.9808293240));

#1305=CARTESIAN_POINT('',(51.9465230323,-10.3065173549,42.9808293240));
#1306=VERTEX_POINT('',#1305);
#1307=EDGE_CURVE('',#1301,#1306,#1302,.T.);
#1308=ORIENTED_EDGE('',*,*,#1307,.T.);
#1309=(
BOUNDED_CURVE()
B_SPLINE_CURVE(2,(#1310,#1311,#1312),.UNSPECIFIED.,.F.,.F.)
B_SPLINE_CURVE_WITH_KNOTS((3,3),(0.000,1.000),.UNSPECIFIED.)
CURVE()
GEOMETRIC_REPRESENTATION_ITEM()
RATIONAL_B_SPLINE_CURVE((1.0000000000,0.7071067812,1.0000000000))
REPRESENTATION_ITEM('')
);
#1310=CARTESIAN_POINT('',(51.9465230323,-10.3065173549,42.9808293241));
#1311=CARTESIAN_POINT('',(51.9465230323,-10.3065173550,45.3799521717));
#1312=CARTESIAN_POINT('',(51.9465230323,-12.7056402026,45.3799521717));

#1313=CARTESIAN_POINT('',(51.9465230323,-12.7056402026,45.3799521717));
#1314=VERTEX_POINT('',#1313);
#1315=EDGE_CURVE('',#1306,#1314,#1309,.T.);
#1316=ORIENTED_EDGE('',*,*,#1315,.T.);
#1317=(
BOUNDED_CURVE()
B_SPLINE_CURVE(1,(#1318,#1319),.UNSPECIFIED.,.F.,.F.)
B_SPLINE_CURVE_WITH_KNOTS((2,2),(0.000,1.000),.UNSPECIFIED.)
CURVE()
GEOMETRIC_REPRESENTATION_ITEM()
RATIONAL_B_SPLINE_CURVE((1.0000000000,1.0000000000))
REPRESENTATION_ITEM('')
);
#1318=CARTESIAN_POINT('',(51.9465230323,-12.7056402026,45.3799521717));
#1319=CARTESIAN_POINT('',(51.9465230323,-32.0838977170,45.3799521717));

#1320=CARTESIAN_POINT('',(51.9465230323,-32.0838977170,45.3799521717));
#1321=VERTEX_POINT('',#1320);
#1322=EDGE_CURVE('',#1314,#1321,#1317,.T.);
#1323=ORIENTED_EDGE('',*,*,#1322,.T.);
#1324=(
BOUNDED_CURVE()
B_SPLINE_CURVE(2,(#1325,#1326,#1327),.UNSPECIFIED.,.F.,.F.)
B_SPLINE_CURVE_WITH_KNOTS((3,3),(0.000,1.000),.UNSPECIFIED.)
CURVE()
GEOMETRIC_REPRESENTATION_ITEM()
RATIONAL_B_SPLINE_CURVE((1.0000000000,0.7071067812,1.0000000000))
REPRESENTATION_ITEM('')
);
#1325=CARTESIAN_POINT('',(51.9465230323,-32.0838977171,45.3799521717));
#1326=CARTESIAN_POINT('',(51.9465230323,-34.4830205647,45.3799521716));
#1327=CARTESIAN_POINT('',(51.9465230323,-34.4830205647,42.9808293240));

#1328=CARTESIAN_POINT('',(51.9465230323,-34.4830205647,42.9808293240));
#1329=VERTEX_POINT('',#1328);
#1330=EDGE_CURVE('',#1321,#1329,#1324,.T.);
#1331=ORIENTED_EDGE('',*,*,#1330,.T.);
#1332=(
BOUNDED_CURVE()
B_SPLINE_CURVE(1,(#1333,#1334),.UNSPECIFIED.,.F.,.F.)
B_SPLINE_CURVE_WITH_KNOTS((2,2),(0.000,1.000),.UNSPECIFIED.)
CURVE()
GEOMETRIC_REPRESENTATION_ITEM()
RATIONAL_B_SPLINE_CURVE((1.0000000000,1.0000000000))
REPRESENTATION_ITEM('')
);
#1333=CARTESIAN_POINT('',(51.9465230323,-34.4830205647,42.9808293240));
#1334=CARTESIAN_POINT('',(51.9465230323,-34.4830205647,27.6696956666));

#1335=CARTESIAN_POINT('',(51.9465230323,-34.4830205647,27.6696956666));
#1336=VERTEX_POINT('',#1335);
#1337=EDGE_CURVE('',#1329,#1336,#1332,.T.);
#1338=ORIENTED_EDGE('',*,*,#1337,.T.);
#1339=(
BOUNDED_CURVE()
B_SPLINE_CURVE(2,(#1340,#1341,#1342),.UNSPECIFIED.,.F.,.F.)
B_SPLINE_CURVE_WITH_KNOTS((3,3),(0.000,1.000),.UNSPECIFIED.)
CURVE()
GEOMETRIC_REPRESENTATION_ITEM()
RATIONAL_B_SPLINE_CURVE((1.0000000000,0.7071067812,1.0000000000))
REPRESENTATION_ITEM('')
);
#1340=CARTESIAN_POINT('',(51.9465230323,-34.4830205647,27.6696956665));
#1341=CARTESIAN_POINT('',(51.9465230323,-34.4830205645,25.2705728189));
#1342=CARTESIAN_POINT('',(51.9465230323,-32.0838977170,25.2705728189));

#1343=CARTESIAN_POINT('',(51.9465230323,-32.0838977170,25.2705728189));
#1344=VERTEX_POINT('',#1343);
#1345=EDGE_CURVE('',#1336,#1344,#1339,.T.);
#1346=ORIENTED_EDGE('',*,*,#1345,.T.);
#1347=(
BOUNDED_CURVE()
B_SPLINE_CURVE(1,(#1348,#1349),.UNSPECIFIED.,.F.,.F.)
B_SPLINE_CURVE_WITH_KNOTS((2,2),(0.000,1.000),.UNSPECIFIED.)
CURVE()
GEOMETRIC_REPRESENTATION_ITEM()
RATIONAL_B_SPLINE_CURVE((1.0000000000,1.0000000000))
REPRESENTATION_ITEM('')
);
#1348=CARTESIAN_POINT('',(51.9465230323,-32.0838977170,25.2705728189));
#1349=CARTESIAN_POINT('',(51.9465230323,-12.7056402026,25.2705728189));

#1350=CARTESIAN_POINT('',(51.9465230323,-12.7056402026,25.2705728189));
#1351=VERTEX_POINT('',#1350);
#1352=EDGE_CURVE('',#1344,#1351,#1347,.T.);
#1353=ORIENTED_EDGE('',*,*,#1352,.T.);
#1354=(
BOUNDED_CURVE()
B_SPLINE_CURVE(2,(#1355,#1356,#1357),.UNSPECIFIED.,.F.,.F.)
B_SPLINE_CURVE_WITH_KNOTS((3,3),(0.000,1.000),.UNSPECIFIED.)
CURVE()
GEOMETRIC_REPRESENTATION_ITEM()
RATIONAL_B_SPLINE_CURVE((1.0000000000,0.7071067812,1.0000000000))
REPRESENTATION_ITEM('')
);
#1355=CARTESIAN_POINT('',(51.9465230323,-12.7056402025,25.2705728189));
#1356=CARTESIAN_POINT('',(51.9465230323,-10.3065173549,25.2705728190));
#1357=CARTESIAN_POINT('',(51.9465230323,-10.3065173549,27.6696956666));

#1358=EDGE_CURVE('',#1351,#1301,#1354,.T.);
#1359=ORIENTED_EDGE('',*,*,#1358,.T.);
#1360=EDGE_LOOP('',(#1308,#1316,#1323,#1331,#1338,#1346,#1353,#1359));
#1361=FACE_BOUND('',#1360,.T.);
#1362=ADVANCED_FACE('',(#598,#649,#690,#776,#862,#892,#1052,#1132,#1218,#1248,#1299,#1361),#484,.T.);
#1363=COLOUR_RGB('',0.39,0.39,0.39);
#1364=FILL_AREA_STYLE_COLOUR('',#1363);
#1365=FILL_AREA_STYLE('',(#1364));
#1366=SURFACE_STYLE_FILL_AREA(#1365);
#1367=SURFACE_STYLE_TRANSPARENT(0.00);
#1368=SURFACE_STYLE_RENDERING_WITH_PROPERTIES(.NORMAL_SHADING.,#1363,(#1367));
#1369=SURFACE_SIDE_STYLE('',(#1366, #1368));
#1370=SURFACE_STYLE_USAGE(.BOTH.,#1369);
#1371=PRESENTATION_STYLE_ASSIGNMENT((#1370));
#1372=STYLED_ITEM('',(#1371),#1362);

#1373=(
BOUNDED_SURFACE()
B_SPLINE_SURFACE(1,1,((#1374,#1375),(#1376,#1377)),.UNSPECIFIED.,.F.,.F.,.F.)
B_SPLINE_SURFACE_WITH_KNOTS((2,2),(2,2),(0.000,1.000),(0.000,1.000),.UNSPECIFIED.)
GEOMETRIC_REPRESENTATION_ITEM()
RATIONAL_B_SPLINE_SURFACE(((1.0000000000,1.0000000000),(1.0000000000,1.0000000000)))
REPRESENTATION_ITEM('')
SURFACE()
);
#1374=CARTESIAN_POINT('',(48.0000000000,-48.0000000000,55.8900000000));
#1375=CARTESIAN_POINT('',(48.0000000000,-48.0000000000,0.0000000000));
#1376=CARTESIAN_POINT('',(48.0000000000,0.0000000000,55.8900000000));
#1377=CARTESIAN_POINT('',(48.0000000000,0.0000000000,0.0000000000));

#1378=CARTESIAN_POINT('',(48.0000000000,-48.0000000000,55.8900000000));
#1379=VERTEX_POINT('',#1378);
#1380=(
BOUNDED_CURVE()
B_SPLINE_CURVE(1,(#1381,#1382),.UNSPECIFIED.,.F.,.F.)
B_SPLINE_CURVE_WITH_KNOTS((2,2),(0.000,1.000),.UNSPECIFIED.)
CURVE()
GEOMETRIC_REPRESENTATION_ITEM()
RATIONAL_B_SPLINE_CURVE((1.0000000000,1.0000000000))
REPRESENTATION_ITEM('')
);
#1381=CARTESIAN_POINT('',(48.0000000000,-48.0000000000,55.8900000000));
#1382=CARTESIAN_POINT('',(48.0000000000,-48.0000000000,2.8467103318));

#1383=CARTESIAN_POINT('',(48.0000000000,-48.0000000000,2.8467103318));
#1384=VERTEX_POINT('',#1383);
#1385=EDGE_CURVE('',#1379,#1384,#1380,.T.);
#1386=ORIENTED_EDGE('',*,*,#1385,.T.);
#1387=(
BOUNDED_CURVE()
B_SPLINE_CURVE(1,(#1388,#1389),.UNSPECIFIED.,.F.,.F.)
B_SPLINE_CURVE_WITH_KNOTS((2,2),(0.000,1.000),.UNSPECIFIED.)
CURVE()
GEOMETRIC_REPRESENTATION_ITEM()
RATIONAL_B_SPLINE_CURVE((1.0000000000,1.0000000000))
REPRESENTATION_ITEM('')
);
#1388=CARTESIAN_POINT('',(48.0000000000,-48.0000000000,2.8467103318));
#1389=CARTESIAN_POINT('',(48.0000000000,0.0000000000,2.8467103318));

#1390=CARTESIAN_POINT('',(48.0000000000,0.0000000000,2.8467103318));
#1391=VERTEX_POINT('',#1390);
#1392=EDGE_CURVE('',#1384,#1391,#1387,.T.);
#1393=ORIENTED_EDGE('',*,*,#1392,.T.);
#1394=(
BOUNDED_CURVE()
B_SPLINE_CURVE(1,(#1395,#1396),.UNSPECIFIED.,.F.,.F.)
B_SPLINE_CURVE_WITH_KNOTS((2,2),(0.000,1.000),.UNSPECIFIED.)
CURVE()
GEOMETRIC_REPRESENTATION_ITEM()
RATIONAL_B_SPLINE_CURVE((1.0000000000,1.0000000000))
REPRESENTATION_ITEM('')
);
#1395=CARTESIAN_POINT('',(48.0000000000,0.0000000000,2.8467103318));
#1396=CARTESIAN_POINT('',(48.0000000000,0.0000000000,55.8900000000));

#1397=CARTESIAN_POINT('',(48.0000000000,0.0000000000,55.8900000000));
#1398=VERTEX_POINT('',#1397);
#1399=EDGE_CURVE('',#1391,#1398,#1394,.T.);
#1400=ORIENTED_EDGE('',*,*,#1399,.T.);
#1401=(
BOUNDED_CURVE()
B_SPLINE_CURVE(1,(#1402,#1403),.UNSPECIFIED.,.F.,.F.)
B_SPLINE_CURVE_WITH_KNOTS((2,2),(0.000,1.000),.UNSPECIFIED.)
CURVE()
GEOMETRIC_REPRESENTATION_ITEM()
RATIONAL_B_SPLINE_CURVE((1.0000000000,1.0000000000))
REPRESENTATION_ITEM('')
);
#1402=CARTESIAN_POINT('',(48.0000000000,0.0000000000,55.8900000000));
#1403=CARTESIAN_POINT('',(48.0000000000,-48.0000000000,55.8900000000));

#1404=EDGE_CURVE('',#1398,#1379,#1401,.T.);
#1405=ORIENTED_EDGE('',*,*,#1404,.T.);
#1406=EDGE_LOOP('',(#1386,#1393,#1400,#1405));
#1407=FACE_OUTER_BOUND('',#1406,.T.);
#1408=CARTESIAN_POINT('',(48.0000000000,-12.8005044738,44.2175756763));
#1409=VERTEX_POINT('',#1408);
#1410=(
BOUNDED_CURVE()
B_SPLINE_CURVE(2,(#1411,#1412,#1413),.UNSPECIFIED.,.F.,.F.)
B_SPLINE_CURVE_WITH_KNOTS((3,3),(0.000,1.000),.UNSPECIFIED.)
CURVE()
GEOMETRIC_REPRESENTATION_ITEM()
RATIONAL_B_SPLINE_CURVE((1.0000000000,0.7071067812,1.0000000000))
REPRESENTATION_ITEM('')
);
#1411=CARTESIAN_POINT('',(48.0000000000,-12.8005044738,44.2175756763));
#1412=CARTESIAN_POINT('',(48.0000000000,-11.8005044738,44.2175756763));
#1413=CARTESIAN_POINT('',(48.0000000000,-11.8005044738,43.2175756763));

#1414=CARTESIAN_POINT('',(48.0000000000,-11.8005044738,43.2175756763));
#1415=VERTEX_POINT('',#1414);
#1416=EDGE_CURVE('',#1409,#1415,#1410,.T.);
#1417=ORIENTED_EDGE('',*,*,#1416,.T.);
#1418=(
BOUNDED_CURVE()
B_SPLINE_CURVE(1,(#1419,#1420),.UNSPECIFIED.,.F.,.F.)
B_SPLINE_CURVE_WITH_KNOTS((2,2),(0.000,1.000),.UNSPECIFIED.)
CURVE()
GEOMETRIC_REPRESENTATION_ITEM()
RATIONAL_B_SPLINE_CURVE((1.0000000000,1.0000000000))
REPRESENTATION_ITEM('')
);
#1419=CARTESIAN_POINT('',(48.0000000000,-11.8005044738,43.2175756763));
#1420=CARTESIAN_POINT('',(48.0000000000,-11.8005044738,27.7175756763));

#1421=CARTESIAN_POINT('',(48.0000000000,-11.8005044738,27.7175756763));
#1422=VERTEX_POINT('',#1421);
#1423=EDGE_CURVE('',#1415,#1422,#1418,.T.);
#1424=ORIENTED_EDGE('',*,*,#1423,.T.);
#1425=(
BOUNDED_CURVE()
B_SPLINE_CURVE(2,(#1426,#1427,#1428),.UNSPECIFIED.,.F.,.F.)
B_SPLINE_CURVE_WITH_KNOTS((3,3),(0.000,1.000),.UNSPECIFIED.)
CURVE()
GEOMETRIC_REPRESENTATION_ITEM()
RATIONAL_B_SPLINE_CURVE((1.0000000000,0.7071067812,1.0000000000))
REPRESENTATION_ITEM('')
);
#1426=CARTESIAN_POINT('',(48.0000000000,-11.8005044738,27.7175756763));
#1427=CARTESIAN_POINT('',(48.0000000000,-11.8005044738,26.7175756763));
#1428=CARTESIAN_POINT('',(48.0000000000,-12.8005044737,26.7175756763));

#1429=CARTESIAN_POINT('',(48.0000000000,-12.8005044737,26.7175756763));
#1430=VERTEX_POINT('',#1429);
#1431=EDGE_CURVE('',#1422,#1430,#1425,.T.);
#1432=ORIENTED_EDGE('',*,*,#1431,.T.);
#1433=(
BOUNDED_CURVE()
B_SPLINE_CURVE(1,(#1434,#1435),.UNSPECIFIED.,.F.,.F.)
B_SPLINE_CURVE_WITH_KNOTS((2,2),(0.000,1.000),.UNSPECIFIED.)
CURVE()
GEOMETRIC_REPRESENTATION_ITEM()
RATIONAL_B_SPLINE_CURVE((1.0000000000,1.0000000000))
REPRESENTATION_ITEM('')
);
#1434=CARTESIAN_POINT('',(48.0000000000,-12.8005044738,26.7175756763));
#1435=CARTESIAN_POINT('',(48.0000000000,-32.0719108337,26.7175756763));

#1436=CARTESIAN_POINT('',(48.0000000000,-32.0719108337,26.7175756763));
#1437=VERTEX_POINT('',#1436);
#1438=EDGE_CURVE('',#1430,#1437,#1433,.T.);
#1439=ORIENTED_EDGE('',*,*,#1438,.T.);
#1440=(
BOUNDED_CURVE()
B_SPLINE_CURVE(2,(#1441,#1442,#1443),.UNSPECIFIED.,.F.,.F.)
B_SPLINE_CURVE_WITH_KNOTS((3,3),(0.000,1.000),.UNSPECIFIED.)
CURVE()
GEOMETRIC_REPRESENTATION_ITEM()
RATIONAL_B_SPLINE_CURVE((1.0000000000,0.7071067812,1.0000000000))
REPRESENTATION_ITEM('')
);
#1441=CARTESIAN_POINT('',(48.0000000000,-32.0719108337,26.7175756763));
#1442=CARTESIAN_POINT('',(48.0000000000,-33.0719108337,26.7175756763));
#1443=CARTESIAN_POINT('',(48.0000000000,-33.0719108337,27.7175756762));

#1444=CARTESIAN_POINT('',(48.0000000000,-33.0719108337,27.7175756762));
#1445=VERTEX_POINT('',#1444);
#1446=EDGE_CURVE('',#1437,#1445,#1440,.T.);
#1447=ORIENTED_EDGE('',*,*,#1446,.T.);
#1448=(
BOUNDED_CURVE()
B_SPLINE_CURVE(1,(#1449,#1450),.UNSPECIFIED.,.F.,.F.)
B_SPLINE_CURVE_WITH_KNOTS((2,2),(0.000,1.000),.UNSPECIFIED.)
CURVE()
GEOMETRIC_REPRESENTATION_ITEM()
RATIONAL_B_SPLINE_CURVE((1.0000000000,1.0000000000))
REPRESENTATION_ITEM('')
);
#1449=CARTESIAN_POINT('',(48.0000000000,-33.0719108337,27.7175756763));
#1450=CARTESIAN_POINT('',(48.0000000000,-33.0719108337,43.2175756763));

#1451=CARTESIAN_POINT('',(48.0000000000,-33.0719108337,43.2175756763));
#1452=VERTEX_POINT('',#1451);
#1453=EDGE_CURVE('',#1445,#1452,#1448,.T.);
#1454=ORIENTED_EDGE('',*,*,#1453,.T.);
#1455=(
BOUNDED_CURVE()
B_SPLINE_CURVE(2,(#1456,#1457,#1458),.UNSPECIFIED.,.F.,.F.)
B_SPLINE_CURVE_WITH_KNOTS((3,3),(0.000,1.000),.UNSPECIFIED.)
CURVE()
GEOMETRIC_REPRESENTATION_ITEM()
RATIONAL_B_SPLINE_CURVE((1.0000000000,0.7071067812,1.0000000000))
REPRESENTATION_ITEM('')
);
#1456=CARTESIAN_POINT('',(48.0000000000,-33.0719108337,43.2175756763));
#1457=CARTESIAN_POINT('',(48.0000000000,-33.0719108337,44.2175756762));
#1458=CARTESIAN_POINT('',(48.0000000000,-32.0719108338,44.2175756763));

#1459=CARTESIAN_POINT('',(48.0000000000,-32.0719108338,44.2175756763));
#1460=VERTEX_POINT('',#1459);
#1461=EDGE_CURVE('',#1452,#1460,#1455,.T.);
#1462=ORIENTED_EDGE('',*,*,#1461,.T.);
#1463=(
BOUNDED_CURVE()
B_SPLINE_CURVE(1,(#1464,#1465),.UNSPECIFIED.,.F.,.F.)
B_SPLINE_CURVE_WITH_KNOTS((2,2),(0.000,1.000),.UNSPECIFIED.)
CURVE()
GEOMETRIC_REPRESENTATION_ITEM()
RATIONAL_B_SPLINE_CURVE((1.0000000000,1.0000000000))
REPRESENTATION_ITEM('')
);
#1464=CARTESIAN_POINT('',(48.0000000000,-32.0719108337,44.2175756763));
#1465=CARTESIAN_POINT('',(48.0000000000,-12.8005044738,44.2175756763));

#1466=EDGE_CURVE('',#1460,#1409,#1463,.T.);
#1467=ORIENTED_EDGE('',*,*,#1466,.T.);
#1468=EDGE_LOOP('',(#1417,#1424,#1432,#1439,#1447,#1454,#1462,#1467));
#1469=FACE_BOUND('',#1468,.T.);
#1470=ADVANCED_FACE('',(#1407,#1469),#1373,.T.);
#1471=COLOUR_RGB('',0.39,0.39,0.39);
#1472=FILL_AREA_STYLE_COLOUR('',#1471);
#1473=FILL_AREA_STYLE('',(#1472));
#1474=SURFACE_STYLE_FILL_AREA(#1473);
#1475=SURFACE_STYLE_TRANSPARENT(0.00);
#1476=SURFACE_STYLE_RENDERING_WITH_PROPERTIES(.NORMAL_SHADING.,#1471,(#1475));
#1477=SURFACE_SIDE_STYLE('',(#1474, #1476));
#1478=SURFACE_STYLE_USAGE(.BOTH.,#1477);
#1479=PRESENTATION_STYLE_ASSIGNMENT((#1478));
#1480=STYLED_ITEM('',(#1479),#1470);

#1481=(
BOUNDED_SURFACE()
B_SPLINE_SURFACE(1,1,((#1482,#1483),(#1484,#1485)),.UNSPECIFIED.,.F.,.F.,.F.)
B_SPLINE_SURFACE_WITH_KNOTS((2,2),(2,2),(0.000,1.000),(0.000,1.000),.UNSPECIFIED.)
GEOMETRIC_REPRESENTATION_ITEM()
RATIONAL_B_SPLINE_SURFACE(((1.0000000000,1.0000000000),(1.0000000000,1.0000000000)))
REPRESENTATION_ITEM('')
SURFACE()
);
#1482=CARTESIAN_POINT('',(48.0000000000,0.0000000000,55.8900000000));
#1483=CARTESIAN_POINT('',(48.0000000000,0.0000000000,0.0000000000));
#1484=CARTESIAN_POINT('',(0.0000000000,0.0000000000,55.8900000000));
#1485=CARTESIAN_POINT('',(0.0000000000,0.0000000000,0.0000000000));

#1486=CARTESIAN_POINT('',(48.0000000000,0.0000000000,55.8900000000));
#1487=VERTEX_POINT('',#1486);
#1488=(
BOUNDED_CURVE()
B_SPLINE_CURVE(1,(#1489,#1490),.UNSPECIFIED.,.F.,.F.)
B_SPLINE_CURVE_WITH_KNOTS((2,2),(0.000,1.000),.UNSPECIFIED.)
CURVE()
GEOMETRIC_REPRESENTATION_ITEM()
RATIONAL_B_SPLINE_CURVE((1.0000000000,1.0000000000))
REPRESENTATION_ITEM('')
);
#1489=CARTESIAN_POINT('',(48.0000000000,0.0000000000,55.8900000000));
#1490=CARTESIAN_POINT('',(48.0000000000,0.0000000000,2.8467103318));

#1491=CARTESIAN_POINT('',(48.0000000000,0.0000000000,2.8467103318));
#1492=VERTEX_POINT('',#1491);
#1493=EDGE_CURVE('',#1487,#1492,#1488,.T.);
#1494=ORIENTED_EDGE('',*,*,#1493,.T.);
#1495=(
BOUNDED_CURVE()
B_SPLINE_CURVE(1,(#1496,#1497),.UNSPECIFIED.,.F.,.F.)
B_SPLINE_CURVE_WITH_KNOTS((2,2),(0.000,1.000),.UNSPECIFIED.)
CURVE()
GEOMETRIC_REPRESENTATION_ITEM()
RATIONAL_B_SPLINE_CURVE((1.0000000000,1.0000000000))
REPRESENTATION_ITEM('')
);
#1496=CARTESIAN_POINT('',(48.0000000000,0.0000000000,2.8467103318));
#1497=CARTESIAN_POINT('',(0.0000000000,0.0000000000,2.8467103318));

#1498=CARTESIAN_POINT('',(0.0000000000,0.0000000000,2.8467103318));
#1499=VERTEX_POINT('',#1498);
#1500=EDGE_CURVE('',#1492,#1499,#1495,.T.);
#1501=ORIENTED_EDGE('',*,*,#1500,.T.);
#1502=(
BOUNDED_CURVE()
B_SPLINE_CURVE(1,(#1503,#1504),.UNSPECIFIED.,.F.,.F.)
B_SPLINE_CURVE_WITH_KNOTS((2,2),(0.000,1.000),.UNSPECIFIED.)
CURVE()
GEOMETRIC_REPRESENTATION_ITEM()
RATIONAL_B_SPLINE_CURVE((1.0000000000,1.0000000000))
REPRESENTATION_ITEM('')
);
#1503=CARTESIAN_POINT('',(0.0000000000,0.0000000000,2.8467103318));
#1504=CARTESIAN_POINT('',(0.0000000000,0.0000000000,55.8900000000));

#1505=CARTESIAN_POINT('',(0.0000000000,0.0000000000,55.8900000000));
#1506=VERTEX_POINT('',#1505);
#1507=EDGE_CURVE('',#1499,#1506,#1502,.T.);
#1508=ORIENTED_EDGE('',*,*,#1507,.T.);
#1509=(
BOUNDED_CURVE()
B_SPLINE_CURVE(1,(#1510,#1511),.UNSPECIFIED.,.F.,.F.)
B_SPLINE_CURVE_WITH_KNOTS((2,2),(0.000,1.000),.UNSPECIFIED.)
CURVE()
GEOMETRIC_REPRESENTATION_ITEM()
RATIONAL_B_SPLINE_CURVE((1.0000000000,1.0000000000))
REPRESENTATION_ITEM('')
);
#1510=CARTESIAN_POINT('',(0.0000000000,0.0000000000,55.8900000000));
#1511=CARTESIAN_POINT('',(48.0000000000,0.0000000000,55.8900000000));

#1512=EDGE_CURVE('',#1506,#1487,#1509,.T.);
#1513=ORIENTED_EDGE('',*,*,#1512,.T.);
#1514=EDGE_LOOP('',(#1494,#1501,#1508,#1513));
#1515=FACE_OUTER_BOUND('',#1514,.T.);
#1516=ADVANCED_FACE('',(#1515),#1481,.T.);
#1517=COLOUR_RGB('',0.39,0.39,0.39);
#1518=FILL_AREA_STYLE_COLOUR('',#1517);
#1519=FILL_AREA_STYLE('',(#1518));
#1520=SURFACE_STYLE_FILL_AREA(#1519);
#1521=SURFACE_STYLE_TRANSPARENT(0.00);
#1522=SURFACE_STYLE_RENDERING_WITH_PROPERTIES(.NORMAL_SHADING.,#1517,(#1521));
#1523=SURFACE_SIDE_STYLE('',(#1520, #1522));
#1524=SURFACE_STYLE_USAGE(.BOTH.,#1523);
#1525=PRESENTATION_STYLE_ASSIGNMENT((#1524));
#1526=STYLED_ITEM('',(#1525),#1516);

#1527=(
BOUNDED_SURFACE()
B_SPLINE_SURFACE(1,1,((#1528,#1529),(#1530,#1531)),.UNSPECIFIED.,.F.,.F.,.F.)
B_SPLINE_SURFACE_WITH_KNOTS((2,2),(2,2),(0.000,1.000),(0.000,1.000),.UNSPECIFIED.)
GEOMETRIC_REPRESENTATION_ITEM()
RATIONAL_B_SPLINE_SURFACE(((1.0000000000,1.0000000000),(1.0000000000,1.0000000000)))
REPRESENTATION_ITEM('')
SURFACE()
);
#1528=CARTESIAN_POINT('',(0.0000000000,0.0000000000,55.8900000000));
#1529=CARTESIAN_POINT('',(0.0000000000,0.0000000000,0.0000000000));
#1530=CARTESIAN_POINT('',(0.0000000000,-48.0000000000,55.8900000000));
#1531=CARTESIAN_POINT('',(0.0000000000,-48.0000000000,0.0000000000));

#1532=CARTESIAN_POINT('',(0.0000000000,0.0000000000,55.8900000000));
#1533=VERTEX_POINT('',#1532);
#1534=(
BOUNDED_CURVE()
B_SPLINE_CURVE(1,(#1535,#1536),.UNSPECIFIED.,.F.,.F.)
B_SPLINE_CURVE_WITH_KNOTS((2,2),(0.000,1.000),.UNSPECIFIED.)
CURVE()
GEOMETRIC_REPRESENTATION_ITEM()
RATIONAL_B_SPLINE_CURVE((1.0000000000,1.0000000000))
REPRESENTATION_ITEM('')
);
#1535=CARTESIAN_POINT('',(0.0000000000,0.0000000000,55.8900000000));
#1536=CARTESIAN_POINT('',(0.0000000000,0.0000000000,2.8467103318));

#1537=CARTESIAN_POINT('',(0.0000000000,0.0000000000,2.8467103318));
#1538=VERTEX_POINT('',#1537);
#1539=EDGE_CURVE('',#1533,#1538,#1534,.T.);
#1540=ORIENTED_EDGE('',*,*,#1539,.T.);
#1541=(
BOUNDED_CURVE()
B_SPLINE_CURVE(1,(#1542,#1543),.UNSPECIFIED.,.F.,.F.)
B_SPLINE_CURVE_WITH_KNOTS((2,2),(0.000,1.000),.UNSPECIFIED.)
CURVE()
GEOMETRIC_REPRESENTATION_ITEM()
RATIONAL_B_SPLINE_CURVE((1.0000000000,1.0000000000))
REPRESENTATION_ITEM('')
);
#1542=CARTESIAN_POINT('',(0.0000000000,0.0000000000,2.8467103318));
#1543=CARTESIAN_POINT('',(0.0000000000,-48.0000000000,2.8467103318));

#1544=CARTESIAN_POINT('',(0.0000000000,-48.0000000000,2.8467103318));
#1545=VERTEX_POINT('',#1544);
#1546=EDGE_CURVE('',#1538,#1545,#1541,.T.);
#1547=ORIENTED_EDGE('',*,*,#1546,.T.);
#1548=(
BOUNDED_CURVE()
B_SPLINE_CURVE(1,(#1549,#1550),.UNSPECIFIED.,.F.,.F.)
B_SPLINE_CURVE_WITH_KNOTS((2,2),(0.000,1.000),.UNSPECIFIED.)
CURVE()
GEOMETRIC_REPRESENTATION_ITEM()
RATIONAL_B_SPLINE_CURVE((1.0000000000,1.0000000000))
REPRESENTATION_ITEM('')
);
#1549=CARTESIAN_POINT('',(0.0000000000,-48.0000000000,2.8467103318));
#1550=CARTESIAN_POINT('',(0.0000000000,-48.0000000000,55.8900000000));

#1551=CARTESIAN_POINT('',(0.0000000000,-48.0000000000,55.8900000000));
#1552=VERTEX_POINT('',#1551);
#1553=EDGE_CURVE('',#1545,#1552,#1548,.T.);
#1554=ORIENTED_EDGE('',*,*,#1553,.T.);
#1555=(
BOUNDED_CURVE()
B_SPLINE_CURVE(1,(#1556,#1557),.UNSPECIFIED.,.F.,.F.)
B_SPLINE_CURVE_WITH_KNOTS((2,2),(0.000,1.000),.UNSPECIFIED.)
CURVE()
GEOMETRIC_REPRESENTATION_ITEM()
RATIONAL_B_SPLINE_CURVE((1.0000000000,1.0000000000))
REPRESENTATION_ITEM('')
);
#1556=CARTESIAN_POINT('',(0.0000000000,-48.0000000000,55.8900000000));
#1557=CARTESIAN_POINT('',(0.0000000000,0.0000000000,55.8900000000));

#1558=EDGE_CURVE('',#1552,#1533,#1555,.T.);
#1559=ORIENTED_EDGE('',*,*,#1558,.T.);
#1560=EDGE_LOOP('',(#1540,#1547,#1554,#1559));
#1561=FACE_OUTER_BOUND('',#1560,.T.);
#1562=CARTESIAN_POINT('',(0.0000000000,-17.6622629069,11.0332110295));
#1563=VERTEX_POINT('',#1562);
#1564=(
BOUNDED_CURVE()
B_SPLINE_CURVE(2,(#1565,#1566,#1567),.UNSPECIFIED.,.F.,.F.)
B_SPLINE_CURVE_WITH_KNOTS((3,3),(0.000,1.000),.UNSPECIFIED.)
CURVE()
GEOMETRIC_REPRESENTATION_ITEM()
RATIONAL_B_SPLINE_CURVE((1.0000000000,0.7071067812,1.0000000000))
REPRESENTATION_ITEM('')
);
#1565=CARTESIAN_POINT('',(0.0000000000,-17.6622629069,11.0332110295));
#1566=CARTESIAN_POINT('',(0.0000000000,-17.6622629069,14.6586062496));
#1567=CARTESIAN_POINT('',(0.0000000000,-21.2876581270,14.6586062498));

#1568=CARTESIAN_POINT('',(0.0000000000,-21.2876581270,14.6586062498));
#1569=VERTEX_POINT('',#1568);
#1570=EDGE_CURVE('',#1563,#1569,#1564,.T.);
#1571=ORIENTED_EDGE('',*,*,#1570,.T.);
#1572=(
BOUNDED_CURVE()
B_SPLINE_CURVE(1,(#1573,#1574),.UNSPECIFIED.,.F.,.F.)
B_SPLINE_CURVE_WITH_KNOTS((2,2),(0.000,1.000),.UNSPECIFIED.)
CURVE()
GEOMETRIC_REPRESENTATION_ITEM()
RATIONAL_B_SPLINE_CURVE((1.0000000000,1.0000000000))
REPRESENTATION_ITEM('')
);
#1573=CARTESIAN_POINT('',(0.0000000000,-21.2876581272,14.6586062498));
#1574=CARTESIAN_POINT('',(0.0000000000,-27.4581544758,14.6586062498));

#1575=CARTESIAN_POINT('',(0.0000000000,-27.4581544758,14.6586062498));
#1576=VERTEX_POINT('',#1575);
#1577=EDGE_CURVE('',#1569,#1576,#1572,.T.);
#1578=ORIENTED_EDGE('',*,*,#1577,.T.);
#1579=(
BOUNDED_CURVE()
B_SPLINE_CURVE(2,(#1580,#1581,#1582),.UNSPECIFIED.,.F.,.F.)
B_SPLINE_CURVE_WITH_KNOTS((3,3),(0.000,1.000),.UNSPECIFIED.)
CURVE()
GEOMETRIC_REPRESENTATION_ITEM()
RATIONAL_B_SPLINE_CURVE((1.0000000000,0.7071067812,1.0000000000))
REPRESENTATION_ITEM('')
);
#1580=CARTESIAN_POINT('',(0.0000000000,-27.4581544758,14.6586062498));
#1581=CARTESIAN_POINT('',(0.0000000000,-30.8574083734,14.6586062498));
#1582=CARTESIAN_POINT('',(0.0000000000,-30.8574083736,11.2593523522));

#1583=CARTESIAN_POINT('',(0.0000000000,-30.8574083736,11.2593523522));
#1584=VERTEX_POINT('',#1583);
#1585=EDGE_CURVE('',#1576,#1584,#1579,.T.);
#1586=ORIENTED_EDGE('',*,*,#1585,.T.);
#1587=(
BOUNDED_CURVE()
B_SPLINE_CURVE(1,(#1588,#1589),.UNSPECIFIED.,.F.,.F.)
B_SPLINE_CURVE_WITH_KNOTS((2,2),(0.000,1.000),.UNSPECIFIED.)
CURVE()
GEOMETRIC_REPRESENTATION_ITEM()
RATIONAL_B_SPLINE_CURVE((1.0000000000,1.0000000000))
REPRESENTATION_ITEM('')
);
#1588=CARTESIAN_POINT('',(0.0000000000,-30.8574083736,11.2593523520));
#1589=CARTESIAN_POINT('',(0.0000000000,-30.8574083736,10.3846952317));

#1590=CARTESIAN_POINT('',(0.0000000000,-30.8574083736,10.3846952317));
#1591=VERTEX_POINT('',#1590);
#1592=EDGE_CURVE('',#1584,#1591,#1587,.T.);
#1593=ORIENTED_EDGE('',*,*,#1592,.T.);
#1594=(
BOUNDED_CURVE()
B_SPLINE_CURVE(2,(#1595,#1596,#1597),.UNSPECIFIED.,.F.,.F.)
B_SPLINE_CURVE_WITH_KNOTS((3,3),(0.000,1.000),.UNSPECIFIED.)
CURVE()
GEOMETRIC_REPRESENTATION_ITEM()
RATIONAL_B_SPLINE_CURVE((1.0000000000,0.7071067812,1.0000000000))
REPRESENTATION_ITEM('')
);
#1595=CARTESIAN_POINT('',(0.0000000000,-30.8574083736,10.3846952317));
#1596=CARTESIAN_POINT('',(0.0000000000,-30.8574083736,7.6359639683));
#1597=CARTESIAN_POINT('',(0.0000000000,-28.1086771102,7.6359639682));

#1598=CARTESIAN_POINT('',(0.0000000000,-28.1086771102,7.6359639682));
#1599=VERTEX_POINT('',#1598);
#1600=EDGE_CURVE('',#1591,#1599,#1594,.T.);
#1601=ORIENTED_EDGE('',*,*,#1600,.T.);
#1602=(
BOUNDED_CURVE()
B_SPLINE_CURVE(1,(#1603,#1604),.UNSPECIFIED.,.F.,.F.)
B_SPLINE_CURVE_WITH_KNOTS((2,2),(0.000,1.000),.UNSPECIFIED.)
CURVE()
GEOMETRIC_REPRESENTATION_ITEM()
RATIONAL_B_SPLINE_CURVE((1.0000000000,1.0000000000))
REPRESENTATION_ITEM('')
);
#1603=CARTESIAN_POINT('',(0.0000000000,-28.1086771101,7.6359639682));
#1604=CARTESIAN_POINT('',(0.0000000000,-20.7120476472,7.6359639682));

#1605=CARTESIAN_POINT('',(0.0000000000,-20.7120476472,7.6359639682));
#1606=VERTEX_POINT('',#1605);
#1607=EDGE_CURVE('',#1599,#1606,#1602,.T.);
#1608=ORIENTED_EDGE('',*,*,#1607,.T.);
#1609=(
BOUNDED_CURVE()
B_SPLINE_CURVE(2,(#1610,#1611,#1612),.UNSPECIFIED.,.F.,.F.)
B_SPLINE_CURVE_WITH_KNOTS((3,3),(0.000,1.000),.UNSPECIFIED.)
CURVE()
GEOMETRIC_REPRESENTATION_ITEM()
RATIONAL_B_SPLINE_CURVE((1.0000000000,0.7071067812,1.0000000000))
REPRESENTATION_ITEM('')
);
#1610=CARTESIAN_POINT('',(0.0000000000,-20.7120476472,7.6359639682));
#1611=CARTESIAN_POINT('',(0.0000000000,-17.6622629071,7.6359639682));
#1612=CARTESIAN_POINT('',(0.0000000000,-17.6622629069,10.6857487084));

#1613=CARTESIAN_POINT('',(0.0000000000,-17.6622629069,10.6857487084));
#1614=VERTEX_POINT('',#1613);
#1615=EDGE_CURVE('',#1606,#1614,#1609,.T.);
#1616=ORIENTED_EDGE('',*,*,#1615,.T.);
#1617=(
BOUNDED_CURVE()
B_SPLINE_CURVE(1,(#1618,#1619),.UNSPECIFIED.,.F.,.F.)
B_SPLINE_CURVE_WITH_KNOTS((2,2),(0.000,1.000),.UNSPECIFIED.)
CURVE()
GEOMETRIC_REPRESENTATION_ITEM()
RATIONAL_B_SPLINE_CURVE((1.0000000000,1.0000000000))
REPRESENTATION_ITEM('')
);
#1618=CARTESIAN_POINT('',(0.0000000000,-17.6622629069,10.6857487085));
#1619=CARTESIAN_POINT('',(0.0000000000,-17.6622629069,11.0332110295));

#1620=EDGE_CURVE('',#1614,#1563,#1617,.T.);
#1621=ORIENTED_EDGE('',*,*,#1620,.T.);
#1622=EDGE_LOOP('',(#1571,#1578,#1586,#1593,#1601,#1608,#1616,#1621));
#1623=FACE_BOUND('',#1622,.T.);
#1624=ADVANCED_FACE('',(#1561,#1623),#1527,.T.);
#1625=COLOUR_RGB('',0.39,0.39,0.39);
#1626=FILL_AREA_STYLE_COLOUR('',#1625);
#1627=FILL_AREA_STYLE('',(#1626));
#1628=SURFACE_STYLE_FILL_AREA(#1627);
#1629=SURFACE_STYLE_TRANSPARENT(0.00);
#1630=SURFACE_STYLE_RENDERING_WITH_PROPERTIES(.NORMAL_SHADING.,#1625,(#1629));
#1631=SURFACE_SIDE_STYLE('',(#1628, #1630));
#1632=SURFACE_STYLE_USAGE(.BOTH.,#1631);
#1633=PRESENTATION_STYLE_ASSIGNMENT((#1632));
#1634=STYLED_ITEM('',(#1633),#1624);

#1635=(
BOUNDED_SURFACE()
B_SPLINE_SURFACE(1,1,((#1636,#1637),(#1638,#1639)),.UNSPECIFIED.,.F.,.F.,.F.)
B_SPLINE_SURFACE_WITH_KNOTS((2,2),(2,2),(0.000,1.000),(0.000,1.000),.UNSPECIFIED.)
GEOMETRIC_REPRESENTATION_ITEM()
RATIONAL_B_SPLINE_SURFACE(((1.0000000000,1.0000000000),(1.0000000000,1.0000000000)))
REPRESENTATION_ITEM('')
SURFACE()
);
#1636=CARTESIAN_POINT('',(0.0000000000,-48.0000000000,55.8900000000));
#1637=CARTESIAN_POINT('',(0.0000000000,-48.0000000000,0.0000000000));
#1638=CARTESIAN_POINT('',(48.0000000000,-48.0000000000,55.8900000000));
#1639=CARTESIAN_POINT('',(48.0000000000,-48.0000000000,0.0000000000));

#1640=CARTESIAN_POINT('',(0.0000000000,-48.0000000000,55.8900000000));
#1641=VERTEX_POINT('',#1640);
#1642=(
BOUNDED_CURVE()
B_SPLINE_CURVE(1,(#1643,#1644),.UNSPECIFIED.,.F.,.F.)
B_SPLINE_CURVE_WITH_KNOTS((2,2),(0.000,1.000),.UNSPECIFIED.)
CURVE()
GEOMETRIC_REPRESENTATION_ITEM()
RATIONAL_B_SPLINE_CURVE((1.0000000000,1.0000000000))
REPRESENTATION_ITEM('')
);
#1643=CARTESIAN_POINT('',(0.0000000000,-48.0000000000,55.8900000000));
#1644=CARTESIAN_POINT('',(0.0000000000,-48.0000000000,2.8467103318));

#1645=CARTESIAN_POINT('',(0.0000000000,-48.0000000000,2.8467103318));
#1646=VERTEX_POINT('',#1645);
#1647=EDGE_CURVE('',#1641,#1646,#1642,.T.);
#1648=ORIENTED_EDGE('',*,*,#1647,.T.);
#1649=(
BOUNDED_CURVE()
B_SPLINE_CURVE(1,(#1650,#1651),.UNSPECIFIED.,.F.,.F.)
B_SPLINE_CURVE_WITH_KNOTS((2,2),(0.000,1.000),.UNSPECIFIED.)
CURVE()
GEOMETRIC_REPRESENTATION_ITEM()
RATIONAL_B_SPLINE_CURVE((1.0000000000,1.0000000000))
REPRESENTATION_ITEM('')
);
#1650=CARTESIAN_POINT('',(0.0000000000,-48.0000000000,2.8467103318));
#1651=CARTESIAN_POINT('',(48.0000000000,-48.0000000000,2.8467103318));

#1652=CARTESIAN_POINT('',(48.0000000000,-48.0000000000,2.8467103318));
#1653=VERTEX_POINT('',#1652);
#1654=EDGE_CURVE('',#1646,#1653,#1649,.T.);
#1655=ORIENTED_EDGE('',*,*,#1654,.T.);
#1656=(
BOUNDED_CURVE()
B_SPLINE_CURVE(1,(#1657,#1658),.UNSPECIFIED.,.F.,.F.)
B_SPLINE_CURVE_WITH_KNOTS((2,2),(0.000,1.000),.UNSPECIFIED.)
CURVE()
GEOMETRIC_REPRESENTATION_ITEM()
RATIONAL_B_SPLINE_CURVE((1.0000000000,1.0000000000))
REPRESENTATION_ITEM('')
);
#1657=CARTESIAN_POINT('',(48.0000000000,-48.0000000000,2.8467103318));
#1658=CARTESIAN_POINT('',(48.0000000000,-48.0000000000,55.8900000000));

#1659=CARTESIAN_POINT('',(48.0000000000,-48.0000000000,55.8900000000));
#1660=VERTEX_POINT('',#1659);
#1661=EDGE_CURVE('',#1653,#1660,#1656,.T.);
#1662=ORIENTED_EDGE('',*,*,#1661,.T.);
#1663=(
BOUNDED_CURVE()
B_SPLINE_CURVE(1,(#1664,#1665),.UNSPECIFIED.,.F.,.F.)
B_SPLINE_CURVE_WITH_KNOTS((2,2),(0.000,1.000),.UNSPECIFIED.)
CURVE()
GEOMETRIC_REPRESENTATION_ITEM()
RATIONAL_B_SPLINE_CURVE((1.0000000000,1.0000000000))
REPRESENTATION_ITEM('')
);
#1664=CARTESIAN_POINT('',(48.0000000000,-48.0000000000,55.8900000000));
#1665=CARTESIAN_POINT('',(0.0000000000,-48.0000000000,55.8900000000));

#1666=EDGE_CURVE('',#1660,#1641,#1663,.T.);
#1667=ORIENTED_EDGE('',*,*,#1666,.T.);
#1668=EDGE_LOOP('',(#1648,#1655,#1662,#1667));
#1669=FACE_OUTER_BOUND('',#1668,.T.);
#1670=ADVANCED_FACE('',(#1669),#1635,.T.);
#1671=COLOUR_RGB('',0.39,0.39,0.39);
#1672=FILL_AREA_STYLE_COLOUR('',#1671);
#1673=FILL_AREA_STYLE('',(#1672));
#1674=SURFACE_STYLE_FILL_AREA(#1673);
#1675=SURFACE_STYLE_TRANSPARENT(0.00);
#1676=SURFACE_STYLE_RENDERING_WITH_PROPERTIES(.NORMAL_SHADING.,#1671,(#1675));
#1677=SURFACE_SIDE_STYLE('',(#1674, #1676));
#1678=SURFACE_STYLE_USAGE(.BOTH.,#1677);
#1679=PRESENTATION_STYLE_ASSIGNMENT((#1678));
#1680=STYLED_ITEM('',(#1679),#1670);

#1681=(
BOUNDED_SURFACE()
B_SPLINE_SURFACE(1,1,((#1682,#1683),(#1684,#1685)),.UNSPECIFIED.,.F.,.F.,.F.)
B_SPLINE_SURFACE_WITH_KNOTS((2,2),(2,2),(0.000,1.000),(0.000,1.000),.UNSPECIFIED.)
GEOMETRIC_REPRESENTATION_ITEM()
RATIONAL_B_SPLINE_SURFACE(((1.0000000000,1.0000000000),(1.0000000000,1.0000000000)))
REPRESENTATION_ITEM('')
SURFACE()
);
#1682=CARTESIAN_POINT('',(-3.9465230323,-51.2921875000,0.0000000000));
#1683=CARTESIAN_POINT('',(51.9465230323,-51.2921875000,0.0000000000));
#1684=CARTESIAN_POINT('',(-3.9465230323,3.4218750000,0.0000000000));
#1685=CARTESIAN_POINT('',(51.9465230323,3.4218750000,0.0000000000));

#1686=CARTESIAN_POINT('',(51.9465230323,-51.2921875000,0.0000000000));
#1687=VERTEX_POINT('',#1686);
#1688=(
BOUNDED_CURVE()
B_SPLINE_CURVE(1,(#1689,#1690),.UNSPECIFIED.,.F.,.F.)
B_SPLINE_CURVE_WITH_KNOTS((2,2),(0.000,1.000),.UNSPECIFIED.)
CURVE()
GEOMETRIC_REPRESENTATION_ITEM()
RATIONAL_B_SPLINE_CURVE((1.0000000000,1.0000000000))
REPRESENTATION_ITEM('')
);
#1689=CARTESIAN_POINT('',(51.9465230323,-51.2921875000,0.0000000000));
#1690=CARTESIAN_POINT('',(51.9465230323,3.4218750000,0.0000000000));

#1691=CARTESIAN_POINT('',(51.9465230323,3.4218750000,0.0000000000));
#1692=VERTEX_POINT('',#1691);
#1693=EDGE_CURVE('',#1687,#1692,#1688,.T.);
#1694=ORIENTED_EDGE('',*,*,#1693,.T.);
#1695=(
BOUNDED_CURVE()
B_SPLINE_CURVE(1,(#1696,#1697),.UNSPECIFIED.,.F.,.F.)
B_SPLINE_CURVE_WITH_KNOTS((2,2),(0.000,1.000),.UNSPECIFIED.)
CURVE()
GEOMETRIC_REPRESENTATION_ITEM()
RATIONAL_B_SPLINE_CURVE((1.0000000000,1.0000000000))
REPRESENTATION_ITEM('')
);
#1696=CARTESIAN_POINT('',(51.9465230323,3.4218750000,0.0000000000));
#1697=CARTESIAN_POINT('',(-3.9465230323,3.4218750000,0.0000000000));

#1698=CARTESIAN_POINT('',(-3.9465230323,3.4218750000,0.0000000000));
#1699=VERTEX_POINT('',#1698);
#1700=EDGE_CURVE('',#1692,#1699,#1695,.T.);
#1701=ORIENTED_EDGE('',*,*,#1700,.T.);
#1702=(
BOUNDED_CURVE()
B_SPLINE_CURVE(1,(#1703,#1704),.UNSPECIFIED.,.F.,.F.)
B_SPLINE_CURVE_WITH_KNOTS((2,2),(0.000,1.000),.UNSPECIFIED.)
CURVE()
GEOMETRIC_REPRESENTATION_ITEM()
RATIONAL_B_SPLINE_CURVE((1.0000000000,1.0000000000))
REPRESENTATION_ITEM('')
);
#1703=CARTESIAN_POINT('',(-3.9465230323,3.4218750000,0.0000000000));
#1704=CARTESIAN_POINT('',(-3.9465230323,-51.2921875000,0.0000000000));

#1705=CARTESIAN_POINT('',(-3.9465230323,-51.2921875000,0.0000000000));
#1706=VERTEX_POINT('',#1705);
#1707=EDGE_CURVE('',#1699,#1706,#1702,.T.);
#1708=ORIENTED_EDGE('',*,*,#1707,.T.);
#1709=(
BOUNDED_CURVE()
B_SPLINE_CURVE(1,(#1710,#1711),.UNSPECIFIED.,.F.,.F.)
B_SPLINE_CURVE_WITH_KNOTS((2,2),(0.000,1.000),.UNSPECIFIED.)
CURVE()
GEOMETRIC_REPRESENTATION_ITEM()
RATIONAL_B_SPLINE_CURVE((1.0000000000,1.0000000000))
REPRESENTATION_ITEM('')
);
#1710=CARTESIAN_POINT('',(-3.9465230323,-51.2921875000,0.0000000000));
#1711=CARTESIAN_POINT('',(51.9465230323,-51.2921875000,0.0000000000));

#1712=EDGE_CURVE('',#1706,#1687,#1709,.T.);
#1713=ORIENTED_EDGE('',*,*,#1712,.T.);
#1714=EDGE_LOOP('',(#1694,#1701,#1708,#1713));
#1715=FACE_OUTER_BOUND('',#1714,.T.);
#1716=ADVANCED_FACE('',(#1715),#1681,.T.);
#1717=COLOUR_RGB('',0.39,0.39,0.39);
#1718=FILL_AREA_STYLE_COLOUR('',#1717);
#1719=FILL_AREA_STYLE('',(#1718));
#1720=SURFACE_STYLE_FILL_AREA(#1719);
#1721=SURFACE_STYLE_TRANSPARENT(0.00);
#1722=SURFACE_STYLE_RENDERING_WITH_PROPERTIES(.NORMAL_SHADING.,#1717,(#1721));
#1723=SURFACE_SIDE_STYLE('',(#1720, #1722));
#1724=SURFACE_STYLE_USAGE(.BOTH.,#1723);
#1725=PRESENTATION_STYLE_ASSIGNMENT((#1724));
#1726=STYLED_ITEM('',(#1725),#1716);

#1727=(
BOUNDED_SURFACE()
B_SPLINE_SURFACE(1,1,((#1728,#1729),(#1730,#1731)),.UNSPECIFIED.,.F.,.F.,.F.)
B_SPLINE_SURFACE_WITH_KNOTS((2,2),(2,2),(0.000,1.000),(0.000,1.000),.UNSPECIFIED.)
GEOMETRIC_REPRESENTATION_ITEM()
RATIONAL_B_SPLINE_SURFACE(((1.0000000000,1.0000000000),(1.0000000000,1.0000000000)))
REPRESENTATION_ITEM('')
SURFACE()
);
#1728=CARTESIAN_POINT('',(51.9465230323,-51.2921875000,2.8467103318));
#1729=CARTESIAN_POINT('',(-3.9465230323,-51.2921875000,2.8467103318));
#1730=CARTESIAN_POINT('',(51.9465230323,3.4218750000,2.8467103318));
#1731=CARTESIAN_POINT('',(-3.9465230323,3.4218750000,2.8467103318));

#1732=CARTESIAN_POINT('',(0.0000000000,0.0000000000,2.8467103318));
#1733=VERTEX_POINT('',#1732);
#1734=(
BOUNDED_CURVE()
B_SPLINE_CURVE(1,(#1735,#1736),.UNSPECIFIED.,.F.,.F.)
B_SPLINE_CURVE_WITH_KNOTS((2,2),(0.000,1.000),.UNSPECIFIED.)
CURVE()
GEOMETRIC_REPRESENTATION_ITEM()
RATIONAL_B_SPLINE_CURVE((1.0000000000,1.0000000000))
REPRESENTATION_ITEM('')
);
#1735=CARTESIAN_POINT('',(0.0000000000,0.0000000000,2.8467103318));
#1736=CARTESIAN_POINT('',(48.0000000000,0.0000000000,2.8467103318));

#1737=CARTESIAN_POINT('',(48.0000000000,0.0000000000,2.8467103318));
#1738=VERTEX_POINT('',#1737);
#1739=EDGE_CURVE('',#1733,#1738,#1734,.T.);
#1740=ORIENTED_EDGE('',*,*,#1739,.T.);
#1741=(
BOUNDED_CURVE()
B_SPLINE_CURVE(1,(#1742,#1743),.UNSPECIFIED.,.F.,.F.)
B_SPLINE_CURVE_WITH_KNOTS((2,2),(0.000,1.000),.UNSPECIFIED.)
CURVE()
GEOMETRIC_REPRESENTATION_ITEM()
RATIONAL_B_SPLINE_CURVE((1.0000000000,1.0000000000))
REPRESENTATION_ITEM('')
);
#1742=CARTESIAN_POINT('',(48.0000000000,0.0000000000,2.8467103318));
#1743=CARTESIAN_POINT('',(48.0000000000,-48.0000000000,2.8467103318));

#1744=CARTESIAN_POINT('',(48.0000000000,-48.0000000000,2.8467103318));
#1745=VERTEX_POINT('',#1744);
#1746=EDGE_CURVE('',#1738,#1745,#1741,.T.);
#1747=ORIENTED_EDGE('',*,*,#1746,.T.);
#1748=(
BOUNDED_CURVE()
B_SPLINE_CURVE(1,(#1749,#1750),.UNSPECIFIED.,.F.,.F.)
B_SPLINE_CURVE_WITH_KNOTS((2,2),(0.000,1.000),.UNSPECIFIED.)
CURVE()
GEOMETRIC_REPRESENTATION_ITEM()
RATIONAL_B_SPLINE_CURVE((1.0000000000,1.0000000000))
REPRESENTATION_ITEM('')
);
#1749=CARTESIAN_POINT('',(48.0000000000,-48.0000000000,2.8467103318));
#1750=CARTESIAN_POINT('',(0.0000000000,-48.0000000000,2.8467103318));

#1751=CARTESIAN_POINT('',(0.0000000000,-48.0000000000,2.8467103318));
#1752=VERTEX_POINT('',#1751);
#1753=EDGE_CURVE('',#1745,#1752,#1748,.T.);
#1754=ORIENTED_EDGE('',*,*,#1753,.T.);
#1755=(
BOUNDED_CURVE()
B_SPLINE_CURVE(1,(#1756,#1757),.UNSPECIFIED.,.F.,.F.)
B_SPLINE_CURVE_WITH_KNOTS((2,2),(0.000,1.000),.UNSPECIFIED.)
CURVE()
GEOMETRIC_REPRESENTATION_ITEM()
RATIONAL_B_SPLINE_CURVE((1.0000000000,1.0000000000))
REPRESENTATION_ITEM('')
);
#1756=CARTESIAN_POINT('',(0.0000000000,-48.0000000000,2.8467103318));
#1757=CARTESIAN_POINT('',(0.0000000000,0.0000000000,2.8467103318));

#1758=EDGE_CURVE('',#1752,#1733,#1755,.T.);
#1759=ORIENTED_EDGE('',*,*,#1758,.T.);
#1760=EDGE_LOOP('',(#1740,#1747,#1754,#1759));
#1761=FACE_OUTER_BOUND('',#1760,.T.);
#1762=ADVANCED_FACE('',(#1761),#1727,.T.);
#1763=COLOUR_RGB('',0.39,0.39,0.39);
#1764=FILL_AREA_STYLE_COLOUR('',#1763);
#1765=FILL_AREA_STYLE('',(#1764));
#1766=SURFACE_STYLE_FILL_AREA(#1765);
#1767=SURFACE_STYLE_TRANSPARENT(0.00);
#1768=SURFACE_STYLE_RENDERING_WITH_PROPERTIES(.NORMAL_SHADING.,#1763,(#1767));
#1769=SURFACE_SIDE_STYLE('',(#1766, #1768));
#1770=SURFACE_STYLE_USAGE(.BOTH.,#1769);
#1771=PRESENTATION_STYLE_ASSIGNMENT((#1770));
#1772=STYLED_ITEM('',(#1771),#1762);

#1773=(
BOUNDED_SURFACE()
B_SPLINE_SURFACE(1,1,((#1774,#1775),(#1776,#1777)),.UNSPECIFIED.,.F.,.F.,.F.)
B_SPLINE_SURFACE_WITH_KNOTS((2,2),(2,2),(0.000,1.000),(0.000,1.000),.UNSPECIFIED.)
GEOMETRIC_REPRESENTATION_ITEM()
RATIONAL_B_SPLINE_SURFACE(((1.0000000000,1.0000000000),(1.0000000000,1.0000000000)))
REPRESENTATION_ITEM('')
SURFACE()
);
#1774=CARTESIAN_POINT('',(-3.9465230323,-27.4581544758,14.6586062498));
#1775=CARTESIAN_POINT('',(0.9960705905,-27.4581544758,14.6586062498));
#1776=CARTESIAN_POINT('',(-3.9465230323,-21.2876581272,14.6586062498));
#1777=CARTESIAN_POINT('',(0.9960705905,-21.2876581272,14.6586062498));

#1778=CARTESIAN_POINT('',(-3.9465230323,-27.4581544758,14.6586062498));
#1779=VERTEX_POINT('',#1778);
#1780=(
BOUNDED_CURVE()
B_SPLINE_CURVE(1,(#1781,#1782),.UNSPECIFIED.,.F.,.F.)
B_SPLINE_CURVE_WITH_KNOTS((2,2),(0.000,1.000),.UNSPECIFIED.)
CURVE()
GEOMETRIC_REPRESENTATION_ITEM()
RATIONAL_B_SPLINE_CURVE((1.0000000000,1.0000000000))
REPRESENTATION_ITEM('')
);
#1781=CARTESIAN_POINT('',(-3.9465230323,-27.4581544758,14.6586062498));
#1782=CARTESIAN_POINT('',(0.0000000000,-27.4581544758,14.6586062498));

#1783=CARTESIAN_POINT('',(0.0000000000,-27.4581544758,14.6586062498));
#1784=VERTEX_POINT('',#1783);
#1785=EDGE_CURVE('',#1779,#1784,#1780,.T.);
#1786=ORIENTED_EDGE('',*,*,#1785,.T.);
#1787=(
BOUNDED_CURVE()
B_SPLINE_CURVE(1,(#1788,#1789),.UNSPECIFIED.,.F.,.F.)
B_SPLINE_CURVE_WITH_KNOTS((2,2),(0.000,1.000),.UNSPECIFIED.)
CURVE()
GEOMETRIC_REPRESENTATION_ITEM()
RATIONAL_B_SPLINE_CURVE((1.0000000000,1.0000000000))
REPRESENTATION_ITEM('')
);
#1788=CARTESIAN_POINT('',(0.0000000000,-27.4581544758,14.6586062498));
#1789=CARTESIAN_POINT('',(0.0000000000,-21.2876581272,14.6586062498));

#1790=CARTESIAN_POINT('',(0.0000000000,-21.2876581272,14.6586062498));
#1791=VERTEX_POINT('',#1790);
#1792=EDGE_CURVE('',#1784,#1791,#1787,.T.);
#1793=ORIENTED_EDGE('',*,*,#1792,.T.);
#1794=(
BOUNDED_CURVE()
B_SPLINE_CURVE(1,(#1795,#1796),.UNSPECIFIED.,.F.,.F.)
B_SPLINE_CURVE_WITH_KNOTS((2,2),(0.000,1.000),.UNSPECIFIED.)
CURVE()
GEOMETRIC_REPRESENTATION_ITEM()
RATIONAL_B_SPLINE_CURVE((1.0000000000,1.0000000000))
REPRESENTATION_ITEM('')
);
#1795=CARTESIAN_POINT('',(0.0000000000,-21.2876581272,14.6586062498));
#1796=CARTESIAN_POINT('',(-3.9465230323,-21.2876581272,14.6586062498));

#1797=CARTESIAN_POINT('',(-3.9465230323,-21.2876581272,14.6586062498));
#1798=VERTEX_POINT('',#1797);
#1799=EDGE_CURVE('',#1791,#1798,#1794,.T.);
#1800=ORIENTED_EDGE('',*,*,#1799,.T.);
#1801=(
BOUNDED_CURVE()
B_SPLINE_CURVE(1,(#1802,#1803),.UNSPECIFIED.,.F.,.F.)
B_SPLINE_CURVE_WITH_KNOTS((2,2),(0.000,1.000),.UNSPECIFIED.)
CURVE()
GEOMETRIC_REPRESENTATION_ITEM()
RATIONAL_B_SPLINE_CURVE((1.0000000000,1.0000000000))
REPRESENTATION_ITEM('')
);
#1802=CARTESIAN_POINT('',(-3.9465230323,-21.2876581272,14.6586062498));
#1803=CARTESIAN_POINT('',(-3.9465230323,-27.4581544758,14.6586062498));

#1804=EDGE_CURVE('',#1798,#1779,#1801,.T.);
#1805=ORIENTED_EDGE('',*,*,#1804,.T.);
#1806=EDGE_LOOP('',(#1786,#1793,#1800,#1805));
#1807=FACE_OUTER_BOUND('',#1806,.T.);
#1808=ADVANCED_FACE('',(#1807),#1773,.T.);
#1809=COLOUR_RGB('',0.39,0.39,0.39);
#1810=FILL_AREA_STYLE_COLOUR('',#1809);
#1811=FILL_AREA_STYLE('',(#1810));
#1812=SURFACE_STYLE_FILL_AREA(#1811);
#1813=SURFACE_STYLE_TRANSPARENT(0.00);
#1814=SURFACE_STYLE_RENDERING_WITH_PROPERTIES(.NORMAL_SHADING.,#1809,(#1813));
#1815=SURFACE_SIDE_STYLE('',(#1812, #1814));
#1816=SURFACE_STYLE_USAGE(.BOTH.,#1815);
#1817=PRESENTATION_STYLE_ASSIGNMENT((#1816));
#1818=STYLED_ITEM('',(#1817),#1808);

#1819=(
BOUNDED_SURFACE()
B_SPLINE_SURFACE(2,1,((#1820,#1821),(#1822,#1823),(#1824,#1825)),.UNSPECIFIED.,.F.,.F.,.F.)
B_SPLINE_SURFACE_WITH_KNOTS((3,3),(2,2),(0.000,1.000),(0.000,1.000),.UNSPECIFIED.)
GEOMETRIC_REPRESENTATION_ITEM()
RATIONAL_B_SPLINE_SURFACE(((1.0000000000,1.0000000000),(0.7071067812,0.7071067812),(1.0000000000,1.0000000000)))
REPRESENTATION_ITEM('')
SURFACE()
);
#1820=CARTESIAN_POINT('',(-3.9465230323,-30.8574083736,11.2593523520));
#1821=CARTESIAN_POINT('',(0.9960705905,-30.8574083736,11.2593523520));
#1822=CARTESIAN_POINT('',(-3.9465230323,-30.8574083736,14.6586062498));
#1823=CARTESIAN_POINT('',(0.9960705905,-30.8574083736,14.6586062498));
#1824=CARTESIAN_POINT('',(-3.9465230323,-27.4581544758,14.6586062498));
#1825=CARTESIAN_POINT('',(0.9960705905,-27.4581544758,14.6586062498));

#1826=CARTESIAN_POINT('',(-3.9465230323,-27.4581544758,14.6586062498));
#1827=VERTEX_POINT('',#1826);
#1828=(
BOUNDED_CURVE()
B_SPLINE_CURVE(2,(#1829,#1830,#1831),.UNSPECIFIED.,.F.,.F.)
B_SPLINE_CURVE_WITH_KNOTS((3,3),(0.000,1.000),.UNSPECIFIED.)
CURVE()
GEOMETRIC_REPRESENTATION_ITEM()
RATIONAL_B_SPLINE_CURVE((1.0000000000,0.7071067812,1.0000000000))
REPRESENTATION_ITEM('')
);
#1829=CARTESIAN_POINT('',(-3.9465230323,-27.4581544758,14.6586062498));
#1830=CARTESIAN_POINT('',(-3.9465230323,-30.8574083734,14.6586062498));
#1831=CARTESIAN_POINT('',(-3.9465230323,-30.8574083736,11.2593523522));

#1832=CARTESIAN_POINT('',(-3.9465230323,-30.8574083736,11.2593523522));
#1833=VERTEX_POINT('',#1832);
#1834=EDGE_CURVE('',#1827,#1833,#1828,.T.);
#1835=ORIENTED_EDGE('',*,*,#1834,.T.);
#1836=(
BOUNDED_CURVE()
B_SPLINE_CURVE(1,(#1837,#1838),.UNSPECIFIED.,.F.,.F.)
B_SPLINE_CURVE_WITH_KNOTS((2,2),(0.000,1.000),.UNSPECIFIED.)
CURVE()
GEOMETRIC_REPRESENTATION_ITEM()
RATIONAL_B_SPLINE_CURVE((1.0000000000,1.0000000000))
REPRESENTATION_ITEM('')
);
#1837=CARTESIAN_POINT('',(-3.9465230323,-30.8574083736,11.2593523520));
#1838=CARTESIAN_POINT('',(0.0000000000,-30.8574083736,11.2593523520));

#1839=CARTESIAN_POINT('',(0.0000000000,-30.8574083736,11.2593523520));
#1840=VERTEX_POINT('',#1839);
#1841=EDGE_CURVE('',#1833,#1840,#1836,.T.);
#1842=ORIENTED_EDGE('',*,*,#1841,.T.);
#1843=(
BOUNDED_CURVE()
B_SPLINE_CURVE(2,(#1844,#1845,#1846),.UNSPECIFIED.,.F.,.F.)
B_SPLINE_CURVE_WITH_KNOTS((3,3),(0.000,1.000),.UNSPECIFIED.)
CURVE()
GEOMETRIC_REPRESENTATION_ITEM()
RATIONAL_B_SPLINE_CURVE((1.0000000000,0.7071067812,1.0000000000))
REPRESENTATION_ITEM('')
);
#1844=CARTESIAN_POINT('',(0.0000000000,-30.8574083736,11.2593523522));
#1845=CARTESIAN_POINT('',(0.0000000000,-30.8574083734,14.6586062498));
#1846=CARTESIAN_POINT('',(0.0000000000,-27.4581544758,14.6586062498));

#1847=CARTESIAN_POINT('',(0.0000000000,-27.4581544758,14.6586062498));
#1848=VERTEX_POINT('',#1847);
#1849=EDGE_CURVE('',#1840,#1848,#1843,.T.);
#1850=ORIENTED_EDGE('',*,*,#1849,.T.);
#1851=(
BOUNDED_CURVE()
B_SPLINE_CURVE(1,(#1852,#1853),.UNSPECIFIED.,.F.,.F.)
B_SPLINE_CURVE_WITH_KNOTS((2,2),(0.000,1.000),.UNSPECIFIED.)
CURVE()
GEOMETRIC_REPRESENTATION_ITEM()
RATIONAL_B_SPLINE_CURVE((1.0000000000,1.0000000000))
REPRESENTATION_ITEM('')
);
#1852=CARTESIAN_POINT('',(0.0000000000,-27.4581544758,14.6586062498));
#1853=CARTESIAN_POINT('',(-3.9465230323,-27.4581544758,14.6586062498));

#1854=EDGE_CURVE('',#1848,#1827,#1851,.T.);
#1855=ORIENTED_EDGE('',*,*,#1854,.T.);
#1856=EDGE_LOOP('',(#1835,#1842,#1850,#1855));
#1857=FACE_OUTER_BOUND('',#1856,.T.);
#1858=ADVANCED_FACE('',(#1857),#1819,.T.);
#1859=COLOUR_RGB('',0.39,0.39,0.39);
#1860=FILL_AREA_STYLE_COLOUR('',#1859);
#1861=FILL_AREA_STYLE('',(#1860));
#1862=SURFACE_STYLE_FILL_AREA(#1861);
#1863=SURFACE_STYLE_TRANSPARENT(0.00);
#1864=SURFACE_STYLE_RENDERING_WITH_PROPERTIES(.NORMAL_SHADING.,#1859,(#1863));
#1865=SURFACE_SIDE_STYLE('',(#1862, #1864));
#1866=SURFACE_STYLE_USAGE(.BOTH.,#1865);
#1867=PRESENTATION_STYLE_ASSIGNMENT((#1866));
#1868=STYLED_ITEM('',(#1867),#1858);

#1869=(
BOUNDED_SURFACE()
B_SPLINE_SURFACE(1,1,((#1870,#1871),(#1872,#1873)),.UNSPECIFIED.,.F.,.F.,.F.)
B_SPLINE_SURFACE_WITH_KNOTS((2,2),(2,2),(0.000,1.000),(0.000,1.000),.UNSPECIFIED.)
GEOMETRIC_REPRESENTATION_ITEM()
RATIONAL_B_SPLINE_SURFACE(((1.0000000000,1.0000000000),(1.0000000000,1.0000000000)))
REPRESENTATION_ITEM('')
SURFACE()
);
#1870=CARTESIAN_POINT('',(-3.9465230323,-30.8574083736,10.3846952317));
#1871=CARTESIAN_POINT('',(0.9960705905,-30.8574083736,10.3846952317));
#1872=CARTESIAN_POINT('',(-3.9465230323,-30.8574083736,11.2593523520));
#1873=CARTESIAN_POINT('',(0.9960705905,-30.8574083736,11.2593523520));

#1874=CARTESIAN_POINT('',(-3.9465230323,-30.8574083736,10.3846952317));
#1875=VERTEX_POINT('',#1874);
#1876=(
BOUNDED_CURVE()
B_SPLINE_CURVE(1,(#1877,#1878),.UNSPECIFIED.,.F.,.F.)
B_SPLINE_CURVE_WITH_KNOTS((2,2),(0.000,1.000),.UNSPECIFIED.)
CURVE()
GEOMETRIC_REPRESENTATION_ITEM()
RATIONAL_B_SPLINE_CURVE((1.0000000000,1.0000000000))
REPRESENTATION_ITEM('')
);
#1877=CARTESIAN_POINT('',(-3.9465230323,-30.8574083736,10.3846952317));
#1878=CARTESIAN_POINT('',(0.0000000000,-30.8574083736,10.3846952317));

#1879=CARTESIAN_POINT('',(0.0000000000,-30.8574083736,10.3846952317));
#1880=VERTEX_POINT('',#1879);
#1881=EDGE_CURVE('',#1875,#1880,#1876,.T.);
#1882=ORIENTED_EDGE('',*,*,#1881,.T.);
#1883=(
BOUNDED_CURVE()
B_SPLINE_CURVE(1,(#1884,#1885),.UNSPECIFIED.,.F.,.F.)
B_SPLINE_CURVE_WITH_KNOTS((2,2),(0.000,1.000),.UNSPECIFIED.)
CURVE()
GEOMETRIC_REPRESENTATION_ITEM()
RATIONAL_B_SPLINE_CURVE((1.0000000000,1.0000000000))
REPRESENTATION_ITEM('')
);
#1884=CARTESIAN_POINT('',(0.0000000000,-30.8574083736,10.3846952317));
#1885=CARTESIAN_POINT('',(0.0000000000,-30.8574083736,11.2593523520));

#1886=CARTESIAN_POINT('',(0.0000000000,-30.8574083736,11.2593523520));
#1887=VERTEX_POINT('',#1886);
#1888=EDGE_CURVE('',#1880,#1887,#1883,.T.);
#1889=ORIENTED_EDGE('',*,*,#1888,.T.);
#1890=(
BOUNDED_CURVE()
B_SPLINE_CURVE(1,(#1891,#1892),.UNSPECIFIED.,.F.,.F.)
B_SPLINE_CURVE_WITH_KNOTS((2,2),(0.000,1.000),.UNSPECIFIED.)
CURVE()
GEOMETRIC_REPRESENTATION_ITEM()
RATIONAL_B_SPLINE_CURVE((1.0000000000,1.0000000000))
REPRESENTATION_ITEM('')
);
#1891=CARTESIAN_POINT('',(0.0000000000,-30.8574083736,11.2593523520));
#1892=CARTESIAN_POINT('',(-3.9465230323,-30.8574083736,11.2593523520));

#1893=CARTESIAN_POINT('',(-3.9465230323,-30.8574083736,11.2593523520));
#1894=VERTEX_POINT('',#1893);
#1895=EDGE_CURVE('',#1887,#1894,#1890,.T.);
#1896=ORIENTED_EDGE('',*,*,#1895,.T.);
#1897=(
BOUNDED_CURVE()
B_SPLINE_CURVE(1,(#1898,#1899),.UNSPECIFIED.,.F.,.F.)
B_SPLINE_CURVE_WITH_KNOTS((2,2),(0.000,1.000),.UNSPECIFIED.)
CURVE()
GEOMETRIC_REPRESENTATION_ITEM()
RATIONAL_B_SPLINE_CURVE((1.0000000000,1.0000000000))
REPRESENTATION_ITEM('')
);
#1898=CARTESIAN_POINT('',(-3.9465230323,-30.8574083736,11.2593523520));
#1899=CARTESIAN_POINT('',(-3.9465230323,-30.8574083736,10.3846952317));

#1900=EDGE_CURVE('',#1894,#1875,#1897,.T.);
#1901=ORIENTED_EDGE('',*,*,#1900,.T.);
#1902=EDGE_LOOP('',(#1882,#1889,#1896,#1901));
#1903=FACE_OUTER_BOUND('',#1902,.T.);
#1904=ADVANCED_FACE('',(#1903),#1869,.T.);
#1905=COLOUR_RGB('',0.39,0.39,0.39);
#1906=FILL_AREA_STYLE_COLOUR('',#1905);
#1907=FILL_AREA_STYLE('',(#1906));
#1908=SURFACE_STYLE_FILL_AREA(#1907);
#1909=SURFACE_STYLE_TRANSPARENT(0.00);
#1910=SURFACE_STYLE_RENDERING_WITH_PROPERTIES(.NORMAL_SHADING.,#1905,(#1909));
#1911=SURFACE_SIDE_STYLE('',(#1908, #1910));
#1912=SURFACE_STYLE_USAGE(.BOTH.,#1911);
#1913=PRESENTATION_STYLE_ASSIGNMENT((#1912));
#1914=STYLED_ITEM('',(#1913),#1904);

#1915=(
BOUNDED_SURFACE()
B_SPLINE_SURFACE(2,1,((#1916,#1917),(#1918,#1919),(#1920,#1921)),.UNSPECIFIED.,.F.,.F.,.F.)
B_SPLINE_SURFACE_WITH_KNOTS((3,3),(2,2),(0.000,1.000),(0.000,1.000),.UNSPECIFIED.)
GEOMETRIC_REPRESENTATION_ITEM()
RATIONAL_B_SPLINE_SURFACE(((1.0000000000,1.0000000000),(0.7071067812,0.7071067812),(1.0000000000,1.0000000000)))
REPRESENTATION_ITEM('')
SURFACE()
);
#1916=CARTESIAN_POINT('',(-3.9465230323,-28.1086771101,7.6359639682));
#1917=CARTESIAN_POINT('',(0.9960705905,-28.1086771101,7.6359639682));
#1918=CARTESIAN_POINT('',(-3.9465230323,-30.8574083736,7.6359639682));
#1919=CARTESIAN_POINT('',(0.9960705905,-30.8574083736,7.6359639682));
#1920=CARTESIAN_POINT('',(-3.9465230323,-30.8574083736,10.3846952317));
#1921=CARTESIAN_POINT('',(0.9960705905,-30.8574083736,10.3846952317));

#1922=CARTESIAN_POINT('',(-3.9465230323,-30.8574083736,10.3846952317));
#1923=VERTEX_POINT('',#1922);
#1924=(
BOUNDED_CURVE()
B_SPLINE_CURVE(2,(#1925,#1926,#1927),.UNSPECIFIED.,.F.,.F.)
B_SPLINE_CURVE_WITH_KNOTS((3,3),(0.000,1.000),.UNSPECIFIED.)
CURVE()
GEOMETRIC_REPRESENTATION_ITEM()
RATIONAL_B_SPLINE_CURVE((1.0000000000,0.7071067812,1.0000000000))
REPRESENTATION_ITEM('')
);
#1925=CARTESIAN_POINT('',(-3.9465230323,-30.8574083736,10.3846952317));
#1926=CARTESIAN_POINT('',(-3.9465230323,-30.8574083736,7.6359639683));
#1927=CARTESIAN_POINT('',(-3.9465230323,-28.1086771102,7.6359639682));

#1928=CARTESIAN_POINT('',(-3.9465230323,-28.1086771102,7.6359639682));
#1929=VERTEX_POINT('',#1928);
#1930=EDGE_CURVE('',#1923,#1929,#1924,.T.);
#1931=ORIENTED_EDGE('',*,*,#1930,.T.);
#1932=(
BOUNDED_CURVE()
B_SPLINE_CURVE(1,(#1933,#1934),.UNSPECIFIED.,.F.,.F.)
B_SPLINE_CURVE_WITH_KNOTS((2,2),(0.000,1.000),.UNSPECIFIED.)
CURVE()
GEOMETRIC_REPRESENTATION_ITEM()
RATIONAL_B_SPLINE_CURVE((1.0000000000,1.0000000000))
REPRESENTATION_ITEM('')
);
#1933=CARTESIAN_POINT('',(-3.9465230323,-28.1086771101,7.6359639682));
#1934=CARTESIAN_POINT('',(0.0000000000,-28.1086771101,7.6359639682));

#1935=CARTESIAN_POINT('',(0.0000000000,-28.1086771101,7.6359639682));
#1936=VERTEX_POINT('',#1935);
#1937=EDGE_CURVE('',#1929,#1936,#1932,.T.);
#1938=ORIENTED_EDGE('',*,*,#1937,.T.);
#1939=(
BOUNDED_CURVE()
B_SPLINE_CURVE(2,(#1940,#1941,#1942),.UNSPECIFIED.,.F.,.F.)
B_SPLINE_CURVE_WITH_KNOTS((3,3),(0.000,1.000),.UNSPECIFIED.)
CURVE()
GEOMETRIC_REPRESENTATION_ITEM()
RATIONAL_B_SPLINE_CURVE((1.0000000000,0.7071067812,1.0000000000))
REPRESENTATION_ITEM('')
);
#1940=CARTESIAN_POINT('',(0.0000000000,-28.1086771102,7.6359639682));
#1941=CARTESIAN_POINT('',(0.0000000000,-30.8574083736,7.6359639683));
#1942=CARTESIAN_POINT('',(0.0000000000,-30.8574083736,10.3846952317));

#1943=CARTESIAN_POINT('',(0.0000000000,-30.8574083736,10.3846952317));
#1944=VERTEX_POINT('',#1943);
#1945=EDGE_CURVE('',#1936,#1944,#1939,.T.);
#1946=ORIENTED_EDGE('',*,*,#1945,.T.);
#1947=(
BOUNDED_CURVE()
B_SPLINE_CURVE(1,(#1948,#1949),.UNSPECIFIED.,.F.,.F.)
B_SPLINE_CURVE_WITH_KNOTS((2,2),(0.000,1.000),.UNSPECIFIED.)
CURVE()
GEOMETRIC_REPRESENTATION_ITEM()
RATIONAL_B_SPLINE_CURVE((1.0000000000,1.0000000000))
REPRESENTATION_ITEM('')
);
#1948=CARTESIAN_POINT('',(0.0000000000,-30.8574083736,10.3846952317));
#1949=CARTESIAN_POINT('',(-3.9465230323,-30.8574083736,10.3846952317));

#1950=EDGE_CURVE('',#1944,#1923,#1947,.T.);
#1951=ORIENTED_EDGE('',*,*,#1950,.T.);
#1952=EDGE_LOOP('',(#1931,#1938,#1946,#1951));
#1953=FACE_OUTER_BOUND('',#1952,.T.);
#1954=ADVANCED_FACE('',(#1953),#1915,.T.);
#1955=COLOUR_RGB('',0.39,0.39,0.39);
#1956=FILL_AREA_STYLE_COLOUR('',#1955);
#1957=FILL_AREA_STYLE('',(#1956));
#1958=SURFACE_STYLE_FILL_AREA(#1957);
#1959=SURFACE_STYLE_TRANSPARENT(0.00);
#1960=SURFACE_STYLE_RENDERING_WITH_PROPERTIES(.NORMAL_SHADING.,#1955,(#1959));
#1961=SURFACE_SIDE_STYLE('',(#1958, #1960));
#1962=SURFACE_STYLE_USAGE(.BOTH.,#1961);
#1963=PRESENTATION_STYLE_ASSIGNMENT((#1962));
#1964=STYLED_ITEM('',(#1963),#1954);

#1965=(
BOUNDED_SURFACE()
B_SPLINE_SURFACE(1,1,((#1966,#1967),(#1968,#1969)),.UNSPECIFIED.,.F.,.F.,.F.)
B_SPLINE_SURFACE_WITH_KNOTS((2,2),(2,2),(0.000,1.000),(0.000,1.000),.UNSPECIFIED.)
GEOMETRIC_REPRESENTATION_ITEM()
RATIONAL_B_SPLINE_SURFACE(((1.0000000000,1.0000000000),(1.0000000000,1.0000000000)))
REPRESENTATION_ITEM('')
SURFACE()
);
#1966=CARTESIAN_POINT('',(-3.9465230323,-20.7120476472,7.6359639682));
#1967=CARTESIAN_POINT('',(0.9960705905,-20.7120476472,7.6359639682));
#1968=CARTESIAN_POINT('',(-3.9465230323,-28.1086771101,7.6359639682));
#1969=CARTESIAN_POINT('',(0.9960705905,-28.1086771101,7.6359639682));

#1970=CARTESIAN_POINT('',(-3.9465230323,-20.7120476472,7.6359639682));
#1971=VERTEX_POINT('',#1970);
#1972=(
BOUNDED_CURVE()
B_SPLINE_CURVE(1,(#1973,#1974),.UNSPECIFIED.,.F.,.F.)
B_SPLINE_CURVE_WITH_KNOTS((2,2),(0.000,1.000),.UNSPECIFIED.)
CURVE()
GEOMETRIC_REPRESENTATION_ITEM()
RATIONAL_B_SPLINE_CURVE((1.0000000000,1.0000000000))
REPRESENTATION_ITEM('')
);
#1973=CARTESIAN_POINT('',(-3.9465230323,-20.7120476472,7.6359639682));
#1974=CARTESIAN_POINT('',(0.0000000000,-20.7120476472,7.6359639682));

#1975=CARTESIAN_POINT('',(0.0000000000,-20.7120476472,7.6359639682));
#1976=VERTEX_POINT('',#1975);
#1977=EDGE_CURVE('',#1971,#1976,#1972,.T.);
#1978=ORIENTED_EDGE('',*,*,#1977,.T.);
#1979=(
BOUNDED_CURVE()
B_SPLINE_CURVE(1,(#1980,#1981),.UNSPECIFIED.,.F.,.F.)
B_SPLINE_CURVE_WITH_KNOTS((2,2),(0.000,1.000),.UNSPECIFIED.)
CURVE()
GEOMETRIC_REPRESENTATION_ITEM()
RATIONAL_B_SPLINE_CURVE((1.0000000000,1.0000000000))
REPRESENTATION_ITEM('')
);
#1980=CARTESIAN_POINT('',(0.0000000000,-20.7120476472,7.6359639682));
#1981=CARTESIAN_POINT('',(0.0000000000,-28.1086771101,7.6359639682));

#1982=CARTESIAN_POINT('',(0.0000000000,-28.1086771101,7.6359639682));
#1983=VERTEX_POINT('',#1982);
#1984=EDGE_CURVE('',#1976,#1983,#1979,.T.);
#1985=ORIENTED_EDGE('',*,*,#1984,.T.);
#1986=(
BOUNDED_CURVE()
B_SPLINE_CURVE(1,(#1987,#1988),.UNSPECIFIED.,.F.,.F.)
B_SPLINE_CURVE_WITH_KNOTS((2,2),(0.000,1.000),.UNSPECIFIED.)
CURVE()
GEOMETRIC_REPRESENTATION_ITEM()
RATIONAL_B_SPLINE_CURVE((1.0000000000,1.0000000000))
REPRESENTATION_ITEM('')
);
#1987=CARTESIAN_POINT('',(0.0000000000,-28.1086771101,7.6359639682));
#1988=CARTESIAN_POINT('',(-3.9465230323,-28.1086771101,7.6359639682));

#1989=CARTESIAN_POINT('',(-3.9465230323,-28.1086771101,7.6359639682));
#1990=VERTEX_POINT('',#1989);
#1991=EDGE_CURVE('',#1983,#1990,#1986,.T.);
#1992=ORIENTED_EDGE('',*,*,#1991,.T.);
#1993=(
BOUNDED_CURVE()
B_SPLINE_CURVE(1,(#1994,#1995),.UNSPECIFIED.,.F.,.F.)
B_SPLINE_CURVE_WITH_KNOTS((2,2),(0.000,1.000),.UNSPECIFIED.)
CURVE()
GEOMETRIC_REPRESENTATION_ITEM()
RATIONAL_B_SPLINE_CURVE((1.0000000000,1.0000000000))
REPRESENTATION_ITEM('')
);
#1994=CARTESIAN_POINT('',(-3.9465230323,-28.1086771101,7.6359639682));
#1995=CARTESIAN_POINT('',(-3.9465230323,-20.7120476472,7.6359639682));

#1996=EDGE_CURVE('',#1990,#1971,#1993,.T.);
#1997=ORIENTED_EDGE('',*,*,#1996,.T.);
#1998=EDGE_LOOP('',(#1978,#1985,#1992,#1997));
#1999=FACE_OUTER_BOUND('',#1998,.T.);
#2000=ADVANCED_FACE('',(#1999),#1965,.T.);
#2001=COLOUR_RGB('',0.39,0.39,0.39);
#2002=FILL_AREA_STYLE_COLOUR('',#2001);
#2003=FILL_AREA_STYLE('',(#2002));
#2004=SURFACE_STYLE_FILL_AREA(#2003);
#2005=SURFACE_STYLE_TRANSPARENT(0.00);
#2006=SURFACE_STYLE_RENDERING_WITH_PROPERTIES(.NORMAL_SHADING.,#2001,(#2005));
#2007=SURFACE_SIDE_STYLE('',(#2004, #2006));
#2008=SURFACE_STYLE_USAGE(.BOTH.,#2007);
#2009=PRESENTATION_STYLE_ASSIGNMENT((#2008));
#2010=STYLED_ITEM('',(#2009),#2000);

#2011=(
BOUNDED_SURFACE()
B_SPLINE_SURFACE(2,1,((#2012,#2013),(#2014,#2015),(#2016,#2017)),.UNSPECIFIED.,.F.,.F.,.F.)
B_SPLINE_SURFACE_WITH_KNOTS((3,3),(2,2),(0.000,1.000),(0.000,1.000),.UNSPECIFIED.)
GEOMETRIC_REPRESENTATION_ITEM()
RATIONAL_B_SPLINE_SURFACE(((1.0000000000,1.0000000000),(0.7071067812,0.7071067812),(1.0000000000,1.0000000000)))
REPRESENTATION_ITEM('')
SURFACE()
);
#2012=CARTESIAN_POINT('',(-3.9465230323,-17.6622629069,10.6857487085));
#2013=CARTESIAN_POINT('',(0.9960705905,-17.6622629069,10.6857487085));
#2014=CARTESIAN_POINT('',(-3.9465230323,-17.6622629069,7.6359639682));
#2015=CARTESIAN_POINT('',(0.9960705905,-17.6622629069,7.6359639682));
#2016=CARTESIAN_POINT('',(-3.9465230323,-20.7120476472,7.6359639682));
#2017=CARTESIAN_POINT('',(0.9960705905,-20.7120476472,7.6359639682));

#2018=CARTESIAN_POINT('',(-3.9465230323,-20.7120476472,7.6359639682));
#2019=VERTEX_POINT('',#2018);
#2020=(
BOUNDED_CURVE()
B_SPLINE_CURVE(2,(#2021,#2022,#2023),.UNSPECIFIED.,.F.,.F.)
B_SPLINE_CURVE_WITH_KNOTS((3,3),(0.000,1.000),.UNSPECIFIED.)
CURVE()
GEOMETRIC_REPRESENTATION_ITEM()
RATIONAL_B_SPLINE_CURVE((1.0000000000,0.7071067812,1.0000000000))
REPRESENTATION_ITEM('')
);
#2021=CARTESIAN_POINT('',(-3.9465230323,-20.7120476472,7.6359639682));
#2022=CARTESIAN_POINT('',(-3.9465230323,-17.6622629071,7.6359639682));
#2023=CARTESIAN_POINT('',(-3.9465230323,-17.6622629069,10.6857487084));

#2024=CARTESIAN_POINT('',(-3.9465230323,-17.6622629069,10.6857487084));
#2025=VERTEX_POINT('',#2024);
#2026=EDGE_CURVE('',#2019,#2025,#2020,.T.);
#2027=ORIENTED_EDGE('',*,*,#2026,.T.);
#2028=(
BOUNDED_CURVE()
B_SPLINE_CURVE(1,(#2029,#2030),.UNSPECIFIED.,.F.,.F.)
B_SPLINE_CURVE_WITH_KNOTS((2,2),(0.000,1.000),.UNSPECIFIED.)
CURVE()
GEOMETRIC_REPRESENTATION_ITEM()
RATIONAL_B_SPLINE_CURVE((1.0000000000,1.0000000000))
REPRESENTATION_ITEM('')
);
#2029=CARTESIAN_POINT('',(-3.9465230323,-17.6622629069,10.6857487085));
#2030=CARTESIAN_POINT('',(0.0000000000,-17.6622629069,10.6857487085));

#2031=CARTESIAN_POINT('',(0.0000000000,-17.6622629069,10.6857487085));
#2032=VERTEX_POINT('',#2031);
#2033=EDGE_CURVE('',#2025,#2032,#2028,.T.);
#2034=ORIENTED_EDGE('',*,*,#2033,.T.);
#2035=(
BOUNDED_CURVE()
B_SPLINE_CURVE(2,(#2036,#2037,#2038),.UNSPECIFIED.,.F.,.F.)
B_SPLINE_CURVE_WITH_KNOTS((3,3),(0.000,1.000),.UNSPECIFIED.)
CURVE()
GEOMETRIC_REPRESENTATION_ITEM()
RATIONAL_B_SPLINE_CURVE((1.0000000000,0.7071067812,1.0000000000))
REPRESENTATION_ITEM('')
);
#2036=CARTESIAN_POINT('',(0.0000000000,-17.6622629069,10.6857487084));
#2037=CARTESIAN_POINT('',(0.0000000000,-17.6622629071,7.6359639682));
#2038=CARTESIAN_POINT('',(0.0000000000,-20.7120476472,7.6359639682));

#2039=CARTESIAN_POINT('',(0.0000000000,-20.7120476472,7.6359639682));
#2040=VERTEX_POINT('',#2039);
#2041=EDGE_CURVE('',#2032,#2040,#2035,.T.);
#2042=ORIENTED_EDGE('',*,*,#2041,.T.);
#2043=(
BOUNDED_CURVE()
B_SPLINE_CURVE(1,(#2044,#2045),.UNSPECIFIED.,.F.,.F.)
B_SPLINE_CURVE_WITH_KNOTS((2,2),(0.000,1.000),.UNSPECIFIED.)
CURVE()
GEOMETRIC_REPRESENTATION_ITEM()
RATIONAL_B_SPLINE_CURVE((1.0000000000,1.0000000000))
REPRESENTATION_ITEM('')
);
#2044=CARTESIAN_POINT('',(0.0000000000,-20.7120476472,7.6359639682));
#2045=CARTESIAN_POINT('',(-3.9465230323,-20.7120476472,7.6359639682));

#2046=EDGE_CURVE('',#2040,#2019,#2043,.T.);
#2047=ORIENTED_EDGE('',*,*,#2046,.T.);
#2048=EDGE_LOOP('',(#2027,#2034,#2042,#2047));
#2049=FACE_OUTER_BOUND('',#2048,.T.);
#2050=ADVANCED_FACE('',(#2049),#2011,.T.);
#2051=COLOUR_RGB('',0.39,0.39,0.39);
#2052=FILL_AREA_STYLE_COLOUR('',#2051);
#2053=FILL_AREA_STYLE('',(#2052));
#2054=SURFACE_STYLE_FILL_AREA(#2053);
#2055=SURFACE_STYLE_TRANSPARENT(0.00);
#2056=SURFACE_STYLE_RENDERING_WITH_PROPERTIES(.NORMAL_SHADING.,#2051,(#2055));
#2057=SURFACE_SIDE_STYLE('',(#2054, #2056));
#2058=SURFACE_STYLE_USAGE(.BOTH.,#2057);
#2059=PRESENTATION_STYLE_ASSIGNMENT((#2058));
#2060=STYLED_ITEM('',(#2059),#2050);

#2061=(
BOUNDED_SURFACE()
B_SPLINE_SURFACE(1,1,((#2062,#2063),(#2064,#2065)),.UNSPECIFIED.,.F.,.F.,.F.)
B_SPLINE_SURFACE_WITH_KNOTS((2,2),(2,2),(0.000,1.000),(0.000,1.000),.UNSPECIFIED.)
GEOMETRIC_REPRESENTATION_ITEM()
RATIONAL_B_SPLINE_SURFACE(((1.0000000000,1.0000000000),(1.0000000000,1.0000000000)))
REPRESENTATION_ITEM('')
SURFACE()
);
#2062=CARTESIAN_POINT('',(-3.9465230323,-17.6622629069,11.0332110295));
#2063=CARTESIAN_POINT('',(0.9960705905,-17.6622629069,11.0332110295));
#2064=CARTESIAN_POINT('',(-3.9465230323,-17.6622629069,10.6857487085));
#2065=CARTESIAN_POINT('',(0.9960705905,-17.6622629069,10.6857487085));

#2066=CARTESIAN_POINT('',(-3.9465230323,-17.6622629069,11.0332110295));
#2067=VERTEX_POINT('',#2066);
#2068=(
BOUNDED_CURVE()
B_SPLINE_CURVE(1,(#2069,#2070),.UNSPECIFIED.,.F.,.F.)
B_SPLINE_CURVE_WITH_KNOTS((2,2),(0.000,1.000),.UNSPECIFIED.)
CURVE()
GEOMETRIC_REPRESENTATION_ITEM()
RATIONAL_B_SPLINE_CURVE((1.0000000000,1.0000000000))
REPRESENTATION_ITEM('')
);
#2069=CARTESIAN_POINT('',(-3.9465230323,-17.6622629069,11.0332110295));
#2070=CARTESIAN_POINT('',(0.0000000000,-17.6622629069,11.0332110295));

#2071=CARTESIAN_POINT('',(0.0000000000,-17.6622629069,11.0332110295));
#2072=VERTEX_POINT('',#2071);
#2073=EDGE_CURVE('',#2067,#2072,#2068,.T.);
#2074=ORIENTED_EDGE('',*,*,#2073,.T.);
#2075=(
BOUNDED_CURVE()
B_SPLINE_CURVE(1,(#2076,#2077),.UNSPECIFIED.,.F.,.F.)
B_SPLINE_CURVE_WITH_KNOTS((2,2),(0.000,1.000),.UNSPECIFIED.)
CURVE()
GEOMETRIC_REPRESENTATION_ITEM()
RATIONAL_B_SPLINE_CURVE((1.0000000000,1.0000000000))
REPRESENTATION_ITEM('')
);
#2076=CARTESIAN_POINT('',(0.0000000000,-17.6622629069,11.0332110295));
#2077=CARTESIAN_POINT('',(0.0000000000,-17.6622629069,10.6857487085));

#2078=CARTESIAN_POINT('',(0.0000000000,-17.6622629069,10.6857487085));
#2079=VERTEX_POINT('',#2078);
#2080=EDGE_CURVE('',#2072,#2079,#2075,.T.);
#2081=ORIENTED_EDGE('',*,*,#2080,.T.);
#2082=(
BOUNDED_CURVE()
B_SPLINE_CURVE(1,(#2083,#2084),.UNSPECIFIED.,.F.,.F.)
B_SPLINE_CURVE_WITH_KNOTS((2,2),(0.000,1.000),.UNSPECIFIED.)
CURVE()
GEOMETRIC_REPRESENTATION_ITEM()
RATIONAL_B_SPLINE_CURVE((1.0000000000,1.0000000000))
REPRESENTATION_ITEM('')
);
#2083=CARTESIAN_POINT('',(0.0000000000,-17.6622629069,10.6857487085));
#2084=CARTESIAN_POINT('',(-3.9465230323,-17.6622629069,10.6857487085));

#2085=CARTESIAN_POINT('',(-3.9465230323,-17.6622629069,10.6857487085));
#2086=VERTEX_POINT('',#2085);
#2087=EDGE_CURVE('',#2079,#2086,#2082,.T.);
#2088=ORIENTED_EDGE('',*,*,#2087,.T.);
#2089=(
BOUNDED_CURVE()
B_SPLINE_CURVE(1,(#2090,#2091),.UNSPECIFIED.,.F.,.F.)
B_SPLINE_CURVE_WITH_KNOTS((2,2),(0.000,1.000),.UNSPECIFIED.)
CURVE()
GEOMETRIC_REPRESENTATION_ITEM()
RATIONAL_B_SPLINE_CURVE((1.0000000000,1.0000000000))
REPRESENTATION_ITEM('')
);
#2090=CARTESIAN_POINT('',(-3.9465230323,-17.6622629069,10.6857487085));
#2091=CARTESIAN_POINT('',(-3.9465230323,-17.6622629069,11.0332110295));

#2092=EDGE_CURVE('',#2086,#2067,#2089,.T.);
#2093=ORIENTED_EDGE('',*,*,#2092,.T.);
#2094=EDGE_LOOP('',(#2074,#2081,#2088,#2093));
#2095=FACE_OUTER_BOUND('',#2094,.T.);
#2096=ADVANCED_FACE('',(#2095),#2061,.T.);
#2097=COLOUR_RGB('',0.39,0.39,0.39);
#2098=FILL_AREA_STYLE_COLOUR('',#2097);
#2099=FILL_AREA_STYLE('',(#2098));
#2100=SURFACE_STYLE_FILL_AREA(#2099);
#2101=SURFACE_STYLE_TRANSPARENT(0.00);
#2102=SURFACE_STYLE_RENDERING_WITH_PROPERTIES(.NORMAL_SHADING.,#2097,(#2101));
#2103=SURFACE_SIDE_STYLE('',(#2100, #2102));
#2104=SURFACE_STYLE_USAGE(.BOTH.,#2103);
#2105=PRESENTATION_STYLE_ASSIGNMENT((#2104));
#2106=STYLED_ITEM('',(#2105),#2096);

#2107=(
BOUNDED_SURFACE()
B_SPLINE_SURFACE(2,1,((#2108,#2109),(#2110,#2111),(#2112,#2113)),.UNSPECIFIED.,.F.,.F.,.F.)
B_SPLINE_SURFACE_WITH_KNOTS((3,3),(2,2),(0.000,1.000),(0.000,1.000),.UNSPECIFIED.)
GEOMETRIC_REPRESENTATION_ITEM()
RATIONAL_B_SPLINE_SURFACE(((1.0000000000,1.0000000000),(0.7071067812,0.7071067812),(1.0000000000,1.0000000000)))
REPRESENTATION_ITEM('')
SURFACE()
);
#2108=CARTESIAN_POINT('',(-3.9465230323,-21.2876581272,14.6586062498));
#2109=CARTESIAN_POINT('',(0.9960705905,-21.2876581272,14.6586062498));
#2110=CARTESIAN_POINT('',(-3.9465230323,-17.6622629069,14.6586062498));
#2111=CARTESIAN_POINT('',(0.9960705905,-17.6622629069,14.6586062498));
#2112=CARTESIAN_POINT('',(-3.9465230323,-17.6622629069,11.0332110295));
#2113=CARTESIAN_POINT('',(0.9960705905,-17.6622629069,11.0332110295));

#2114=CARTESIAN_POINT('',(-3.9465230323,-17.6622629069,11.0332110295));
#2115=VERTEX_POINT('',#2114);
#2116=(
BOUNDED_CURVE()
B_SPLINE_CURVE(2,(#2117,#2118,#2119),.UNSPECIFIED.,.F.,.F.)
B_SPLINE_CURVE_WITH_KNOTS((3,3),(0.000,1.000),.UNSPECIFIED.)
CURVE()
GEOMETRIC_REPRESENTATION_ITEM()
RATIONAL_B_SPLINE_CURVE((1.0000000000,0.7071067812,1.0000000000))
REPRESENTATION_ITEM('')
);
#2117=CARTESIAN_POINT('',(-3.9465230323,-17.6622629069,11.0332110295));
#2118=CARTESIAN_POINT('',(-3.9465230323,-17.6622629069,14.6586062496));
#2119=CARTESIAN_POINT('',(-3.9465230323,-21.2876581270,14.6586062498));

#2120=CARTESIAN_POINT('',(-3.9465230323,-21.2876581270,14.6586062498));
#2121=VERTEX_POINT('',#2120);
#2122=EDGE_CURVE('',#2115,#2121,#2116,.T.);
#2123=ORIENTED_EDGE('',*,*,#2122,.T.);
#2124=(
BOUNDED_CURVE()
B_SPLINE_CURVE(1,(#2125,#2126),.UNSPECIFIED.,.F.,.F.)
B_SPLINE_CURVE_WITH_KNOTS((2,2),(0.000,1.000),.UNSPECIFIED.)
CURVE()
GEOMETRIC_REPRESENTATION_ITEM()
RATIONAL_B_SPLINE_CURVE((1.0000000000,1.0000000000))
REPRESENTATION_ITEM('')
);
#2125=CARTESIAN_POINT('',(-3.9465230323,-21.2876581272,14.6586062498));
#2126=CARTESIAN_POINT('',(0.0000000000,-21.2876581272,14.6586062498));

#2127=CARTESIAN_POINT('',(0.0000000000,-21.2876581272,14.6586062498));
#2128=VERTEX_POINT('',#2127);
#2129=EDGE_CURVE('',#2121,#2128,#2124,.T.);
#2130=ORIENTED_EDGE('',*,*,#2129,.T.);
#2131=(
BOUNDED_CURVE()
B_SPLINE_CURVE(2,(#2132,#2133,#2134),.UNSPECIFIED.,.F.,.F.)
B_SPLINE_CURVE_WITH_KNOTS((3,3),(0.000,1.000),.UNSPECIFIED.)
CURVE()
GEOMETRIC_REPRESENTATION_ITEM()
RATIONAL_B_SPLINE_CURVE((1.0000000000,0.7071067812,1.0000000000))
REPRESENTATION_ITEM('')
);
#2132=CARTESIAN_POINT('',(0.0000000000,-21.2876581270,14.6586062498));
#2133=CARTESIAN_POINT('',(0.0000000000,-17.6622629069,14.6586062496));
#2134=CARTESIAN_POINT('',(0.0000000000,-17.6622629069,11.0332110295));

#2135=CARTESIAN_POINT('',(0.0000000000,-17.6622629069,11.0332110295));
#2136=VERTEX_POINT('',#2135);
#2137=EDGE_CURVE('',#2128,#2136,#2131,.T.);
#2138=ORIENTED_EDGE('',*,*,#2137,.T.);
#2139=(
BOUNDED_CURVE()
B_SPLINE_CURVE(1,(#2140,#2141),.UNSPECIFIED.,.F.,.F.)
B_SPLINE_CURVE_WITH_KNOTS((2,2),(0.000,1.000),.UNSPECIFIED.)
CURVE()
GEOMETRIC_REPRESENTATION_ITEM()
RATIONAL_B_SPLINE_CURVE((1.0000000000,1.0000000000))
REPRESENTATION_ITEM('')
);
#2140=CARTESIAN_POINT('',(0.0000000000,-17.6622629069,11.0332110295));
#2141=CARTESIAN_POINT('',(-3.9465230323,-17.6622629069,11.0332110295));

#2142=EDGE_CURVE('',#2136,#2115,#2139,.T.);
#2143=ORIENTED_EDGE('',*,*,#2142,.T.);
#2144=EDGE_LOOP('',(#2123,#2130,#2138,#2143));
#2145=FACE_OUTER_BOUND('',#2144,.T.);
#2146=ADVANCED_FACE('',(#2145),#2107,.T.);
#2147=COLOUR_RGB('',0.39,0.39,0.39);
#2148=FILL_AREA_STYLE_COLOUR('',#2147);
#2149=FILL_AREA_STYLE('',(#2148));
#2150=SURFACE_STYLE_FILL_AREA(#2149);
#2151=SURFACE_STYLE_TRANSPARENT(0.00);
#2152=SURFACE_STYLE_RENDERING_WITH_PROPERTIES(.NORMAL_SHADING.,#2147,(#2151));
#2153=SURFACE_SIDE_STYLE('',(#2150, #2152));
#2154=SURFACE_STYLE_USAGE(.BOTH.,#2153);
#2155=PRESENTATION_STYLE_ASSIGNMENT((#2154));
#2156=STYLED_ITEM('',(#2155),#2146);

#2157=(
BOUNDED_SURFACE()
B_SPLINE_SURFACE(1,1,((#2158,#2159),(#2160,#2161)),.UNSPECIFIED.,.F.,.F.,.F.)
B_SPLINE_SURFACE_WITH_KNOTS((2,2),(2,2),(0.000,1.000),(0.000,1.000),.UNSPECIFIED.)
GEOMETRIC_REPRESENTATION_ITEM()
RATIONAL_B_SPLINE_SURFACE(((1.0000000000,1.0000000000),(1.0000000000,1.0000000000)))
REPRESENTATION_ITEM('')
SURFACE()
);
#2158=CARTESIAN_POINT('',(51.9465230323,-12.8005044738,44.2175756763));
#2159=CARTESIAN_POINT('',(47.0323647733,-12.8005044738,44.2175756763));
#2160=CARTESIAN_POINT('',(51.9465230323,-32.0719108337,44.2175756763));
#2161=CARTESIAN_POINT('',(47.0323647733,-32.0719108337,44.2175756763));

#2162=CARTESIAN_POINT('',(51.9465230323,-32.0719108337,44.2175756763));
#2163=VERTEX_POINT('',#2162);
#2164=(
BOUNDED_CURVE()
B_SPLINE_CURVE(1,(#2165,#2166),.UNSPECIFIED.,.F.,.F.)
B_SPLINE_CURVE_WITH_KNOTS((2,2),(0.000,1.000),.UNSPECIFIED.)
CURVE()
GEOMETRIC_REPRESENTATION_ITEM()
RATIONAL_B_SPLINE_CURVE((1.0000000000,1.0000000000))
REPRESENTATION_ITEM('')
);
#2165=CARTESIAN_POINT('',(51.9465230323,-32.0719108337,44.2175756763));
#2166=CARTESIAN_POINT('',(51.9465230323,-12.8005044738,44.2175756763));

#2167=CARTESIAN_POINT('',(51.9465230323,-12.8005044738,44.2175756763));
#2168=VERTEX_POINT('',#2167);
#2169=EDGE_CURVE('',#2163,#2168,#2164,.T.);
#2170=ORIENTED_EDGE('',*,*,#2169,.T.);
#2171=(
BOUNDED_CURVE()
B_SPLINE_CURVE(1,(#2172,#2173),.UNSPECIFIED.,.F.,.F.)
B_SPLINE_CURVE_WITH_KNOTS((2,2),(0.000,1.000),.UNSPECIFIED.)
CURVE()
GEOMETRIC_REPRESENTATION_ITEM()
RATIONAL_B_SPLINE_CURVE((1.0000000000,1.0000000000))
REPRESENTATION_ITEM('')
);
#2172=CARTESIAN_POINT('',(51.9465230323,-12.8005044738,44.2175756763));
#2173=CARTESIAN_POINT('',(48.0000000000,-12.8005044738,44.2175756763));

#2174=CARTESIAN_POINT('',(48.0000000000,-12.8005044738,44.2175756763));
#2175=VERTEX_POINT('',#2174);
#2176=EDGE_CURVE('',#2168,#2175,#2171,.T.);
#2177=ORIENTED_EDGE('',*,*,#2176,.T.);
#2178=(
BOUNDED_CURVE()
B_SPLINE_CURVE(1,(#2179,#2180),.UNSPECIFIED.,.F.,.F.)
B_SPLINE_CURVE_WITH_KNOTS((2,2),(0.000,1.000),.UNSPECIFIED.)
CURVE()
GEOMETRIC_REPRESENTATION_ITEM()
RATIONAL_B_SPLINE_CURVE((1.0000000000,1.0000000000))
REPRESENTATION_ITEM('')
);
#2179=CARTESIAN_POINT('',(48.0000000000,-12.8005044738,44.2175756763));
#2180=CARTESIAN_POINT('',(48.0000000000,-32.0719108337,44.2175756763));

#2181=CARTESIAN_POINT('',(48.0000000000,-32.0719108337,44.2175756763));
#2182=VERTEX_POINT('',#2181);
#2183=EDGE_CURVE('',#2175,#2182,#2178,.T.);
#2184=ORIENTED_EDGE('',*,*,#2183,.T.);
#2185=(
BOUNDED_CURVE()
B_SPLINE_CURVE(1,(#2186,#2187),.UNSPECIFIED.,.F.,.F.)
B_SPLINE_CURVE_WITH_KNOTS((2,2),(0.000,1.000),.UNSPECIFIED.)
CURVE()
GEOMETRIC_REPRESENTATION_ITEM()
RATIONAL_B_SPLINE_CURVE((1.0000000000,1.0000000000))
REPRESENTATION_ITEM('')
);
#2186=CARTESIAN_POINT('',(48.0000000000,-32.0719108337,44.2175756763));
#2187=CARTESIAN_POINT('',(51.9465230323,-32.0719108337,44.2175756763));

#2188=EDGE_CURVE('',#2182,#2163,#2185,.T.);
#2189=ORIENTED_EDGE('',*,*,#2188,.T.);
#2190=EDGE_LOOP('',(#2170,#2177,#2184,#2189));
#2191=FACE_OUTER_BOUND('',#2190,.T.);
#2192=ADVANCED_FACE('',(#2191),#2157,.T.);
#2193=COLOUR_RGB('',0.39,0.39,0.39);
#2194=FILL_AREA_STYLE_COLOUR('',#2193);
#2195=FILL_AREA_STYLE('',(#2194));
#2196=SURFACE_STYLE_FILL_AREA(#2195);
#2197=SURFACE_STYLE_TRANSPARENT(0.00);
#2198=SURFACE_STYLE_RENDERING_WITH_PROPERTIES(.NORMAL_SHADING.,#2193,(#2197));
#2199=SURFACE_SIDE_STYLE('',(#2196, #2198));
#2200=SURFACE_STYLE_USAGE(.BOTH.,#2199);
#2201=PRESENTATION_STYLE_ASSIGNMENT((#2200));
#2202=STYLED_ITEM('',(#2201),#2192);

#2203=(
BOUNDED_SURFACE()
B_SPLINE_SURFACE(2,1,((#2204,#2205),(#2206,#2207),(#2208,#2209)),.UNSPECIFIED.,.F.,.F.,.F.)
B_SPLINE_SURFACE_WITH_KNOTS((3,3),(2,2),(0.000,1.000),(0.000,1.000),.UNSPECIFIED.)
GEOMETRIC_REPRESENTATION_ITEM()
RATIONAL_B_SPLINE_SURFACE(((1.0000000000,1.0000000000),(0.7071067812,0.7071067812),(1.0000000000,1.0000000000)))
REPRESENTATION_ITEM('')
SURFACE()
);
#2204=CARTESIAN_POINT('',(51.9465230323,-11.8005044738,43.2175756763));
#2205=CARTESIAN_POINT('',(47.0323647733,-11.8005044738,43.2175756763));
#2206=CARTESIAN_POINT('',(51.9465230323,-11.8005044738,44.2175756763));
#2207=CARTESIAN_POINT('',(47.0323647733,-11.8005044738,44.2175756763));
#2208=CARTESIAN_POINT('',(51.9465230323,-12.8005044738,44.2175756763));
#2209=CARTESIAN_POINT('',(47.0323647733,-12.8005044738,44.2175756763));

#2210=CARTESIAN_POINT('',(51.9465230323,-12.8005044738,44.2175756763));
#2211=VERTEX_POINT('',#2210);
#2212=(
BOUNDED_CURVE()
B_SPLINE_CURVE(2,(#2213,#2214,#2215),.UNSPECIFIED.,.F.,.F.)
B_SPLINE_CURVE_WITH_KNOTS((3,3),(0.000,1.000),.UNSPECIFIED.)
CURVE()
GEOMETRIC_REPRESENTATION_ITEM()
RATIONAL_B_SPLINE_CURVE((1.0000000000,0.7071067812,1.0000000000))
REPRESENTATION_ITEM('')
);
#2213=CARTESIAN_POINT('',(51.9465230323,-12.8005044738,44.2175756763));
#2214=CARTESIAN_POINT('',(51.9465230323,-11.8005044738,44.2175756763));
#2215=CARTESIAN_POINT('',(51.9465230323,-11.8005044738,43.2175756763));

#2216=CARTESIAN_POINT('',(51.9465230323,-11.8005044738,43.2175756763));
#2217=VERTEX_POINT('',#2216);
#2218=EDGE_CURVE('',#2211,#2217,#2212,.T.);
#2219=ORIENTED_EDGE('',*,*,#2218,.T.);
#2220=(
BOUNDED_CURVE()
B_SPLINE_CURVE(1,(#2221,#2222),.UNSPECIFIED.,.F.,.F.)
B_SPLINE_CURVE_WITH_KNOTS((2,2),(0.000,1.000),.UNSPECIFIED.)
CURVE()
GEOMETRIC_REPRESENTATION_ITEM()
RATIONAL_B_SPLINE_CURVE((1.0000000000,1.0000000000))
REPRESENTATION_ITEM('')
);
#2221=CARTESIAN_POINT('',(51.9465230323,-11.8005044738,43.2175756763));
#2222=CARTESIAN_POINT('',(48.0000000000,-11.8005044738,43.2175756763));

#2223=CARTESIAN_POINT('',(48.0000000000,-11.8005044738,43.2175756763));
#2224=VERTEX_POINT('',#2223);
#2225=EDGE_CURVE('',#2217,#2224,#2220,.T.);
#2226=ORIENTED_EDGE('',*,*,#2225,.T.);
#2227=(
BOUNDED_CURVE()
B_SPLINE_CURVE(2,(#2228,#2229,#2230),.UNSPECIFIED.,.F.,.F.)
B_SPLINE_CURVE_WITH_KNOTS((3,3),(0.000,1.000),.UNSPECIFIED.)
CURVE()
GEOMETRIC_REPRESENTATION_ITEM()
RATIONAL_B_SPLINE_CURVE((1.0000000000,0.7071067812,1.0000000000))
REPRESENTATION_ITEM('')
);
#2228=CARTESIAN_POINT('',(48.0000000000,-11.8005044738,43.2175756763));
#2229=CARTESIAN_POINT('',(48.0000000000,-11.8005044738,44.2175756763));
#2230=CARTESIAN_POINT('',(48.0000000000,-12.8005044738,44.2175756763));

#2231=CARTESIAN_POINT('',(48.0000000000,-12.8005044738,44.2175756763));
#2232=VERTEX_POINT('',#2231);
#2233=EDGE_CURVE('',#2224,#2232,#2227,.T.);
#2234=ORIENTED_EDGE('',*,*,#2233,.T.);
#2235=(
BOUNDED_CURVE()
B_SPLINE_CURVE(1,(#2236,#2237),.UNSPECIFIED.,.F.,.F.)
B_SPLINE_CURVE_WITH_KNOTS((2,2),(0.000,1.000),.UNSPECIFIED.)
CURVE()
GEOMETRIC_REPRESENTATION_ITEM()
RATIONAL_B_SPLINE_CURVE((1.0000000000,1.0000000000))
REPRESENTATION_ITEM('')
);
#2236=CARTESIAN_POINT('',(48.0000000000,-12.8005044738,44.2175756763));
#2237=CARTESIAN_POINT('',(51.9465230323,-12.8005044738,44.2175756763));

#2238=EDGE_CURVE('',#2232,#2211,#2235,.T.);
#2239=ORIENTED_EDGE('',*,*,#2238,.T.);
#2240=EDGE_LOOP('',(#2219,#2226,#2234,#2239));
#2241=FACE_OUTER_BOUND('',#2240,.T.);
#2242=ADVANCED_FACE('',(#2241),#2203,.T.);
#2243=COLOUR_RGB('',0.39,0.39,0.39);
#2244=FILL_AREA_STYLE_COLOUR('',#2243);
#2245=FILL_AREA_STYLE('',(#2244));
#2246=SURFACE_STYLE_FILL_AREA(#2245);
#2247=SURFACE_STYLE_TRANSPARENT(0.00);
#2248=SURFACE_STYLE_RENDERING_WITH_PROPERTIES(.NORMAL_SHADING.,#2243,(#2247));
#2249=SURFACE_SIDE_STYLE('',(#2246, #2248));
#2250=SURFACE_STYLE_USAGE(.BOTH.,#2249);
#2251=PRESENTATION_STYLE_ASSIGNMENT((#2250));
#2252=STYLED_ITEM('',(#2251),#2242);

#2253=(
BOUNDED_SURFACE()
B_SPLINE_SURFACE(1,1,((#2254,#2255),(#2256,#2257)),.UNSPECIFIED.,.F.,.F.,.F.)
B_SPLINE_SURFACE_WITH_KNOTS((2,2),(2,2),(0.000,1.000),(0.000,1.000),.UNSPECIFIED.)
GEOMETRIC_REPRESENTATION_ITEM()
RATIONAL_B_SPLINE_SURFACE(((1.0000000000,1.0000000000),(1.0000000000,1.0000000000)))
REPRESENTATION_ITEM('')
SURFACE()
);
#2254=CARTESIAN_POINT('',(51.9465230323,-11.8005044738,27.7175756763));
#2255=CARTESIAN_POINT('',(47.0323647733,-11.8005044738,27.7175756763));
#2256=CARTESIAN_POINT('',(51.9465230323,-11.8005044738,43.2175756763));
#2257=CARTESIAN_POINT('',(47.0323647733,-11.8005044738,43.2175756763));

#2258=CARTESIAN_POINT('',(51.9465230323,-11.8005044738,43.2175756763));
#2259=VERTEX_POINT('',#2258);
#2260=(
BOUNDED_CURVE()
B_SPLINE_CURVE(1,(#2261,#2262),.UNSPECIFIED.,.F.,.F.)
B_SPLINE_CURVE_WITH_KNOTS((2,2),(0.000,1.000),.UNSPECIFIED.)
CURVE()
GEOMETRIC_REPRESENTATION_ITEM()
RATIONAL_B_SPLINE_CURVE((1.0000000000,1.0000000000))
REPRESENTATION_ITEM('')
);
#2261=CARTESIAN_POINT('',(51.9465230323,-11.8005044738,43.2175756763));
#2262=CARTESIAN_POINT('',(51.9465230323,-11.8005044738,27.7175756763));

#2263=CARTESIAN_POINT('',(51.9465230323,-11.8005044738,27.7175756763));
#2264=VERTEX_POINT('',#2263);
#2265=EDGE_CURVE('',#2259,#2264,#2260,.T.);
#2266=ORIENTED_EDGE('',*,*,#2265,.T.);
#2267=(
BOUNDED_CURVE()
B_SPLINE_CURVE(1,(#2268,#2269),.UNSPECIFIED.,.F.,.F.)
B_SPLINE_CURVE_WITH_KNOTS((2,2),(0.000,1.000),.UNSPECIFIED.)
CURVE()
GEOMETRIC_REPRESENTATION_ITEM()
RATIONAL_B_SPLINE_CURVE((1.0000000000,1.0000000000))
REPRESENTATION_ITEM('')
);
#2268=CARTESIAN_POINT('',(51.9465230323,-11.8005044738,27.7175756763));
#2269=CARTESIAN_POINT('',(48.0000000000,-11.8005044738,27.7175756763));

#2270=CARTESIAN_POINT('',(48.0000000000,-11.8005044738,27.7175756763));
#2271=VERTEX_POINT('',#2270);
#2272=EDGE_CURVE('',#2264,#2271,#2267,.T.);
#2273=ORIENTED_EDGE('',*,*,#2272,.T.);
#2274=(
BOUNDED_CURVE()
B_SPLINE_CURVE(1,(#2275,#2276),.UNSPECIFIED.,.F.,.F.)
B_SPLINE_CURVE_WITH_KNOTS((2,2),(0.000,1.000),.UNSPECIFIED.)
CURVE()
GEOMETRIC_REPRESENTATION_ITEM()
RATIONAL_B_SPLINE_CURVE((1.0000000000,1.0000000000))
REPRESENTATION_ITEM('')
);
#2275=CARTESIAN_POINT('',(48.0000000000,-11.8005044738,27.7175756763));
#2276=CARTESIAN_POINT('',(48.0000000000,-11.8005044738,43.2175756763));

#2277=CARTESIAN_POINT('',(48.0000000000,-11.8005044738,43.2175756763));
#2278=VERTEX_POINT('',#2277);
#2279=EDGE_CURVE('',#2271,#2278,#2274,.T.);
#2280=ORIENTED_EDGE('',*,*,#2279,.T.);
#2281=(
BOUNDED_CURVE()
B_SPLINE_CURVE(1,(#2282,#2283),.UNSPECIFIED.,.F.,.F.)
B_SPLINE_CURVE_WITH_KNOTS((2,2),(0.000,1.000),.UNSPECIFIED.)
CURVE()
GEOMETRIC_REPRESENTATION_ITEM()
RATIONAL_B_SPLINE_CURVE((1.0000000000,1.0000000000))
REPRESENTATION_ITEM('')
);
#2282=CARTESIAN_POINT('',(48.0000000000,-11.8005044738,43.2175756763));
#2283=CARTESIAN_POINT('',(51.9465230323,-11.8005044738,43.2175756763));

#2284=EDGE_CURVE('',#2278,#2259,#2281,.T.);
#2285=ORIENTED_EDGE('',*,*,#2284,.T.);
#2286=EDGE_LOOP('',(#2266,#2273,#2280,#2285));
#2287=FACE_OUTER_BOUND('',#2286,.T.);
#2288=ADVANCED_FACE('',(#2287),#2253,.T.);
#2289=COLOUR_RGB('',0.39,0.39,0.39);
#2290=FILL_AREA_STYLE_COLOUR('',#2289);
#2291=FILL_AREA_STYLE('',(#2290));
#2292=SURFACE_STYLE_FILL_AREA(#2291);
#2293=SURFACE_STYLE_TRANSPARENT(0.00);
#2294=SURFACE_STYLE_RENDERING_WITH_PROPERTIES(.NORMAL_SHADING.,#2289,(#2293));
#2295=SURFACE_SIDE_STYLE('',(#2292, #2294));
#2296=SURFACE_STYLE_USAGE(.BOTH.,#2295);
#2297=PRESENTATION_STYLE_ASSIGNMENT((#2296));
#2298=STYLED_ITEM('',(#2297),#2288);

#2299=(
BOUNDED_SURFACE()
B_SPLINE_SURFACE(2,1,((#2300,#2301),(#2302,#2303),(#2304,#2305)),.UNSPECIFIED.,.F.,.F.,.F.)
B_SPLINE_SURFACE_WITH_KNOTS((3,3),(2,2),(0.000,1.000),(0.000,1.000),.UNSPECIFIED.)
GEOMETRIC_REPRESENTATION_ITEM()
RATIONAL_B_SPLINE_SURFACE(((1.0000000000,1.0000000000),(0.7071067812,0.7071067812),(1.0000000000,1.0000000000)))
REPRESENTATION_ITEM('')
SURFACE()
);
#2300=CARTESIAN_POINT('',(51.9465230323,-12.8005044738,26.7175756763));
#2301=CARTESIAN_POINT('',(47.0323647733,-12.8005044738,26.7175756763));
#2302=CARTESIAN_POINT('',(51.9465230323,-11.8005044738,26.7175756763));
#2303=CARTESIAN_POINT('',(47.0323647733,-11.8005044738,26.7175756763));
#2304=CARTESIAN_POINT('',(51.9465230323,-11.8005044738,27.7175756763));
#2305=CARTESIAN_POINT('',(47.0323647733,-11.8005044738,27.7175756763));

#2306=CARTESIAN_POINT('',(51.9465230323,-11.8005044738,27.7175756763));
#2307=VERTEX_POINT('',#2306);
#2308=(
BOUNDED_CURVE()
B_SPLINE_CURVE(2,(#2309,#2310,#2311),.UNSPECIFIED.,.F.,.F.)
B_SPLINE_CURVE_WITH_KNOTS((3,3),(0.000,1.000),.UNSPECIFIED.)
CURVE()
GEOMETRIC_REPRESENTATION_ITEM()
RATIONAL_B_SPLINE_CURVE((1.0000000000,0.7071067812,1.0000000000))
REPRESENTATION_ITEM('')
);
#2309=CARTESIAN_POINT('',(51.9465230323,-11.8005044738,27.7175756763));
#2310=CARTESIAN_POINT('',(51.9465230323,-11.8005044738,26.7175756763));
#2311=CARTESIAN_POINT('',(51.9465230323,-12.8005044737,26.7175756763));

#2312=CARTESIAN_POINT('',(51.9465230323,-12.8005044737,26.7175756763));
#2313=VERTEX_POINT('',#2312);
#2314=EDGE_CURVE('',#2307,#2313,#2308,.T.);
#2315=ORIENTED_EDGE('',*,*,#2314,.T.);
#2316=(
BOUNDED_CURVE()
B_SPLINE_CURVE(1,(#2317,#2318),.UNSPECIFIED.,.F.,.F.)
B_SPLINE_CURVE_WITH_KNOTS((2,2),(0.000,1.000),.UNSPECIFIED.)
CURVE()
GEOMETRIC_REPRESENTATION_ITEM()
RATIONAL_B_SPLINE_CURVE((1.0000000000,1.0000000000))
REPRESENTATION_ITEM('')
);
#2317=CARTESIAN_POINT('',(51.9465230323,-12.8005044738,26.7175756763));
#2318=CARTESIAN_POINT('',(48.0000000000,-12.8005044738,26.7175756763));

#2319=CARTESIAN_POINT('',(48.0000000000,-12.8005044738,26.7175756763));
#2320=VERTEX_POINT('',#2319);
#2321=EDGE_CURVE('',#2313,#2320,#2316,.T.);
#2322=ORIENTED_EDGE('',*,*,#2321,.T.);
#2323=(
BOUNDED_CURVE()
B_SPLINE_CURVE(2,(#2324,#2325,#2326),.UNSPECIFIED.,.F.,.F.)
B_SPLINE_CURVE_WITH_KNOTS((3,3),(0.000,1.000),.UNSPECIFIED.)
CURVE()
GEOMETRIC_REPRESENTATION_ITEM()
RATIONAL_B_SPLINE_CURVE((1.0000000000,0.7071067812,1.0000000000))
REPRESENTATION_ITEM('')
);
#2324=CARTESIAN_POINT('',(48.0000000000,-12.8005044737,26.7175756763));
#2325=CARTESIAN_POINT('',(48.0000000000,-11.8005044738,26.7175756763));
#2326=CARTESIAN_POINT('',(48.0000000000,-11.8005044738,27.7175756763));

#2327=CARTESIAN_POINT('',(48.0000000000,-11.8005044738,27.7175756763));
#2328=VERTEX_POINT('',#2327);
#2329=EDGE_CURVE('',#2320,#2328,#2323,.T.);
#2330=ORIENTED_EDGE('',*,*,#2329,.T.);
#2331=(
BOUNDED_CURVE()
B_SPLINE_CURVE(1,(#2332,#2333),.UNSPECIFIED.,.F.,.F.)
B_SPLINE_CURVE_WITH_KNOTS((2,2),(0.000,1.000),.UNSPECIFIED.)
CURVE()
GEOMETRIC_REPRESENTATION_ITEM()
RATIONAL_B_SPLINE_CURVE((1.0000000000,1.0000000000))
REPRESENTATION_ITEM('')
);
#2332=CARTESIAN_POINT('',(48.0000000000,-11.8005044738,27.7175756763));
#2333=CARTESIAN_POINT('',(51.9465230323,-11.8005044738,27.7175756763));

#2334=EDGE_CURVE('',#2328,#2307,#2331,.T.);
#2335=ORIENTED_EDGE('',*,*,#2334,.T.);
#2336=EDGE_LOOP('',(#2315,#2322,#2330,#2335));
#2337=FACE_OUTER_BOUND('',#2336,.T.);
#2338=ADVANCED_FACE('',(#2337),#2299,.T.);
#2339=COLOUR_RGB('',0.39,0.39,0.39);
#2340=FILL_AREA_STYLE_COLOUR('',#2339);
#2341=FILL_AREA_STYLE('',(#2340));
#2342=SURFACE_STYLE_FILL_AREA(#2341);
#2343=SURFACE_STYLE_TRANSPARENT(0.00);
#2344=SURFACE_STYLE_RENDERING_WITH_PROPERTIES(.NORMAL_SHADING.,#2339,(#2343));
#2345=SURFACE_SIDE_STYLE('',(#2342, #2344));
#2346=SURFACE_STYLE_USAGE(.BOTH.,#2345);
#2347=PRESENTATION_STYLE_ASSIGNMENT((#2346));
#2348=STYLED_ITEM('',(#2347),#2338);

#2349=(
BOUNDED_SURFACE()
B_SPLINE_SURFACE(1,1,((#2350,#2351),(#2352,#2353)),.UNSPECIFIED.,.F.,.F.,.F.)
B_SPLINE_SURFACE_WITH_KNOTS((2,2),(2,2),(0.000,1.000),(0.000,1.000),.UNSPECIFIED.)
GEOMETRIC_REPRESENTATION_ITEM()
RATIONAL_B_SPLINE_SURFACE(((1.0000000000,1.0000000000),(1.0000000000,1.0000000000)))
REPRESENTATION_ITEM('')
SURFACE()
);
#2350=CARTESIAN_POINT('',(51.9465230323,-32.0719108337,26.7175756763));
#2351=CARTESIAN_POINT('',(47.0323647733,-32.0719108337,26.7175756763));
#2352=CARTESIAN_POINT('',(51.9465230323,-12.8005044738,26.7175756763));
#2353=CARTESIAN_POINT('',(47.0323647733,-12.8005044738,26.7175756763));

#2354=CARTESIAN_POINT('',(51.9465230323,-12.8005044738,26.7175756763));
#2355=VERTEX_POINT('',#2354);
#2356=(
BOUNDED_CURVE()
B_SPLINE_CURVE(1,(#2357,#2358),.UNSPECIFIED.,.F.,.F.)
B_SPLINE_CURVE_WITH_KNOTS((2,2),(0.000,1.000),.UNSPECIFIED.)
CURVE()
GEOMETRIC_REPRESENTATION_ITEM()
RATIONAL_B_SPLINE_CURVE((1.0000000000,1.0000000000))
REPRESENTATION_ITEM('')
);
#2357=CARTESIAN_POINT('',(51.9465230323,-12.8005044738,26.7175756763));
#2358=CARTESIAN_POINT('',(51.9465230323,-32.0719108337,26.7175756763));

#2359=CARTESIAN_POINT('',(51.9465230323,-32.0719108337,26.7175756763));
#2360=VERTEX_POINT('',#2359);
#2361=EDGE_CURVE('',#2355,#2360,#2356,.T.);
#2362=ORIENTED_EDGE('',*,*,#2361,.T.);
#2363=(
BOUNDED_CURVE()
B_SPLINE_CURVE(1,(#2364,#2365),.UNSPECIFIED.,.F.,.F.)
B_SPLINE_CURVE_WITH_KNOTS((2,2),(0.000,1.000),.UNSPECIFIED.)
CURVE()
GEOMETRIC_REPRESENTATION_ITEM()
RATIONAL_B_SPLINE_CURVE((1.0000000000,1.0000000000))
REPRESENTATION_ITEM('')
);
#2364=CARTESIAN_POINT('',(51.9465230323,-32.0719108337,26.7175756763));
#2365=CARTESIAN_POINT('',(48.0000000000,-32.0719108337,26.7175756763));

#2366=CARTESIAN_POINT('',(48.0000000000,-32.0719108337,26.7175756763));
#2367=VERTEX_POINT('',#2366);
#2368=EDGE_CURVE('',#2360,#2367,#2363,.T.);
#2369=ORIENTED_EDGE('',*,*,#2368,.T.);
#2370=(
BOUNDED_CURVE()
B_SPLINE_CURVE(1,(#2371,#2372),.UNSPECIFIED.,.F.,.F.)
B_SPLINE_CURVE_WITH_KNOTS((2,2),(0.000,1.000),.UNSPECIFIED.)
CURVE()
GEOMETRIC_REPRESENTATION_ITEM()
RATIONAL_B_SPLINE_CURVE((1.0000000000,1.0000000000))
REPRESENTATION_ITEM('')
);
#2371=CARTESIAN_POINT('',(48.0000000000,-32.0719108337,26.7175756763));
#2372=CARTESIAN_POINT('',(48.0000000000,-12.8005044738,26.7175756763));

#2373=CARTESIAN_POINT('',(48.0000000000,-12.8005044738,26.7175756763));
#2374=VERTEX_POINT('',#2373);
#2375=EDGE_CURVE('',#2367,#2374,#2370,.T.);
#2376=ORIENTED_EDGE('',*,*,#2375,.T.);
#2377=(
BOUNDED_CURVE()
B_SPLINE_CURVE(1,(#2378,#2379),.UNSPECIFIED.,.F.,.F.)
B_SPLINE_CURVE_WITH_KNOTS((2,2),(0.000,1.000),.UNSPECIFIED.)
CURVE()
GEOMETRIC_REPRESENTATION_ITEM()
RATIONAL_B_SPLINE_CURVE((1.0000000000,1.0000000000))
REPRESENTATION_ITEM('')
);
#2378=CARTESIAN_POINT('',(48.0000000000,-12.8005044738,26.7175756763));
#2379=CARTESIAN_POINT('',(51.9465230323,-12.8005044738,26.7175756763));

#2380=EDGE_CURVE('',#2374,#2355,#2377,.T.);
#2381=ORIENTED_EDGE('',*,*,#2380,.T.);
#2382=EDGE_LOOP('',(#2362,#2369,#2376,#2381));
#2383=FACE_OUTER_BOUND('',#2382,.T.);
#2384=ADVANCED_FACE('',(#2383),#2349,.T.);
#2385=COLOUR_RGB('',0.39,0.39,0.39);
#2386=FILL_AREA_STYLE_COLOUR('',#2385);
#2387=FILL_AREA_STYLE('',(#2386));
#2388=SURFACE_STYLE_FILL_AREA(#2387);
#2389=SURFACE_STYLE_TRANSPARENT(0.00);
#2390=SURFACE_STYLE_RENDERING_WITH_PROPERTIES(.NORMAL_SHADING.,#2385,(#2389));
#2391=SURFACE_SIDE_STYLE('',(#2388, #2390));
#2392=SURFACE_STYLE_USAGE(.BOTH.,#2391);
#2393=PRESENTATION_STYLE_ASSIGNMENT((#2392));
#2394=STYLED_ITEM('',(#2393),#2384);

#2395=(
BOUNDED_SURFACE()
B_SPLINE_SURFACE(2,1,((#2396,#2397),(#2398,#2399),(#2400,#2401)),.UNSPECIFIED.,.F.,.F.,.F.)
B_SPLINE_SURFACE_WITH_KNOTS((3,3),(2,2),(0.000,1.000),(0.000,1.000),.UNSPECIFIED.)
GEOMETRIC_REPRESENTATION_ITEM()
RATIONAL_B_SPLINE_SURFACE(((1.0000000000,1.0000000000),(0.7071067812,0.7071067812),(1.0000000000,1.0000000000)))
REPRESENTATION_ITEM('')
SURFACE()
);
#2396=CARTESIAN_POINT('',(51.9465230323,-33.0719108337,27.7175756763));
#2397=CARTESIAN_POINT('',(47.0323647733,-33.0719108337,27.7175756763));
#2398=CARTESIAN_POINT('',(51.9465230323,-33.0719108337,26.7175756763));
#2399=CARTESIAN_POINT('',(47.0323647733,-33.0719108337,26.7175756763));
#2400=CARTESIAN_POINT('',(51.9465230323,-32.0719108337,26.7175756763));
#2401=CARTESIAN_POINT('',(47.0323647733,-32.0719108337,26.7175756763));

#2402=CARTESIAN_POINT('',(51.9465230323,-32.0719108337,26.7175756763));
#2403=VERTEX_POINT('',#2402);
#2404=(
BOUNDED_CURVE()
B_SPLINE_CURVE(2,(#2405,#2406,#2407),.UNSPECIFIED.,.F.,.F.)
B_SPLINE_CURVE_WITH_KNOTS((3,3),(0.000,1.000),.UNSPECIFIED.)
CURVE()
GEOMETRIC_REPRESENTATION_ITEM()
RATIONAL_B_SPLINE_CURVE((1.0000000000,0.7071067812,1.0000000000))
REPRESENTATION_ITEM('')
);
#2405=CARTESIAN_POINT('',(51.9465230323,-32.0719108337,26.7175756763));
#2406=CARTESIAN_POINT('',(51.9465230323,-33.0719108337,26.7175756763));
#2407=CARTESIAN_POINT('',(51.9465230323,-33.0719108337,27.7175756762));

#2408=CARTESIAN_POINT('',(51.9465230323,-33.0719108337,27.7175756762));
#2409=VERTEX_POINT('',#2408);
#2410=EDGE_CURVE('',#2403,#2409,#2404,.T.);
#2411=ORIENTED_EDGE('',*,*,#2410,.T.);
#2412=(
BOUNDED_CURVE()
B_SPLINE_CURVE(1,(#2413,#2414),.UNSPECIFIED.,.F.,.F.)
B_SPLINE_CURVE_WITH_KNOTS((2,2),(0.000,1.000),.UNSPECIFIED.)
CURVE()
GEOMETRIC_REPRESENTATION_ITEM()
RATIONAL_B_SPLINE_CURVE((1.0000000000,1.0000000000))
REPRESENTATION_ITEM('')
);
#2413=CARTESIAN_POINT('',(51.9465230323,-33.0719108337,27.7175756763));
#2414=CARTESIAN_POINT('',(48.0000000000,-33.0719108337,27.7175756763));

#2415=CARTESIAN_POINT('',(48.0000000000,-33.0719108337,27.7175756763));
#2416=VERTEX_POINT('',#2415);
#2417=EDGE_CURVE('',#2409,#2416,#2412,.T.);
#2418=ORIENTED_EDGE('',*,*,#2417,.T.);
#2419=(
BOUNDED_CURVE()
B_SPLINE_CURVE(2,(#2420,#2421,#2422),.UNSPECIFIED.,.F.,.F.)
B_SPLINE_CURVE_WITH_KNOTS((3,3),(0.000,1.000),.UNSPECIFIED.)
CURVE()
GEOMETRIC_REPRESENTATION_ITEM()
RATIONAL_B_SPLINE_CURVE((1.0000000000,0.7071067812,1.0000000000))
REPRESENTATION_ITEM('')
);
#2420=CARTESIAN_POINT('',(48.0000000000,-33.0719108337,27.7175756762));
#2421=CARTESIAN_POINT('',(48.0000000000,-33.0719108337,26.7175756763));
#2422=CARTESIAN_POINT('',(48.0000000000,-32.0719108337,26.7175756763));

#2423=CARTESIAN_POINT('',(48.0000000000,-32.0719108337,26.7175756763));
#2424=VERTEX_POINT('',#2423);
#2425=EDGE_CURVE('',#2416,#2424,#2419,.T.);
#2426=ORIENTED_EDGE('',*,*,#2425,.T.);
#2427=(
BOUNDED_CURVE()
B_SPLINE_CURVE(1,(#2428,#2429),.UNSPECIFIED.,.F.,.F.)
B_SPLINE_CURVE_WITH_KNOTS((2,2),(0.000,1.000),.UNSPECIFIED.)
CURVE()
GEOMETRIC_REPRESENTATION_ITEM()
RATIONAL_B_SPLINE_CURVE((1.0000000000,1.0000000000))
REPRESENTATION_ITEM('')
);
#2428=CARTESIAN_POINT('',(48.0000000000,-32.0719108337,26.7175756763));
#2429=CARTESIAN_POINT('',(51.9465230323,-32.0719108337,26.7175756763));

#2430=EDGE_CURVE('',#2424,#2403,#2427,.T.);
#2431=ORIENTED_EDGE('',*,*,#2430,.T.);
#2432=EDGE_LOOP('',(#2411,#2418,#2426,#2431));
#2433=FACE_OUTER_BOUND('',#2432,.T.);
#2434=ADVANCED_FACE('',(#2433),#2395,.T.);
#2435=COLOUR_RGB('',0.39,0.39,0.39);
#2436=FILL_AREA_STYLE_COLOUR('',#2435);
#2437=FILL_AREA_STYLE('',(#2436));
#2438=SURFACE_STYLE_FILL_AREA(#2437);
#2439=SURFACE_STYLE_TRANSPARENT(0.00);
#2440=SURFACE_STYLE_RENDERING_WITH_PROPERTIES(.NORMAL_SHADING.,#2435,(#2439));
#2441=SURFACE_SIDE_STYLE('',(#2438, #2440));
#2442=SURFACE_STYLE_USAGE(.BOTH.,#2441);
#2443=PRESENTATION_STYLE_ASSIGNMENT((#2442));
#2444=STYLED_ITEM('',(#2443),#2434);

#2445=(
BOUNDED_SURFACE()
B_SPLINE_SURFACE(1,1,((#2446,#2447),(#2448,#2449)),.UNSPECIFIED.,.F.,.F.,.F.)
B_SPLINE_SURFACE_WITH_KNOTS((2,2),(2,2),(0.000,1.000),(0.000,1.000),.UNSPECIFIED.)
GEOMETRIC_REPRESENTATION_ITEM()
RATIONAL_B_SPLINE_SURFACE(((1.0000000000,1.0000000000),(1.0000000000,1.0000000000)))
REPRESENTATION_ITEM('')
SURFACE()
);
#2446=CARTESIAN_POINT('',(51.9465230323,-33.0719108337,43.2175756763));
#2447=CARTESIAN_POINT('',(47.0323647733,-33.0719108337,43.2175756763));
#2448=CARTESIAN_POINT('',(51.9465230323,-33.0719108337,27.7175756763));
#2449=CARTESIAN_POINT('',(47.0323647733,-33.0719108337,27.7175756763));

#2450=CARTESIAN_POINT('',(51.9465230323,-33.0719108337,27.7175756763));
#2451=VERTEX_POINT('',#2450);
#2452=(
BOUNDED_CURVE()
B_SPLINE_CURVE(1,(#2453,#2454),.UNSPECIFIED.,.F.,.F.)
B_SPLINE_CURVE_WITH_KNOTS((2,2),(0.000,1.000),.UNSPECIFIED.)
CURVE()
GEOMETRIC_REPRESENTATION_ITEM()
RATIONAL_B_SPLINE_CURVE((1.0000000000,1.0000000000))
REPRESENTATION_ITEM('')
);
#2453=CARTESIAN_POINT('',(51.9465230323,-33.0719108337,27.7175756763));
#2454=CARTESIAN_POINT('',(51.9465230323,-33.0719108337,43.2175756763));

#2455=CARTESIAN_POINT('',(51.9465230323,-33.0719108337,43.2175756763));
#2456=VERTEX_POINT('',#2455);
#2457=EDGE_CURVE('',#2451,#2456,#2452,.T.);
#2458=ORIENTED_EDGE('',*,*,#2457,.T.);
#2459=(
BOUNDED_CURVE()
B_SPLINE_CURVE(1,(#2460,#2461),.UNSPECIFIED.,.F.,.F.)
B_SPLINE_CURVE_WITH_KNOTS((2,2),(0.000,1.000),.UNSPECIFIED.)
CURVE()
GEOMETRIC_REPRESENTATION_ITEM()
RATIONAL_B_SPLINE_CURVE((1.0000000000,1.0000000000))
REPRESENTATION_ITEM('')
);
#2460=CARTESIAN_POINT('',(51.9465230323,-33.0719108337,43.2175756763));
#2461=CARTESIAN_POINT('',(48.0000000000,-33.0719108337,43.2175756763));

#2462=CARTESIAN_POINT('',(48.0000000000,-33.0719108337,43.2175756763));
#2463=VERTEX_POINT('',#2462);
#2464=EDGE_CURVE('',#2456,#2463,#2459,.T.);
#2465=ORIENTED_EDGE('',*,*,#2464,.T.);
#2466=(
BOUNDED_CURVE()
B_SPLINE_CURVE(1,(#2467,#2468),.UNSPECIFIED.,.F.,.F.)
B_SPLINE_CURVE_WITH_KNOTS((2,2),(0.000,1.000),.UNSPECIFIED.)
CURVE()
GEOMETRIC_REPRESENTATION_ITEM()
RATIONAL_B_SPLINE_CURVE((1.0000000000,1.0000000000))
REPRESENTATION_ITEM('')
);
#2467=CARTESIAN_POINT('',(48.0000000000,-33.0719108337,43.2175756763));
#2468=CARTESIAN_POINT('',(48.0000000000,-33.0719108337,27.7175756763));

#2469=CARTESIAN_POINT('',(48.0000000000,-33.0719108337,27.7175756763));
#2470=VERTEX_POINT('',#2469);
#2471=EDGE_CURVE('',#2463,#2470,#2466,.T.);
#2472=ORIENTED_EDGE('',*,*,#2471,.T.);
#2473=(
BOUNDED_CURVE()
B_SPLINE_CURVE(1,(#2474,#2475),.UNSPECIFIED.,.F.,.F.)
B_SPLINE_CURVE_WITH_KNOTS((2,2),(0.000,1.000),.UNSPECIFIED.)
CURVE()
GEOMETRIC_REPRESENTATION_ITEM()
RATIONAL_B_SPLINE_CURVE((1.0000000000,1.0000000000))
REPRESENTATION_ITEM('')
);
#2474=CARTESIAN_POINT('',(48.0000000000,-33.0719108337,27.7175756763));
#2475=CARTESIAN_POINT('',(51.9465230323,-33.0719108337,27.7175756763));

#2476=EDGE_CURVE('',#2470,#2451,#2473,.T.);
#2477=ORIENTED_EDGE('',*,*,#2476,.T.);
#2478=EDGE_LOOP('',(#2458,#2465,#2472,#2477));
#2479=FACE_OUTER_BOUND('',#2478,.T.);
#2480=ADVANCED_FACE('',(#2479),#2445,.T.);
#2481=COLOUR_RGB('',0.39,0.39,0.39);
#2482=FILL_AREA_STYLE_COLOUR('',#2481);
#2483=FILL_AREA_STYLE('',(#2482));
#2484=SURFACE_STYLE_FILL_AREA(#2483);
#2485=SURFACE_STYLE_TRANSPARENT(0.00);
#2486=SURFACE_STYLE_RENDERING_WITH_PROPERTIES(.NORMAL_SHADING.,#2481,(#2485));
#2487=SURFACE_SIDE_STYLE('',(#2484, #2486));
#2488=SURFACE_STYLE_USAGE(.BOTH.,#2487);
#2489=PRESENTATION_STYLE_ASSIGNMENT((#2488));
#2490=STYLED_ITEM('',(#2489),#2480);

#2491=(
BOUNDED_SURFACE()
B_SPLINE_SURFACE(2,1,((#2492,#2493),(#2494,#2495),(#2496,#2497)),.UNSPECIFIED.,.F.,.F.,.F.)
B_SPLINE_SURFACE_WITH_KNOTS((3,3),(2,2),(0.000,1.000),(0.000,1.000),.UNSPECIFIED.)
GEOMETRIC_REPRESENTATION_ITEM()
RATIONAL_B_SPLINE_SURFACE(((1.0000000000,1.0000000000),(0.7071067812,0.7071067812),(1.0000000000,1.0000000000)))
REPRESENTATION_ITEM('')
SURFACE()
);
#2492=CARTESIAN_POINT('',(51.9465230323,-32.0719108337,44.2175756763));
#2493=CARTESIAN_POINT('',(47.0323647733,-32.0719108337,44.2175756763));
#2494=CARTESIAN_POINT('',(51.9465230323,-33.0719108337,44.2175756763));
#2495=CARTESIAN_POINT('',(47.0323647733,-33.0719108337,44.2175756763));
#2496=CARTESIAN_POINT('',(51.9465230323,-33.0719108337,43.2175756763));
#2497=CARTESIAN_POINT('',(47.0323647733,-33.0719108337,43.2175756763));

#2498=CARTESIAN_POINT('',(51.9465230323,-33.0719108337,43.2175756763));
#2499=VERTEX_POINT('',#2498);
#2500=(
BOUNDED_CURVE()
B_SPLINE_CURVE(2,(#2501,#2502,#2503),.UNSPECIFIED.,.F.,.F.)
B_SPLINE_CURVE_WITH_KNOTS((3,3),(0.000,1.000),.UNSPECIFIED.)
CURVE()
GEOMETRIC_REPRESENTATION_ITEM()
RATIONAL_B_SPLINE_CURVE((1.0000000000,0.7071067812,1.0000000000))
REPRESENTATION_ITEM('')
);
#2501=CARTESIAN_POINT('',(51.9465230323,-33.0719108337,43.2175756763));
#2502=CARTESIAN_POINT('',(51.9465230323,-33.0719108337,44.2175756762));
#2503=CARTESIAN_POINT('',(51.9465230323,-32.0719108338,44.2175756763));

#2504=CARTESIAN_POINT('',(51.9465230323,-32.0719108338,44.2175756763));
#2505=VERTEX_POINT('',#2504);
#2506=EDGE_CURVE('',#2499,#2505,#2500,.T.);
#2507=ORIENTED_EDGE('',*,*,#2506,.T.);
#2508=(
BOUNDED_CURVE()
B_SPLINE_CURVE(1,(#2509,#2510),.UNSPECIFIED.,.F.,.F.)
B_SPLINE_CURVE_WITH_KNOTS((2,2),(0.000,1.000),.UNSPECIFIED.)
CURVE()
GEOMETRIC_REPRESENTATION_ITEM()
RATIONAL_B_SPLINE_CURVE((1.0000000000,1.0000000000))
REPRESENTATION_ITEM('')
);
#2509=CARTESIAN_POINT('',(51.9465230323,-32.0719108337,44.2175756763));
#2510=CARTESIAN_POINT('',(48.0000000000,-32.0719108337,44.2175756763));

#2511=CARTESIAN_POINT('',(48.0000000000,-32.0719108337,44.2175756763));
#2512=VERTEX_POINT('',#2511);
#2513=EDGE_CURVE('',#2505,#2512,#2508,.T.);
#2514=ORIENTED_EDGE('',*,*,#2513,.T.);
#2515=(
BOUNDED_CURVE()
B_SPLINE_CURVE(2,(#2516,#2517,#2518),.UNSPECIFIED.,.F.,.F.)
B_SPLINE_CURVE_WITH_KNOTS((3,3),(0.000,1.000),.UNSPECIFIED.)
CURVE()
GEOMETRIC_REPRESENTATION_ITEM()
RATIONAL_B_SPLINE_CURVE((1.0000000000,0.7071067812,1.0000000000))
REPRESENTATION_ITEM('')
);
#2516=CARTESIAN_POINT('',(48.0000000000,-32.0719108338,44.2175756763));
#2517=CARTESIAN_POINT('',(48.0000000000,-33.0719108337,44.2175756762));
#2518=CARTESIAN_POINT('',(48.0000000000,-33.0719108337,43.2175756763));

#2519=CARTESIAN_POINT('',(48.0000000000,-33.0719108337,43.2175756763));
#2520=VERTEX_POINT('',#2519);
#2521=EDGE_CURVE('',#2512,#2520,#2515,.T.);
#2522=ORIENTED_EDGE('',*,*,#2521,.T.);
#2523=(
BOUNDED_CURVE()
B_SPLINE_CURVE(1,(#2524,#2525),.UNSPECIFIED.,.F.,.F.)
B_SPLINE_CURVE_WITH_KNOTS((2,2),(0.000,1.000),.UNSPECIFIED.)
CURVE()
GEOMETRIC_REPRESENTATION_ITEM()
RATIONAL_B_SPLINE_CURVE((1.0000000000,1.0000000000))
REPRESENTATION_ITEM('')
);
#2524=CARTESIAN_POINT('',(48.0000000000,-33.0719108337,43.2175756763));
#2525=CARTESIAN_POINT('',(51.9465230323,-33.0719108337,43.2175756763));

#2526=EDGE_CURVE('',#2520,#2499,#2523,.T.);
#2527=ORIENTED_EDGE('',*,*,#2526,.T.);
#2528=EDGE_LOOP('',(#2507,#2514,#2522,#2527));
#2529=FACE_OUTER_BOUND('',#2528,.T.);
#2530=ADVANCED_FACE('',(#2529),#2491,.T.);
#2531=COLOUR_RGB('',0.39,0.39,0.39);
#2532=FILL_AREA_STYLE_COLOUR('',#2531);
#2533=FILL_AREA_STYLE('',(#2532));
#2534=SURFACE_STYLE_FILL_AREA(#2533);
#2535=SURFACE_STYLE_TRANSPARENT(0.00);
#2536=SURFACE_STYLE_RENDERING_WITH_PROPERTIES(.NORMAL_SHADING.,#2531,(#2535));
#2537=SURFACE_SIDE_STYLE('',(#2534, #2536));
#2538=SURFACE_STYLE_USAGE(.BOTH.,#2537);
#2539=PRESENTATION_STYLE_ASSIGNMENT((#2538));
#2540=STYLED_ITEM('',(#2539),#2530);

#2541=(
BOUNDED_SURFACE()
B_SPLINE_SURFACE(1,1,((#2542,#2543),(#2544,#2545)),.UNSPECIFIED.,.F.,.F.,.F.)
B_SPLINE_SURFACE_WITH_KNOTS((2,2),(2,2),(0.000,1.000),(0.000,1.000),.UNSPECIFIED.)
GEOMETRIC_REPRESENTATION_ITEM()
RATIONAL_B_SPLINE_SURFACE(((1.0000000000,1.0000000000),(1.0000000000,1.0000000000)))
REPRESENTATION_ITEM('')
SURFACE()
);
#2542=CARTESIAN_POINT('',(54.7570208901,-40.6830651621,17.8583446388));
#2543=CARTESIAN_POINT('',(54.7570208901,-36.7923226468,17.8583446388));
#2544=CARTESIAN_POINT('',(54.7570208901,-40.6830651621,12.4373824898));
#2545=CARTESIAN_POINT('',(54.7570208901,-36.7923226468,12.4373824898));

#2546=CARTESIAN_POINT('',(54.7570208901,-40.6830651621,14.0235293943));
#2547=VERTEX_POINT('',#2546);
#2548=(
BOUNDED_CURVE()
B_SPLINE_CURVE(1,(#2549,#2550),.UNSPECIFIED.,.F.,.F.)
B_SPLINE_CURVE_WITH_KNOTS((2,2),(0.000,1.000),.UNSPECIFIED.)
CURVE()
GEOMETRIC_REPRESENTATION_ITEM()
RATIONAL_B_SPLINE_CURVE((1.0000000000,1.0000000000))
REPRESENTATION_ITEM('')
);
#2549=CARTESIAN_POINT('',(54.7570208901,-40.6830651621,14.0235293943));
#2550=CARTESIAN_POINT('',(54.7570208901,-38.6583537749,15.1479044606));

#2551=CARTESIAN_POINT('',(54.7570208901,-38.6583537749,15.1479044606));
#2552=VERTEX_POINT('',#2551);
#2553=EDGE_CURVE('',#2547,#2552,#2548,.T.);
#2554=ORIENTED_EDGE('',*,*,#2553,.T.);
#2555=(
BOUNDED_CURVE()
B_SPLINE_CURVE(1,(#2556,#2557),.UNSPECIFIED.,.F.,.F.)
B_SPLINE_CURVE_WITH_KNOTS((2,2),(0.000,1.000),.UNSPECIFIED.)
CURVE()
GEOMETRIC_REPRESENTATION_ITEM()
RATIONAL_B_SPLINE_CURVE((1.0000000000,1.0000000000))
REPRESENTATION_ITEM('')
);
#2556=CARTESIAN_POINT('',(54.7570208901,-38.6583537749,15.1479044606));
#2557=CARTESIAN_POINT('',(54.7570208901,-40.6830651621,16.2721973854));

#2558=CARTESIAN_POINT('',(54.7570208901,-40.6830651621,16.2721973854));
#2559=VERTEX_POINT('',#2558);
#2560=EDGE_CURVE('',#2552,#2559,#2555,.T.);
#2561=ORIENTED_EDGE('',*,*,#2560,.T.);
#2562=(
BOUNDED_CURVE()
B_SPLINE_CURVE(1,(#2563,#2564),.UNSPECIFIED.,.F.,.F.)
B_SPLINE_CURVE_WITH_KNOTS((2,2),(0.000,1.000),.UNSPECIFIED.)
CURVE()
GEOMETRIC_REPRESENTATION_ITEM()
RATIONAL_B_SPLINE_CURVE((1.0000000000,1.0000000000))
REPRESENTATION_ITEM('')
);
#2563=CARTESIAN_POINT('',(54.7570208901,-40.6830651621,16.2721973854));
#2564=CARTESIAN_POINT('',(54.7570208901,-40.6830651621,17.8583446388));

#2565=CARTESIAN_POINT('',(54.7570208901,-40.6830651621,17.8583446388));
#2566=VERTEX_POINT('',#2565);
#2567=EDGE_CURVE('',#2559,#2566,#2562,.T.);
#2568=ORIENTED_EDGE('',*,*,#2567,.T.);
#2569=(
BOUNDED_CURVE()
B_SPLINE_CURVE(1,(#2570,#2571),.UNSPECIFIED.,.F.,.F.)
B_SPLINE_CURVE_WITH_KNOTS((2,2),(0.000,1.000),.UNSPECIFIED.)
CURVE()
GEOMETRIC_REPRESENTATION_ITEM()
RATIONAL_B_SPLINE_CURVE((1.0000000000,1.0000000000))
REPRESENTATION_ITEM('')
);
#2570=CARTESIAN_POINT('',(54.7570208901,-40.6830651621,17.8583446388));
#2571=CARTESIAN_POINT('',(54.7570208901,-36.7923226468,15.6236993119));

#2572=CARTESIAN_POINT('',(54.7570208901,-36.7923226468,15.6236993119));
#2573=VERTEX_POINT('',#2572);
#2574=EDGE_CURVE('',#2566,#2573,#2569,.T.);
#2575=ORIENTED_EDGE('',*,*,#2574,.T.);
#2576=(
BOUNDED_CURVE()
B_SPLINE_CURVE(1,(#2577,#2578),.UNSPECIFIED.,.F.,.F.)
B_SPLINE_CURVE_WITH_KNOTS((2,2),(0.000,1.000),.UNSPECIFIED.)
CURVE()
GEOMETRIC_REPRESENTATION_ITEM()
RATIONAL_B_SPLINE_CURVE((1.0000000000,1.0000000000))
REPRESENTATION_ITEM('')
);
#2577=CARTESIAN_POINT('',(54.7570208901,-36.7923226468,15.6236993119));
#2578=CARTESIAN_POINT('',(54.7570208901,-36.7923226468,14.6720276672));

#2579=CARTESIAN_POINT('',(54.7570208901,-36.7923226468,14.6720276672));
#2580=VERTEX_POINT('',#2579);
#2581=EDGE_CURVE('',#2573,#2580,#2576,.T.);
#2582=ORIENTED_EDGE('',*,*,#2581,.T.);
#2583=(
BOUNDED_CURVE()
B_SPLINE_CURVE(1,(#2584,#2585),.UNSPECIFIED.,.F.,.F.)
B_SPLINE_CURVE_WITH_KNOTS((2,2),(0.000,1.000),.UNSPECIFIED.)
CURVE()
GEOMETRIC_REPRESENTATION_ITEM()
RATIONAL_B_SPLINE_CURVE((1.0000000000,1.0000000000))
REPRESENTATION_ITEM('')
);
#2584=CARTESIAN_POINT('',(54.7570208901,-36.7923226468,14.6720276672));
#2585=CARTESIAN_POINT('',(54.7570208901,-40.6830651621,12.4373824898));

#2586=CARTESIAN_POINT('',(54.7570208901,-40.6830651621,12.4373824898));
#2587=VERTEX_POINT('',#2586);
#2588=EDGE_CURVE('',#2580,#2587,#2583,.T.);
#2589=ORIENTED_EDGE('',*,*,#2588,.T.);
#2590=(
BOUNDED_CURVE()
B_SPLINE_CURVE(1,(#2591,#2592),.UNSPECIFIED.,.F.,.F.)
B_SPLINE_CURVE_WITH_KNOTS((2,2),(0.000,1.000),.UNSPECIFIED.)
CURVE()
GEOMETRIC_REPRESENTATION_ITEM()
RATIONAL_B_SPLINE_CURVE((1.0000000000,1.0000000000))
REPRESENTATION_ITEM('')
);
#2591=CARTESIAN_POINT('',(54.7570208901,-40.6830651621,12.4373824898));
#2592=CARTESIAN_POINT('',(54.7570208901,-40.6830651621,14.0235293943));

#2593=EDGE_CURVE('',#2587,#2547,#2590,.T.);
#2594=ORIENTED_EDGE('',*,*,#2593,.T.);
#2595=EDGE_LOOP('',(#2554,#2561,#2568,#2575,#2582,#2589,#2594));
#2596=FACE_OUTER_BOUND('',#2595,.T.);
#2597=ADVANCED_FACE('',(#2596),#2541,.T.);
#2598=COLOUR_RGB('',0.39,0.39,0.39);
#2599=FILL_AREA_STYLE_COLOUR('',#2598);
#2600=FILL_AREA_STYLE('',(#2599));
#2601=SURFACE_STYLE_FILL_AREA(#2600);
#2602=SURFACE_STYLE_TRANSPARENT(0.00);
#2603=SURFACE_STYLE_RENDERING_WITH_PROPERTIES(.NORMAL_SHADING.,#2598,(#2602));
#2604=SURFACE_SIDE_STYLE('',(#2601, #2603));
#2605=SURFACE_STYLE_USAGE(.BOTH.,#2604);
#2606=PRESENTATION_STYLE_ASSIGNMENT((#2605));
#2607=STYLED_ITEM('',(#2606),#2597);

#2608=(
BOUNDED_SURFACE()
B_SPLINE_SURFACE(1,1,((#2609,#2610),(#2611,#2612)),.UNSPECIFIED.,.F.,.F.,.F.)
B_SPLINE_SURFACE_WITH_KNOTS((2,2),(2,2),(0.000,1.000),(0.000,1.000),.UNSPECIFIED.)
GEOMETRIC_REPRESENTATION_ITEM()
RATIONAL_B_SPLINE_SURFACE(((1.0000000000,1.0000000000),(1.0000000000,1.0000000000)))
REPRESENTATION_ITEM('')
SURFACE()
);
#2609=CARTESIAN_POINT('',(54.7570208901,-36.7923226468,14.6720276672));
#2610=CARTESIAN_POINT('',(51.9465230323,-36.7923226468,14.6720276672));
#2611=CARTESIAN_POINT('',(54.7570208901,-40.6830651621,12.4373824898));
#2612=CARTESIAN_POINT('',(51.9465230323,-40.6830651621,12.4373824898));

#2613=CARTESIAN_POINT('',(54.7570208901,-36.7923226468,14.6720276672));
#2614=VERTEX_POINT('',#2613);
#2615=(
BOUNDED_CURVE()
B_SPLINE_CURVE(1,(#2616,#2617),.UNSPECIFIED.,.F.,.F.)
B_SPLINE_CURVE_WITH_KNOTS((2,2),(0.000,1.000),.UNSPECIFIED.)
CURVE()
GEOMETRIC_REPRESENTATION_ITEM()
RATIONAL_B_SPLINE_CURVE((1.0000000000,1.0000000000))
REPRESENTATION_ITEM('')
);
#2616=CARTESIAN_POINT('',(54.7570208901,-36.7923226468,14.6720276672));
#2617=CARTESIAN_POINT('',(51.9465230323,-36.7923226468,14.6720276672));

#2618=CARTESIAN_POINT('',(51.9465230323,-36.7923226468,14.6720276672));
#2619=VERTEX_POINT('',#2618);
#2620=EDGE_CURVE('',#2614,#2619,#2615,.T.);
#2621=ORIENTED_EDGE('',*,*,#2620,.T.);
#2622=(
BOUNDED_CURVE()
B_SPLINE_CURVE(1,(#2623,#2624),.UNSPECIFIED.,.F.,.F.)
B_SPLINE_CURVE_WITH_KNOTS((2,2),(0.000,1.000),.UNSPECIFIED.)
CURVE()
GEOMETRIC_REPRESENTATION_ITEM()
RATIONAL_B_SPLINE_CURVE((1.0000000000,1.0000000000))
REPRESENTATION_ITEM('')
);
#2623=CARTESIAN_POINT('',(51.9465230323,-36.7923226468,14.6720276672));
#2624=CARTESIAN_POINT('',(51.9465230323,-40.6830651621,12.4373824898));

#2625=CARTESIAN_POINT('',(51.9465230323,-40.6830651621,12.4373824898));
#2626=VERTEX_POINT('',#2625);
#2627=EDGE_CURVE('',#2619,#2626,#2622,.T.);
#2628=ORIENTED_EDGE('',*,*,#2627,.T.);
#2629=(
BOUNDED_CURVE()
B_SPLINE_CURVE(1,(#2630,#2631),.UNSPECIFIED.,.F.,.F.)
B_SPLINE_CURVE_WITH_KNOTS((2,2),(0.000,1.000),.UNSPECIFIED.)
CURVE()
GEOMETRIC_REPRESENTATION_ITEM()
RATIONAL_B_SPLINE_CURVE((1.0000000000,1.0000000000))
REPRESENTATION_ITEM('')
);
#2630=CARTESIAN_POINT('',(51.9465230323,-40.6830651621,12.4373824898));
#2631=CARTESIAN_POINT('',(54.7570208901,-40.6830651621,12.4373824898));

#2632=CARTESIAN_POINT('',(54.7570208901,-40.6830651621,12.4373824898));
#2633=VERTEX_POINT('',#2632);
#2634=EDGE_CURVE('',#2626,#2633,#2629,.T.);
#2635=ORIENTED_EDGE('',*,*,#2634,.T.);
#2636=(
BOUNDED_CURVE()
B_SPLINE_CURVE(1,(#2637,#2638),.UNSPECIFIED.,.F.,.F.)
B_SPLINE_CURVE_WITH_KNOTS((2,2),(0.000,1.000),.UNSPECIFIED.)
CURVE()
GEOMETRIC_REPRESENTATION_ITEM()
RATIONAL_B_SPLINE_CURVE((1.0000000000,1.0000000000))
REPRESENTATION_ITEM('')
);
#2637=CARTESIAN_POINT('',(54.7570208901,-40.6830651621,12.4373824898));
#2638=CARTESIAN_POINT('',(54.7570208901,-36.7923226468,14.6720276672));

#2639=EDGE_CURVE('',#2633,#2614,#2636,.T.);
#2640=ORIENTED_EDGE('',*,*,#2639,.T.);
#2641=EDGE_LOOP('',(#2621,#2628,#2635,#2640));
#2642=FACE_OUTER_BOUND('',#2641,.T.);
#2643=ADVANCED_FACE('',(#2642),#2608,.T.);
#2644=COLOUR_RGB('',0.39,0.39,0.39);
#2645=FILL_AREA_STYLE_COLOUR('',#2644);
#2646=FILL_AREA_STYLE('',(#2645));
#2647=SURFACE_STYLE_FILL_AREA(#2646);
#2648=SURFACE_STYLE_TRANSPARENT(0.00);
#2649=SURFACE_STYLE_RENDERING_WITH_PROPERTIES(.NORMAL_SHADING.,#2644,(#2648));
#2650=SURFACE_SIDE_STYLE('',(#2647, #2649));
#2651=SURFACE_STYLE_USAGE(.BOTH.,#2650);
#2652=PRESENTATION_STYLE_ASSIGNMENT((#2651));
#2653=STYLED_ITEM('',(#2652),#2643);

#2654=(
BOUNDED_SURFACE()
B_SPLINE_SURFACE(1,1,((#2655,#2656),(#2657,#2658)),.UNSPECIFIED.,.F.,.F.,.F.)
B_SPLINE_SURFACE_WITH_KNOTS((2,2),(2,2),(0.000,1.000),(0.000,1.000),.UNSPECIFIED.)
GEOMETRIC_REPRESENTATION_ITEM()
RATIONAL_B_SPLINE_SURFACE(((1.0000000000,1.0000000000),(1.0000000000,1.0000000000)))
REPRESENTATION_ITEM('')
SURFACE()
);
#2655=CARTESIAN_POINT('',(54.7570208901,-40.6830651621,12.4373824898));
#2656=CARTESIAN_POINT('',(51.9465230323,-40.6830651621,12.4373824898));
#2657=CARTESIAN_POINT('',(54.7570208901,-40.6830651621,14.0235293943));
#2658=CARTESIAN_POINT('',(51.9465230323,-40.6830651621,14.0235293943));

#2659=CARTESIAN_POINT('',(54.7570208901,-40.6830651621,12.4373824898));
#2660=VERTEX_POINT('',#2659);
#2661=(
BOUNDED_CURVE()
B_SPLINE_CURVE(1,(#2662,#2663),.UNSPECIFIED.,.F.,.F.)
B_SPLINE_CURVE_WITH_KNOTS((2,2),(0.000,1.000),.UNSPECIFIED.)
CURVE()
GEOMETRIC_REPRESENTATION_ITEM()
RATIONAL_B_SPLINE_CURVE((1.0000000000,1.0000000000))
REPRESENTATION_ITEM('')
);
#2662=CARTESIAN_POINT('',(54.7570208901,-40.6830651621,12.4373824898));
#2663=CARTESIAN_POINT('',(51.9465230323,-40.6830651621,12.4373824898));

#2664=CARTESIAN_POINT('',(51.9465230323,-40.6830651621,12.4373824898));
#2665=VERTEX_POINT('',#2664);
#2666=EDGE_CURVE('',#2660,#2665,#2661,.T.);
#2667=ORIENTED_EDGE('',*,*,#2666,.T.);
#2668=(
BOUNDED_CURVE()
B_SPLINE_CURVE(1,(#2669,#2670),.UNSPECIFIED.,.F.,.F.)
B_SPLINE_CURVE_WITH_KNOTS((2,2),(0.000,1.000),.UNSPECIFIED.)
CURVE()
GEOMETRIC_REPRESENTATION_ITEM()
RATIONAL_B_SPLINE_CURVE((1.0000000000,1.0000000000))
REPRESENTATION_ITEM('')
);
#2669=CARTESIAN_POINT('',(51.9465230323,-40.6830651621,12.4373824898));
#2670=CARTESIAN_POINT('',(51.9465230323,-40.6830651621,14.0235293943));

#2671=CARTESIAN_POINT('',(51.9465230323,-40.6830651621,14.0235293943));
#2672=VERTEX_POINT('',#2671);
#2673=EDGE_CURVE('',#2665,#2672,#2668,.T.);
#2674=ORIENTED_EDGE('',*,*,#2673,.T.);
#2675=(
BOUNDED_CURVE()
B_SPLINE_CURVE(1,(#2676,#2677),.UNSPECIFIED.,.F.,.F.)
B_SPLINE_CURVE_WITH_KNOTS((2,2),(0.000,1.000),.UNSPECIFIED.)
CURVE()
GEOMETRIC_REPRESENTATION_ITEM()
RATIONAL_B_SPLINE_CURVE((1.0000000000,1.0000000000))
REPRESENTATION_ITEM('')
);
#2676=CARTESIAN_POINT('',(51.9465230323,-40.6830651621,14.0235293943));
#2677=CARTESIAN_POINT('',(54.7570208901,-40.6830651621,14.0235293943));

#2678=CARTESIAN_POINT('',(54.7570208901,-40.6830651621,14.0235293943));
#2679=VERTEX_POINT('',#2678);
#2680=EDGE_CURVE('',#2672,#2679,#2675,.T.);
#2681=ORIENTED_EDGE('',*,*,#2680,.T.);
#2682=(
BOUNDED_CURVE()
B_SPLINE_CURVE(1,(#2683,#2684),.UNSPECIFIED.,.F.,.F.)
B_SPLINE_CURVE_WITH_KNOTS((2,2),(0.000,1.000),.UNSPECIFIED.)
CURVE()
GEOMETRIC_REPRESENTATION_ITEM()
RATIONAL_B_SPLINE_CURVE((1.0000000000,1.0000000000))
REPRESENTATION_ITEM('')
);
#2683=CARTESIAN_POINT('',(54.7570208901,-40.6830651621,14.0235293943));
#2684=CARTESIAN_POINT('',(54.7570208901,-40.6830651621,12.4373824898));

#2685=EDGE_CURVE('',#2679,#2660,#2682,.T.);
#2686=ORIENTED_EDGE('',*,*,#2685,.T.);
#2687=EDGE_LOOP('',(#2667,#2674,#2681,#2686));
#2688=FACE_OUTER_BOUND('',#2687,.T.);
#2689=ADVANCED_FACE('',(#2688),#2654,.T.);
#2690=COLOUR_RGB('',0.39,0.39,0.39);
#2691=FILL_AREA_STYLE_COLOUR('',#2690);
#2692=FILL_AREA_STYLE('',(#2691));
#2693=SURFACE_STYLE_FILL_AREA(#2692);
#2694=SURFACE_STYLE_TRANSPARENT(0.00);
#2695=SURFACE_STYLE_RENDERING_WITH_PROPERTIES(.NORMAL_SHADING.,#2690,(#2694));
#2696=SURFACE_SIDE_STYLE('',(#2693, #2695));
#2697=SURFACE_STYLE_USAGE(.BOTH.,#2696);
#2698=PRESENTATION_STYLE_ASSIGNMENT((#2697));
#2699=STYLED_ITEM('',(#2698),#2689);

#2700=(
BOUNDED_SURFACE()
B_SPLINE_SURFACE(1,1,((#2701,#2702),(#2703,#2704)),.UNSPECIFIED.,.F.,.F.,.F.)
B_SPLINE_SURFACE_WITH_KNOTS((2,2),(2,2),(0.000,1.000),(0.000,1.000),.UNSPECIFIED.)
GEOMETRIC_REPRESENTATION_ITEM()
RATIONAL_B_SPLINE_SURFACE(((1.0000000000,1.0000000000),(1.0000000000,1.0000000000)))
REPRESENTATION_ITEM('')
SURFACE()
);
#2701=CARTESIAN_POINT('',(54.7570208901,-40.6830651621,14.0235293943));
#2702=CARTESIAN_POINT('',(51.9465230323,-40.6830651621,14.0235293943));
#2703=CARTESIAN_POINT('',(54.7570208901,-38.6583537749,15.1479044606));
#2704=CARTESIAN_POINT('',(51.9465230323,-38.6583537749,15.1479044606));

#2705=CARTESIAN_POINT('',(54.7570208901,-40.6830651621,14.0235293943));
#2706=VERTEX_POINT('',#2705);
#2707=(
BOUNDED_CURVE()
B_SPLINE_CURVE(1,(#2708,#2709),.UNSPECIFIED.,.F.,.F.)
B_SPLINE_CURVE_WITH_KNOTS((2,2),(0.000,1.000),.UNSPECIFIED.)
CURVE()
GEOMETRIC_REPRESENTATION_ITEM()
RATIONAL_B_SPLINE_CURVE((1.0000000000,1.0000000000))
REPRESENTATION_ITEM('')
);
#2708=CARTESIAN_POINT('',(54.7570208901,-40.6830651621,14.0235293943));
#2709=CARTESIAN_POINT('',(51.9465230323,-40.6830651621,14.0235293943));

#2710=CARTESIAN_POINT('',(51.9465230323,-40.6830651621,14.0235293943));
#2711=VERTEX_POINT('',#2710);
#2712=EDGE_CURVE('',#2706,#2711,#2707,.T.);
#2713=ORIENTED_EDGE('',*,*,#2712,.T.);
#2714=(
BOUNDED_CURVE()
B_SPLINE_CURVE(1,(#2715,#2716),.UNSPECIFIED.,.F.,.F.)
B_SPLINE_CURVE_WITH_KNOTS((2,2),(0.000,1.000),.UNSPECIFIED.)
CURVE()
GEOMETRIC_REPRESENTATION_ITEM()
RATIONAL_B_SPLINE_CURVE((1.0000000000,1.0000000000))
REPRESENTATION_ITEM('')
);
#2715=CARTESIAN_POINT('',(51.9465230323,-40.6830651621,14.0235293943));
#2716=CARTESIAN_POINT('',(51.9465230323,-38.6583537749,15.1479044606));

#2717=CARTESIAN_POINT('',(51.9465230323,-38.6583537749,15.1479044606));
#2718=VERTEX_POINT('',#2717);
#2719=EDGE_CURVE('',#2711,#2718,#2714,.T.);
#2720=ORIENTED_EDGE('',*,*,#2719,.T.);
#2721=(
BOUNDED_CURVE()
B_SPLINE_CURVE(1,(#2722,#2723),.UNSPECIFIED.,.F.,.F.)
B_SPLINE_CURVE_WITH_KNOTS((2,2),(0.000,1.000),.UNSPECIFIED.)
CURVE()
GEOMETRIC_REPRESENTATION_ITEM()
RATIONAL_B_SPLINE_CURVE((1.0000000000,1.0000000000))
REPRESENTATION_ITEM('')
);
#2722=CARTESIAN_POINT('',(51.9465230323,-38.6583537749,15.1479044606));
#2723=CARTESIAN_POINT('',(54.7570208901,-38.6583537749,15.1479044606));

#2724=CARTESIAN_POINT('',(54.7570208901,-38.6583537749,15.1479044606));
#2725=VERTEX_POINT('',#2724);
#2726=EDGE_CURVE('',#2718,#2725,#2721,.T.);
#2727=ORIENTED_EDGE('',*,*,#2726,.T.);
#2728=(
BOUNDED_CURVE()
B_SPLINE_CURVE(1,(#2729,#2730),.UNSPECIFIED.,.F.,.F.)
B_SPLINE_CURVE_WITH_KNOTS((2,2),(0.000,1.000),.UNSPECIFIED.)
CURVE()
GEOMETRIC_REPRESENTATION_ITEM()
RATIONAL_B_SPLINE_CURVE((1.0000000000,1.0000000000))
REPRESENTATION_ITEM('')
);
#2729=CARTESIAN_POINT('',(54.7570208901,-38.6583537749,15.1479044606));
#2730=CARTESIAN_POINT('',(54.7570208901,-40.6830651621,14.0235293943));

#2731=EDGE_CURVE('',#2725,#2706,#2728,.T.);
#2732=ORIENTED_EDGE('',*,*,#2731,.T.);
#2733=EDGE_LOOP('',(#2713,#2720,#2727,#2732));
#2734=FACE_OUTER_BOUND('',#2733,.T.);
#2735=ADVANCED_FACE('',(#2734),#2700,.T.);
#2736=COLOUR_RGB('',0.39,0.39,0.39);
#2737=FILL_AREA_STYLE_COLOUR('',#2736);
#2738=FILL_AREA_STYLE('',(#2737));
#2739=SURFACE_STYLE_FILL_AREA(#2738);
#2740=SURFACE_STYLE_TRANSPARENT(0.00);
#2741=SURFACE_STYLE_RENDERING_WITH_PROPERTIES(.NORMAL_SHADING.,#2736,(#2740));
#2742=SURFACE_SIDE_STYLE('',(#2739, #2741));
#2743=SURFACE_STYLE_USAGE(.BOTH.,#2742);
#2744=PRESENTATION_STYLE_ASSIGNMENT((#2743));
#2745=STYLED_ITEM('',(#2744),#2735);

#2746=(
BOUNDED_SURFACE()
B_SPLINE_SURFACE(1,1,((#2747,#2748),(#2749,#2750)),.UNSPECIFIED.,.F.,.F.,.F.)
B_SPLINE_SURFACE_WITH_KNOTS((2,2),(2,2),(0.000,1.000),(0.000,1.000),.UNSPECIFIED.)
GEOMETRIC_REPRESENTATION_ITEM()
RATIONAL_B_SPLINE_SURFACE(((1.0000000000,1.0000000000),(1.0000000000,1.0000000000)))
REPRESENTATION_ITEM('')
SURFACE()
);
#2747=CARTESIAN_POINT('',(54.7570208901,-38.6583537749,15.1479044606));
#2748=CARTESIAN_POINT('',(51.9465230323,-38.6583537749,15.1479044606));
#2749=CARTESIAN_POINT('',(54.7570208901,-40.6830651621,16.2721973854));
#2750=CARTESIAN_POINT('',(51.9465230323,-40.6830651621,16.2721973854));

#2751=CARTESIAN_POINT('',(54.7570208901,-38.6583537749,15.1479044606));
#2752=VERTEX_POINT('',#2751);
#2753=(
BOUNDED_CURVE()
B_SPLINE_CURVE(1,(#2754,#2755),.UNSPECIFIED.,.F.,.F.)
B_SPLINE_CURVE_WITH_KNOTS((2,2),(0.000,1.000),.UNSPECIFIED.)
CURVE()
GEOMETRIC_REPRESENTATION_ITEM()
RATIONAL_B_SPLINE_CURVE((1.0000000000,1.0000000000))
REPRESENTATION_ITEM('')
);
#2754=CARTESIAN_POINT('',(54.7570208901,-38.6583537749,15.1479044606));
#2755=CARTESIAN_POINT('',(51.9465230323,-38.6583537749,15.1479044606));

#2756=CARTESIAN_POINT('',(51.9465230323,-38.6583537749,15.1479044606));
#2757=VERTEX_POINT('',#2756);
#2758=EDGE_CURVE('',#2752,#2757,#2753,.T.);
#2759=ORIENTED_EDGE('',*,*,#2758,.T.);
#2760=(
BOUNDED_CURVE()
B_SPLINE_CURVE(1,(#2761,#2762),.UNSPECIFIED.,.F.,.F.)
B_SPLINE_CURVE_WITH_KNOTS((2,2),(0.000,1.000),.UNSPECIFIED.)
CURVE()
GEOMETRIC_REPRESENTATION_ITEM()
RATIONAL_B_SPLINE_CURVE((1.0000000000,1.0000000000))
REPRESENTATION_ITEM('')
);
#2761=CARTESIAN_POINT('',(51.9465230323,-38.6583537749,15.1479044606));
#2762=CARTESIAN_POINT('',(51.9465230323,-40.6830651621,16.2721973854));

#2763=CARTESIAN_POINT('',(51.9465230323,-40.6830651621,16.2721973854));
#2764=VERTEX_POINT('',#2763);
#2765=EDGE_CURVE('',#2757,#2764,#2760,.T.);
#2766=ORIENTED_EDGE('',*,*,#2765,.T.);
#2767=(
BOUNDED_CURVE()
B_SPLINE_CURVE(1,(#2768,#2769),.UNSPECIFIED.,.F.,.F.)
B_SPLINE_CURVE_WITH_KNOTS((2,2),(0.000,1.000),.UNSPECIFIED.)
CURVE()
GEOMETRIC_REPRESENTATION_ITEM()
RATIONAL_B_SPLINE_CURVE((1.0000000000,1.0000000000))
REPRESENTATION_ITEM('')
);
#2768=CARTESIAN_POINT('',(51.9465230323,-40.6830651621,16.2721973854));
#2769=CARTESIAN_POINT('',(54.7570208901,-40.6830651621,16.2721973854));

#2770=CARTESIAN_POINT('',(54.7570208901,-40.6830651621,16.2721973854));
#2771=VERTEX_POINT('',#2770);
#2772=EDGE_CURVE('',#2764,#2771,#2767,.T.);
#2773=ORIENTED_EDGE('',*,*,#2772,.T.);
#2774=(
BOUNDED_CURVE()
B_SPLINE_CURVE(1,(#2775,#2776),.UNSPECIFIED.,.F.,.F.)
B_SPLINE_CURVE_WITH_KNOTS((2,2),(0.000,1.000),.UNSPECIFIED.)
CURVE()
GEOMETRIC_REPRESENTATION_ITEM()
RATIONAL_B_SPLINE_CURVE((1.0000000000,1.0000000000))
REPRESENTATION_ITEM('')
);
#2775=CARTESIAN_POINT('',(54.7570208901,-40.6830651621,16.2721973854));
#2776=CARTESIAN_POINT('',(54.7570208901,-38.6583537749,15.1479044606));

#2777=EDGE_CURVE('',#2771,#2752,#2774,.T.);
#2778=ORIENTED_EDGE('',*,*,#2777,.T.);
#2779=EDGE_LOOP('',(#2759,#2766,#2773,#2778));
#2780=FACE_OUTER_BOUND('',#2779,.T.);
#2781=ADVANCED_FACE('',(#2780),#2746,.T.);
#2782=COLOUR_RGB('',0.39,0.39,0.39);
#2783=FILL_AREA_STYLE_COLOUR('',#2782);
#2784=FILL_AREA_STYLE('',(#2783));
#2785=SURFACE_STYLE_FILL_AREA(#2784);
#2786=SURFACE_STYLE_TRANSPARENT(0.00);
#2787=SURFACE_STYLE_RENDERING_WITH_PROPERTIES(.NORMAL_SHADING.,#2782,(#2786));
#2788=SURFACE_SIDE_STYLE('',(#2785, #2787));
#2789=SURFACE_STYLE_USAGE(.BOTH.,#2788);
#2790=PRESENTATION_STYLE_ASSIGNMENT((#2789));
#2791=STYLED_ITEM('',(#2790),#2781);

#2792=(
BOUNDED_SURFACE()
B_SPLINE_SURFACE(1,1,((#2793,#2794),(#2795,#2796)),.UNSPECIFIED.,.F.,.F.,.F.)
B_SPLINE_SURFACE_WITH_KNOTS((2,2),(2,2),(0.000,1.000),(0.000,1.000),.UNSPECIFIED.)
GEOMETRIC_REPRESENTATION_ITEM()
RATIONAL_B_SPLINE_SURFACE(((1.0000000000,1.0000000000),(1.0000000000,1.0000000000)))
REPRESENTATION_ITEM('')
SURFACE()
);
#2793=CARTESIAN_POINT('',(54.7570208901,-40.6830651621,16.2721973854));
#2794=CARTESIAN_POINT('',(51.9465230323,-40.6830651621,16.2721973854));
#2795=CARTESIAN_POINT('',(54.7570208901,-40.6830651621,17.8583446388));
#2796=CARTESIAN_POINT('',(51.9465230323,-40.6830651621,17.8583446388));

#2797=CARTESIAN_POINT('',(54.7570208901,-40.6830651621,16.2721973854));
#2798=VERTEX_POINT('',#2797);
#2799=(
BOUNDED_CURVE()
B_SPLINE_CURVE(1,(#2800,#2801),.UNSPECIFIED.,.F.,.F.)
B_SPLINE_CURVE_WITH_KNOTS((2,2),(0.000,1.000),.UNSPECIFIED.)
CURVE()
GEOMETRIC_REPRESENTATION_ITEM()
RATIONAL_B_SPLINE_CURVE((1.0000000000,1.0000000000))
REPRESENTATION_ITEM('')
);
#2800=CARTESIAN_POINT('',(54.7570208901,-40.6830651621,16.2721973854));
#2801=CARTESIAN_POINT('',(51.9465230323,-40.6830651621,16.2721973854));

#2802=CARTESIAN_POINT('',(51.9465230323,-40.6830651621,16.2721973854));
#2803=VERTEX_POINT('',#2802);
#2804=EDGE_CURVE('',#2798,#2803,#2799,.T.);
#2805=ORIENTED_EDGE('',*,*,#2804,.T.);
#2806=(
BOUNDED_CURVE()
B_SPLINE_CURVE(1,(#2807,#2808),.UNSPECIFIED.,.F.,.F.)
B_SPLINE_CURVE_WITH_KNOTS((2,2),(0.000,1.000),.UNSPECIFIED.)
CURVE()
GEOMETRIC_REPRESENTATION_ITEM()
RATIONAL_B_SPLINE_CURVE((1.0000000000,1.0000000000))
REPRESENTATION_ITEM('')
);
#2807=CARTESIAN_POINT('',(51.9465230323,-40.6830651621,16.2721973854));
#2808=CARTESIAN_POINT('',(51.9465230323,-40.6830651621,17.8583446388));

#2809=CARTESIAN_POINT('',(51.9465230323,-40.6830651621,17.8583446388));
#2810=VERTEX_POINT('',#2809);
#2811=EDGE_CURVE('',#2803,#2810,#2806,.T.);
#2812=ORIENTED_EDGE('',*,*,#2811,.T.);
#2813=(
BOUNDED_CURVE()
B_SPLINE_CURVE(1,(#2814,#2815),.UNSPECIFIED.,.F.,.F.)
B_SPLINE_CURVE_WITH_KNOTS((2,2),(0.000,1.000),.UNSPECIFIED.)
CURVE()
GEOMETRIC_REPRESENTATION_ITEM()
RATIONAL_B_SPLINE_CURVE((1.0000000000,1.0000000000))
REPRESENTATION_ITEM('')
);
#2814=CARTESIAN_POINT('',(51.9465230323,-40.6830651621,17.8583446388));
#2815=CARTESIAN_POINT('',(54.7570208901,-40.6830651621,17.8583446388));

#2816=CARTESIAN_POINT('',(54.7570208901,-40.6830651621,17.8583446388));
#2817=VERTEX_POINT('',#2816);
#2818=EDGE_CURVE('',#2810,#2817,#2813,.T.);
#2819=ORIENTED_EDGE('',*,*,#2818,.T.);
#2820=(
BOUNDED_CURVE()
B_SPLINE_CURVE(1,(#2821,#2822),.UNSPECIFIED.,.F.,.F.)
B_SPLINE_CURVE_WITH_KNOTS((2,2),(0.000,1.000),.UNSPECIFIED.)
CURVE()
GEOMETRIC_REPRESENTATION_ITEM()
RATIONAL_B_SPLINE_CURVE((1.0000000000,1.0000000000))
REPRESENTATION_ITEM('')
);
#2821=CARTESIAN_POINT('',(54.7570208901,-40.6830651621,17.8583446388));
#2822=CARTESIAN_POINT('',(54.7570208901,-40.6830651621,16.2721973854));

#2823=EDGE_CURVE('',#2817,#2798,#2820,.T.);
#2824=ORIENTED_EDGE('',*,*,#2823,.T.);
#2825=EDGE_LOOP('',(#2805,#2812,#2819,#2824));
#2826=FACE_OUTER_BOUND('',#2825,.T.);
#2827=ADVANCED_FACE('',(#2826),#2792,.T.);
#2828=COLOUR_RGB('',0.39,0.39,0.39);
#2829=FILL_AREA_STYLE_COLOUR('',#2828);
#2830=FILL_AREA_STYLE('',(#2829));
#2831=SURFACE_STYLE_FILL_AREA(#2830);
#2832=SURFACE_STYLE_TRANSPARENT(0.00);
#2833=SURFACE_STYLE_RENDERING_WITH_PROPERTIES(.NORMAL_SHADING.,#2828,(#2832));
#2834=SURFACE_SIDE_STYLE('',(#2831, #2833));
#2835=SURFACE_STYLE_USAGE(.BOTH.,#2834);
#2836=PRESENTATION_STYLE_ASSIGNMENT((#2835));
#2837=STYLED_ITEM('',(#2836),#2827);

#2838=(
BOUNDED_SURFACE()
B_SPLINE_SURFACE(1,1,((#2839,#2840),(#2841,#2842)),.UNSPECIFIED.,.F.,.F.,.F.)
B_SPLINE_SURFACE_WITH_KNOTS((2,2),(2,2),(0.000,1.000),(0.000,1.000),.UNSPECIFIED.)
GEOMETRIC_REPRESENTATION_ITEM()
RATIONAL_B_SPLINE_SURFACE(((1.0000000000,1.0000000000),(1.0000000000,1.0000000000)))
REPRESENTATION_ITEM('')
SURFACE()
);
#2839=CARTESIAN_POINT('',(54.7570208901,-40.6830651621,17.8583446388));
#2840=CARTESIAN_POINT('',(51.9465230323,-40.6830651621,17.8583446388));
#2841=CARTESIAN_POINT('',(54.7570208901,-36.7923226468,15.6236993119));
#2842=CARTESIAN_POINT('',(51.9465230323,-36.7923226468,15.6236993119));

#2843=CARTESIAN_POINT('',(54.7570208901,-40.6830651621,17.8583446388));
#2844=VERTEX_POINT('',#2843);
#2845=(
BOUNDED_CURVE()
B_SPLINE_CURVE(1,(#2846,#2847),.UNSPECIFIED.,.F.,.F.)
B_SPLINE_CURVE_WITH_KNOTS((2,2),(0.000,1.000),.UNSPECIFIED.)
CURVE()
GEOMETRIC_REPRESENTATION_ITEM()
RATIONAL_B_SPLINE_CURVE((1.0000000000,1.0000000000))
REPRESENTATION_ITEM('')
);
#2846=CARTESIAN_POINT('',(54.7570208901,-40.6830651621,17.8583446388));
#2847=CARTESIAN_POINT('',(51.9465230323,-40.6830651621,17.8583446388));

#2848=CARTESIAN_POINT('',(51.9465230323,-40.6830651621,17.8583446388));
#2849=VERTEX_POINT('',#2848);
#2850=EDGE_CURVE('',#2844,#2849,#2845,.T.);
#2851=ORIENTED_EDGE('',*,*,#2850,.T.);
#2852=(
BOUNDED_CURVE()
B_SPLINE_CURVE(1,(#2853,#2854),.UNSPECIFIED.,.F.,.F.)
B_SPLINE_CURVE_WITH_KNOTS((2,2),(0.000,1.000),.UNSPECIFIED.)
CURVE()
GEOMETRIC_REPRESENTATION_ITEM()
RATIONAL_B_SPLINE_CURVE((1.0000000000,1.0000000000))
REPRESENTATION_ITEM('')
);
#2853=CARTESIAN_POINT('',(51.9465230323,-40.6830651621,17.8583446388));
#2854=CARTESIAN_POINT('',(51.9465230323,-36.7923226468,15.6236993119));

#2855=CARTESIAN_POINT('',(51.9465230323,-36.7923226468,15.6236993119));
#2856=VERTEX_POINT('',#2855);
#2857=EDGE_CURVE('',#2849,#2856,#2852,.T.);
#2858=ORIENTED_EDGE('',*,*,#2857,.T.);
#2859=(
BOUNDED_CURVE()
B_SPLINE_CURVE(1,(#2860,#2861),.UNSPECIFIED.,.F.,.F.)
B_SPLINE_CURVE_WITH_KNOTS((2,2),(0.000,1.000),.UNSPECIFIED.)
CURVE()
GEOMETRIC_REPRESENTATION_ITEM()
RATIONAL_B_SPLINE_CURVE((1.0000000000,1.0000000000))
REPRESENTATION_ITEM('')
);
#2860=CARTESIAN_POINT('',(51.9465230323,-36.7923226468,15.6236993119));
#2861=CARTESIAN_POINT('',(54.7570208901,-36.7923226468,15.6236993119));

#2862=CARTESIAN_POINT('',(54.7570208901,-36.7923226468,15.6236993119));
#2863=VERTEX_POINT('',#2862);
#2864=EDGE_CURVE('',#2856,#2863,#2859,.T.);
#2865=ORIENTED_EDGE('',*,*,#2864,.T.);
#2866=(
BOUNDED_CURVE()
B_SPLINE_CURVE(1,(#2867,#2868),.UNSPECIFIED.,.F.,.F.)
B_SPLINE_CURVE_WITH_KNOTS((2,2),(0.000,1.000),.UNSPECIFIED.)
CURVE()
GEOMETRIC_REPRESENTATION_ITEM()
RATIONAL_B_SPLINE_CURVE((1.0000000000,1.0000000000))
REPRESENTATION_ITEM('')
);
#2867=CARTESIAN_POINT('',(54.7570208901,-36.7923226468,15.6236993119));
#2868=CARTESIAN_POINT('',(54.7570208901,-40.6830651621,17.8583446388));

#2869=EDGE_CURVE('',#2863,#2844,#2866,.T.);
#2870=ORIENTED_EDGE('',*,*,#2869,.T.);
#2871=EDGE_LOOP('',(#2851,#2858,#2865,#2870));
#2872=FACE_OUTER_BOUND('',#2871,.T.);
#2873=ADVANCED_FACE('',(#2872),#2838,.T.);
#2874=COLOUR_RGB('',0.39,0.39,0.39);
#2875=FILL_AREA_STYLE_COLOUR('',#2874);
#2876=FILL_AREA_STYLE('',(#2875));
#2877=SURFACE_STYLE_FILL_AREA(#2876);
#2878=SURFACE_STYLE_TRANSPARENT(0.00);
#2879=SURFACE_STYLE_RENDERING_WITH_PROPERTIES(.NORMAL_SHADING.,#2874,(#2878));
#2880=SURFACE_SIDE_STYLE('',(#2877, #2879));
#2881=SURFACE_STYLE_USAGE(.BOTH.,#2880);
#2882=PRESENTATION_STYLE_ASSIGNMENT((#2881));
#2883=STYLED_ITEM('',(#2882),#2873);

#2884=(
BOUNDED_SURFACE()
B_SPLINE_SURFACE(1,1,((#2885,#2886),(#2887,#2888)),.UNSPECIFIED.,.F.,.F.,.F.)
B_SPLINE_SURFACE_WITH_KNOTS((2,2),(2,2),(0.000,1.000),(0.000,1.000),.UNSPECIFIED.)
GEOMETRIC_REPRESENTATION_ITEM()
RATIONAL_B_SPLINE_SURFACE(((1.0000000000,1.0000000000),(1.0000000000,1.0000000000)))
REPRESENTATION_ITEM('')
SURFACE()
);
#2885=CARTESIAN_POINT('',(54.7570208901,-36.7923226468,15.6236993119));
#2886=CARTESIAN_POINT('',(51.9465230323,-36.7923226468,15.6236993119));
#2887=CARTESIAN_POINT('',(54.7570208901,-36.7923226468,14.6720276672));
#2888=CARTESIAN_POINT('',(51.9465230323,-36.7923226468,14.6720276672));

#2889=CARTESIAN_POINT('',(54.7570208901,-36.7923226468,15.6236993119));
#2890=VERTEX_POINT('',#2889);
#2891=(
BOUNDED_CURVE()
B_SPLINE_CURVE(1,(#2892,#2893),.UNSPECIFIED.,.F.,.F.)
B_SPLINE_CURVE_WITH_KNOTS((2,2),(0.000,1.000),.UNSPECIFIED.)
CURVE()
GEOMETRIC_REPRESENTATION_ITEM()
RATIONAL_B_SPLINE_CURVE((1.0000000000,1.0000000000))
REPRESENTATION_ITEM('')
);
#2892=CARTESIAN_POINT('',(54.7570208901,-36.7923226468,15.6236993119));
#2893=CARTESIAN_POINT('',(51.9465230323,-36.7923226468,15.6236993119));

#2894=CARTESIAN_POINT('',(51.9465230323,-36.7923226468,15.6236993119));
#2895=VERTEX_POINT('',#2894);
#2896=EDGE_CURVE('',#2890,#2895,#2891,.T.);
#2897=ORIENTED_EDGE('',*,*,#2896,.T.);
#2898=(
BOUNDED_CURVE()
B_SPLINE_CURVE(1,(#2899,#2900),.UNSPECIFIED.,.F.,.F.)
B_SPLINE_CURVE_WITH_KNOTS((2,2),(0.000,1.000),.UNSPECIFIED.)
CURVE()
GEOMETRIC_REPRESENTATION_ITEM()
RATIONAL_B_SPLINE_CURVE((1.0000000000,1.0000000000))
REPRESENTATION_ITEM('')
);
#2899=CARTESIAN_POINT('',(51.9465230323,-36.7923226468,15.6236993119));
#2900=CARTESIAN_POINT('',(51.9465230323,-36.7923226468,14.6720276672));

#2901=CARTESIAN_POINT('',(51.9465230323,-36.7923226468,14.6720276672));
#2902=VERTEX_POINT('',#2901);
#2903=EDGE_CURVE('',#2895,#2902,#2898,.T.);
#2904=ORIENTED_EDGE('',*,*,#2903,.T.);
#2905=(
BOUNDED_CURVE()
B_SPLINE_CURVE(1,(#2906,#2907),.UNSPECIFIED.,.F.,.F.)
B_SPLINE_CURVE_WITH_KNOTS((2,2),(0.000,1.000),.UNSPECIFIED.)
CURVE()
GEOMETRIC_REPRESENTATION_ITEM()
RATIONAL_B_SPLINE_CURVE((1.0000000000,1.0000000000))
REPRESENTATION_ITEM('')
);
#2906=CARTESIAN_POINT('',(51.9465230323,-36.7923226468,14.6720276672));
#2907=CARTESIAN_POINT('',(54.7570208901,-36.7923226468,14.6720276672));

#2908=CARTESIAN_POINT('',(54.7570208901,-36.7923226468,14.6720276672));
#2909=VERTEX_POINT('',#2908);
#2910=EDGE_CURVE('',#2902,#2909,#2905,.T.);
#2911=ORIENTED_EDGE('',*,*,#2910,.T.);
#2912=(
BOUNDED_CURVE()
B_SPLINE_CURVE(1,(#2913,#2914),.UNSPECIFIED.,.F.,.F.)
B_SPLINE_CURVE_WITH_KNOTS((2,2),(0.000,1.000),.UNSPECIFIED.)
CURVE()
GEOMETRIC_REPRESENTATION_ITEM()
RATIONAL_B_SPLINE_CURVE((1.0000000000,1.0000000000))
REPRESENTATION_ITEM('')
);
#2913=CARTESIAN_POINT('',(54.7570208901,-36.7923226468,14.6720276672));
#2914=CARTESIAN_POINT('',(54.7570208901,-36.7923226468,15.6236993119));

#2915=EDGE_CURVE('',#2909,#2890,#2912,.T.);
#2916=ORIENTED_EDGE('',*,*,#2915,.T.);
#2917=EDGE_LOOP('',(#2897,#2904,#2911,#2916));
#2918=FACE_OUTER_BOUND('',#2917,.T.);
#2919=ADVANCED_FACE('',(#2918),#2884,.T.);
#2920=COLOUR_RGB('',0.39,0.39,0.39);
#2921=FILL_AREA_STYLE_COLOUR('',#2920);
#2922=FILL_AREA_STYLE('',(#2921));
#2923=SURFACE_STYLE_FILL_AREA(#2922);
#2924=SURFACE_STYLE_TRANSPARENT(0.00);
#2925=SURFACE_STYLE_RENDERING_WITH_PROPERTIES(.NORMAL_SHADING.,#2920,(#2924));
#2926=SURFACE_SIDE_STYLE('',(#2923, #2925));
#2927=SURFACE_STYLE_USAGE(.BOTH.,#2926);
#2928=PRESENTATION_STYLE_ASSIGNMENT((#2927));
#2929=STYLED_ITEM('',(#2928),#2919);

#2930=(
BOUNDED_SURFACE()
B_SPLINE_SURFACE(1,1,((#2931,#2932),(#2933,#2934)),.UNSPECIFIED.,.F.,.F.,.F.)
B_SPLINE_SURFACE_WITH_KNOTS((2,2),(2,2),(0.000,1.000),(0.000,1.000),.UNSPECIFIED.)
GEOMETRIC_REPRESENTATION_ITEM()
RATIONAL_B_SPLINE_SURFACE(((1.0000000000,1.0000000000),(1.0000000000,1.0000000000)))
REPRESENTATION_ITEM('')
SURFACE()
);
#2931=CARTESIAN_POINT('',(54.7570208901,-35.9525880839,18.7166942116));
#2932=CARTESIAN_POINT('',(54.7570208901,-31.5533302041,18.7166942116));
#2933=CARTESIAN_POINT('',(54.7570208901,-35.9525880839,12.0268638338));
#2934=CARTESIAN_POINT('',(54.7570208901,-31.5533302041,12.0268638338));

#2935=CARTESIAN_POINT('',(54.7570208901,-35.9525880839,12.0268638338));
#2936=VERTEX_POINT('',#2935);
#2937=(
BOUNDED_CURVE()
B_SPLINE_CURVE(1,(#2938,#2939),.UNSPECIFIED.,.F.,.F.)
B_SPLINE_CURVE_WITH_KNOTS((2,2),(0.000,1.000),.UNSPECIFIED.)
CURVE()
GEOMETRIC_REPRESENTATION_ITEM()
RATIONAL_B_SPLINE_CURVE((1.0000000000,1.0000000000))
REPRESENTATION_ITEM('')
);
#2938=CARTESIAN_POINT('',(54.7570208901,-35.9525880839,12.0268638338));
#2939=CARTESIAN_POINT('',(54.7570208901,-35.9525880839,18.7166942116));

#2940=CARTESIAN_POINT('',(54.7570208901,-35.9525880839,18.7166942116));
#2941=VERTEX_POINT('',#2940);
#2942=EDGE_CURVE('',#2936,#2941,#2937,.T.);
#2943=ORIENTED_EDGE('',*,*,#2942,.T.);
#2944=(
BOUNDED_CURVE()
B_SPLINE_CURVE(1,(#2945,#2946),.UNSPECIFIED.,.F.,.F.)
B_SPLINE_CURVE_WITH_KNOTS((2,2),(0.000,1.000),.UNSPECIFIED.)
CURVE()
GEOMETRIC_REPRESENTATION_ITEM()
RATIONAL_B_SPLINE_CURVE((1.0000000000,1.0000000000))
REPRESENTATION_ITEM('')
);
#2945=CARTESIAN_POINT('',(54.7570208901,-35.9525880839,18.7166942116));
#2946=CARTESIAN_POINT('',(54.7570208901,-34.1471590128,18.7166942116));

#2947=CARTESIAN_POINT('',(54.7570208901,-34.1471590128,18.7166942116));
#2948=VERTEX_POINT('',#2947);
#2949=EDGE_CURVE('',#2941,#2948,#2944,.T.);
#2950=ORIENTED_EDGE('',*,*,#2949,.T.);
#2951=(
BOUNDED_CURVE()
B_SPLINE_CURVE(3,(#2952,#2953,#2954,#2955),.UNSPECIFIED.,.F.,.F.)
B_SPLINE_CURVE_WITH_KNOTS((4,4),(0.000,1.000),.UNSPECIFIED.)
CURVE()
GEOMETRIC_REPRESENTATION_ITEM()
RATIONAL_B_SPLINE_CURVE((1.0000000000,1.0000000000,1.0000000000,1.0000000000))
REPRESENTATION_ITEM('')
);
#2952=CARTESIAN_POINT('',(54.7570208901,-34.1471590128,18.7166942116));
#2953=CARTESIAN_POINT('',(54.7570208901,-32.1737829494,18.7166942116));
#2954=CARTESIAN_POINT('',(54.7570208901,-31.5533302041,17.2518332137));
#2955=CARTESIAN_POINT('',(54.7570208901,-31.5533302041,15.3717790227));

#2956=CARTESIAN_POINT('',(54.7570208901,-31.5533302041,15.3717790227));
#2957=VERTEX_POINT('',#2956);
#2958=EDGE_CURVE('',#2948,#2957,#2951,.T.);
#2959=ORIENTED_EDGE('',*,*,#2958,.T.);
#2960=(
BOUNDED_CURVE()
B_SPLINE_CURVE(3,(#2961,#2962,#2963,#2964),.UNSPECIFIED.,.F.,.F.)
B_SPLINE_CURVE_WITH_KNOTS((4,4),(0.000,1.000),.UNSPECIFIED.)
CURVE()
GEOMETRIC_REPRESENTATION_ITEM()
RATIONAL_B_SPLINE_CURVE((1.0000000000,1.0000000000,1.0000000000,1.0000000000))
REPRESENTATION_ITEM('')
);
#2961=CARTESIAN_POINT('',(54.7570208901,-31.5533302041,15.3717790227));
#2962=CARTESIAN_POINT('',(54.7570208901,-31.5533302041,13.4870506436));
#2963=CARTESIAN_POINT('',(54.7570208901,-32.1737829494,12.0268638338));
#2964=CARTESIAN_POINT('',(54.7570208901,-34.1471590128,12.0268638338));

#2965=CARTESIAN_POINT('',(54.7570208901,-34.1471590128,12.0268638338));
#2966=VERTEX_POINT('',#2965);
#2967=EDGE_CURVE('',#2957,#2966,#2960,.T.);
#2968=ORIENTED_EDGE('',*,*,#2967,.T.);
#2969=(
BOUNDED_CURVE()
B_SPLINE_CURVE(1,(#2970,#2971),.UNSPECIFIED.,.F.,.F.)
B_SPLINE_CURVE_WITH_KNOTS((2,2),(0.000,1.000),.UNSPECIFIED.)
CURVE()
GEOMETRIC_REPRESENTATION_ITEM()
RATIONAL_B_SPLINE_CURVE((1.0000000000,1.0000000000))
REPRESENTATION_ITEM('')
);
#2970=CARTESIAN_POINT('',(54.7570208901,-34.1471590128,12.0268638338));
#2971=CARTESIAN_POINT('',(54.7570208901,-35.9525880839,12.0268638338));

#2972=EDGE_CURVE('',#2966,#2936,#2969,.T.);
#2973=ORIENTED_EDGE('',*,*,#2972,.T.);
#2974=EDGE_LOOP('',(#2943,#2950,#2959,#2968,#2973));
#2975=FACE_OUTER_BOUND('',#2974,.T.);
#2976=CARTESIAN_POINT('',(54.7570208901,-34.1471590128,13.3751133626));
#2977=VERTEX_POINT('',#2976);
#2978=(
BOUNDED_CURVE()
B_SPLINE_CURVE(3,(#2979,#2980,#2981,#2982),.UNSPECIFIED.,.F.,.F.)
B_SPLINE_CURVE_WITH_KNOTS((4,4),(0.000,1.000),.UNSPECIFIED.)
CURVE()
GEOMETRIC_REPRESENTATION_ITEM()
RATIONAL_B_SPLINE_CURVE((1.0000000000,1.0000000000,1.0000000000,1.0000000000))
REPRESENTATION_ITEM('')
);
#2979=CARTESIAN_POINT('',(54.7570208901,-34.1471590128,13.3751133626));
#2980=CARTESIAN_POINT('',(54.7570208901,-33.2747863771,13.3751133626));
#2981=CARTESIAN_POINT('',(54.7570208901,-33.1535001216,14.3361336826));
#2982=CARTESIAN_POINT('',(54.7570208901,-33.1535001216,15.3717790227));

#2983=CARTESIAN_POINT('',(54.7570208901,-33.1535001216,15.3717790227));
#2984=VERTEX_POINT('',#2983);
#2985=EDGE_CURVE('',#2977,#2984,#2978,.T.);
#2986=ORIENTED_EDGE('',*,*,#2985,.T.);
#2987=(
BOUNDED_CURVE()
B_SPLINE_CURVE(3,(#2988,#2989,#2990,#2991),.UNSPECIFIED.,.F.,.F.)
B_SPLINE_CURVE_WITH_KNOTS((4,4),(0.000,1.000),.UNSPECIFIED.)
CURVE()
GEOMETRIC_REPRESENTATION_ITEM()
RATIONAL_B_SPLINE_CURVE((1.0000000000,1.0000000000,1.0000000000,1.0000000000))
REPRESENTATION_ITEM('')
);
#2988=CARTESIAN_POINT('',(54.7570208901,-33.1535001216,15.3717790227));
#2989=CARTESIAN_POINT('',(54.7570208901,-33.1535001216,16.4074241636));
#2990=CARTESIAN_POINT('',(54.7570208901,-33.2747863771,17.3685267247));
#2991=CARTESIAN_POINT('',(54.7570208901,-34.1471590128,17.3685267247));

#2992=CARTESIAN_POINT('',(54.7570208901,-34.1471590128,17.3685267247));
#2993=VERTEX_POINT('',#2992);
#2994=EDGE_CURVE('',#2984,#2993,#2987,.T.);
#2995=ORIENTED_EDGE('',*,*,#2994,.T.);
#2996=(
BOUNDED_CURVE()
B_SPLINE_CURVE(1,(#2997,#2998),.UNSPECIFIED.,.F.,.F.)
B_SPLINE_CURVE_WITH_KNOTS((2,2),(0.000,1.000),.UNSPECIFIED.)
CURVE()
GEOMETRIC_REPRESENTATION_ITEM()
RATIONAL_B_SPLINE_CURVE((1.0000000000,1.0000000000))
REPRESENTATION_ITEM('')
);
#2997=CARTESIAN_POINT('',(54.7570208901,-34.1471590128,17.3685267247));
#2998=CARTESIAN_POINT('',(54.7570208901,-34.3990789032,17.3685267247));

#2999=CARTESIAN_POINT('',(54.7570208901,-34.3990789032,17.3685267247));
#3000=VERTEX_POINT('',#2999);
#3001=EDGE_CURVE('',#2993,#3000,#2996,.T.);
#3002=ORIENTED_EDGE('',*,*,#3001,.T.);
#3003=(
BOUNDED_CURVE()
B_SPLINE_CURVE(1,(#3004,#3005),.UNSPECIFIED.,.F.,.F.)
B_SPLINE_CURVE_WITH_KNOTS((2,2),(0.000,1.000),.UNSPECIFIED.)
CURVE()
GEOMETRIC_REPRESENTATION_ITEM()
RATIONAL_B_SPLINE_CURVE((1.0000000000,1.0000000000))
REPRESENTATION_ITEM('')
);
#3004=CARTESIAN_POINT('',(54.7570208901,-34.3990789032,17.3685267247));
#3005=CARTESIAN_POINT('',(54.7570208901,-34.3990789032,13.3751133626));

#3006=CARTESIAN_POINT('',(54.7570208901,-34.3990789032,13.3751133626));
#3007=VERTEX_POINT('',#3006);
#3008=EDGE_CURVE('',#3000,#3007,#3003,.T.);
#3009=ORIENTED_EDGE('',*,*,#3008,.T.);
#3010=(
BOUNDED_CURVE()
B_SPLINE_CURVE(1,(#3011,#3012),.UNSPECIFIED.,.F.,.F.)
B_SPLINE_CURVE_WITH_KNOTS((2,2),(0.000,1.000),.UNSPECIFIED.)
CURVE()
GEOMETRIC_REPRESENTATION_ITEM()
RATIONAL_B_SPLINE_CURVE((1.0000000000,1.0000000000))
REPRESENTATION_ITEM('')
);
#3011=CARTESIAN_POINT('',(54.7570208901,-34.3990789032,13.3751133626));
#3012=CARTESIAN_POINT('',(54.7570208901,-34.1471590128,13.3751133626));

#3013=EDGE_CURVE('',#3007,#2977,#3010,.T.);
#3014=ORIENTED_EDGE('',*,*,#3013,.T.);
#3015=EDGE_LOOP('',(#2986,#2995,#3002,#3009,#3014));
#3016=FACE_BOUND('',#3015,.T.);
#3017=ADVANCED_FACE('',(#2975,#3016),#2930,.T.);
#3018=COLOUR_RGB('',0.39,0.39,0.39);
#3019=FILL_AREA_STYLE_COLOUR('',#3018);
#3020=FILL_AREA_STYLE('',(#3019));
#3021=SURFACE_STYLE_FILL_AREA(#3020);
#3022=SURFACE_STYLE_TRANSPARENT(0.00);
#3023=SURFACE_STYLE_RENDERING_WITH_PROPERTIES(.NORMAL_SHADING.,#3018,(#3022));
#3024=SURFACE_SIDE_STYLE('',(#3021, #3023));
#3025=SURFACE_STYLE_USAGE(.BOTH.,#3024);
#3026=PRESENTATION_STYLE_ASSIGNMENT((#3025));
#3027=STYLED_ITEM('',(#3026),#3017);

#3028=(
BOUNDED_SURFACE()
B_SPLINE_SURFACE(3,1,((#3029,#3030),(#3031,#3032),(#3033,#3034),(#3035,#3036)),.UNSPECIFIED.,.F.,.F.,.F.)
B_SPLINE_SURFACE_WITH_KNOTS((4,4),(2,2),(0.000,1.000),(0.000,1.000),.UNSPECIFIED.)
GEOMETRIC_REPRESENTATION_ITEM()
RATIONAL_B_SPLINE_SURFACE(((1.0000000000,1.0000000000),(1.0000000000,1.0000000000),(1.0000000000,1.0000000000),(1.0000000000,1.0000000000)))
REPRESENTATION_ITEM('')
SURFACE()
);
#3029=CARTESIAN_POINT('',(54.7570208901,-31.5533302041,15.3717790227));
#3030=CARTESIAN_POINT('',(51.9465230323,-31.5533302041,15.3717790227));
#3031=CARTESIAN_POINT('',(54.7570208901,-31.5533302041,13.4870506436));
#3032=CARTESIAN_POINT('',(51.9465230323,-31.5533302041,13.4870506436));
#3033=CARTESIAN_POINT('',(54.7570208901,-32.1737829494,12.0268638338));
#3034=CARTESIAN_POINT('',(51.9465230323,-32.1737829494,12.0268638338));
#3035=CARTESIAN_POINT('',(54.7570208901,-34.1471590128,12.0268638338));
#3036=CARTESIAN_POINT('',(51.9465230323,-34.1471590128,12.0268638338));

#3037=CARTESIAN_POINT('',(54.7570208901,-31.5533302041,15.3717790227));
#3038=VERTEX_POINT('',#3037);
#3039=(
BOUNDED_CURVE()
B_SPLINE_CURVE(1,(#3040,#3041),.UNSPECIFIED.,.F.,.F.)
B_SPLINE_CURVE_WITH_KNOTS((2,2),(0.000,1.000),.UNSPECIFIED.)
CURVE()
GEOMETRIC_REPRESENTATION_ITEM()
RATIONAL_B_SPLINE_CURVE((1.0000000000,1.0000000000))
REPRESENTATION_ITEM('')
);
#3040=CARTESIAN_POINT('',(54.7570208901,-31.5533302041,15.3717790227));
#3041=CARTESIAN_POINT('',(51.9465230323,-31.5533302041,15.3717790227));

#3042=CARTESIAN_POINT('',(51.9465230323,-31.5533302041,15.3717790227));
#3043=VERTEX_POINT('',#3042);
#3044=EDGE_CURVE('',#3038,#3043,#3039,.T.);
#3045=ORIENTED_EDGE('',*,*,#3044,.T.);
#3046=(
BOUNDED_CURVE()
B_SPLINE_CURVE(3,(#3047,#3048,#3049,#3050),.UNSPECIFIED.,.F.,.F.)
B_SPLINE_CURVE_WITH_KNOTS((4,4),(0.000,1.000),.UNSPECIFIED.)
CURVE()
GEOMETRIC_REPRESENTATION_ITEM()
RATIONAL_B_SPLINE_CURVE((1.0000000000,1.0000000000,1.0000000000,1.0000000000))
REPRESENTATION_ITEM('')
);
#3047=CARTESIAN_POINT('',(51.9465230323,-31.5533302041,15.3717790227));
#3048=CARTESIAN_POINT('',(51.9465230323,-31.5533302041,13.4870506436));
#3049=CARTESIAN_POINT('',(51.9465230323,-32.1737829494,12.0268638338));
#3050=CARTESIAN_POINT('',(51.9465230323,-34.1471590128,12.0268638338));

#3051=CARTESIAN_POINT('',(51.9465230323,-34.1471590128,12.0268638338));
#3052=VERTEX_POINT('',#3051);
#3053=EDGE_CURVE('',#3043,#3052,#3046,.T.);
#3054=ORIENTED_EDGE('',*,*,#3053,.T.);
#3055=(
BOUNDED_CURVE()
B_SPLINE_CURVE(1,(#3056,#3057),.UNSPECIFIED.,.F.,.F.)
B_SPLINE_CURVE_WITH_KNOTS((2,2),(0.000,1.000),.UNSPECIFIED.)
CURVE()
GEOMETRIC_REPRESENTATION_ITEM()
RATIONAL_B_SPLINE_CURVE((1.0000000000,1.0000000000))
REPRESENTATION_ITEM('')
);
#3056=CARTESIAN_POINT('',(51.9465230323,-34.1471590128,12.0268638338));
#3057=CARTESIAN_POINT('',(54.7570208901,-34.1471590128,12.0268638338));

#3058=CARTESIAN_POINT('',(54.7570208901,-34.1471590128,12.0268638338));
#3059=VERTEX_POINT('',#3058);
#3060=EDGE_CURVE('',#3052,#3059,#3055,.T.);
#3061=ORIENTED_EDGE('',*,*,#3060,.T.);
#3062=(
BOUNDED_CURVE()
B_SPLINE_CURVE(3,(#3063,#3064,#3065,#3066),.UNSPECIFIED.,.F.,.F.)
B_SPLINE_CURVE_WITH_KNOTS((4,4),(0.000,1.000),.UNSPECIFIED.)
CURVE()
GEOMETRIC_REPRESENTATION_ITEM()
RATIONAL_B_SPLINE_CURVE((1.0000000000,1.0000000000,1.0000000000,1.0000000000))
REPRESENTATION_ITEM('')
);
#3063=CARTESIAN_POINT('',(54.7570208901,-34.1471590128,12.0268638338));
#3064=CARTESIAN_POINT('',(54.7570208901,-32.1737829494,12.0268638338));
#3065=CARTESIAN_POINT('',(54.7570208901,-31.5533302041,13.4870506436));
#3066=CARTESIAN_POINT('',(54.7570208901,-31.5533302041,15.3717790227));

#3067=EDGE_CURVE('',#3059,#3038,#3062,.T.);
#3068=ORIENTED_EDGE('',*,*,#3067,.T.);
#3069=EDGE_LOOP('',(#3045,#3054,#3061,#3068));
#3070=FACE_OUTER_BOUND('',#3069,.T.);
#3071=ADVANCED_FACE('',(#3070),#3028,.T.);
#3072=COLOUR_RGB('',0.39,0.39,0.39);
#3073=FILL_AREA_STYLE_COLOUR('',#3072);
#3074=FILL_AREA_STYLE('',(#3073));
#3075=SURFACE_STYLE_FILL_AREA(#3074);
#3076=SURFACE_STYLE_TRANSPARENT(0.00);
#3077=SURFACE_STYLE_RENDERING_WITH_PROPERTIES(.NORMAL_SHADING.,#3072,(#3076));
#3078=SURFACE_SIDE_STYLE('',(#3075, #3077));
#3079=SURFACE_STYLE_USAGE(.BOTH.,#3078);
#3080=PRESENTATION_STYLE_ASSIGNMENT((#3079));
#3081=STYLED_ITEM('',(#3080),#3071);

#3082=(
BOUNDED_SURFACE()
B_SPLINE_SURFACE(1,1,((#3083,#3084),(#3085,#3086)),.UNSPECIFIED.,.F.,.F.,.F.)
B_SPLINE_SURFACE_WITH_KNOTS((2,2),(2,2),(0.000,1.000),(0.000,1.000),.UNSPECIFIED.)
GEOMETRIC_REPRESENTATION_ITEM()
RATIONAL_B_SPLINE_SURFACE(((1.0000000000,1.0000000000),(1.0000000000,1.0000000000)))
REPRESENTATION_ITEM('')
SURFACE()
);
#3083=CARTESIAN_POINT('',(54.7570208901,-34.1471590128,12.0268638338));
#3084=CARTESIAN_POINT('',(51.9465230323,-34.1471590128,12.0268638338));
#3085=CARTESIAN_POINT('',(54.7570208901,-35.9525880839,12.0268638338));
#3086=CARTESIAN_POINT('',(51.9465230323,-35.9525880839,12.0268638338));

#3087=CARTESIAN_POINT('',(54.7570208901,-34.1471590128,12.0268638338));
#3088=VERTEX_POINT('',#3087);
#3089=(
BOUNDED_CURVE()
B_SPLINE_CURVE(1,(#3090,#3091),.UNSPECIFIED.,.F.,.F.)
B_SPLINE_CURVE_WITH_KNOTS((2,2),(0.000,1.000),.UNSPECIFIED.)
CURVE()
GEOMETRIC_REPRESENTATION_ITEM()
RATIONAL_B_SPLINE_CURVE((1.0000000000,1.0000000000))
REPRESENTATION_ITEM('')
);
#3090=CARTESIAN_POINT('',(54.7570208901,-34.1471590128,12.0268638338));
#3091=CARTESIAN_POINT('',(51.9465230323,-34.1471590128,12.0268638338));

#3092=CARTESIAN_POINT('',(51.9465230323,-34.1471590128,12.0268638338));
#3093=VERTEX_POINT('',#3092);
#3094=EDGE_CURVE('',#3088,#3093,#3089,.T.);
#3095=ORIENTED_EDGE('',*,*,#3094,.T.);
#3096=(
BOUNDED_CURVE()
B_SPLINE_CURVE(1,(#3097,#3098),.UNSPECIFIED.,.F.,.F.)
B_SPLINE_CURVE_WITH_KNOTS((2,2),(0.000,1.000),.UNSPECIFIED.)
CURVE()
GEOMETRIC_REPRESENTATION_ITEM()
RATIONAL_B_SPLINE_CURVE((1.0000000000,1.0000000000))
REPRESENTATION_ITEM('')
);
#3097=CARTESIAN_POINT('',(51.9465230323,-34.1471590128,12.0268638338));
#3098=CARTESIAN_POINT('',(51.9465230323,-35.9525880839,12.0268638338));

#3099=CARTESIAN_POINT('',(51.9465230323,-35.9525880839,12.0268638338));
#3100=VERTEX_POINT('',#3099);
#3101=EDGE_CURVE('',#3093,#3100,#3096,.T.);
#3102=ORIENTED_EDGE('',*,*,#3101,.T.);
#3103=(
BOUNDED_CURVE()
B_SPLINE_CURVE(1,(#3104,#3105),.UNSPECIFIED.,.F.,.F.)
B_SPLINE_CURVE_WITH_KNOTS((2,2),(0.000,1.000),.UNSPECIFIED.)
CURVE()
GEOMETRIC_REPRESENTATION_ITEM()
RATIONAL_B_SPLINE_CURVE((1.0000000000,1.0000000000))
REPRESENTATION_ITEM('')
);
#3104=CARTESIAN_POINT('',(51.9465230323,-35.9525880839,12.0268638338));
#3105=CARTESIAN_POINT('',(54.7570208901,-35.9525880839,12.0268638338));

#3106=CARTESIAN_POINT('',(54.7570208901,-35.9525880839,12.0268638338));
#3107=VERTEX_POINT('',#3106);
#3108=EDGE_CURVE('',#3100,#3107,#3103,.T.);
#3109=ORIENTED_EDGE('',*,*,#3108,.T.);
#3110=(
BOUNDED_CURVE()
B_SPLINE_CURVE(1,(#3111,#3112),.UNSPECIFIED.,.F.,.F.)
B_SPLINE_CURVE_WITH_KNOTS((2,2),(0.000,1.000),.UNSPECIFIED.)
CURVE()
GEOMETRIC_REPRESENTATION_ITEM()
RATIONAL_B_SPLINE_CURVE((1.0000000000,1.0000000000))
REPRESENTATION_ITEM('')
);
#3111=CARTESIAN_POINT('',(54.7570208901,-35.9525880839,12.0268638338));
#3112=CARTESIAN_POINT('',(54.7570208901,-34.1471590128,12.0268638338));

#3113=EDGE_CURVE('',#3107,#3088,#3110,.T.);
#3114=ORIENTED_EDGE('',*,*,#3113,.T.);
#3115=EDGE_LOOP('',(#3095,#3102,#3109,#3114));
#3116=FACE_OUTER_BOUND('',#3115,.T.);
#3117=ADVANCED_FACE('',(#3116),#3082,.T.);
#3118=COLOUR_RGB('',0.39,0.39,0.39);
#3119=FILL_AREA_STYLE_COLOUR('',#3118);
#3120=FILL_AREA_STYLE('',(#3119));
#3121=SURFACE_STYLE_FILL_AREA(#3120);
#3122=SURFACE_STYLE_TRANSPARENT(0.00);
#3123=SURFACE_STYLE_RENDERING_WITH_PROPERTIES(.NORMAL_SHADING.,#3118,(#3122));
#3124=SURFACE_SIDE_STYLE('',(#3121, #3123));
#3125=SURFACE_STYLE_USAGE(.BOTH.,#3124);
#3126=PRESENTATION_STYLE_ASSIGNMENT((#3125));
#3127=STYLED_ITEM('',(#3126),#3117);

#3128=(
BOUNDED_SURFACE()
B_SPLINE_SURFACE(1,1,((#3129,#3130),(#3131,#3132)),.UNSPECIFIED.,.F.,.F.,.F.)
B_SPLINE_SURFACE_WITH_KNOTS((2,2),(2,2),(0.000,1.000),(0.000,1.000),.UNSPECIFIED.)
GEOMETRIC_REPRESENTATION_ITEM()
RATIONAL_B_SPLINE_SURFACE(((1.0000000000,1.0000000000),(1.0000000000,1.0000000000)))
REPRESENTATION_ITEM('')
SURFACE()
);
#3129=CARTESIAN_POINT('',(54.7570208901,-35.9525880839,12.0268638338));
#3130=CARTESIAN_POINT('',(51.9465230323,-35.9525880839,12.0268638338));
#3131=CARTESIAN_POINT('',(54.7570208901,-35.9525880839,18.7166942116));
#3132=CARTESIAN_POINT('',(51.9465230323,-35.9525880839,18.7166942116));

#3133=CARTESIAN_POINT('',(54.7570208901,-35.9525880839,12.0268638338));
#3134=VERTEX_POINT('',#3133);
#3135=(
BOUNDED_CURVE()
B_SPLINE_CURVE(1,(#3136,#3137),.UNSPECIFIED.,.F.,.F.)
B_SPLINE_CURVE_WITH_KNOTS((2,2),(0.000,1.000),.UNSPECIFIED.)
CURVE()
GEOMETRIC_REPRESENTATION_ITEM()
RATIONAL_B_SPLINE_CURVE((1.0000000000,1.0000000000))
REPRESENTATION_ITEM('')
);
#3136=CARTESIAN_POINT('',(54.7570208901,-35.9525880839,12.0268638338));
#3137=CARTESIAN_POINT('',(51.9465230323,-35.9525880839,12.0268638338));

#3138=CARTESIAN_POINT('',(51.9465230323,-35.9525880839,12.0268638338));
#3139=VERTEX_POINT('',#3138);
#3140=EDGE_CURVE('',#3134,#3139,#3135,.T.);
#3141=ORIENTED_EDGE('',*,*,#3140,.T.);
#3142=(
BOUNDED_CURVE()
B_SPLINE_CURVE(1,(#3143,#3144),.UNSPECIFIED.,.F.,.F.)
B_SPLINE_CURVE_WITH_KNOTS((2,2),(0.000,1.000),.UNSPECIFIED.)
CURVE()
GEOMETRIC_REPRESENTATION_ITEM()
RATIONAL_B_SPLINE_CURVE((1.0000000000,1.0000000000))
REPRESENTATION_ITEM('')
);
#3143=CARTESIAN_POINT('',(51.9465230323,-35.9525880839,12.0268638338));
#3144=CARTESIAN_POINT('',(51.9465230323,-35.9525880839,18.7166942116));

#3145=CARTESIAN_POINT('',(51.9465230323,-35.9525880839,18.7166942116));
#3146=VERTEX_POINT('',#3145);
#3147=EDGE_CURVE('',#3139,#3146,#3142,.T.);
#3148=ORIENTED_EDGE('',*,*,#3147,.T.);
#3149=(
BOUNDED_CURVE()
B_SPLINE_CURVE(1,(#3150,#3151),.UNSPECIFIED.,.F.,.F.)
B_SPLINE_CURVE_WITH_KNOTS((2,2),(0.000,1.000),.UNSPECIFIED.)
CURVE()
GEOMETRIC_REPRESENTATION_ITEM()
RATIONAL_B_SPLINE_CURVE((1.0000000000,1.0000000000))
REPRESENTATION_ITEM('')
);
#3150=CARTESIAN_POINT('',(51.9465230323,-35.9525880839,18.7166942116));
#3151=CARTESIAN_POINT('',(54.7570208901,-35.9525880839,18.7166942116));

#3152=CARTESIAN_POINT('',(54.7570208901,-35.9525880839,18.7166942116));
#3153=VERTEX_POINT('',#3152);
#3154=EDGE_CURVE('',#3146,#3153,#3149,.T.);
#3155=ORIENTED_EDGE('',*,*,#3154,.T.);
#3156=(
BOUNDED_CURVE()
B_SPLINE_CURVE(1,(#3157,#3158),.UNSPECIFIED.,.F.,.F.)
B_SPLINE_CURVE_WITH_KNOTS((2,2),(0.000,1.000),.UNSPECIFIED.)
CURVE()
GEOMETRIC_REPRESENTATION_ITEM()
RATIONAL_B_SPLINE_CURVE((1.0000000000,1.0000000000))
REPRESENTATION_ITEM('')
);
#3157=CARTESIAN_POINT('',(54.7570208901,-35.9525880839,18.7166942116));
#3158=CARTESIAN_POINT('',(54.7570208901,-35.9525880839,12.0268638338));

#3159=EDGE_CURVE('',#3153,#3134,#3156,.T.);
#3160=ORIENTED_EDGE('',*,*,#3159,.T.);
#3161=EDGE_LOOP('',(#3141,#3148,#3155,#3160));
#3162=FACE_OUTER_BOUND('',#3161,.T.);
#3163=ADVANCED_FACE('',(#3162),#3128,.T.);
#3164=COLOUR_RGB('',0.39,0.39,0.39);
#3165=FILL_AREA_STYLE_COLOUR('',#3164);
#3166=FILL_AREA_STYLE('',(#3165));
#3167=SURFACE_STYLE_FILL_AREA(#3166);
#3168=SURFACE_STYLE_TRANSPARENT(0.00);
#3169=SURFACE_STYLE_RENDERING_WITH_PROPERTIES(.NORMAL_SHADING.,#3164,(#3168));
#3170=SURFACE_SIDE_STYLE('',(#3167, #3169));
#3171=SURFACE_STYLE_USAGE(.BOTH.,#3170);
#3172=PRESENTATION_STYLE_ASSIGNMENT((#3171));
#3173=STYLED_ITEM('',(#3172),#3163);

#3174=(
BOUNDED_SURFACE()
B_SPLINE_SURFACE(1,1,((#3175,#3176),(#3177,#3178)),.UNSPECIFIED.,.F.,.F.,.F.)
B_SPLINE_SURFACE_WITH_KNOTS((2,2),(2,2),(0.000,1.000),(0.000,1.000),.UNSPECIFIED.)
GEOMETRIC_REPRESENTATION_ITEM()
RATIONAL_B_SPLINE_SURFACE(((1.0000000000,1.0000000000),(1.0000000000,1.0000000000)))
REPRESENTATION_ITEM('')
SURFACE()
);
#3175=CARTESIAN_POINT('',(54.7570208901,-35.9525880839,18.7166942116));
#3176=CARTESIAN_POINT('',(51.9465230323,-35.9525880839,18.7166942116));
#3177=CARTESIAN_POINT('',(54.7570208901,-34.1471590128,18.7166942116));
#3178=CARTESIAN_POINT('',(51.9465230323,-34.1471590128,18.7166942116));

#3179=CARTESIAN_POINT('',(54.7570208901,-35.9525880839,18.7166942116));
#3180=VERTEX_POINT('',#3179);
#3181=(
BOUNDED_CURVE()
B_SPLINE_CURVE(1,(#3182,#3183),.UNSPECIFIED.,.F.,.F.)
B_SPLINE_CURVE_WITH_KNOTS((2,2),(0.000,1.000),.UNSPECIFIED.)
CURVE()
GEOMETRIC_REPRESENTATION_ITEM()
RATIONAL_B_SPLINE_CURVE((1.0000000000,1.0000000000))
REPRESENTATION_ITEM('')
);
#3182=CARTESIAN_POINT('',(54.7570208901,-35.9525880839,18.7166942116));
#3183=CARTESIAN_POINT('',(51.9465230323,-35.9525880839,18.7166942116));

#3184=CARTESIAN_POINT('',(51.9465230323,-35.9525880839,18.7166942116));
#3185=VERTEX_POINT('',#3184);
#3186=EDGE_CURVE('',#3180,#3185,#3181,.T.);
#3187=ORIENTED_EDGE('',*,*,#3186,.T.);
#3188=(
BOUNDED_CURVE()
B_SPLINE_CURVE(1,(#3189,#3190),.UNSPECIFIED.,.F.,.F.)
B_SPLINE_CURVE_WITH_KNOTS((2,2),(0.000,1.000),.UNSPECIFIED.)
CURVE()
GEOMETRIC_REPRESENTATION_ITEM()
RATIONAL_B_SPLINE_CURVE((1.0000000000,1.0000000000))
REPRESENTATION_ITEM('')
);
#3189=CARTESIAN_POINT('',(51.9465230323,-35.9525880839,18.7166942116));
#3190=CARTESIAN_POINT('',(51.9465230323,-34.1471590128,18.7166942116));

#3191=CARTESIAN_POINT('',(51.9465230323,-34.1471590128,18.7166942116));
#3192=VERTEX_POINT('',#3191);
#3193=EDGE_CURVE('',#3185,#3192,#3188,.T.);
#3194=ORIENTED_EDGE('',*,*,#3193,.T.);
#3195=(
BOUNDED_CURVE()
B_SPLINE_CURVE(1,(#3196,#3197),.UNSPECIFIED.,.F.,.F.)
B_SPLINE_CURVE_WITH_KNOTS((2,2),(0.000,1.000),.UNSPECIFIED.)
CURVE()
GEOMETRIC_REPRESENTATION_ITEM()
RATIONAL_B_SPLINE_CURVE((1.0000000000,1.0000000000))
REPRESENTATION_ITEM('')
);
#3196=CARTESIAN_POINT('',(51.9465230323,-34.1471590128,18.7166942116));
#3197=CARTESIAN_POINT('',(54.7570208901,-34.1471590128,18.7166942116));

#3198=CARTESIAN_POINT('',(54.7570208901,-34.1471590128,18.7166942116));
#3199=VERTEX_POINT('',#3198);
#3200=EDGE_CURVE('',#3192,#3199,#3195,.T.);
#3201=ORIENTED_EDGE('',*,*,#3200,.T.);
#3202=(
BOUNDED_CURVE()
B_SPLINE_CURVE(1,(#3203,#3204),.UNSPECIFIED.,.F.,.F.)
B_SPLINE_CURVE_WITH_KNOTS((2,2),(0.000,1.000),.UNSPECIFIED.)
CURVE()
GEOMETRIC_REPRESENTATION_ITEM()
RATIONAL_B_SPLINE_CURVE((1.0000000000,1.0000000000))
REPRESENTATION_ITEM('')
);
#3203=CARTESIAN_POINT('',(54.7570208901,-34.1471590128,18.7166942116));
#3204=CARTESIAN_POINT('',(54.7570208901,-35.9525880839,18.7166942116));

#3205=EDGE_CURVE('',#3199,#3180,#3202,.T.);
#3206=ORIENTED_EDGE('',*,*,#3205,.T.);
#3207=EDGE_LOOP('',(#3187,#3194,#3201,#3206));
#3208=FACE_OUTER_BOUND('',#3207,.T.);
#3209=ADVANCED_FACE('',(#3208),#3174,.T.);
#3210=COLOUR_RGB('',0.39,0.39,0.39);
#3211=FILL_AREA_STYLE_COLOUR('',#3210);
#3212=FILL_AREA_STYLE('',(#3211));
#3213=SURFACE_STYLE_FILL_AREA(#3212);
#3214=SURFACE_STYLE_TRANSPARENT(0.00);
#3215=SURFACE_STYLE_RENDERING_WITH_PROPERTIES(.NORMAL_SHADING.,#3210,(#3214));
#3216=SURFACE_SIDE_STYLE('',(#3213, #3215));
#3217=SURFACE_STYLE_USAGE(.BOTH.,#3216);
#3218=PRESENTATION_STYLE_ASSIGNMENT((#3217));
#3219=STYLED_ITEM('',(#3218),#3209);

#3220=(
BOUNDED_SURFACE()
B_SPLINE_SURFACE(3,1,((#3221,#3222),(#3223,#3224),(#3225,#3226),(#3227,#3228)),.UNSPECIFIED.,.F.,.F.,.F.)
B_SPLINE_SURFACE_WITH_KNOTS((4,4),(2,2),(0.000,1.000),(0.000,1.000),.UNSPECIFIED.)
GEOMETRIC_REPRESENTATION_ITEM()
RATIONAL_B_SPLINE_SURFACE(((1.0000000000,1.0000000000),(1.0000000000,1.0000000000),(1.0000000000,1.0000000000),(1.0000000000,1.0000000000)))
REPRESENTATION_ITEM('')
SURFACE()
);
#3221=CARTESIAN_POINT('',(54.7570208901,-34.1471590128,18.7166942116));
#3222=CARTESIAN_POINT('',(51.9465230323,-34.1471590128,18.7166942116));
#3223=CARTESIAN_POINT('',(54.7570208901,-32.1737829494,18.7166942116));
#3224=CARTESIAN_POINT('',(51.9465230323,-32.1737829494,18.7166942116));
#3225=CARTESIAN_POINT('',(54.7570208901,-31.5533302041,17.2518332137));
#3226=CARTESIAN_POINT('',(51.9465230323,-31.5533302041,17.2518332137));
#3227=CARTESIAN_POINT('',(54.7570208901,-31.5533302041,15.3717790227));
#3228=CARTESIAN_POINT('',(51.9465230323,-31.5533302041,15.3717790227));

#3229=CARTESIAN_POINT('',(54.7570208901,-34.1471590128,18.7166942116));
#3230=VERTEX_POINT('',#3229);
#3231=(
BOUNDED_CURVE()
B_SPLINE_CURVE(1,(#3232,#3233),.UNSPECIFIED.,.F.,.F.)
B_SPLINE_CURVE_WITH_KNOTS((2,2),(0.000,1.000),.UNSPECIFIED.)
CURVE()
GEOMETRIC_REPRESENTATION_ITEM()
RATIONAL_B_SPLINE_CURVE((1.0000000000,1.0000000000))
REPRESENTATION_ITEM('')
);
#3232=CARTESIAN_POINT('',(54.7570208901,-34.1471590128,18.7166942116));
#3233=CARTESIAN_POINT('',(51.9465230323,-34.1471590128,18.7166942116));

#3234=CARTESIAN_POINT('',(51.9465230323,-34.1471590128,18.7166942116));
#3235=VERTEX_POINT('',#3234);
#3236=EDGE_CURVE('',#3230,#3235,#3231,.T.);
#3237=ORIENTED_EDGE('',*,*,#3236,.T.);
#3238=(
BOUNDED_CURVE()
B_SPLINE_CURVE(3,(#3239,#3240,#3241,#3242),.UNSPECIFIED.,.F.,.F.)
B_SPLINE_CURVE_WITH_KNOTS((4,4),(0.000,1.000),.UNSPECIFIED.)
CURVE()
GEOMETRIC_REPRESENTATION_ITEM()
RATIONAL_B_SPLINE_CURVE((1.0000000000,1.0000000000,1.0000000000,1.0000000000))
REPRESENTATION_ITEM('')
);
#3239=CARTESIAN_POINT('',(51.9465230323,-34.1471590128,18.7166942116));
#3240=CARTESIAN_POINT('',(51.9465230323,-32.1737829494,18.7166942116));
#3241=CARTESIAN_POINT('',(51.9465230323,-31.5533302041,17.2518332137));
#3242=CARTESIAN_POINT('',(51.9465230323,-31.5533302041,15.3717790227));

#3243=CARTESIAN_POINT('',(51.9465230323,-31.5533302041,15.3717790227));
#3244=VERTEX_POINT('',#3243);
#3245=EDGE_CURVE('',#3235,#3244,#3238,.T.);
#3246=ORIENTED_EDGE('',*,*,#3245,.T.);
#3247=(
BOUNDED_CURVE()
B_SPLINE_CURVE(1,(#3248,#3249),.UNSPECIFIED.,.F.,.F.)
B_SPLINE_CURVE_WITH_KNOTS((2,2),(0.000,1.000),.UNSPECIFIED.)
CURVE()
GEOMETRIC_REPRESENTATION_ITEM()
RATIONAL_B_SPLINE_CURVE((1.0000000000,1.0000000000))
REPRESENTATION_ITEM('')
);
#3248=CARTESIAN_POINT('',(51.9465230323,-31.5533302041,15.3717790227));
#3249=CARTESIAN_POINT('',(54.7570208901,-31.5533302041,15.3717790227));

#3250=CARTESIAN_POINT('',(54.7570208901,-31.5533302041,15.3717790227));
#3251=VERTEX_POINT('',#3250);
#3252=EDGE_CURVE('',#3244,#3251,#3247,.T.);
#3253=ORIENTED_EDGE('',*,*,#3252,.T.);
#3254=(
BOUNDED_CURVE()
B_SPLINE_CURVE(3,(#3255,#3256,#3257,#3258),.UNSPECIFIED.,.F.,.F.)
B_SPLINE_CURVE_WITH_KNOTS((4,4),(0.000,1.000),.UNSPECIFIED.)
CURVE()
GEOMETRIC_REPRESENTATION_ITEM()
RATIONAL_B_SPLINE_CURVE((1.0000000000,1.0000000000,1.0000000000,1.0000000000))
REPRESENTATION_ITEM('')
);
#3255=CARTESIAN_POINT('',(54.7570208901,-31.5533302041,15.3717790227));
#3256=CARTESIAN_POINT('',(54.7570208901,-31.5533302041,17.2518332137));
#3257=CARTESIAN_POINT('',(54.7570208901,-32.1737829494,18.7166942116));
#3258=CARTESIAN_POINT('',(54.7570208901,-34.1471590128,18.7166942116));

#3259=EDGE_CURVE('',#3251,#3230,#3254,.T.);
#3260=ORIENTED_EDGE('',*,*,#3259,.T.);
#3261=EDGE_LOOP('',(#3237,#3246,#3253,#3260));
#3262=FACE_OUTER_BOUND('',#3261,.T.);
#3263=ADVANCED_FACE('',(#3262),#3220,.T.);
#3264=COLOUR_RGB('',0.39,0.39,0.39);
#3265=FILL_AREA_STYLE_COLOUR('',#3264);
#3266=FILL_AREA_STYLE('',(#3265));
#3267=SURFACE_STYLE_FILL_AREA(#3266);
#3268=SURFACE_STYLE_TRANSPARENT(0.00);
#3269=SURFACE_STYLE_RENDERING_WITH_PROPERTIES(.NORMAL_SHADING.,#3264,(#3268));
#3270=SURFACE_SIDE_STYLE('',(#3267, #3269));
#3271=SURFACE_STYLE_USAGE(.BOTH.,#3270);
#3272=PRESENTATION_STYLE_ASSIGNMENT((#3271));
#3273=STYLED_ITEM('',(#3272),#3263);

#3274=(
BOUNDED_SURFACE()
B_SPLINE_SURFACE(1,1,((#3275,#3276),(#3277,#3278)),.UNSPECIFIED.,.F.,.F.,.F.)
B_SPLINE_SURFACE_WITH_KNOTS((2,2),(2,2),(0.000,1.000),(0.000,1.000),.UNSPECIFIED.)
GEOMETRIC_REPRESENTATION_ITEM()
RATIONAL_B_SPLINE_SURFACE(((1.0000000000,1.0000000000),(1.0000000000,1.0000000000)))
REPRESENTATION_ITEM('')
SURFACE()
);
#3275=CARTESIAN_POINT('',(54.7570208901,-34.3990789032,17.3685267247));
#3276=CARTESIAN_POINT('',(51.9465230323,-34.3990789032,17.3685267247));
#3277=CARTESIAN_POINT('',(54.7570208901,-34.3990789032,13.3751133626));
#3278=CARTESIAN_POINT('',(51.9465230323,-34.3990789032,13.3751133626));

#3279=CARTESIAN_POINT('',(54.7570208901,-34.3990789032,17.3685267247));
#3280=VERTEX_POINT('',#3279);
#3281=(
BOUNDED_CURVE()
B_SPLINE_CURVE(1,(#3282,#3283),.UNSPECIFIED.,.F.,.F.)
B_SPLINE_CURVE_WITH_KNOTS((2,2),(0.000,1.000),.UNSPECIFIED.)
CURVE()
GEOMETRIC_REPRESENTATION_ITEM()
RATIONAL_B_SPLINE_CURVE((1.0000000000,1.0000000000))
REPRESENTATION_ITEM('')
);
#3282=CARTESIAN_POINT('',(54.7570208901,-34.3990789032,17.3685267247));
#3283=CARTESIAN_POINT('',(51.9465230323,-34.3990789032,17.3685267247));

#3284=CARTESIAN_POINT('',(51.9465230323,-34.3990789032,17.3685267247));
#3285=VERTEX_POINT('',#3284);
#3286=EDGE_CURVE('',#3280,#3285,#3281,.T.);
#3287=ORIENTED_EDGE('',*,*,#3286,.T.);
#3288=(
BOUNDED_CURVE()
B_SPLINE_CURVE(1,(#3289,#3290),.UNSPECIFIED.,.F.,.F.)
B_SPLINE_CURVE_WITH_KNOTS((2,2),(0.000,1.000),.UNSPECIFIED.)
CURVE()
GEOMETRIC_REPRESENTATION_ITEM()
RATIONAL_B_SPLINE_CURVE((1.0000000000,1.0000000000))
REPRESENTATION_ITEM('')
);
#3289=CARTESIAN_POINT('',(51.9465230323,-34.3990789032,17.3685267247));
#3290=CARTESIAN_POINT('',(51.9465230323,-34.3990789032,13.3751133626));

#3291=CARTESIAN_POINT('',(51.9465230323,-34.3990789032,13.3751133626));
#3292=VERTEX_POINT('',#3291);
#3293=EDGE_CURVE('',#3285,#3292,#3288,.T.);
#3294=ORIENTED_EDGE('',*,*,#3293,.T.);
#3295=(
BOUNDED_CURVE()
B_SPLINE_CURVE(1,(#3296,#3297),.UNSPECIFIED.,.F.,.F.)
B_SPLINE_CURVE_WITH_KNOTS((2,2),(0.000,1.000),.UNSPECIFIED.)
CURVE()
GEOMETRIC_REPRESENTATION_ITEM()
RATIONAL_B_SPLINE_CURVE((1.0000000000,1.0000000000))
REPRESENTATION_ITEM('')
);
#3296=CARTESIAN_POINT('',(51.9465230323,-34.3990789032,13.3751133626));
#3297=CARTESIAN_POINT('',(54.7570208901,-34.3990789032,13.3751133626));

#3298=CARTESIAN_POINT('',(54.7570208901,-34.3990789032,13.3751133626));
#3299=VERTEX_POINT('',#3298);
#3300=EDGE_CURVE('',#3292,#3299,#3295,.T.);
#3301=ORIENTED_EDGE('',*,*,#3300,.T.);
#3302=(
BOUNDED_CURVE()
B_SPLINE_CURVE(1,(#3303,#3304),.UNSPECIFIED.,.F.,.F.)
B_SPLINE_CURVE_WITH_KNOTS((2,2),(0.000,1.000),.UNSPECIFIED.)
CURVE()
GEOMETRIC_REPRESENTATION_ITEM()
RATIONAL_B_SPLINE_CURVE((1.0000000000,1.0000000000))
REPRESENTATION_ITEM('')
);
#3303=CARTESIAN_POINT('',(54.7570208901,-34.3990789032,13.3751133626));
#3304=CARTESIAN_POINT('',(54.7570208901,-34.3990789032,17.3685267247));

#3305=EDGE_CURVE('',#3299,#3280,#3302,.T.);
#3306=ORIENTED_EDGE('',*,*,#3305,.T.);
#3307=EDGE_LOOP('',(#3287,#3294,#3301,#3306));
#3308=FACE_OUTER_BOUND('',#3307,.T.);
#3309=ADVANCED_FACE('',(#3308),#3274,.T.);
#3310=COLOUR_RGB('',0.39,0.39,0.39);
#3311=FILL_AREA_STYLE_COLOUR('',#3310);
#3312=FILL_AREA_STYLE('',(#3311));
#3313=SURFACE_STYLE_FILL_AREA(#3312);
#3314=SURFACE_STYLE_TRANSPARENT(0.00);
#3315=SURFACE_STYLE_RENDERING_WITH_PROPERTIES(.NORMAL_SHADING.,#3310,(#3314));
#3316=SURFACE_SIDE_STYLE('',(#3313, #3315));
#3317=SURFACE_STYLE_USAGE(.BOTH.,#3316);
#3318=PRESENTATION_STYLE_ASSIGNMENT((#3317));
#3319=STYLED_ITEM('',(#3318),#3309);

#3320=(
BOUNDED_SURFACE()
B_SPLINE_SURFACE(1,1,((#3321,#3322),(#3323,#3324)),.UNSPECIFIED.,.F.,.F.,.F.)
B_SPLINE_SURFACE_WITH_KNOTS((2,2),(2,2),(0.000,1.000),(0.000,1.000),.UNSPECIFIED.)
GEOMETRIC_REPRESENTATION_ITEM()
RATIONAL_B_SPLINE_SURFACE(((1.0000000000,1.0000000000),(1.0000000000,1.0000000000)))
REPRESENTATION_ITEM('')
SURFACE()
);
#3321=CARTESIAN_POINT('',(54.7570208901,-34.3990789032,13.3751133626));
#3322=CARTESIAN_POINT('',(51.9465230323,-34.3990789032,13.3751133626));
#3323=CARTESIAN_POINT('',(54.7570208901,-34.1471590128,13.3751133626));
#3324=CARTESIAN_POINT('',(51.9465230323,-34.1471590128,13.3751133626));

#3325=CARTESIAN_POINT('',(54.7570208901,-34.3990789032,13.3751133626));
#3326=VERTEX_POINT('',#3325);
#3327=(
BOUNDED_CURVE()
B_SPLINE_CURVE(1,(#3328,#3329),.UNSPECIFIED.,.F.,.F.)
B_SPLINE_CURVE_WITH_KNOTS((2,2),(0.000,1.000),.UNSPECIFIED.)
CURVE()
GEOMETRIC_REPRESENTATION_ITEM()
RATIONAL_B_SPLINE_CURVE((1.0000000000,1.0000000000))
REPRESENTATION_ITEM('')
);
#3328=CARTESIAN_POINT('',(54.7570208901,-34.3990789032,13.3751133626));
#3329=CARTESIAN_POINT('',(51.9465230323,-34.3990789032,13.3751133626));

#3330=CARTESIAN_POINT('',(51.9465230323,-34.3990789032,13.3751133626));
#3331=VERTEX_POINT('',#3330);
#3332=EDGE_CURVE('',#3326,#3331,#3327,.T.);
#3333=ORIENTED_EDGE('',*,*,#3332,.T.);
#3334=(
BOUNDED_CURVE()
B_SPLINE_CURVE(1,(#3335,#3336),.UNSPECIFIED.,.F.,.F.)
B_SPLINE_CURVE_WITH_KNOTS((2,2),(0.000,1.000),.UNSPECIFIED.)
CURVE()
GEOMETRIC_REPRESENTATION_ITEM()
RATIONAL_B_SPLINE_CURVE((1.0000000000,1.0000000000))
REPRESENTATION_ITEM('')
);
#3335=CARTESIAN_POINT('',(51.9465230323,-34.3990789032,13.3751133626));
#3336=CARTESIAN_POINT('',(51.9465230323,-34.1471590128,13.3751133626));

#3337=CARTESIAN_POINT('',(51.9465230323,-34.1471590128,13.3751133626));
#3338=VERTEX_POINT('',#3337);
#3339=EDGE_CURVE('',#3331,#3338,#3334,.T.);
#3340=ORIENTED_EDGE('',*,*,#3339,.T.);
#3341=(
BOUNDED_CURVE()
B_SPLINE_CURVE(1,(#3342,#3343),.UNSPECIFIED.,.F.,.F.)
B_SPLINE_CURVE_WITH_KNOTS((2,2),(0.000,1.000),.UNSPECIFIED.)
CURVE()
GEOMETRIC_REPRESENTATION_ITEM()
RATIONAL_B_SPLINE_CURVE((1.0000000000,1.0000000000))
REPRESENTATION_ITEM('')
);
#3342=CARTESIAN_POINT('',(51.9465230323,-34.1471590128,13.3751133626));
#3343=CARTESIAN_POINT('',(54.7570208901,-34.1471590128,13.3751133626));

#3344=CARTESIAN_POINT('',(54.7570208901,-34.1471590128,13.3751133626));
#3345=VERTEX_POINT('',#3344);
#3346=EDGE_CURVE('',#3338,#3345,#3341,.T.);
#3347=ORIENTED_EDGE('',*,*,#3346,.T.);
#3348=(
BOUNDED_CURVE()
B_SPLINE_CURVE(1,(#3349,#3350),.UNSPECIFIED.,.F.,.F.)
B_SPLINE_CURVE_WITH_KNOTS((2,2),(0.000,1.000),.UNSPECIFIED.)
CURVE()
GEOMETRIC_REPRESENTATION_ITEM()
RATIONAL_B_SPLINE_CURVE((1.0000000000,1.0000000000))
REPRESENTATION_ITEM('')
);
#3349=CARTESIAN_POINT('',(54.7570208901,-34.1471590128,13.3751133626));
#3350=CARTESIAN_POINT('',(54.7570208901,-34.3990789032,13.3751133626));

#3351=EDGE_CURVE('',#3345,#3326,#3348,.T.);
#3352=ORIENTED_EDGE('',*,*,#3351,.T.);
#3353=EDGE_LOOP('',(#3333,#3340,#3347,#3352));
#3354=FACE_OUTER_BOUND('',#3353,.T.);
#3355=ADVANCED_FACE('',(#3354),#3320,.T.);
#3356=COLOUR_RGB('',0.39,0.39,0.39);
#3357=FILL_AREA_STYLE_COLOUR('',#3356);
#3358=FILL_AREA_STYLE('',(#3357));
#3359=SURFACE_STYLE_FILL_AREA(#3358);
#3360=SURFACE_STYLE_TRANSPARENT(0.00);
#3361=SURFACE_STYLE_RENDERING_WITH_PROPERTIES(.NORMAL_SHADING.,#3356,(#3360));
#3362=SURFACE_SIDE_STYLE('',(#3359, #3361));
#3363=SURFACE_STYLE_USAGE(.BOTH.,#3362);
#3364=PRESENTATION_STYLE_ASSIGNMENT((#3363));
#3365=STYLED_ITEM('',(#3364),#3355);

#3366=(
BOUNDED_SURFACE()
B_SPLINE_SURFACE(3,1,((#3367,#3368),(#3369,#3370),(#3371,#3372),(#3373,#3374)),.UNSPECIFIED.,.F.,.F.,.F.)
B_SPLINE_SURFACE_WITH_KNOTS((4,4),(2,2),(0.000,1.000),(0.000,1.000),.UNSPECIFIED.)
GEOMETRIC_REPRESENTATION_ITEM()
RATIONAL_B_SPLINE_SURFACE(((1.0000000000,1.0000000000),(1.0000000000,1.0000000000),(1.0000000000,1.0000000000),(1.0000000000,1.0000000000)))
REPRESENTATION_ITEM('')
SURFACE()
);
#3367=CARTESIAN_POINT('',(54.7570208901,-34.1471590128,13.3751133626));
#3368=CARTESIAN_POINT('',(51.9465230323,-34.1471590128,13.3751133626));
#3369=CARTESIAN_POINT('',(54.7570208901,-33.2747863771,13.3751133626));
#3370=CARTESIAN_POINT('',(51.9465230323,-33.2747863771,13.3751133626));
#3371=CARTESIAN_POINT('',(54.7570208901,-33.1535001216,14.3361336826));
#3372=CARTESIAN_POINT('',(51.9465230323,-33.1535001216,14.3361336826));
#3373=CARTESIAN_POINT('',(54.7570208901,-33.1535001216,15.3717790227));
#3374=CARTESIAN_POINT('',(51.9465230323,-33.1535001216,15.3717790227));

#3375=CARTESIAN_POINT('',(54.7570208901,-34.1471590128,13.3751133626));
#3376=VERTEX_POINT('',#3375);
#3377=(
BOUNDED_CURVE()
B_SPLINE_CURVE(1,(#3378,#3379),.UNSPECIFIED.,.F.,.F.)
B_SPLINE_CURVE_WITH_KNOTS((2,2),(0.000,1.000),.UNSPECIFIED.)
CURVE()
GEOMETRIC_REPRESENTATION_ITEM()
RATIONAL_B_SPLINE_CURVE((1.0000000000,1.0000000000))
REPRESENTATION_ITEM('')
);
#3378=CARTESIAN_POINT('',(54.7570208901,-34.1471590128,13.3751133626));
#3379=CARTESIAN_POINT('',(51.9465230323,-34.1471590128,13.3751133626));

#3380=CARTESIAN_POINT('',(51.9465230323,-34.1471590128,13.3751133626));
#3381=VERTEX_POINT('',#3380);
#3382=EDGE_CURVE('',#3376,#3381,#3377,.T.);
#3383=ORIENTED_EDGE('',*,*,#3382,.T.);
#3384=(
BOUNDED_CURVE()
B_SPLINE_CURVE(3,(#3385,#3386,#3387,#3388),.UNSPECIFIED.,.F.,.F.)
B_SPLINE_CURVE_WITH_KNOTS((4,4),(0.000,1.000),.UNSPECIFIED.)
CURVE()
GEOMETRIC_REPRESENTATION_ITEM()
RATIONAL_B_SPLINE_CURVE((1.0000000000,1.0000000000,1.0000000000,1.0000000000))
REPRESENTATION_ITEM('')
);
#3385=CARTESIAN_POINT('',(51.9465230323,-34.1471590128,13.3751133626));
#3386=CARTESIAN_POINT('',(51.9465230323,-33.2747863771,13.3751133626));
#3387=CARTESIAN_POINT('',(51.9465230323,-33.1535001216,14.3361336826));
#3388=CARTESIAN_POINT('',(51.9465230323,-33.1535001216,15.3717790227));

#3389=CARTESIAN_POINT('',(51.9465230323,-33.1535001216,15.3717790227));
#3390=VERTEX_POINT('',#3389);
#3391=EDGE_CURVE('',#3381,#3390,#3384,.T.);
#3392=ORIENTED_EDGE('',*,*,#3391,.T.);
#3393=(
BOUNDED_CURVE()
B_SPLINE_CURVE(1,(#3394,#3395),.UNSPECIFIED.,.F.,.F.)
B_SPLINE_CURVE_WITH_KNOTS((2,2),(0.000,1.000),.UNSPECIFIED.)
CURVE()
GEOMETRIC_REPRESENTATION_ITEM()
RATIONAL_B_SPLINE_CURVE((1.0000000000,1.0000000000))
REPRESENTATION_ITEM('')
);
#3394=CARTESIAN_POINT('',(51.9465230323,-33.1535001216,15.3717790227));
#3395=CARTESIAN_POINT('',(54.7570208901,-33.1535001216,15.3717790227));

#3396=CARTESIAN_POINT('',(54.7570208901,-33.1535001216,15.3717790227));
#3397=VERTEX_POINT('',#3396);
#3398=EDGE_CURVE('',#3390,#3397,#3393,.T.);
#3399=ORIENTED_EDGE('',*,*,#3398,.T.);
#3400=(
BOUNDED_CURVE()
B_SPLINE_CURVE(3,(#3401,#3402,#3403,#3404),.UNSPECIFIED.,.F.,.F.)
B_SPLINE_CURVE_WITH_KNOTS((4,4),(0.000,1.000),.UNSPECIFIED.)
CURVE()
GEOMETRIC_REPRESENTATION_ITEM()
RATIONAL_B_SPLINE_CURVE((1.0000000000,1.0000000000,1.0000000000,1.0000000000))
REPRESENTATION_ITEM('')
);
#3401=CARTESIAN_POINT('',(54.7570208901,-33.1535001216,15.3717790227));
#3402=CARTESIAN_POINT('',(54.7570208901,-33.1535001216,14.3361336826));
#3403=CARTESIAN_POINT('',(54.7570208901,-33.2747863771,13.3751133626));
#3404=CARTESIAN_POINT('',(54.7570208901,-34.1471590128,13.3751133626));

#3405=EDGE_CURVE('',#3397,#3376,#3400,.T.);
#3406=ORIENTED_EDGE('',*,*,#3405,.T.);
#3407=EDGE_LOOP('',(#3383,#3392,#3399,#3406));
#3408=FACE_OUTER_BOUND('',#3407,.T.);
#3409=ADVANCED_FACE('',(#3408),#3366,.T.);
#3410=COLOUR_RGB('',0.39,0.39,0.39);
#3411=FILL_AREA_STYLE_COLOUR('',#3410);
#3412=FILL_AREA_STYLE('',(#3411));
#3413=SURFACE_STYLE_FILL_AREA(#3412);
#3414=SURFACE_STYLE_TRANSPARENT(0.00);
#3415=SURFACE_STYLE_RENDERING_WITH_PROPERTIES(.NORMAL_SHADING.,#3410,(#3414));
#3416=SURFACE_SIDE_STYLE('',(#3413, #3415));
#3417=SURFACE_STYLE_USAGE(.BOTH.,#3416);
#3418=PRESENTATION_STYLE_ASSIGNMENT((#3417));
#3419=STYLED_ITEM('',(#3418),#3409);

#3420=(
BOUNDED_SURFACE()
B_SPLINE_SURFACE(3,1,((#3421,#3422),(#3423,#3424),(#3425,#3426),(#3427,#3428)),.UNSPECIFIED.,.F.,.F.,.F.)
B_SPLINE_SURFACE_WITH_KNOTS((4,4),(2,2),(0.000,1.000),(0.000,1.000),.UNSPECIFIED.)
GEOMETRIC_REPRESENTATION_ITEM()
RATIONAL_B_SPLINE_SURFACE(((1.0000000000,1.0000000000),(1.0000000000,1.0000000000),(1.0000000000,1.0000000000),(1.0000000000,1.0000000000)))
REPRESENTATION_ITEM('')
SURFACE()
);
#3421=CARTESIAN_POINT('',(54.7570208901,-33.1535001216,15.3717790227));
#3422=CARTESIAN_POINT('',(51.9465230323,-33.1535001216,15.3717790227));
#3423=CARTESIAN_POINT('',(54.7570208901,-33.1535001216,16.4074241635));
#3424=CARTESIAN_POINT('',(51.9465230323,-33.1535001216,16.4074241635));
#3425=CARTESIAN_POINT('',(54.7570208901,-33.2747863771,17.3685267247));
#3426=CARTESIAN_POINT('',(51.9465230323,-33.2747863771,17.3685267247));
#3427=CARTESIAN_POINT('',(54.7570208901,-34.1471590128,17.3685267247));
#3428=CARTESIAN_POINT('',(51.9465230323,-34.1471590128,17.3685267247));

#3429=CARTESIAN_POINT('',(54.7570208901,-33.1535001216,15.3717790227));
#3430=VERTEX_POINT('',#3429);
#3431=(
BOUNDED_CURVE()
B_SPLINE_CURVE(1,(#3432,#3433),.UNSPECIFIED.,.F.,.F.)
B_SPLINE_CURVE_WITH_KNOTS((2,2),(0.000,1.000),.UNSPECIFIED.)
CURVE()
GEOMETRIC_REPRESENTATION_ITEM()
RATIONAL_B_SPLINE_CURVE((1.0000000000,1.0000000000))
REPRESENTATION_ITEM('')
);
#3432=CARTESIAN_POINT('',(54.7570208901,-33.1535001216,15.3717790227));
#3433=CARTESIAN_POINT('',(51.9465230323,-33.1535001216,15.3717790227));

#3434=CARTESIAN_POINT('',(51.9465230323,-33.1535001216,15.3717790227));
#3435=VERTEX_POINT('',#3434);
#3436=EDGE_CURVE('',#3430,#3435,#3431,.T.);
#3437=ORIENTED_EDGE('',*,*,#3436,.T.);
#3438=(
BOUNDED_CURVE()
B_SPLINE_CURVE(3,(#3439,#3440,#3441,#3442),.UNSPECIFIED.,.F.,.F.)
B_SPLINE_CURVE_WITH_KNOTS((4,4),(0.000,1.000),.UNSPECIFIED.)
CURVE()
GEOMETRIC_REPRESENTATION_ITEM()
RATIONAL_B_SPLINE_CURVE((1.0000000000,1.0000000000,1.0000000000,1.0000000000))
REPRESENTATION_ITEM('')
);
#3439=CARTESIAN_POINT('',(51.9465230323,-33.1535001216,15.3717790227));
#3440=CARTESIAN_POINT('',(51.9465230323,-33.1535001216,16.4074241636));
#3441=CARTESIAN_POINT('',(51.9465230323,-33.2747863771,17.3685267247));
#3442=CARTESIAN_POINT('',(51.9465230323,-34.1471590128,17.3685267247));

#3443=CARTESIAN_POINT('',(51.9465230323,-34.1471590128,17.3685267247));
#3444=VERTEX_POINT('',#3443);
#3445=EDGE_CURVE('',#3435,#3444,#3438,.T.);
#3446=ORIENTED_EDGE('',*,*,#3445,.T.);
#3447=(
BOUNDED_CURVE()
B_SPLINE_CURVE(1,(#3448,#3449),.UNSPECIFIED.,.F.,.F.)
B_SPLINE_CURVE_WITH_KNOTS((2,2),(0.000,1.000),.UNSPECIFIED.)
CURVE()
GEOMETRIC_REPRESENTATION_ITEM()
RATIONAL_B_SPLINE_CURVE((1.0000000000,1.0000000000))
REPRESENTATION_ITEM('')
);
#3448=CARTESIAN_POINT('',(51.9465230323,-34.1471590128,17.3685267247));
#3449=CARTESIAN_POINT('',(54.7570208901,-34.1471590128,17.3685267247));

#3450=CARTESIAN_POINT('',(54.7570208901,-34.1471590128,17.3685267247));
#3451=VERTEX_POINT('',#3450);
#3452=EDGE_CURVE('',#3444,#3451,#3447,.T.);
#3453=ORIENTED_EDGE('',*,*,#3452,.T.);
#3454=(
BOUNDED_CURVE()
B_SPLINE_CURVE(3,(#3455,#3456,#3457,#3458),.UNSPECIFIED.,.F.,.F.)
B_SPLINE_CURVE_WITH_KNOTS((4,4),(0.000,1.000),.UNSPECIFIED.)
CURVE()
GEOMETRIC_REPRESENTATION_ITEM()
RATIONAL_B_SPLINE_CURVE((1.0000000000,1.0000000000,1.0000000000,1.0000000000))
REPRESENTATION_ITEM('')
);
#3455=CARTESIAN_POINT('',(54.7570208901,-34.1471590128,17.3685267247));
#3456=CARTESIAN_POINT('',(54.7570208901,-33.2747863771,17.3685267247));
#3457=CARTESIAN_POINT('',(54.7570208901,-33.1535001216,16.4074241636));
#3458=CARTESIAN_POINT('',(54.7570208901,-33.1535001216,15.3717790227));

#3459=EDGE_CURVE('',#3451,#3430,#3454,.T.);
#3460=ORIENTED_EDGE('',*,*,#3459,.T.);
#3461=EDGE_LOOP('',(#3437,#3446,#3453,#3460));
#3462=FACE_OUTER_BOUND('',#3461,.T.);
#3463=ADVANCED_FACE('',(#3462),#3420,.T.);
#3464=COLOUR_RGB('',0.39,0.39,0.39);
#3465=FILL_AREA_STYLE_COLOUR('',#3464);
#3466=FILL_AREA_STYLE('',(#3465));
#3467=SURFACE_STYLE_FILL_AREA(#3466);
#3468=SURFACE_STYLE_TRANSPARENT(0.00);
#3469=SURFACE_STYLE_RENDERING_WITH_PROPERTIES(.NORMAL_SHADING.,#3464,(#3468));
#3470=SURFACE_SIDE_STYLE('',(#3467, #3469));
#3471=SURFACE_STYLE_USAGE(.BOTH.,#3470);
#3472=PRESENTATION_STYLE_ASSIGNMENT((#3471));
#3473=STYLED_ITEM('',(#3472),#3463);

#3474=(
BOUNDED_SURFACE()
B_SPLINE_SURFACE(1,1,((#3475,#3476),(#3477,#3478)),.UNSPECIFIED.,.F.,.F.,.F.)
B_SPLINE_SURFACE_WITH_KNOTS((2,2),(2,2),(0.000,1.000),(0.000,1.000),.UNSPECIFIED.)
GEOMETRIC_REPRESENTATION_ITEM()
RATIONAL_B_SPLINE_SURFACE(((1.0000000000,1.0000000000),(1.0000000000,1.0000000000)))
REPRESENTATION_ITEM('')
SURFACE()
);
#3475=CARTESIAN_POINT('',(54.7570208901,-34.1471590128,17.3685267247));
#3476=CARTESIAN_POINT('',(51.9465230323,-34.1471590128,17.3685267247));
#3477=CARTESIAN_POINT('',(54.7570208901,-34.3990789032,17.3685267247));
#3478=CARTESIAN_POINT('',(51.9465230323,-34.3990789032,17.3685267247));

#3479=CARTESIAN_POINT('',(54.7570208901,-34.1471590128,17.3685267247));
#3480=VERTEX_POINT('',#3479);
#3481=(
BOUNDED_CURVE()
B_SPLINE_CURVE(1,(#3482,#3483),.UNSPECIFIED.,.F.,.F.)
B_SPLINE_CURVE_WITH_KNOTS((2,2),(0.000,1.000),.UNSPECIFIED.)
CURVE()
GEOMETRIC_REPRESENTATION_ITEM()
RATIONAL_B_SPLINE_CURVE((1.0000000000,1.0000000000))
REPRESENTATION_ITEM('')
);
#3482=CARTESIAN_POINT('',(54.7570208901,-34.1471590128,17.3685267247));
#3483=CARTESIAN_POINT('',(51.9465230323,-34.1471590128,17.3685267247));

#3484=CARTESIAN_POINT('',(51.9465230323,-34.1471590128,17.3685267247));
#3485=VERTEX_POINT('',#3484);
#3486=EDGE_CURVE('',#3480,#3485,#3481,.T.);
#3487=ORIENTED_EDGE('',*,*,#3486,.T.);
#3488=(
BOUNDED_CURVE()
B_SPLINE_CURVE(1,(#3489,#3490),.UNSPECIFIED.,.F.,.F.)
B_SPLINE_CURVE_WITH_KNOTS((2,2),(0.000,1.000),.UNSPECIFIED.)
CURVE()
GEOMETRIC_REPRESENTATION_ITEM()
RATIONAL_B_SPLINE_CURVE((1.0000000000,1.0000000000))
REPRESENTATION_ITEM('')
);
#3489=CARTESIAN_POINT('',(51.9465230323,-34.1471590128,17.3685267247));
#3490=CARTESIAN_POINT('',(51.9465230323,-34.3990789032,17.3685267247));

#3491=CARTESIAN_POINT('',(51.9465230323,-34.3990789032,17.3685267247));
#3492=VERTEX_POINT('',#3491);
#3493=EDGE_CURVE('',#3485,#3492,#3488,.T.);
#3494=ORIENTED_EDGE('',*,*,#3493,.T.);
#3495=(
BOUNDED_CURVE()
B_SPLINE_CURVE(1,(#3496,#3497),.UNSPECIFIED.,.F.,.F.)
B_SPLINE_CURVE_WITH_KNOTS((2,2),(0.000,1.000),.UNSPECIFIED.)
CURVE()
GEOMETRIC_REPRESENTATION_ITEM()
RATIONAL_B_SPLINE_CURVE((1.0000000000,1.0000000000))
REPRESENTATION_ITEM('')
);
#3496=CARTESIAN_POINT('',(51.9465230323,-34.3990789032,17.3685267247));
#3497=CARTESIAN_POINT('',(54.7570208901,-34.3990789032,17.3685267247));

#3498=CARTESIAN_POINT('',(54.7570208901,-34.3990789032,17.3685267247));
#3499=VERTEX_POINT('',#3498);
#3500=EDGE_CURVE('',#3492,#3499,#3495,.T.);
#3501=ORIENTED_EDGE('',*,*,#3500,.T.);
#3502=(
BOUNDED_CURVE()
B_SPLINE_CURVE(1,(#3503,#3504),.UNSPECIFIED.,.F.,.F.)
B_SPLINE_CURVE_WITH_KNOTS((2,2),(0.000,1.000),.UNSPECIFIED.)
CURVE()
GEOMETRIC_REPRESENTATION_ITEM()
RATIONAL_B_SPLINE_CURVE((1.0000000000,1.0000000000))
REPRESENTATION_ITEM('')
);
#3503=CARTESIAN_POINT('',(54.7570208901,-34.3990789032,17.3685267247));
#3504=CARTESIAN_POINT('',(54.7570208901,-34.1471590128,17.3685267247));

#3505=EDGE_CURVE('',#3499,#3480,#3502,.T.);
#3506=ORIENTED_EDGE('',*,*,#3505,.T.);
#3507=EDGE_LOOP('',(#3487,#3494,#3501,#3506));
#3508=FACE_OUTER_BOUND('',#3507,.T.);
#3509=ADVANCED_FACE('',(#3508),#3474,.T.);
#3510=COLOUR_RGB('',0.39,0.39,0.39);
#3511=FILL_AREA_STYLE_COLOUR('',#3510);
#3512=FILL_AREA_STYLE('',(#3511));
#3513=SURFACE_STYLE_FILL_AREA(#3512);
#3514=SURFACE_STYLE_TRANSPARENT(0.00);
#3515=SURFACE_STYLE_RENDERING_WITH_PROPERTIES(.NORMAL_SHADING.,#3510,(#3514));
#3516=SURFACE_SIDE_STYLE('',(#3513, #3515));
#3517=SURFACE_STYLE_USAGE(.BOTH.,#3516);
#3518=PRESENTATION_STYLE_ASSIGNMENT((#3517));
#3519=STYLED_ITEM('',(#3518),#3509);

#3520=(
BOUNDED_SURFACE()
B_SPLINE_SURFACE(1,1,((#3521,#3522),(#3523,#3524)),.UNSPECIFIED.,.F.,.F.,.F.)
B_SPLINE_SURFACE_WITH_KNOTS((2,2),(2,2),(0.000,1.000),(0.000,1.000),.UNSPECIFIED.)
GEOMETRIC_REPRESENTATION_ITEM()
RATIONAL_B_SPLINE_SURFACE(((1.0000000000,1.0000000000),(1.0000000000,1.0000000000)))
REPRESENTATION_ITEM('')
SURFACE()
);
#3521=CARTESIAN_POINT('',(54.7570208901,-31.1334629226,17.6437365109));
#3522=CARTESIAN_POINT('',(54.7570208901,-27.6579140988,17.6437365109));
#3523=CARTESIAN_POINT('',(54.7570208901,-31.1334629226,12.0268638338));
#3524=CARTESIAN_POINT('',(54.7570208901,-27.6579140988,12.0268638338));

#3525=CARTESIAN_POINT('',(54.7570208901,-31.1334629226,12.0268638338));
#3526=VERTEX_POINT('',#3525);
#3527=(
BOUNDED_CURVE()
B_SPLINE_CURVE(1,(#3528,#3529),.UNSPECIFIED.,.F.,.F.)
B_SPLINE_CURVE_WITH_KNOTS((2,2),(0.000,1.000),.UNSPECIFIED.)
CURVE()
GEOMETRIC_REPRESENTATION_ITEM()
RATIONAL_B_SPLINE_CURVE((1.0000000000,1.0000000000))
REPRESENTATION_ITEM('')
);
#3528=CARTESIAN_POINT('',(54.7570208901,-31.1334629226,12.0268638338));
#3529=CARTESIAN_POINT('',(54.7570208901,-31.1334629226,17.6437365109));

#3530=CARTESIAN_POINT('',(54.7570208901,-31.1334629226,17.6437365109));
#3531=VERTEX_POINT('',#3530);
#3532=EDGE_CURVE('',#3526,#3531,#3527,.T.);
#3533=ORIENTED_EDGE('',*,*,#3532,.T.);
#3534=(
BOUNDED_CURVE()
B_SPLINE_CURVE(1,(#3535,#3536),.UNSPECIFIED.,.F.,.F.)
B_SPLINE_CURVE_WITH_KNOTS((2,2),(0.000,1.000),.UNSPECIFIED.)
CURVE()
GEOMETRIC_REPRESENTATION_ITEM()
RATIONAL_B_SPLINE_CURVE((1.0000000000,1.0000000000))
REPRESENTATION_ITEM('')
);
#3535=CARTESIAN_POINT('',(54.7570208901,-31.1334629226,17.6437365109));
#3536=CARTESIAN_POINT('',(54.7570208901,-27.6952254625,17.6437365109));

#3537=CARTESIAN_POINT('',(54.7570208901,-27.6952254625,17.6437365109));
#3538=VERTEX_POINT('',#3537);
#3539=EDGE_CURVE('',#3531,#3538,#3534,.T.);
#3540=ORIENTED_EDGE('',*,*,#3539,.T.);
#3541=(
BOUNDED_CURVE()
B_SPLINE_CURVE(1,(#3542,#3543),.UNSPECIFIED.,.F.,.F.)
B_SPLINE_CURVE_WITH_KNOTS((2,2),(0.000,1.000),.UNSPECIFIED.)
CURVE()
GEOMETRIC_REPRESENTATION_ITEM()
RATIONAL_B_SPLINE_CURVE((1.0000000000,1.0000000000))
REPRESENTATION_ITEM('')
);
#3542=CARTESIAN_POINT('',(54.7570208901,-27.6952254625,17.6437365109));
#3543=CARTESIAN_POINT('',(54.7570208901,-27.6952254625,16.4681083620));

#3544=CARTESIAN_POINT('',(54.7570208901,-27.6952254625,16.4681083620));
#3545=VERTEX_POINT('',#3544);
#3546=EDGE_CURVE('',#3538,#3545,#3541,.T.);
#3547=ORIENTED_EDGE('',*,*,#3546,.T.);
#3548=(
BOUNDED_CURVE()
B_SPLINE_CURVE(1,(#3549,#3550),.UNSPECIFIED.,.F.,.F.)
B_SPLINE_CURVE_WITH_KNOTS((2,2),(0.000,1.000),.UNSPECIFIED.)
CURVE()
GEOMETRIC_REPRESENTATION_ITEM()
RATIONAL_B_SPLINE_CURVE((1.0000000000,1.0000000000))
REPRESENTATION_ITEM('')
);
#3549=CARTESIAN_POINT('',(54.7570208901,-27.6952254625,16.4681083620));
#3550=CARTESIAN_POINT('',(54.7570208901,-29.6032440365,16.4681083620));

#3551=CARTESIAN_POINT('',(54.7570208901,-29.6032440365,16.4681083620));
#3552=VERTEX_POINT('',#3551);
#3553=EDGE_CURVE('',#3545,#3552,#3548,.T.);
#3554=ORIENTED_EDGE('',*,*,#3553,.T.);
#3555=(
BOUNDED_CURVE()
B_SPLINE_CURVE(1,(#3556,#3557),.UNSPECIFIED.,.F.,.F.)
B_SPLINE_CURVE_WITH_KNOTS((2,2),(0.000,1.000),.UNSPECIFIED.)
CURVE()
GEOMETRIC_REPRESENTATION_ITEM()
RATIONAL_B_SPLINE_CURVE((1.0000000000,1.0000000000))
REPRESENTATION_ITEM('')
);
#3556=CARTESIAN_POINT('',(54.7570208901,-29.6032440365,16.4681083620));
#3557=CARTESIAN_POINT('',(54.7570208901,-29.6032440365,15.5070879423));

#3558=CARTESIAN_POINT('',(54.7570208901,-29.6032440365,15.5070879423));
#3559=VERTEX_POINT('',#3558);
#3560=EDGE_CURVE('',#3552,#3559,#3555,.T.);
#3561=ORIENTED_EDGE('',*,*,#3560,.T.);
#3562=(
BOUNDED_CURVE()
B_SPLINE_CURVE(1,(#3563,#3564),.UNSPECIFIED.,.F.,.F.)
B_SPLINE_CURVE_WITH_KNOTS((2,2),(0.000,1.000),.UNSPECIFIED.)
CURVE()
GEOMETRIC_REPRESENTATION_ITEM()
RATIONAL_B_SPLINE_CURVE((1.0000000000,1.0000000000))
REPRESENTATION_ITEM('')
);
#3563=CARTESIAN_POINT('',(54.7570208901,-29.6032440365,15.5070879423));
#3564=CARTESIAN_POINT('',(54.7570208901,-27.8631728536,15.5070879423));

#3565=CARTESIAN_POINT('',(54.7570208901,-27.8631728536,15.5070879423));
#3566=VERTEX_POINT('',#3565);
#3567=EDGE_CURVE('',#3559,#3566,#3562,.T.);
#3568=ORIENTED_EDGE('',*,*,#3567,.T.);
#3569=(
BOUNDED_CURVE()
B_SPLINE_CURVE(1,(#3570,#3571),.UNSPECIFIED.,.F.,.F.)
B_SPLINE_CURVE_WITH_KNOTS((2,2),(0.000,1.000),.UNSPECIFIED.)
CURVE()
GEOMETRIC_REPRESENTATION_ITEM()
RATIONAL_B_SPLINE_CURVE((1.0000000000,1.0000000000))
REPRESENTATION_ITEM('')
);
#3570=CARTESIAN_POINT('',(54.7570208901,-27.8631728536,15.5070879423));
#3571=CARTESIAN_POINT('',(54.7570208901,-27.8631728536,14.3314593947));

#3572=CARTESIAN_POINT('',(54.7570208901,-27.8631728536,14.3314593947));
#3573=VERTEX_POINT('',#3572);
#3574=EDGE_CURVE('',#3566,#3573,#3569,.T.);
#3575=ORIENTED_EDGE('',*,*,#3574,.T.);
#3576=(
BOUNDED_CURVE()
B_SPLINE_CURVE(1,(#3577,#3578),.UNSPECIFIED.,.F.,.F.)
B_SPLINE_CURVE_WITH_KNOTS((2,2),(0.000,1.000),.UNSPECIFIED.)
CURVE()
GEOMETRIC_REPRESENTATION_ITEM()
RATIONAL_B_SPLINE_CURVE((1.0000000000,1.0000000000))
REPRESENTATION_ITEM('')
);
#3577=CARTESIAN_POINT('',(54.7570208901,-27.8631728536,14.3314593947));
#3578=CARTESIAN_POINT('',(54.7570208901,-29.6032440365,14.3314593947));

#3579=CARTESIAN_POINT('',(54.7570208901,-29.6032440365,14.3314593947));
#3580=VERTEX_POINT('',#3579);
#3581=EDGE_CURVE('',#3573,#3580,#3576,.T.);
#3582=ORIENTED_EDGE('',*,*,#3581,.T.);
#3583=(
BOUNDED_CURVE()
B_SPLINE_CURVE(1,(#3584,#3585),.UNSPECIFIED.,.F.,.F.)
B_SPLINE_CURVE_WITH_KNOTS((2,2),(0.000,1.000),.UNSPECIFIED.)
CURVE()
GEOMETRIC_REPRESENTATION_ITEM()
RATIONAL_B_SPLINE_CURVE((1.0000000000,1.0000000000))
REPRESENTATION_ITEM('')
);
#3584=CARTESIAN_POINT('',(54.7570208901,-29.6032440365,14.3314593947));
#3585=CARTESIAN_POINT('',(54.7570208901,-29.6032440365,13.2024921821));

#3586=CARTESIAN_POINT('',(54.7570208901,-29.6032440365,13.2024921821));
#3587=VERTEX_POINT('',#3586);
#3588=EDGE_CURVE('',#3580,#3587,#3583,.T.);
#3589=ORIENTED_EDGE('',*,*,#3588,.T.);
#3590=(
BOUNDED_CURVE()
B_SPLINE_CURVE(1,(#3591,#3592),.UNSPECIFIED.,.F.,.F.)
B_SPLINE_CURVE_WITH_KNOTS((2,2),(0.000,1.000),.UNSPECIFIED.)
CURVE()
GEOMETRIC_REPRESENTATION_ITEM()
RATIONAL_B_SPLINE_CURVE((1.0000000000,1.0000000000))
REPRESENTATION_ITEM('')
);
#3591=CARTESIAN_POINT('',(54.7570208901,-29.6032440365,13.2024921821));
#3592=CARTESIAN_POINT('',(54.7570208901,-27.6579140988,13.2024921821));

#3593=CARTESIAN_POINT('',(54.7570208901,-27.6579140988,13.2024921821));
#3594=VERTEX_POINT('',#3593);
#3595=EDGE_CURVE('',#3587,#3594,#3590,.T.);
#3596=ORIENTED_EDGE('',*,*,#3595,.T.);
#3597=(
BOUNDED_CURVE()
B_SPLINE_CURVE(1,(#3598,#3599),.UNSPECIFIED.,.F.,.F.)
B_SPLINE_CURVE_WITH_KNOTS((2,2),(0.000,1.000),.UNSPECIFIED.)
CURVE()
GEOMETRIC_REPRESENTATION_ITEM()
RATIONAL_B_SPLINE_CURVE((1.0000000000,1.0000000000))
REPRESENTATION_ITEM('')
);
#3598=CARTESIAN_POINT('',(54.7570208901,-27.6579140988,13.2024921821));
#3599=CARTESIAN_POINT('',(54.7570208901,-27.6579140988,12.0268638338));

#3600=CARTESIAN_POINT('',(54.7570208901,-27.6579140988,12.0268638338));
#3601=VERTEX_POINT('',#3600);
#3602=EDGE_CURVE('',#3594,#3601,#3597,.T.);
#3603=ORIENTED_EDGE('',*,*,#3602,.T.);
#3604=(
BOUNDED_CURVE()
B_SPLINE_CURVE(1,(#3605,#3606),.UNSPECIFIED.,.F.,.F.)
B_SPLINE_CURVE_WITH_KNOTS((2,2),(0.000,1.000),.UNSPECIFIED.)
CURVE()
GEOMETRIC_REPRESENTATION_ITEM()
RATIONAL_B_SPLINE_CURVE((1.0000000000,1.0000000000))
REPRESENTATION_ITEM('')
);
#3605=CARTESIAN_POINT('',(54.7570208901,-27.6579140988,12.0268638338));
#3606=CARTESIAN_POINT('',(54.7570208901,-31.1334629226,12.0268638338));

#3607=EDGE_CURVE('',#3601,#3526,#3604,.T.);
#3608=ORIENTED_EDGE('',*,*,#3607,.T.);
#3609=EDGE_LOOP('',(#3533,#3540,#3547,#3554,#3561,#3568,#3575,#3582,#3589,#3596,#3603,#3608));
#3610=FACE_OUTER_BOUND('',#3609,.T.);
#3611=ADVANCED_FACE('',(#3610),#3520,.T.);
#3612=COLOUR_RGB('',0.39,0.39,0.39);
#3613=FILL_AREA_STYLE_COLOUR('',#3612);
#3614=FILL_AREA_STYLE('',(#3613));
#3615=SURFACE_STYLE_FILL_AREA(#3614);
#3616=SURFACE_STYLE_TRANSPARENT(0.00);
#3617=SURFACE_STYLE_RENDERING_WITH_PROPERTIES(.NORMAL_SHADING.,#3612,(#3616));
#3618=SURFACE_SIDE_STYLE('',(#3615, #3617));
#3619=SURFACE_STYLE_USAGE(.BOTH.,#3618);
#3620=PRESENTATION_STYLE_ASSIGNMENT((#3619));
#3621=STYLED_ITEM('',(#3620),#3611);

#3622=(
BOUNDED_SURFACE()
B_SPLINE_SURFACE(1,1,((#3623,#3624),(#3625,#3626)),.UNSPECIFIED.,.F.,.F.,.F.)
B_SPLINE_SURFACE_WITH_KNOTS((2,2),(2,2),(0.000,1.000),(0.000,1.000),.UNSPECIFIED.)
GEOMETRIC_REPRESENTATION_ITEM()
RATIONAL_B_SPLINE_SURFACE(((1.0000000000,1.0000000000),(1.0000000000,1.0000000000)))
REPRESENTATION_ITEM('')
SURFACE()
);
#3623=CARTESIAN_POINT('',(54.7570208901,-29.6032440365,15.5070879423));
#3624=CARTESIAN_POINT('',(51.9465230323,-29.6032440365,15.5070879423));
#3625=CARTESIAN_POINT('',(54.7570208901,-27.8631728536,15.5070879423));
#3626=CARTESIAN_POINT('',(51.9465230323,-27.8631728536,15.5070879423));

#3627=CARTESIAN_POINT('',(54.7570208901,-29.6032440365,15.5070879423));
#3628=VERTEX_POINT('',#3627);
#3629=(
BOUNDED_CURVE()
B_SPLINE_CURVE(1,(#3630,#3631),.UNSPECIFIED.,.F.,.F.)
B_SPLINE_CURVE_WITH_KNOTS((2,2),(0.000,1.000),.UNSPECIFIED.)
CURVE()
GEOMETRIC_REPRESENTATION_ITEM()
RATIONAL_B_SPLINE_CURVE((1.0000000000,1.0000000000))
REPRESENTATION_ITEM('')
);
#3630=CARTESIAN_POINT('',(54.7570208901,-29.6032440365,15.5070879423));
#3631=CARTESIAN_POINT('',(51.9465230323,-29.6032440365,15.5070879423));

#3632=CARTESIAN_POINT('',(51.9465230323,-29.6032440365,15.5070879423));
#3633=VERTEX_POINT('',#3632);
#3634=EDGE_CURVE('',#3628,#3633,#3629,.T.);
#3635=ORIENTED_EDGE('',*,*,#3634,.T.);
#3636=(
BOUNDED_CURVE()
B_SPLINE_CURVE(1,(#3637,#3638),.UNSPECIFIED.,.F.,.F.)
B_SPLINE_CURVE_WITH_KNOTS((2,2),(0.000,1.000),.UNSPECIFIED.)
CURVE()
GEOMETRIC_REPRESENTATION_ITEM()
RATIONAL_B_SPLINE_CURVE((1.0000000000,1.0000000000))
REPRESENTATION_ITEM('')
);
#3637=CARTESIAN_POINT('',(51.9465230323,-29.6032440365,15.5070879423));
#3638=CARTESIAN_POINT('',(51.9465230323,-27.8631728536,15.5070879423));

#3639=CARTESIAN_POINT('',(51.9465230323,-27.8631728536,15.5070879423));
#3640=VERTEX_POINT('',#3639);
#3641=EDGE_CURVE('',#3633,#3640,#3636,.T.);
#3642=ORIENTED_EDGE('',*,*,#3641,.T.);
#3643=(
BOUNDED_CURVE()
B_SPLINE_CURVE(1,(#3644,#3645),.UNSPECIFIED.,.F.,.F.)
B_SPLINE_CURVE_WITH_KNOTS((2,2),(0.000,1.000),.UNSPECIFIED.)
CURVE()
GEOMETRIC_REPRESENTATION_ITEM()
RATIONAL_B_SPLINE_CURVE((1.0000000000,1.0000000000))
REPRESENTATION_ITEM('')
);
#3644=CARTESIAN_POINT('',(51.9465230323,-27.8631728536,15.5070879423));
#3645=CARTESIAN_POINT('',(54.7570208901,-27.8631728536,15.5070879423));

#3646=CARTESIAN_POINT('',(54.7570208901,-27.8631728536,15.5070879423));
#3647=VERTEX_POINT('',#3646);
#3648=EDGE_CURVE('',#3640,#3647,#3643,.T.);
#3649=ORIENTED_EDGE('',*,*,#3648,.T.);
#3650=(
BOUNDED_CURVE()
B_SPLINE_CURVE(1,(#3651,#3652),.UNSPECIFIED.,.F.,.F.)
B_SPLINE_CURVE_WITH_KNOTS((2,2),(0.000,1.000),.UNSPECIFIED.)
CURVE()
GEOMETRIC_REPRESENTATION_ITEM()
RATIONAL_B_SPLINE_CURVE((1.0000000000,1.0000000000))
REPRESENTATION_ITEM('')
);
#3651=CARTESIAN_POINT('',(54.7570208901,-27.8631728536,15.5070879423));
#3652=CARTESIAN_POINT('',(54.7570208901,-29.6032440365,15.5070879423));

#3653=EDGE_CURVE('',#3647,#3628,#3650,.T.);
#3654=ORIENTED_EDGE('',*,*,#3653,.T.);
#3655=EDGE_LOOP('',(#3635,#3642,#3649,#3654));
#3656=FACE_OUTER_BOUND('',#3655,.T.);
#3657=ADVANCED_FACE('',(#3656),#3622,.T.);
#3658=COLOUR_RGB('',0.39,0.39,0.39);
#3659=FILL_AREA_STYLE_COLOUR('',#3658);
#3660=FILL_AREA_STYLE('',(#3659));
#3661=SURFACE_STYLE_FILL_AREA(#3660);
#3662=SURFACE_STYLE_TRANSPARENT(0.00);
#3663=SURFACE_STYLE_RENDERING_WITH_PROPERTIES(.NORMAL_SHADING.,#3658,(#3662));
#3664=SURFACE_SIDE_STYLE('',(#3661, #3663));
#3665=SURFACE_STYLE_USAGE(.BOTH.,#3664);
#3666=PRESENTATION_STYLE_ASSIGNMENT((#3665));
#3667=STYLED_ITEM('',(#3666),#3657);

#3668=(
BOUNDED_SURFACE()
B_SPLINE_SURFACE(1,1,((#3669,#3670),(#3671,#3672)),.UNSPECIFIED.,.F.,.F.,.F.)
B_SPLINE_SURFACE_WITH_KNOTS((2,2),(2,2),(0.000,1.000),(0.000,1.000),.UNSPECIFIED.)
GEOMETRIC_REPRESENTATION_ITEM()
RATIONAL_B_SPLINE_SURFACE(((1.0000000000,1.0000000000),(1.0000000000,1.0000000000)))
REPRESENTATION_ITEM('')
SURFACE()
);
#3669=CARTESIAN_POINT('',(54.7570208901,-27.8631728536,15.5070879423));
#3670=CARTESIAN_POINT('',(51.9465230323,-27.8631728536,15.5070879423));
#3671=CARTESIAN_POINT('',(54.7570208901,-27.8631728536,14.3314593947));
#3672=CARTESIAN_POINT('',(51.9465230323,-27.8631728536,14.3314593947));

#3673=CARTESIAN_POINT('',(54.7570208901,-27.8631728536,15.5070879423));
#3674=VERTEX_POINT('',#3673);
#3675=(
BOUNDED_CURVE()
B_SPLINE_CURVE(1,(#3676,#3677),.UNSPECIFIED.,.F.,.F.)
B_SPLINE_CURVE_WITH_KNOTS((2,2),(0.000,1.000),.UNSPECIFIED.)
CURVE()
GEOMETRIC_REPRESENTATION_ITEM()
RATIONAL_B_SPLINE_CURVE((1.0000000000,1.0000000000))
REPRESENTATION_ITEM('')
);
#3676=CARTESIAN_POINT('',(54.7570208901,-27.8631728536,15.5070879423));
#3677=CARTESIAN_POINT('',(51.9465230323,-27.8631728536,15.5070879423));

#3678=CARTESIAN_POINT('',(51.9465230323,-27.8631728536,15.5070879423));
#3679=VERTEX_POINT('',#3678);
#3680=EDGE_CURVE('',#3674,#3679,#3675,.T.);
#3681=ORIENTED_EDGE('',*,*,#3680,.T.);
#3682=(
BOUNDED_CURVE()
B_SPLINE_CURVE(1,(#3683,#3684),.UNSPECIFIED.,.F.,.F.)
B_SPLINE_CURVE_WITH_KNOTS((2,2),(0.000,1.000),.UNSPECIFIED.)
CURVE()
GEOMETRIC_REPRESENTATION_ITEM()
RATIONAL_B_SPLINE_CURVE((1.0000000000,1.0000000000))
REPRESENTATION_ITEM('')
);
#3683=CARTESIAN_POINT('',(51.9465230323,-27.8631728536,15.5070879423));
#3684=CARTESIAN_POINT('',(51.9465230323,-27.8631728536,14.3314593947));

#3685=CARTESIAN_POINT('',(51.9465230323,-27.8631728536,14.3314593947));
#3686=VERTEX_POINT('',#3685);
#3687=EDGE_CURVE('',#3679,#3686,#3682,.T.);
#3688=ORIENTED_EDGE('',*,*,#3687,.T.);
#3689=(
BOUNDED_CURVE()
B_SPLINE_CURVE(1,(#3690,#3691),.UNSPECIFIED.,.F.,.F.)
B_SPLINE_CURVE_WITH_KNOTS((2,2),(0.000,1.000),.UNSPECIFIED.)
CURVE()
GEOMETRIC_REPRESENTATION_ITEM()
RATIONAL_B_SPLINE_CURVE((1.0000000000,1.0000000000))
REPRESENTATION_ITEM('')
);
#3690=CARTESIAN_POINT('',(51.9465230323,-27.8631728536,14.3314593947));
#3691=CARTESIAN_POINT('',(54.7570208901,-27.8631728536,14.3314593947));

#3692=CARTESIAN_POINT('',(54.7570208901,-27.8631728536,14.3314593947));
#3693=VERTEX_POINT('',#3692);
#3694=EDGE_CURVE('',#3686,#3693,#3689,.T.);
#3695=ORIENTED_EDGE('',*,*,#3694,.T.);
#3696=(
BOUNDED_CURVE()
B_SPLINE_CURVE(1,(#3697,#3698),.UNSPECIFIED.,.F.,.F.)
B_SPLINE_CURVE_WITH_KNOTS((2,2),(0.000,1.000),.UNSPECIFIED.)
CURVE()
GEOMETRIC_REPRESENTATION_ITEM()
RATIONAL_B_SPLINE_CURVE((1.0000000000,1.0000000000))
REPRESENTATION_ITEM('')
);
#3697=CARTESIAN_POINT('',(54.7570208901,-27.8631728536,14.3314593947));
#3698=CARTESIAN_POINT('',(54.7570208901,-27.8631728536,15.5070879423));

#3699=EDGE_CURVE('',#3693,#3674,#3696,.T.);
#3700=ORIENTED_EDGE('',*,*,#3699,.T.);
#3701=EDGE_LOOP('',(#3681,#3688,#3695,#3700));
#3702=FACE_OUTER_BOUND('',#3701,.T.);
#3703=ADVANCED_FACE('',(#3702),#3668,.T.);
#3704=COLOUR_RGB('',0.39,0.39,0.39);
#3705=FILL_AREA_STYLE_COLOUR('',#3704);
#3706=FILL_AREA_STYLE('',(#3705));
#3707=SURFACE_STYLE_FILL_AREA(#3706);
#3708=SURFACE_STYLE_TRANSPARENT(0.00);
#3709=SURFACE_STYLE_RENDERING_WITH_PROPERTIES(.NORMAL_SHADING.,#3704,(#3708));
#3710=SURFACE_SIDE_STYLE('',(#3707, #3709));
#3711=SURFACE_STYLE_USAGE(.BOTH.,#3710);
#3712=PRESENTATION_STYLE_ASSIGNMENT((#3711));
#3713=STYLED_ITEM('',(#3712),#3703);

#3714=(
BOUNDED_SURFACE()
B_SPLINE_SURFACE(1,1,((#3715,#3716),(#3717,#3718)),.UNSPECIFIED.,.F.,.F.,.F.)
B_SPLINE_SURFACE_WITH_KNOTS((2,2),(2,2),(0.000,1.000),(0.000,1.000),.UNSPECIFIED.)
GEOMETRIC_REPRESENTATION_ITEM()
RATIONAL_B_SPLINE_SURFACE(((1.0000000000,1.0000000000),(1.0000000000,1.0000000000)))
REPRESENTATION_ITEM('')
SURFACE()
);
#3715=CARTESIAN_POINT('',(54.7570208901,-27.8631728536,14.3314593947));
#3716=CARTESIAN_POINT('',(51.9465230323,-27.8631728536,14.3314593947));
#3717=CARTESIAN_POINT('',(54.7570208901,-29.6032440365,14.3314593947));
#3718=CARTESIAN_POINT('',(51.9465230323,-29.6032440365,14.3314593947));

#3719=CARTESIAN_POINT('',(54.7570208901,-27.8631728536,14.3314593947));
#3720=VERTEX_POINT('',#3719);
#3721=(
BOUNDED_CURVE()
B_SPLINE_CURVE(1,(#3722,#3723),.UNSPECIFIED.,.F.,.F.)
B_SPLINE_CURVE_WITH_KNOTS((2,2),(0.000,1.000),.UNSPECIFIED.)
CURVE()
GEOMETRIC_REPRESENTATION_ITEM()
RATIONAL_B_SPLINE_CURVE((1.0000000000,1.0000000000))
REPRESENTATION_ITEM('')
);
#3722=CARTESIAN_POINT('',(54.7570208901,-27.8631728536,14.3314593947));
#3723=CARTESIAN_POINT('',(51.9465230323,-27.8631728536,14.3314593947));

#3724=CARTESIAN_POINT('',(51.9465230323,-27.8631728536,14.3314593947));
#3725=VERTEX_POINT('',#3724);
#3726=EDGE_CURVE('',#3720,#3725,#3721,.T.);
#3727=ORIENTED_EDGE('',*,*,#3726,.T.);
#3728=(
BOUNDED_CURVE()
B_SPLINE_CURVE(1,(#3729,#3730),.UNSPECIFIED.,.F.,.F.)
B_SPLINE_CURVE_WITH_KNOTS((2,2),(0.000,1.000),.UNSPECIFIED.)
CURVE()
GEOMETRIC_REPRESENTATION_ITEM()
RATIONAL_B_SPLINE_CURVE((1.0000000000,1.0000000000))
REPRESENTATION_ITEM('')
);
#3729=CARTESIAN_POINT('',(51.9465230323,-27.8631728536,14.3314593947));
#3730=CARTESIAN_POINT('',(51.9465230323,-29.6032440365,14.3314593947));

#3731=CARTESIAN_POINT('',(51.9465230323,-29.6032440365,14.3314593947));
#3732=VERTEX_POINT('',#3731);
#3733=EDGE_CURVE('',#3725,#3732,#3728,.T.);
#3734=ORIENTED_EDGE('',*,*,#3733,.T.);
#3735=(
BOUNDED_CURVE()
B_SPLINE_CURVE(1,(#3736,#3737),.UNSPECIFIED.,.F.,.F.)
B_SPLINE_CURVE_WITH_KNOTS((2,2),(0.000,1.000),.UNSPECIFIED.)
CURVE()
GEOMETRIC_REPRESENTATION_ITEM()
RATIONAL_B_SPLINE_CURVE((1.0000000000,1.0000000000))
REPRESENTATION_ITEM('')
);
#3736=CARTESIAN_POINT('',(51.9465230323,-29.6032440365,14.3314593947));
#3737=CARTESIAN_POINT('',(54.7570208901,-29.6032440365,14.3314593947));

#3738=CARTESIAN_POINT('',(54.7570208901,-29.6032440365,14.3314593947));
#3739=VERTEX_POINT('',#3738);
#3740=EDGE_CURVE('',#3732,#3739,#3735,.T.);
#3741=ORIENTED_EDGE('',*,*,#3740,.T.);
#3742=(
BOUNDED_CURVE()
B_SPLINE_CURVE(1,(#3743,#3744),.UNSPECIFIED.,.F.,.F.)
B_SPLINE_CURVE_WITH_KNOTS((2,2),(0.000,1.000),.UNSPECIFIED.)
CURVE()
GEOMETRIC_REPRESENTATION_ITEM()
RATIONAL_B_SPLINE_CURVE((1.0000000000,1.0000000000))
REPRESENTATION_ITEM('')
);
#3743=CARTESIAN_POINT('',(54.7570208901,-29.6032440365,14.3314593947));
#3744=CARTESIAN_POINT('',(54.7570208901,-27.8631728536,14.3314593947));

#3745=EDGE_CURVE('',#3739,#3720,#3742,.T.);
#3746=ORIENTED_EDGE('',*,*,#3745,.T.);
#3747=EDGE_LOOP('',(#3727,#3734,#3741,#3746));
#3748=FACE_OUTER_BOUND('',#3747,.T.);
#3749=ADVANCED_FACE('',(#3748),#3714,.T.);
#3750=COLOUR_RGB('',0.39,0.39,0.39);
#3751=FILL_AREA_STYLE_COLOUR('',#3750);
#3752=FILL_AREA_STYLE('',(#3751));
#3753=SURFACE_STYLE_FILL_AREA(#3752);
#3754=SURFACE_STYLE_TRANSPARENT(0.00);
#3755=SURFACE_STYLE_RENDERING_WITH_PROPERTIES(.NORMAL_SHADING.,#3750,(#3754));
#3756=SURFACE_SIDE_STYLE('',(#3753, #3755));
#3757=SURFACE_STYLE_USAGE(.BOTH.,#3756);
#3758=PRESENTATION_STYLE_ASSIGNMENT((#3757));
#3759=STYLED_ITEM('',(#3758),#3749);

#3760=(
BOUNDED_SURFACE()
B_SPLINE_SURFACE(1,1,((#3761,#3762),(#3763,#3764)),.UNSPECIFIED.,.F.,.F.,.F.)
B_SPLINE_SURFACE_WITH_KNOTS((2,2),(2,2),(0.000,1.000),(0.000,1.000),.UNSPECIFIED.)
GEOMETRIC_REPRESENTATION_ITEM()
RATIONAL_B_SPLINE_SURFACE(((1.0000000000,1.0000000000),(1.0000000000,1.0000000000)))
REPRESENTATION_ITEM('')
SURFACE()
);
#3761=CARTESIAN_POINT('',(54.7570208901,-29.6032440365,14.3314593947));
#3762=CARTESIAN_POINT('',(51.9465230323,-29.6032440365,14.3314593947));
#3763=CARTESIAN_POINT('',(54.7570208901,-29.6032440365,13.2024921821));
#3764=CARTESIAN_POINT('',(51.9465230323,-29.6032440365,13.2024921821));

#3765=CARTESIAN_POINT('',(54.7570208901,-29.6032440365,14.3314593947));
#3766=VERTEX_POINT('',#3765);
#3767=(
BOUNDED_CURVE()
B_SPLINE_CURVE(1,(#3768,#3769),.UNSPECIFIED.,.F.,.F.)
B_SPLINE_CURVE_WITH_KNOTS((2,2),(0.000,1.000),.UNSPECIFIED.)
CURVE()
GEOMETRIC_REPRESENTATION_ITEM()
RATIONAL_B_SPLINE_CURVE((1.0000000000,1.0000000000))
REPRESENTATION_ITEM('')
);
#3768=CARTESIAN_POINT('',(54.7570208901,-29.6032440365,14.3314593947));
#3769=CARTESIAN_POINT('',(51.9465230323,-29.6032440365,14.3314593947));

#3770=CARTESIAN_POINT('',(51.9465230323,-29.6032440365,14.3314593947));
#3771=VERTEX_POINT('',#3770);
#3772=EDGE_CURVE('',#3766,#3771,#3767,.T.);
#3773=ORIENTED_EDGE('',*,*,#3772,.T.);
#3774=(
BOUNDED_CURVE()
B_SPLINE_CURVE(1,(#3775,#3776),.UNSPECIFIED.,.F.,.F.)
B_SPLINE_CURVE_WITH_KNOTS((2,2),(0.000,1.000),.UNSPECIFIED.)
CURVE()
GEOMETRIC_REPRESENTATION_ITEM()
RATIONAL_B_SPLINE_CURVE((1.0000000000,1.0000000000))
REPRESENTATION_ITEM('')
);
#3775=CARTESIAN_POINT('',(51.9465230323,-29.6032440365,14.3314593947));
#3776=CARTESIAN_POINT('',(51.9465230323,-29.6032440365,13.2024921821));

#3777=CARTESIAN_POINT('',(51.9465230323,-29.6032440365,13.2024921821));
#3778=VERTEX_POINT('',#3777);
#3779=EDGE_CURVE('',#3771,#3778,#3774,.T.);
#3780=ORIENTED_EDGE('',*,*,#3779,.T.);
#3781=(
BOUNDED_CURVE()
B_SPLINE_CURVE(1,(#3782,#3783),.UNSPECIFIED.,.F.,.F.)
B_SPLINE_CURVE_WITH_KNOTS((2,2),(0.000,1.000),.UNSPECIFIED.)
CURVE()
GEOMETRIC_REPRESENTATION_ITEM()
RATIONAL_B_SPLINE_CURVE((1.0000000000,1.0000000000))
REPRESENTATION_ITEM('')
);
#3782=CARTESIAN_POINT('',(51.9465230323,-29.6032440365,13.2024921821));
#3783=CARTESIAN_POINT('',(54.7570208901,-29.6032440365,13.2024921821));

#3784=CARTESIAN_POINT('',(54.7570208901,-29.6032440365,13.2024921821));
#3785=VERTEX_POINT('',#3784);
#3786=EDGE_CURVE('',#3778,#3785,#3781,.T.);
#3787=ORIENTED_EDGE('',*,*,#3786,.T.);
#3788=(
BOUNDED_CURVE()
B_SPLINE_CURVE(1,(#3789,#3790),.UNSPECIFIED.,.F.,.F.)
B_SPLINE_CURVE_WITH_KNOTS((2,2),(0.000,1.000),.UNSPECIFIED.)
CURVE()
GEOMETRIC_REPRESENTATION_ITEM()
RATIONAL_B_SPLINE_CURVE((1.0000000000,1.0000000000))
REPRESENTATION_ITEM('')
);
#3789=CARTESIAN_POINT('',(54.7570208901,-29.6032440365,13.2024921821));
#3790=CARTESIAN_POINT('',(54.7570208901,-29.6032440365,14.3314593947));

#3791=EDGE_CURVE('',#3785,#3766,#3788,.T.);
#3792=ORIENTED_EDGE('',*,*,#3791,.T.);
#3793=EDGE_LOOP('',(#3773,#3780,#3787,#3792));
#3794=FACE_OUTER_BOUND('',#3793,.T.);
#3795=ADVANCED_FACE('',(#3794),#3760,.T.);
#3796=COLOUR_RGB('',0.39,0.39,0.39);
#3797=FILL_AREA_STYLE_COLOUR('',#3796);
#3798=FILL_AREA_STYLE('',(#3797));
#3799=SURFACE_STYLE_FILL_AREA(#3798);
#3800=SURFACE_STYLE_TRANSPARENT(0.00);
#3801=SURFACE_STYLE_RENDERING_WITH_PROPERTIES(.NORMAL_SHADING.,#3796,(#3800));
#3802=SURFACE_SIDE_STYLE('',(#3799, #3801));
#3803=SURFACE_STYLE_USAGE(.BOTH.,#3802);
#3804=PRESENTATION_STYLE_ASSIGNMENT((#3803));
#3805=STYLED_ITEM('',(#3804),#3795);

#3806=(
BOUNDED_SURFACE()
B_SPLINE_SURFACE(1,1,((#3807,#3808),(#3809,#3810)),.UNSPECIFIED.,.F.,.F.,.F.)
B_SPLINE_SURFACE_WITH_KNOTS((2,2),(2,2),(0.000,1.000),(0.000,1.000),.UNSPECIFIED.)
GEOMETRIC_REPRESENTATION_ITEM()
RATIONAL_B_SPLINE_SURFACE(((1.0000000000,1.0000000000),(1.0000000000,1.0000000000)))
REPRESENTATION_ITEM('')
SURFACE()
);
#3807=CARTESIAN_POINT('',(54.7570208901,-29.6032440365,13.2024921821));
#3808=CARTESIAN_POINT('',(51.9465230323,-29.6032440365,13.2024921821));
#3809=CARTESIAN_POINT('',(54.7570208901,-27.6579140988,13.2024921821));
#3810=CARTESIAN_POINT('',(51.9465230323,-27.6579140988,13.2024921821));

#3811=CARTESIAN_POINT('',(54.7570208901,-29.6032440365,13.2024921821));
#3812=VERTEX_POINT('',#3811);
#3813=(
BOUNDED_CURVE()
B_SPLINE_CURVE(1,(#3814,#3815),.UNSPECIFIED.,.F.,.F.)
B_SPLINE_CURVE_WITH_KNOTS((2,2),(0.000,1.000),.UNSPECIFIED.)
CURVE()
GEOMETRIC_REPRESENTATION_ITEM()
RATIONAL_B_SPLINE_CURVE((1.0000000000,1.0000000000))
REPRESENTATION_ITEM('')
);
#3814=CARTESIAN_POINT('',(54.7570208901,-29.6032440365,13.2024921821));
#3815=CARTESIAN_POINT('',(51.9465230323,-29.6032440365,13.2024921821));

#3816=CARTESIAN_POINT('',(51.9465230323,-29.6032440365,13.2024921821));
#3817=VERTEX_POINT('',#3816);
#3818=EDGE_CURVE('',#3812,#3817,#3813,.T.);
#3819=ORIENTED_EDGE('',*,*,#3818,.T.);
#3820=(
BOUNDED_CURVE()
B_SPLINE_CURVE(1,(#3821,#3822),.UNSPECIFIED.,.F.,.F.)
B_SPLINE_CURVE_WITH_KNOTS((2,2),(0.000,1.000),.UNSPECIFIED.)
CURVE()
GEOMETRIC_REPRESENTATION_ITEM()
RATIONAL_B_SPLINE_CURVE((1.0000000000,1.0000000000))
REPRESENTATION_ITEM('')
);
#3821=CARTESIAN_POINT('',(51.9465230323,-29.6032440365,13.2024921821));
#3822=CARTESIAN_POINT('',(51.9465230323,-27.6579140988,13.2024921821));

#3823=CARTESIAN_POINT('',(51.9465230323,-27.6579140988,13.2024921821));
#3824=VERTEX_POINT('',#3823);
#3825=EDGE_CURVE('',#3817,#3824,#3820,.T.);
#3826=ORIENTED_EDGE('',*,*,#3825,.T.);
#3827=(
BOUNDED_CURVE()
B_SPLINE_CURVE(1,(#3828,#3829),.UNSPECIFIED.,.F.,.F.)
B_SPLINE_CURVE_WITH_KNOTS((2,2),(0.000,1.000),.UNSPECIFIED.)
CURVE()
GEOMETRIC_REPRESENTATION_ITEM()
RATIONAL_B_SPLINE_CURVE((1.0000000000,1.0000000000))
REPRESENTATION_ITEM('')
);
#3828=CARTESIAN_POINT('',(51.9465230323,-27.6579140988,13.2024921821));
#3829=CARTESIAN_POINT('',(54.7570208901,-27.6579140988,13.2024921821));

#3830=CARTESIAN_POINT('',(54.7570208901,-27.6579140988,13.2024921821));
#3831=VERTEX_POINT('',#3830);
#3832=EDGE_CURVE('',#3824,#3831,#3827,.T.);
#3833=ORIENTED_EDGE('',*,*,#3832,.T.);
#3834=(
BOUNDED_CURVE()
B_SPLINE_CURVE(1,(#3835,#3836),.UNSPECIFIED.,.F.,.F.)
B_SPLINE_CURVE_WITH_KNOTS((2,2),(0.000,1.000),.UNSPECIFIED.)
CURVE()
GEOMETRIC_REPRESENTATION_ITEM()
RATIONAL_B_SPLINE_CURVE((1.0000000000,1.0000000000))
REPRESENTATION_ITEM('')
);
#3835=CARTESIAN_POINT('',(54.7570208901,-27.6579140988,13.2024921821));
#3836=CARTESIAN_POINT('',(54.7570208901,-29.6032440365,13.2024921821));

#3837=EDGE_CURVE('',#3831,#3812,#3834,.T.);
#3838=ORIENTED_EDGE('',*,*,#3837,.T.);
#3839=EDGE_LOOP('',(#3819,#3826,#3833,#3838));
#3840=FACE_OUTER_BOUND('',#3839,.T.);
#3841=ADVANCED_FACE('',(#3840),#3806,.T.);
#3842=COLOUR_RGB('',0.39,0.39,0.39);
#3843=FILL_AREA_STYLE_COLOUR('',#3842);
#3844=FILL_AREA_STYLE('',(#3843));
#3845=SURFACE_STYLE_FILL_AREA(#3844);
#3846=SURFACE_STYLE_TRANSPARENT(0.00);
#3847=SURFACE_STYLE_RENDERING_WITH_PROPERTIES(.NORMAL_SHADING.,#3842,(#3846));
#3848=SURFACE_SIDE_STYLE('',(#3845, #3847));
#3849=SURFACE_STYLE_USAGE(.BOTH.,#3848);
#3850=PRESENTATION_STYLE_ASSIGNMENT((#3849));
#3851=STYLED_ITEM('',(#3850),#3841);

#3852=(
BOUNDED_SURFACE()
B_SPLINE_SURFACE(1,1,((#3853,#3854),(#3855,#3856)),.UNSPECIFIED.,.F.,.F.,.F.)
B_SPLINE_SURFACE_WITH_KNOTS((2,2),(2,2),(0.000,1.000),(0.000,1.000),.UNSPECIFIED.)
GEOMETRIC_REPRESENTATION_ITEM()
RATIONAL_B_SPLINE_SURFACE(((1.0000000000,1.0000000000),(1.0000000000,1.0000000000)))
REPRESENTATION_ITEM('')
SURFACE()
);
#3853=CARTESIAN_POINT('',(54.7570208901,-27.6579140988,13.2024921821));
#3854=CARTESIAN_POINT('',(51.9465230323,-27.6579140988,13.2024921821));
#3855=CARTESIAN_POINT('',(54.7570208901,-27.6579140988,12.0268638338));
#3856=CARTESIAN_POINT('',(51.9465230323,-27.6579140988,12.0268638338));

#3857=CARTESIAN_POINT('',(54.7570208901,-27.6579140988,13.2024921821));
#3858=VERTEX_POINT('',#3857);
#3859=(
BOUNDED_CURVE()
B_SPLINE_CURVE(1,(#3860,#3861),.UNSPECIFIED.,.F.,.F.)
B_SPLINE_CURVE_WITH_KNOTS((2,2),(0.000,1.000),.UNSPECIFIED.)
CURVE()
GEOMETRIC_REPRESENTATION_ITEM()
RATIONAL_B_SPLINE_CURVE((1.0000000000,1.0000000000))
REPRESENTATION_ITEM('')
);
#3860=CARTESIAN_POINT('',(54.7570208901,-27.6579140988,13.2024921821));
#3861=CARTESIAN_POINT('',(51.9465230323,-27.6579140988,13.2024921821));

#3862=CARTESIAN_POINT('',(51.9465230323,-27.6579140988,13.2024921821));
#3863=VERTEX_POINT('',#3862);
#3864=EDGE_CURVE('',#3858,#3863,#3859,.T.);
#3865=ORIENTED_EDGE('',*,*,#3864,.T.);
#3866=(
BOUNDED_CURVE()
B_SPLINE_CURVE(1,(#3867,#3868),.UNSPECIFIED.,.F.,.F.)
B_SPLINE_CURVE_WITH_KNOTS((2,2),(0.000,1.000),.UNSPECIFIED.)
CURVE()
GEOMETRIC_REPRESENTATION_ITEM()
RATIONAL_B_SPLINE_CURVE((1.0000000000,1.0000000000))
REPRESENTATION_ITEM('')
);
#3867=CARTESIAN_POINT('',(51.9465230323,-27.6579140988,13.2024921821));
#3868=CARTESIAN_POINT('',(51.9465230323,-27.6579140988,12.0268638338));

#3869=CARTESIAN_POINT('',(51.9465230323,-27.6579140988,12.0268638338));
#3870=VERTEX_POINT('',#3869);
#3871=EDGE_CURVE('',#3863,#3870,#3866,.T.);
#3872=ORIENTED_EDGE('',*,*,#3871,.T.);
#3873=(
BOUNDED_CURVE()
B_SPLINE_CURVE(1,(#3874,#3875),.UNSPECIFIED.,.F.,.F.)
B_SPLINE_CURVE_WITH_KNOTS((2,2),(0.000,1.000),.UNSPECIFIED.)
CURVE()
GEOMETRIC_REPRESENTATION_ITEM()
RATIONAL_B_SPLINE_CURVE((1.0000000000,1.0000000000))
REPRESENTATION_ITEM('')
);
#3874=CARTESIAN_POINT('',(51.9465230323,-27.6579140988,12.0268638338));
#3875=CARTESIAN_POINT('',(54.7570208901,-27.6579140988,12.0268638338));

#3876=CARTESIAN_POINT('',(54.7570208901,-27.6579140988,12.0268638338));
#3877=VERTEX_POINT('',#3876);
#3878=EDGE_CURVE('',#3870,#3877,#3873,.T.);
#3879=ORIENTED_EDGE('',*,*,#3878,.T.);
#3880=(
BOUNDED_CURVE()
B_SPLINE_CURVE(1,(#3881,#3882),.UNSPECIFIED.,.F.,.F.)
B_SPLINE_CURVE_WITH_KNOTS((2,2),(0.000,1.000),.UNSPECIFIED.)
CURVE()
GEOMETRIC_REPRESENTATION_ITEM()
RATIONAL_B_SPLINE_CURVE((1.0000000000,1.0000000000))
REPRESENTATION_ITEM('')
);
#3881=CARTESIAN_POINT('',(54.7570208901,-27.6579140988,12.0268638338));
#3882=CARTESIAN_POINT('',(54.7570208901,-27.6579140988,13.2024921821));

#3883=EDGE_CURVE('',#3877,#3858,#3880,.T.);
#3884=ORIENTED_EDGE('',*,*,#3883,.T.);
#3885=EDGE_LOOP('',(#3865,#3872,#3879,#3884));
#3886=FACE_OUTER_BOUND('',#3885,.T.);
#3887=ADVANCED_FACE('',(#3886),#3852,.T.);
#3888=COLOUR_RGB('',0.39,0.39,0.39);
#3889=FILL_AREA_STYLE_COLOUR('',#3888);
#3890=FILL_AREA_STYLE('',(#3889));
#3891=SURFACE_STYLE_FILL_AREA(#3890);
#3892=SURFACE_STYLE_TRANSPARENT(0.00);
#3893=SURFACE_STYLE_RENDERING_WITH_PROPERTIES(.NORMAL_SHADING.,#3888,(#3892));
#3894=SURFACE_SIDE_STYLE('',(#3891, #3893));
#3895=SURFACE_STYLE_USAGE(.BOTH.,#3894);
#3896=PRESENTATION_STYLE_ASSIGNMENT((#3895));
#3897=STYLED_ITEM('',(#3896),#3887);

#3898=(
BOUNDED_SURFACE()
B_SPLINE_SURFACE(1,1,((#3899,#3900),(#3901,#3902)),.UNSPECIFIED.,.F.,.F.,.F.)
B_SPLINE_SURFACE_WITH_KNOTS((2,2),(2,2),(0.000,1.000),(0.000,1.000),.UNSPECIFIED.)
GEOMETRIC_REPRESENTATION_ITEM()
RATIONAL_B_SPLINE_SURFACE(((1.0000000000,1.0000000000),(1.0000000000,1.0000000000)))
REPRESENTATION_ITEM('')
SURFACE()
);
#3899=CARTESIAN_POINT('',(54.7570208901,-27.6579140988,12.0268638338));
#3900=CARTESIAN_POINT('',(51.9465230323,-27.6579140988,12.0268638338));
#3901=CARTESIAN_POINT('',(54.7570208901,-31.1334629226,12.0268638338));
#3902=CARTESIAN_POINT('',(51.9465230323,-31.1334629226,12.0268638338));

#3903=CARTESIAN_POINT('',(54.7570208901,-27.6579140988,12.0268638338));
#3904=VERTEX_POINT('',#3903);
#3905=(
BOUNDED_CURVE()
B_SPLINE_CURVE(1,(#3906,#3907),.UNSPECIFIED.,.F.,.F.)
B_SPLINE_CURVE_WITH_KNOTS((2,2),(0.000,1.000),.UNSPECIFIED.)
CURVE()
GEOMETRIC_REPRESENTATION_ITEM()
RATIONAL_B_SPLINE_CURVE((1.0000000000,1.0000000000))
REPRESENTATION_ITEM('')
);
#3906=CARTESIAN_POINT('',(54.7570208901,-27.6579140988,12.0268638338));
#3907=CARTESIAN_POINT('',(51.9465230323,-27.6579140988,12.0268638338));

#3908=CARTESIAN_POINT('',(51.9465230323,-27.6579140988,12.0268638338));
#3909=VERTEX_POINT('',#3908);
#3910=EDGE_CURVE('',#3904,#3909,#3905,.T.);
#3911=ORIENTED_EDGE('',*,*,#3910,.T.);
#3912=(
BOUNDED_CURVE()
B_SPLINE_CURVE(1,(#3913,#3914),.UNSPECIFIED.,.F.,.F.)
B_SPLINE_CURVE_WITH_KNOTS((2,2),(0.000,1.000),.UNSPECIFIED.)
CURVE()
GEOMETRIC_REPRESENTATION_ITEM()
RATIONAL_B_SPLINE_CURVE((1.0000000000,1.0000000000))
REPRESENTATION_ITEM('')
);
#3913=CARTESIAN_POINT('',(51.9465230323,-27.6579140988,12.0268638338));
#3914=CARTESIAN_POINT('',(51.9465230323,-31.1334629226,12.0268638338));

#3915=CARTESIAN_POINT('',(51.9465230323,-31.1334629226,12.0268638338));
#3916=VERTEX_POINT('',#3915);
#3917=EDGE_CURVE('',#3909,#3916,#3912,.T.);
#3918=ORIENTED_EDGE('',*,*,#3917,.T.);
#3919=(
BOUNDED_CURVE()
B_SPLINE_CURVE(1,(#3920,#3921),.UNSPECIFIED.,.F.,.F.)
B_SPLINE_CURVE_WITH_KNOTS((2,2),(0.000,1.000),.UNSPECIFIED.)
CURVE()
GEOMETRIC_REPRESENTATION_ITEM()
RATIONAL_B_SPLINE_CURVE((1.0000000000,1.0000000000))
REPRESENTATION_ITEM('')
);
#3920=CARTESIAN_POINT('',(51.9465230323,-31.1334629226,12.0268638338));
#3921=CARTESIAN_POINT('',(54.7570208901,-31.1334629226,12.0268638338));

#3922=CARTESIAN_POINT('',(54.7570208901,-31.1334629226,12.0268638338));
#3923=VERTEX_POINT('',#3922);
#3924=EDGE_CURVE('',#3916,#3923,#3919,.T.);
#3925=ORIENTED_EDGE('',*,*,#3924,.T.);
#3926=(
BOUNDED_CURVE()
B_SPLINE_CURVE(1,(#3927,#3928),.UNSPECIFIED.,.F.,.F.)
B_SPLINE_CURVE_WITH_KNOTS((2,2),(0.000,1.000),.UNSPECIFIED.)
CURVE()
GEOMETRIC_REPRESENTATION_ITEM()
RATIONAL_B_SPLINE_CURVE((1.0000000000,1.0000000000))
REPRESENTATION_ITEM('')
);
#3927=CARTESIAN_POINT('',(54.7570208901,-31.1334629226,12.0268638338));
#3928=CARTESIAN_POINT('',(54.7570208901,-27.6579140988,12.0268638338));

#3929=EDGE_CURVE('',#3923,#3904,#3926,.T.);
#3930=ORIENTED_EDGE('',*,*,#3929,.T.);
#3931=EDGE_LOOP('',(#3911,#3918,#3925,#3930));
#3932=FACE_OUTER_BOUND('',#3931,.T.);
#3933=ADVANCED_FACE('',(#3932),#3898,.T.);
#3934=COLOUR_RGB('',0.39,0.39,0.39);
#3935=FILL_AREA_STYLE_COLOUR('',#3934);
#3936=FILL_AREA_STYLE('',(#3935));
#3937=SURFACE_STYLE_FILL_AREA(#3936);
#3938=SURFACE_STYLE_TRANSPARENT(0.00);
#3939=SURFACE_STYLE_RENDERING_WITH_PROPERTIES(.NORMAL_SHADING.,#3934,(#3938));
#3940=SURFACE_SIDE_STYLE('',(#3937, #3939));
#3941=SURFACE_STYLE_USAGE(.BOTH.,#3940);
#3942=PRESENTATION_STYLE_ASSIGNMENT((#3941));
#3943=STYLED_ITEM('',(#3942),#3933);

#3944=(
BOUNDED_SURFACE()
B_SPLINE_SURFACE(1,1,((#3945,#3946),(#3947,#3948)),.UNSPECIFIED.,.F.,.F.,.F.)
B_SPLINE_SURFACE_WITH_KNOTS((2,2),(2,2),(0.000,1.000),(0.000,1.000),.UNSPECIFIED.)
GEOMETRIC_REPRESENTATION_ITEM()
RATIONAL_B_SPLINE_SURFACE(((1.0000000000,1.0000000000),(1.0000000000,1.0000000000)))
REPRESENTATION_ITEM('')
SURFACE()
);
#3945=CARTESIAN_POINT('',(54.7570208901,-31.1334629226,12.0268638338));
#3946=CARTESIAN_POINT('',(51.9465230323,-31.1334629226,12.0268638338));
#3947=CARTESIAN_POINT('',(54.7570208901,-31.1334629226,17.6437365109));
#3948=CARTESIAN_POINT('',(51.9465230323,-31.1334629226,17.6437365109));

#3949=CARTESIAN_POINT('',(54.7570208901,-31.1334629226,12.0268638338));
#3950=VERTEX_POINT('',#3949);
#3951=(
BOUNDED_CURVE()
B_SPLINE_CURVE(1,(#3952,#3953),.UNSPECIFIED.,.F.,.F.)
B_SPLINE_CURVE_WITH_KNOTS((2,2),(0.000,1.000),.UNSPECIFIED.)
CURVE()
GEOMETRIC_REPRESENTATION_ITEM()
RATIONAL_B_SPLINE_CURVE((1.0000000000,1.0000000000))
REPRESENTATION_ITEM('')
);
#3952=CARTESIAN_POINT('',(54.7570208901,-31.1334629226,12.0268638338));
#3953=CARTESIAN_POINT('',(51.9465230323,-31.1334629226,12.0268638338));

#3954=CARTESIAN_POINT('',(51.9465230323,-31.1334629226,12.0268638338));
#3955=VERTEX_POINT('',#3954);
#3956=EDGE_CURVE('',#3950,#3955,#3951,.T.);
#3957=ORIENTED_EDGE('',*,*,#3956,.T.);
#3958=(
BOUNDED_CURVE()
B_SPLINE_CURVE(1,(#3959,#3960),.UNSPECIFIED.,.F.,.F.)
B_SPLINE_CURVE_WITH_KNOTS((2,2),(0.000,1.000),.UNSPECIFIED.)
CURVE()
GEOMETRIC_REPRESENTATION_ITEM()
RATIONAL_B_SPLINE_CURVE((1.0000000000,1.0000000000))
REPRESENTATION_ITEM('')
);
#3959=CARTESIAN_POINT('',(51.9465230323,-31.1334629226,12.0268638338));
#3960=CARTESIAN_POINT('',(51.9465230323,-31.1334629226,17.6437365109));

#3961=CARTESIAN_POINT('',(51.9465230323,-31.1334629226,17.6437365109));
#3962=VERTEX_POINT('',#3961);
#3963=EDGE_CURVE('',#3955,#3962,#3958,.T.);
#3964=ORIENTED_EDGE('',*,*,#3963,.T.);
#3965=(
BOUNDED_CURVE()
B_SPLINE_CURVE(1,(#3966,#3967),.UNSPECIFIED.,.F.,.F.)
B_SPLINE_CURVE_WITH_KNOTS((2,2),(0.000,1.000),.UNSPECIFIED.)
CURVE()
GEOMETRIC_REPRESENTATION_ITEM()
RATIONAL_B_SPLINE_CURVE((1.0000000000,1.0000000000))
REPRESENTATION_ITEM('')
);
#3966=CARTESIAN_POINT('',(51.9465230323,-31.1334629226,17.6437365109));
#3967=CARTESIAN_POINT('',(54.7570208901,-31.1334629226,17.6437365109));

#3968=CARTESIAN_POINT('',(54.7570208901,-31.1334629226,17.6437365109));
#3969=VERTEX_POINT('',#3968);
#3970=EDGE_CURVE('',#3962,#3969,#3965,.T.);
#3971=ORIENTED_EDGE('',*,*,#3970,.T.);
#3972=(
BOUNDED_CURVE()
B_SPLINE_CURVE(1,(#3973,#3974),.UNSPECIFIED.,.F.,.F.)
B_SPLINE_CURVE_WITH_KNOTS((2,2),(0.000,1.000),.UNSPECIFIED.)
CURVE()
GEOMETRIC_REPRESENTATION_ITEM()
RATIONAL_B_SPLINE_CURVE((1.0000000000,1.0000000000))
REPRESENTATION_ITEM('')
);
#3973=CARTESIAN_POINT('',(54.7570208901,-31.1334629226,17.6437365109));
#3974=CARTESIAN_POINT('',(54.7570208901,-31.1334629226,12.0268638338));

#3975=EDGE_CURVE('',#3969,#3950,#3972,.T.);
#3976=ORIENTED_EDGE('',*,*,#3975,.T.);
#3977=EDGE_LOOP('',(#3957,#3964,#3971,#3976));
#3978=FACE_OUTER_BOUND('',#3977,.T.);
#3979=ADVANCED_FACE('',(#3978),#3944,.T.);
#3980=COLOUR_RGB('',0.39,0.39,0.39);
#3981=FILL_AREA_STYLE_COLOUR('',#3980);
#3982=FILL_AREA_STYLE('',(#3981));
#3983=SURFACE_STYLE_FILL_AREA(#3982);
#3984=SURFACE_STYLE_TRANSPARENT(0.00);
#3985=SURFACE_STYLE_RENDERING_WITH_PROPERTIES(.NORMAL_SHADING.,#3980,(#3984));
#3986=SURFACE_SIDE_STYLE('',(#3983, #3985));
#3987=SURFACE_STYLE_USAGE(.BOTH.,#3986);
#3988=PRESENTATION_STYLE_ASSIGNMENT((#3987));
#3989=STYLED_ITEM('',(#3988),#3979);

#3990=(
BOUNDED_SURFACE()
B_SPLINE_SURFACE(1,1,((#3991,#3992),(#3993,#3994)),.UNSPECIFIED.,.F.,.F.,.F.)
B_SPLINE_SURFACE_WITH_KNOTS((2,2),(2,2),(0.000,1.000),(0.000,1.000),.UNSPECIFIED.)
GEOMETRIC_REPRESENTATION_ITEM()
RATIONAL_B_SPLINE_SURFACE(((1.0000000000,1.0000000000),(1.0000000000,1.0000000000)))
REPRESENTATION_ITEM('')
SURFACE()
);
#3991=CARTESIAN_POINT('',(54.7570208901,-31.1334629226,17.6437365109));
#3992=CARTESIAN_POINT('',(51.9465230323,-31.1334629226,17.6437365109));
#3993=CARTESIAN_POINT('',(54.7570208901,-27.6952254625,17.6437365109));
#3994=CARTESIAN_POINT('',(51.9465230323,-27.6952254625,17.6437365109));

#3995=CARTESIAN_POINT('',(54.7570208901,-31.1334629226,17.6437365109));
#3996=VERTEX_POINT('',#3995);
#3997=(
BOUNDED_CURVE()
B_SPLINE_CURVE(1,(#3998,#3999),.UNSPECIFIED.,.F.,.F.)
B_SPLINE_CURVE_WITH_KNOTS((2,2),(0.000,1.000),.UNSPECIFIED.)
CURVE()
GEOMETRIC_REPRESENTATION_ITEM()
RATIONAL_B_SPLINE_CURVE((1.0000000000,1.0000000000))
REPRESENTATION_ITEM('')
);
#3998=CARTESIAN_POINT('',(54.7570208901,-31.1334629226,17.6437365109));
#3999=CARTESIAN_POINT('',(51.9465230323,-31.1334629226,17.6437365109));

#4000=CARTESIAN_POINT('',(51.9465230323,-31.1334629226,17.6437365109));
#4001=VERTEX_POINT('',#4000);
#4002=EDGE_CURVE('',#3996,#4001,#3997,.T.);
#4003=ORIENTED_EDGE('',*,*,#4002,.T.);
#4004=(
BOUNDED_CURVE()
B_SPLINE_CURVE(1,(#4005,#4006),.UNSPECIFIED.,.F.,.F.)
B_SPLINE_CURVE_WITH_KNOTS((2,2),(0.000,1.000),.UNSPECIFIED.)
CURVE()
GEOMETRIC_REPRESENTATION_ITEM()
RATIONAL_B_SPLINE_CURVE((1.0000000000,1.0000000000))
REPRESENTATION_ITEM('')
);
#4005=CARTESIAN_POINT('',(51.9465230323,-31.1334629226,17.6437365109));
#4006=CARTESIAN_POINT('',(51.9465230323,-27.6952254625,17.6437365109));

#4007=CARTESIAN_POINT('',(51.9465230323,-27.6952254625,17.6437365109));
#4008=VERTEX_POINT('',#4007);
#4009=EDGE_CURVE('',#4001,#4008,#4004,.T.);
#4010=ORIENTED_EDGE('',*,*,#4009,.T.);
#4011=(
BOUNDED_CURVE()
B_SPLINE_CURVE(1,(#4012,#4013),.UNSPECIFIED.,.F.,.F.)
B_SPLINE_CURVE_WITH_KNOTS((2,2),(0.000,1.000),.UNSPECIFIED.)
CURVE()
GEOMETRIC_REPRESENTATION_ITEM()
RATIONAL_B_SPLINE_CURVE((1.0000000000,1.0000000000))
REPRESENTATION_ITEM('')
);
#4012=CARTESIAN_POINT('',(51.9465230323,-27.6952254625,17.6437365109));
#4013=CARTESIAN_POINT('',(54.7570208901,-27.6952254625,17.6437365109));

#4014=CARTESIAN_POINT('',(54.7570208901,-27.6952254625,17.6437365109));
#4015=VERTEX_POINT('',#4014);
#4016=EDGE_CURVE('',#4008,#4015,#4011,.T.);
#4017=ORIENTED_EDGE('',*,*,#4016,.T.);
#4018=(
BOUNDED_CURVE()
B_SPLINE_CURVE(1,(#4019,#4020),.UNSPECIFIED.,.F.,.F.)
B_SPLINE_CURVE_WITH_KNOTS((2,2),(0.000,1.000),.UNSPECIFIED.)
CURVE()
GEOMETRIC_REPRESENTATION_ITEM()
RATIONAL_B_SPLINE_CURVE((1.0000000000,1.0000000000))
REPRESENTATION_ITEM('')
);
#4019=CARTESIAN_POINT('',(54.7570208901,-27.6952254625,17.6437365109));
#4020=CARTESIAN_POINT('',(54.7570208901,-31.1334629226,17.6437365109));

#4021=EDGE_CURVE('',#4015,#3996,#4018,.T.);
#4022=ORIENTED_EDGE('',*,*,#4021,.T.);
#4023=EDGE_LOOP('',(#4003,#4010,#4017,#4022));
#4024=FACE_OUTER_BOUND('',#4023,.T.);
#4025=ADVANCED_FACE('',(#4024),#3990,.T.);
#4026=COLOUR_RGB('',0.39,0.39,0.39);
#4027=FILL_AREA_STYLE_COLOUR('',#4026);
#4028=FILL_AREA_STYLE('',(#4027));
#4029=SURFACE_STYLE_FILL_AREA(#4028);
#4030=SURFACE_STYLE_TRANSPARENT(0.00);
#4031=SURFACE_STYLE_RENDERING_WITH_PROPERTIES(.NORMAL_SHADING.,#4026,(#4030));
#4032=SURFACE_SIDE_STYLE('',(#4029, #4031));
#4033=SURFACE_STYLE_USAGE(.BOTH.,#4032);
#4034=PRESENTATION_STYLE_ASSIGNMENT((#4033));
#4035=STYLED_ITEM('',(#4034),#4025);

#4036=(
BOUNDED_SURFACE()
B_SPLINE_SURFACE(1,1,((#4037,#4038),(#4039,#4040)),.UNSPECIFIED.,.F.,.F.,.F.)
B_SPLINE_SURFACE_WITH_KNOTS((2,2),(2,2),(0.000,1.000),(0.000,1.000),.UNSPECIFIED.)
GEOMETRIC_REPRESENTATION_ITEM()
RATIONAL_B_SPLINE_SURFACE(((1.0000000000,1.0000000000),(1.0000000000,1.0000000000)))
REPRESENTATION_ITEM('')
SURFACE()
);
#4037=CARTESIAN_POINT('',(54.7570208901,-27.6952254625,17.6437365109));
#4038=CARTESIAN_POINT('',(51.9465230323,-27.6952254625,17.6437365109));
#4039=CARTESIAN_POINT('',(54.7570208901,-27.6952254625,16.4681083620));
#4040=CARTESIAN_POINT('',(51.9465230323,-27.6952254625,16.4681083620));

#4041=CARTESIAN_POINT('',(54.7570208901,-27.6952254625,17.6437365109));
#4042=VERTEX_POINT('',#4041);
#4043=(
BOUNDED_CURVE()
B_SPLINE_CURVE(1,(#4044,#4045),.UNSPECIFIED.,.F.,.F.)
B_SPLINE_CURVE_WITH_KNOTS((2,2),(0.000,1.000),.UNSPECIFIED.)
CURVE()
GEOMETRIC_REPRESENTATION_ITEM()
RATIONAL_B_SPLINE_CURVE((1.0000000000,1.0000000000))
REPRESENTATION_ITEM('')
);
#4044=CARTESIAN_POINT('',(54.7570208901,-27.6952254625,17.6437365109));
#4045=CARTESIAN_POINT('',(51.9465230323,-27.6952254625,17.6437365109));

#4046=CARTESIAN_POINT('',(51.9465230323,-27.6952254625,17.6437365109));
#4047=VERTEX_POINT('',#4046);
#4048=EDGE_CURVE('',#4042,#4047,#4043,.T.);
#4049=ORIENTED_EDGE('',*,*,#4048,.T.);
#4050=(
BOUNDED_CURVE()
B_SPLINE_CURVE(1,(#4051,#4052),.UNSPECIFIED.,.F.,.F.)
B_SPLINE_CURVE_WITH_KNOTS((2,2),(0.000,1.000),.UNSPECIFIED.)
CURVE()
GEOMETRIC_REPRESENTATION_ITEM()
RATIONAL_B_SPLINE_CURVE((1.0000000000,1.0000000000))
REPRESENTATION_ITEM('')
);
#4051=CARTESIAN_POINT('',(51.9465230323,-27.6952254625,17.6437365109));
#4052=CARTESIAN_POINT('',(51.9465230323,-27.6952254625,16.4681083620));

#4053=CARTESIAN_POINT('',(51.9465230323,-27.6952254625,16.4681083620));
#4054=VERTEX_POINT('',#4053);
#4055=EDGE_CURVE('',#4047,#4054,#4050,.T.);
#4056=ORIENTED_EDGE('',*,*,#4055,.T.);
#4057=(
BOUNDED_CURVE()
B_SPLINE_CURVE(1,(#4058,#4059),.UNSPECIFIED.,.F.,.F.)
B_SPLINE_CURVE_WITH_KNOTS((2,2),(0.000,1.000),.UNSPECIFIED.)
CURVE()
GEOMETRIC_REPRESENTATION_ITEM()
RATIONAL_B_SPLINE_CURVE((1.0000000000,1.0000000000))
REPRESENTATION_ITEM('')
);
#4058=CARTESIAN_POINT('',(51.9465230323,-27.6952254625,16.4681083620));
#4059=CARTESIAN_POINT('',(54.7570208901,-27.6952254625,16.4681083620));

#4060=CARTESIAN_POINT('',(54.7570208901,-27.6952254625,16.4681083620));
#4061=VERTEX_POINT('',#4060);
#4062=EDGE_CURVE('',#4054,#4061,#4057,.T.);
#4063=ORIENTED_EDGE('',*,*,#4062,.T.);
#4064=(
BOUNDED_CURVE()
B_SPLINE_CURVE(1,(#4065,#4066),.UNSPECIFIED.,.F.,.F.)
B_SPLINE_CURVE_WITH_KNOTS((2,2),(0.000,1.000),.UNSPECIFIED.)
CURVE()
GEOMETRIC_REPRESENTATION_ITEM()
RATIONAL_B_SPLINE_CURVE((1.0000000000,1.0000000000))
REPRESENTATION_ITEM('')
);
#4065=CARTESIAN_POINT('',(54.7570208901,-27.6952254625,16.4681083620));
#4066=CARTESIAN_POINT('',(54.7570208901,-27.6952254625,17.6437365109));

#4067=EDGE_CURVE('',#4061,#4042,#4064,.T.);
#4068=ORIENTED_EDGE('',*,*,#4067,.T.);
#4069=EDGE_LOOP('',(#4049,#4056,#4063,#4068));
#4070=FACE_OUTER_BOUND('',#4069,.T.);
#4071=ADVANCED_FACE('',(#4070),#4036,.T.);
#4072=COLOUR_RGB('',0.39,0.39,0.39);
#4073=FILL_AREA_STYLE_COLOUR('',#4072);
#4074=FILL_AREA_STYLE('',(#4073));
#4075=SURFACE_STYLE_FILL_AREA(#4074);
#4076=SURFACE_STYLE_TRANSPARENT(0.00);
#4077=SURFACE_STYLE_RENDERING_WITH_PROPERTIES(.NORMAL_SHADING.,#4072,(#4076));
#4078=SURFACE_SIDE_STYLE('',(#4075, #4077));
#4079=SURFACE_STYLE_USAGE(.BOTH.,#4078);
#4080=PRESENTATION_STYLE_ASSIGNMENT((#4079));
#4081=STYLED_ITEM('',(#4080),#4071);

#4082=(
BOUNDED_SURFACE()
B_SPLINE_SURFACE(1,1,((#4083,#4084),(#4085,#4086)),.UNSPECIFIED.,.F.,.F.,.F.)
B_SPLINE_SURFACE_WITH_KNOTS((2,2),(2,2),(0.000,1.000),(0.000,1.000),.UNSPECIFIED.)
GEOMETRIC_REPRESENTATION_ITEM()
RATIONAL_B_SPLINE_SURFACE(((1.0000000000,1.0000000000),(1.0000000000,1.0000000000)))
REPRESENTATION_ITEM('')
SURFACE()
);
#4083=CARTESIAN_POINT('',(54.7570208901,-27.6952254625,16.4681083620));
#4084=CARTESIAN_POINT('',(51.9465230323,-27.6952254625,16.4681083620));
#4085=CARTESIAN_POINT('',(54.7570208901,-29.6032440365,16.4681083620));
#4086=CARTESIAN_POINT('',(51.9465230323,-29.6032440365,16.4681083620));

#4087=CARTESIAN_POINT('',(54.7570208901,-27.6952254625,16.4681083620));
#4088=VERTEX_POINT('',#4087);
#4089=(
BOUNDED_CURVE()
B_SPLINE_CURVE(1,(#4090,#4091),.UNSPECIFIED.,.F.,.F.)
B_SPLINE_CURVE_WITH_KNOTS((2,2),(0.000,1.000),.UNSPECIFIED.)
CURVE()
GEOMETRIC_REPRESENTATION_ITEM()
RATIONAL_B_SPLINE_CURVE((1.0000000000,1.0000000000))
REPRESENTATION_ITEM('')
);
#4090=CARTESIAN_POINT('',(54.7570208901,-27.6952254625,16.4681083620));
#4091=CARTESIAN_POINT('',(51.9465230323,-27.6952254625,16.4681083620));

#4092=CARTESIAN_POINT('',(51.9465230323,-27.6952254625,16.4681083620));
#4093=VERTEX_POINT('',#4092);
#4094=EDGE_CURVE('',#4088,#4093,#4089,.T.);
#4095=ORIENTED_EDGE('',*,*,#4094,.T.);
#4096=(
BOUNDED_CURVE()
B_SPLINE_CURVE(1,(#4097,#4098),.UNSPECIFIED.,.F.,.F.)
B_SPLINE_CURVE_WITH_KNOTS((2,2),(0.000,1.000),.UNSPECIFIED.)
CURVE()
GEOMETRIC_REPRESENTATION_ITEM()
RATIONAL_B_SPLINE_CURVE((1.0000000000,1.0000000000))
REPRESENTATION_ITEM('')
);
#4097=CARTESIAN_POINT('',(51.9465230323,-27.6952254625,16.4681083620));
#4098=CARTESIAN_POINT('',(51.9465230323,-29.6032440365,16.4681083620));

#4099=CARTESIAN_POINT('',(51.9465230323,-29.6032440365,16.4681083620));
#4100=VERTEX_POINT('',#4099);
#4101=EDGE_CURVE('',#4093,#4100,#4096,.T.);
#4102=ORIENTED_EDGE('',*,*,#4101,.T.);
#4103=(
BOUNDED_CURVE()
B_SPLINE_CURVE(1,(#4104,#4105),.UNSPECIFIED.,.F.,.F.)
B_SPLINE_CURVE_WITH_KNOTS((2,2),(0.000,1.000),.UNSPECIFIED.)
CURVE()
GEOMETRIC_REPRESENTATION_ITEM()
RATIONAL_B_SPLINE_CURVE((1.0000000000,1.0000000000))
REPRESENTATION_ITEM('')
);
#4104=CARTESIAN_POINT('',(51.9465230323,-29.6032440365,16.4681083620));
#4105=CARTESIAN_POINT('',(54.7570208901,-29.6032440365,16.4681083620));

#4106=CARTESIAN_POINT('',(54.7570208901,-29.6032440365,16.4681083620));
#4107=VERTEX_POINT('',#4106);
#4108=EDGE_CURVE('',#4100,#4107,#4103,.T.);
#4109=ORIENTED_EDGE('',*,*,#4108,.T.);
#4110=(
BOUNDED_CURVE()
B_SPLINE_CURVE(1,(#4111,#4112),.UNSPECIFIED.,.F.,.F.)
B_SPLINE_CURVE_WITH_KNOTS((2,2),(0.000,1.000),.UNSPECIFIED.)
CURVE()
GEOMETRIC_REPRESENTATION_ITEM()
RATIONAL_B_SPLINE_CURVE((1.0000000000,1.0000000000))
REPRESENTATION_ITEM('')
);
#4111=CARTESIAN_POINT('',(54.7570208901,-29.6032440365,16.4681083620));
#4112=CARTESIAN_POINT('',(54.7570208901,-27.6952254625,16.4681083620));

#4113=EDGE_CURVE('',#4107,#4088,#4110,.T.);
#4114=ORIENTED_EDGE('',*,*,#4113,.T.);
#4115=EDGE_LOOP('',(#4095,#4102,#4109,#4114));
#4116=FACE_OUTER_BOUND('',#4115,.T.);
#4117=ADVANCED_FACE('',(#4116),#4082,.T.);
#4118=COLOUR_RGB('',0.39,0.39,0.39);
#4119=FILL_AREA_STYLE_COLOUR('',#4118);
#4120=FILL_AREA_STYLE('',(#4119));
#4121=SURFACE_STYLE_FILL_AREA(#4120);
#4122=SURFACE_STYLE_TRANSPARENT(0.00);
#4123=SURFACE_STYLE_RENDERING_WITH_PROPERTIES(.NORMAL_SHADING.,#4118,(#4122));
#4124=SURFACE_SIDE_STYLE('',(#4121, #4123));
#4125=SURFACE_STYLE_USAGE(.BOTH.,#4124);
#4126=PRESENTATION_STYLE_ASSIGNMENT((#4125));
#4127=STYLED_ITEM('',(#4126),#4117);

#4128=(
BOUNDED_SURFACE()
B_SPLINE_SURFACE(1,1,((#4129,#4130),(#4131,#4132)),.UNSPECIFIED.,.F.,.F.,.F.)
B_SPLINE_SURFACE_WITH_KNOTS((2,2),(2,2),(0.000,1.000),(0.000,1.000),.UNSPECIFIED.)
GEOMETRIC_REPRESENTATION_ITEM()
RATIONAL_B_SPLINE_SURFACE(((1.0000000000,1.0000000000),(1.0000000000,1.0000000000)))
REPRESENTATION_ITEM('')
SURFACE()
);
#4129=CARTESIAN_POINT('',(54.7570208901,-29.6032440365,16.4681083620));
#4130=CARTESIAN_POINT('',(51.9465230323,-29.6032440365,16.4681083620));
#4131=CARTESIAN_POINT('',(54.7570208901,-29.6032440365,15.5070879423));
#4132=CARTESIAN_POINT('',(51.9465230323,-29.6032440365,15.5070879423));

#4133=CARTESIAN_POINT('',(54.7570208901,-29.6032440365,16.4681083620));
#4134=VERTEX_POINT('',#4133);
#4135=(
BOUNDED_CURVE()
B_SPLINE_CURVE(1,(#4136,#4137),.UNSPECIFIED.,.F.,.F.)
B_SPLINE_CURVE_WITH_KNOTS((2,2),(0.000,1.000),.UNSPECIFIED.)
CURVE()
GEOMETRIC_REPRESENTATION_ITEM()
RATIONAL_B_SPLINE_CURVE((1.0000000000,1.0000000000))
REPRESENTATION_ITEM('')
);
#4136=CARTESIAN_POINT('',(54.7570208901,-29.6032440365,16.4681083620));
#4137=CARTESIAN_POINT('',(51.9465230323,-29.6032440365,16.4681083620));

#4138=CARTESIAN_POINT('',(51.9465230323,-29.6032440365,16.4681083620));
#4139=VERTEX_POINT('',#4138);
#4140=EDGE_CURVE('',#4134,#4139,#4135,.T.);
#4141=ORIENTED_EDGE('',*,*,#4140,.T.);
#4142=(
BOUNDED_CURVE()
B_SPLINE_CURVE(1,(#4143,#4144),.UNSPECIFIED.,.F.,.F.)
B_SPLINE_CURVE_WITH_KNOTS((2,2),(0.000,1.000),.UNSPECIFIED.)
CURVE()
GEOMETRIC_REPRESENTATION_ITEM()
RATIONAL_B_SPLINE_CURVE((1.0000000000,1.0000000000))
REPRESENTATION_ITEM('')
);
#4143=CARTESIAN_POINT('',(51.9465230323,-29.6032440365,16.4681083620));
#4144=CARTESIAN_POINT('',(51.9465230323,-29.6032440365,15.5070879423));

#4145=CARTESIAN_POINT('',(51.9465230323,-29.6032440365,15.5070879423));
#4146=VERTEX_POINT('',#4145);
#4147=EDGE_CURVE('',#4139,#4146,#4142,.T.);
#4148=ORIENTED_EDGE('',*,*,#4147,.T.);
#4149=(
BOUNDED_CURVE()
B_SPLINE_CURVE(1,(#4150,#4151),.UNSPECIFIED.,.F.,.F.)
B_SPLINE_CURVE_WITH_KNOTS((2,2),(0.000,1.000),.UNSPECIFIED.)
CURVE()
GEOMETRIC_REPRESENTATION_ITEM()
RATIONAL_B_SPLINE_CURVE((1.0000000000,1.0000000000))
REPRESENTATION_ITEM('')
);
#4150=CARTESIAN_POINT('',(51.9465230323,-29.6032440365,15.5070879423));
#4151=CARTESIAN_POINT('',(54.7570208901,-29.6032440365,15.5070879423));

#4152=CARTESIAN_POINT('',(54.7570208901,-29.6032440365,15.5070879423));
#4153=VERTEX_POINT('',#4152);
#4154=EDGE_CURVE('',#4146,#4153,#4149,.T.);
#4155=ORIENTED_EDGE('',*,*,#4154,.T.);
#4156=(
BOUNDED_CURVE()
B_SPLINE_CURVE(1,(#4157,#4158),.UNSPECIFIED.,.F.,.F.)
B_SPLINE_CURVE_WITH_KNOTS((2,2),(0.000,1.000),.UNSPECIFIED.)
CURVE()
GEOMETRIC_REPRESENTATION_ITEM()
RATIONAL_B_SPLINE_CURVE((1.0000000000,1.0000000000))
REPRESENTATION_ITEM('')
);
#4157=CARTESIAN_POINT('',(54.7570208901,-29.6032440365,15.5070879423));
#4158=CARTESIAN_POINT('',(54.7570208901,-29.6032440365,16.4681083620));

#4159=EDGE_CURVE('',#4153,#4134,#4156,.T.);
#4160=ORIENTED_EDGE('',*,*,#4159,.T.);
#4161=EDGE_LOOP('',(#4141,#4148,#4155,#4160));
#4162=FACE_OUTER_BOUND('',#4161,.T.);
#4163=ADVANCED_FACE('',(#4162),#4128,.T.);
#4164=COLOUR_RGB('',0.39,0.39,0.39);
#4165=FILL_AREA_STYLE_COLOUR('',#4164);
#4166=FILL_AREA_STYLE('',(#4165));
#4167=SURFACE_STYLE_FILL_AREA(#4166);
#4168=SURFACE_STYLE_TRANSPARENT(0.00);
#4169=SURFACE_STYLE_RENDERING_WITH_PROPERTIES(.NORMAL_SHADING.,#4164,(#4168));
#4170=SURFACE_SIDE_STYLE('',(#4167, #4169));
#4171=SURFACE_STYLE_USAGE(.BOTH.,#4170);
#4172=PRESENTATION_STYLE_ASSIGNMENT((#4171));
#4173=STYLED_ITEM('',(#4172),#4163);

#4174=(
BOUNDED_SURFACE()
B_SPLINE_SURFACE(1,1,((#4175,#4176),(#4177,#4178)),.UNSPECIFIED.,.F.,.F.,.F.)
B_SPLINE_SURFACE_WITH_KNOTS((2,2),(2,2),(0.000,1.000),(0.000,1.000),.UNSPECIFIED.)
GEOMETRIC_REPRESENTATION_ITEM()
RATIONAL_B_SPLINE_SURFACE(((1.0000000000,1.0000000000),(1.0000000000,1.0000000000)))
REPRESENTATION_ITEM('')
SURFACE()
);
#4175=CARTESIAN_POINT('',(54.7570208901,-27.1913856818,17.6437365109));
#4176=CARTESIAN_POINT('',(54.7570208901,-23.0020610440,17.6437365109));
#4177=CARTESIAN_POINT('',(54.7570208901,-27.1913856818,12.0268638338));
#4178=CARTESIAN_POINT('',(54.7570208901,-23.0020610440,12.0268638338));

#4179=CARTESIAN_POINT('',(54.7570208901,-25.6611652007,13.6876357087));
#4180=VERTEX_POINT('',#4179);
#4181=(
BOUNDED_CURVE()
B_SPLINE_CURVE(1,(#4182,#4183),.UNSPECIFIED.,.F.,.F.)
B_SPLINE_CURVE_WITH_KNOTS((2,2),(0.000,1.000),.UNSPECIFIED.)
CURVE()
GEOMETRIC_REPRESENTATION_ITEM()
RATIONAL_B_SPLINE_CURVE((1.0000000000,1.0000000000))
REPRESENTATION_ITEM('')
);
#4182=CARTESIAN_POINT('',(54.7570208901,-25.6611652007,13.6876357087));
#4183=CARTESIAN_POINT('',(54.7570208901,-25.6611652007,12.0268638338));

#4184=CARTESIAN_POINT('',(54.7570208901,-25.6611652007,12.0268638338));
#4185=VERTEX_POINT('',#4184);
#4186=EDGE_CURVE('',#4180,#4185,#4181,.T.);
#4187=ORIENTED_EDGE('',*,*,#4186,.T.);
#4188=(
BOUNDED_CURVE()
B_SPLINE_CURVE(1,(#4189,#4190),.UNSPECIFIED.,.F.,.F.)
B_SPLINE_CURVE_WITH_KNOTS((2,2),(0.000,1.000),.UNSPECIFIED.)
CURVE()
GEOMETRIC_REPRESENTATION_ITEM()
RATIONAL_B_SPLINE_CURVE((1.0000000000,1.0000000000))
REPRESENTATION_ITEM('')
);
#4189=CARTESIAN_POINT('',(54.7570208901,-25.6611652007,12.0268638338));
#4190=CARTESIAN_POINT('',(54.7570208901,-27.1913856818,12.0268638338));

#4191=CARTESIAN_POINT('',(54.7570208901,-27.1913856818,12.0268638338));
#4192=VERTEX_POINT('',#4191);
#4193=EDGE_CURVE('',#4185,#4192,#4188,.T.);
#4194=ORIENTED_EDGE('',*,*,#4193,.T.);
#4195=(
BOUNDED_CURVE()
B_SPLINE_CURVE(1,(#4196,#4197),.UNSPECIFIED.,.F.,.F.)
B_SPLINE_CURVE_WITH_KNOTS((2,2),(0.000,1.000),.UNSPECIFIED.)
CURVE()
GEOMETRIC_REPRESENTATION_ITEM()
RATIONAL_B_SPLINE_CURVE((1.0000000000,1.0000000000))
REPRESENTATION_ITEM('')
);
#4196=CARTESIAN_POINT('',(54.7570208901,-27.1913856818,12.0268638338));
#4197=CARTESIAN_POINT('',(54.7570208901,-27.1913856818,17.6437365109));

#4198=CARTESIAN_POINT('',(54.7570208901,-27.1913856818,17.6437365109));
#4199=VERTEX_POINT('',#4198);
#4200=EDGE_CURVE('',#4192,#4199,#4195,.T.);
#4201=ORIENTED_EDGE('',*,*,#4200,.T.);
#4202=(
BOUNDED_CURVE()
B_SPLINE_CURVE(1,(#4203,#4204),.UNSPECIFIED.,.F.,.F.)
B_SPLINE_CURVE_WITH_KNOTS((2,2),(0.000,1.000),.UNSPECIFIED.)
CURVE()
GEOMETRIC_REPRESENTATION_ITEM()
RATIONAL_B_SPLINE_CURVE((1.0000000000,1.0000000000))
REPRESENTATION_ITEM('')
);
#4203=CARTESIAN_POINT('',(54.7570208901,-27.1913856818,17.6437365109));
#4204=CARTESIAN_POINT('',(54.7570208901,-25.6611652007,17.6437365109));

#4205=CARTESIAN_POINT('',(54.7570208901,-25.6611652007,17.6437365109));
#4206=VERTEX_POINT('',#4205);
#4207=EDGE_CURVE('',#4199,#4206,#4202,.T.);
#4208=ORIENTED_EDGE('',*,*,#4207,.T.);
#4209=(
BOUNDED_CURVE()
B_SPLINE_CURVE(1,(#4210,#4211),.UNSPECIFIED.,.F.,.F.)
B_SPLINE_CURVE_WITH_KNOTS((2,2),(0.000,1.000),.UNSPECIFIED.)
CURVE()
GEOMETRIC_REPRESENTATION_ITEM()
RATIONAL_B_SPLINE_CURVE((1.0000000000,1.0000000000))
REPRESENTATION_ITEM('')
);
#4210=CARTESIAN_POINT('',(54.7570208901,-25.6611652007,17.6437365109));
#4211=CARTESIAN_POINT('',(54.7570208901,-25.6611652007,15.9969054577));

#4212=CARTESIAN_POINT('',(54.7570208901,-25.6611652007,15.9969054577));
#4213=VERTEX_POINT('',#4212);
#4214=EDGE_CURVE('',#4206,#4213,#4209,.T.);
#4215=ORIENTED_EDGE('',*,*,#4214,.T.);
#4216=(
BOUNDED_CURVE()
B_SPLINE_CURVE(1,(#4217,#4218),.UNSPECIFIED.,.F.,.F.)
B_SPLINE_CURVE_WITH_KNOTS((2,2),(0.000,1.000),.UNSPECIFIED.)
CURVE()
GEOMETRIC_REPRESENTATION_ITEM()
RATIONAL_B_SPLINE_CURVE((1.0000000000,1.0000000000))
REPRESENTATION_ITEM('')
);
#4217=CARTESIAN_POINT('',(54.7570208901,-25.6611652007,15.9969054577));
#4218=CARTESIAN_POINT('',(54.7570208901,-24.7514812013,17.6437365109));

#4219=CARTESIAN_POINT('',(54.7570208901,-24.7514812013,17.6437365109));
#4220=VERTEX_POINT('',#4219);
#4221=EDGE_CURVE('',#4213,#4220,#4216,.T.);
#4222=ORIENTED_EDGE('',*,*,#4221,.T.);
#4223=(
BOUNDED_CURVE()
B_SPLINE_CURVE(1,(#4224,#4225),.UNSPECIFIED.,.F.,.F.)
B_SPLINE_CURVE_WITH_KNOTS((2,2),(0.000,1.000),.UNSPECIFIED.)
CURVE()
GEOMETRIC_REPRESENTATION_ITEM()
RATIONAL_B_SPLINE_CURVE((1.0000000000,1.0000000000))
REPRESENTATION_ITEM('')
);
#4224=CARTESIAN_POINT('',(54.7570208901,-24.7514812013,17.6437365109));
#4225=CARTESIAN_POINT('',(54.7570208901,-23.0020610440,17.6437365109));

#4226=CARTESIAN_POINT('',(54.7570208901,-23.0020610440,17.6437365109));
#4227=VERTEX_POINT('',#4226);
#4228=EDGE_CURVE('',#4220,#4227,#4223,.T.);
#4229=ORIENTED_EDGE('',*,*,#4228,.T.);
#4230=(
BOUNDED_CURVE()
B_SPLINE_CURVE(1,(#4231,#4232),.UNSPECIFIED.,.F.,.F.)
B_SPLINE_CURVE_WITH_KNOTS((2,2),(0.000,1.000),.UNSPECIFIED.)
CURVE()
GEOMETRIC_REPRESENTATION_ITEM()
RATIONAL_B_SPLINE_CURVE((1.0000000000,1.0000000000))
REPRESENTATION_ITEM('')
);
#4231=CARTESIAN_POINT('',(54.7570208901,-23.0020610440,17.6437365109));
#4232=CARTESIAN_POINT('',(54.7570208901,-24.5228504092,15.3811275984));

#4233=CARTESIAN_POINT('',(54.7570208901,-24.5228504092,15.3811275984));
#4234=VERTEX_POINT('',#4233);
#4235=EDGE_CURVE('',#4227,#4234,#4230,.T.);
#4236=ORIENTED_EDGE('',*,*,#4235,.T.);
#4237=(
BOUNDED_CURVE()
B_SPLINE_CURVE(1,(#4238,#4239),.UNSPECIFIED.,.F.,.F.)
B_SPLINE_CURVE_WITH_KNOTS((2,2),(0.000,1.000),.UNSPECIFIED.)
CURVE()
GEOMETRIC_REPRESENTATION_ITEM()
RATIONAL_B_SPLINE_CURVE((1.0000000000,1.0000000000))
REPRESENTATION_ITEM('')
);
#4238=CARTESIAN_POINT('',(54.7570208901,-24.5228504092,15.3811275984));
#4239=CARTESIAN_POINT('',(54.7570208901,-23.0020610440,12.0268638338));

#4240=CARTESIAN_POINT('',(54.7570208901,-23.0020610440,12.0268638338));
#4241=VERTEX_POINT('',#4240);
#4242=EDGE_CURVE('',#4234,#4241,#4237,.T.);
#4243=ORIENTED_EDGE('',*,*,#4242,.T.);
#4244=(
BOUNDED_CURVE()
B_SPLINE_CURVE(1,(#4245,#4246),.UNSPECIFIED.,.F.,.F.)
B_SPLINE_CURVE_WITH_KNOTS((2,2),(0.000,1.000),.UNSPECIFIED.)
CURVE()
GEOMETRIC_REPRESENTATION_ITEM()
RATIONAL_B_SPLINE_CURVE((1.0000000000,1.0000000000))
REPRESENTATION_ITEM('')
);
#4245=CARTESIAN_POINT('',(54.7570208901,-23.0020610440,12.0268638338));
#4246=CARTESIAN_POINT('',(54.7570208901,-24.7235164195,12.0268638338));

#4247=CARTESIAN_POINT('',(54.7570208901,-24.7235164195,12.0268638338));
#4248=VERTEX_POINT('',#4247);
#4249=EDGE_CURVE('',#4241,#4248,#4244,.T.);
#4250=ORIENTED_EDGE('',*,*,#4249,.T.);
#4251=(
BOUNDED_CURVE()
B_SPLINE_CURVE(1,(#4252,#4253),.UNSPECIFIED.,.F.,.F.)
B_SPLINE_CURVE_WITH_KNOTS((2,2),(0.000,1.000),.UNSPECIFIED.)
CURVE()
GEOMETRIC_REPRESENTATION_ITEM()
RATIONAL_B_SPLINE_CURVE((1.0000000000,1.0000000000))
REPRESENTATION_ITEM('')
);
#4252=CARTESIAN_POINT('',(54.7570208901,-24.7235164195,12.0268638338));
#4253=CARTESIAN_POINT('',(54.7570208901,-25.5212647328,13.8975692498));

#4254=CARTESIAN_POINT('',(54.7570208901,-25.5212647328,13.8975692498));
#4255=VERTEX_POINT('',#4254);
#4256=EDGE_CURVE('',#4248,#4255,#4251,.T.);
#4257=ORIENTED_EDGE('',*,*,#4256,.T.);
#4258=(
BOUNDED_CURVE()
B_SPLINE_CURVE(1,(#4259,#4260),.UNSPECIFIED.,.F.,.F.)
B_SPLINE_CURVE_WITH_KNOTS((2,2),(0.000,1.000),.UNSPECIFIED.)
CURVE()
GEOMETRIC_REPRESENTATION_ITEM()
RATIONAL_B_SPLINE_CURVE((1.0000000000,1.0000000000))
REPRESENTATION_ITEM('')
);
#4259=CARTESIAN_POINT('',(54.7570208901,-25.5212647328,13.8975692498));
#4260=CARTESIAN_POINT('',(54.7570208901,-25.6611652007,13.6876357087));

#4261=EDGE_CURVE('',#4255,#4180,#4258,.T.);
#4262=ORIENTED_EDGE('',*,*,#4261,.T.);
#4263=EDGE_LOOP('',(#4187,#4194,#4201,#4208,#4215,#4222,#4229,#4236,#4243,#4250,#4257,#4262));
#4264=FACE_OUTER_BOUND('',#4263,.T.);
#4265=ADVANCED_FACE('',(#4264),#4174,.T.);
#4266=COLOUR_RGB('',0.39,0.39,0.39);
#4267=FILL_AREA_STYLE_COLOUR('',#4266);
#4268=FILL_AREA_STYLE('',(#4267));
#4269=SURFACE_STYLE_FILL_AREA(#4268);
#4270=SURFACE_STYLE_TRANSPARENT(0.00);
#4271=SURFACE_STYLE_RENDERING_WITH_PROPERTIES(.NORMAL_SHADING.,#4266,(#4270));
#4272=SURFACE_SIDE_STYLE('',(#4269, #4271));
#4273=SURFACE_STYLE_USAGE(.BOTH.,#4272);
#4274=PRESENTATION_STYLE_ASSIGNMENT((#4273));
#4275=STYLED_ITEM('',(#4274),#4265);

#4276=(
BOUNDED_SURFACE()
B_SPLINE_SURFACE(1,1,((#4277,#4278),(#4279,#4280)),.UNSPECIFIED.,.F.,.F.,.F.)
B_SPLINE_SURFACE_WITH_KNOTS((2,2),(2,2),(0.000,1.000),(0.000,1.000),.UNSPECIFIED.)
GEOMETRIC_REPRESENTATION_ITEM()
RATIONAL_B_SPLINE_SURFACE(((1.0000000000,1.0000000000),(1.0000000000,1.0000000000)))
REPRESENTATION_ITEM('')
SURFACE()
);
#4277=CARTESIAN_POINT('',(54.7570208901,-25.6611652007,15.9969054577));
#4278=CARTESIAN_POINT('',(51.9465230323,-25.6611652007,15.9969054577));
#4279=CARTESIAN_POINT('',(54.7570208901,-24.7514812013,17.6437365109));
#4280=CARTESIAN_POINT('',(51.9465230323,-24.7514812013,17.6437365109));

#4281=CARTESIAN_POINT('',(54.7570208901,-25.6611652007,15.9969054577));
#4282=VERTEX_POINT('',#4281);
#4283=(
BOUNDED_CURVE()
B_SPLINE_CURVE(1,(#4284,#4285),.UNSPECIFIED.,.F.,.F.)
B_SPLINE_CURVE_WITH_KNOTS((2,2),(0.000,1.000),.UNSPECIFIED.)
CURVE()
GEOMETRIC_REPRESENTATION_ITEM()
RATIONAL_B_SPLINE_CURVE((1.0000000000,1.0000000000))
REPRESENTATION_ITEM('')
);
#4284=CARTESIAN_POINT('',(54.7570208901,-25.6611652007,15.9969054577));
#4285=CARTESIAN_POINT('',(51.9465230323,-25.6611652007,15.9969054577));

#4286=CARTESIAN_POINT('',(51.9465230323,-25.6611652007,15.9969054577));
#4287=VERTEX_POINT('',#4286);
#4288=EDGE_CURVE('',#4282,#4287,#4283,.T.);
#4289=ORIENTED_EDGE('',*,*,#4288,.T.);
#4290=(
BOUNDED_CURVE()
B_SPLINE_CURVE(1,(#4291,#4292),.UNSPECIFIED.,.F.,.F.)
B_SPLINE_CURVE_WITH_KNOTS((2,2),(0.000,1.000),.UNSPECIFIED.)
CURVE()
GEOMETRIC_REPRESENTATION_ITEM()
RATIONAL_B_SPLINE_CURVE((1.0000000000,1.0000000000))
REPRESENTATION_ITEM('')
);
#4291=CARTESIAN_POINT('',(51.9465230323,-25.6611652007,15.9969054577));
#4292=CARTESIAN_POINT('',(51.9465230323,-24.7514812013,17.6437365109));

#4293=CARTESIAN_POINT('',(51.9465230323,-24.7514812013,17.6437365109));
#4294=VERTEX_POINT('',#4293);
#4295=EDGE_CURVE('',#4287,#4294,#4290,.T.);
#4296=ORIENTED_EDGE('',*,*,#4295,.T.);
#4297=(
BOUNDED_CURVE()
B_SPLINE_CURVE(1,(#4298,#4299),.UNSPECIFIED.,.F.,.F.)
B_SPLINE_CURVE_WITH_KNOTS((2,2),(0.000,1.000),.UNSPECIFIED.)
CURVE()
GEOMETRIC_REPRESENTATION_ITEM()
RATIONAL_B_SPLINE_CURVE((1.0000000000,1.0000000000))
REPRESENTATION_ITEM('')
);
#4298=CARTESIAN_POINT('',(51.9465230323,-24.7514812013,17.6437365109));
#4299=CARTESIAN_POINT('',(54.7570208901,-24.7514812013,17.6437365109));

#4300=CARTESIAN_POINT('',(54.7570208901,-24.7514812013,17.6437365109));
#4301=VERTEX_POINT('',#4300);
#4302=EDGE_CURVE('',#4294,#4301,#4297,.T.);
#4303=ORIENTED_EDGE('',*,*,#4302,.T.);
#4304=(
BOUNDED_CURVE()
B_SPLINE_CURVE(1,(#4305,#4306),.UNSPECIFIED.,.F.,.F.)
B_SPLINE_CURVE_WITH_KNOTS((2,2),(0.000,1.000),.UNSPECIFIED.)
CURVE()
GEOMETRIC_REPRESENTATION_ITEM()
RATIONAL_B_SPLINE_CURVE((1.0000000000,1.0000000000))
REPRESENTATION_ITEM('')
);
#4305=CARTESIAN_POINT('',(54.7570208901,-24.7514812013,17.6437365109));
#4306=CARTESIAN_POINT('',(54.7570208901,-25.6611652007,15.9969054577));

#4307=EDGE_CURVE('',#4301,#4282,#4304,.T.);
#4308=ORIENTED_EDGE('',*,*,#4307,.T.);
#4309=EDGE_LOOP('',(#4289,#4296,#4303,#4308));
#4310=FACE_OUTER_BOUND('',#4309,.T.);
#4311=ADVANCED_FACE('',(#4310),#4276,.T.);
#4312=COLOUR_RGB('',0.39,0.39,0.39);
#4313=FILL_AREA_STYLE_COLOUR('',#4312);
#4314=FILL_AREA_STYLE('',(#4313));
#4315=SURFACE_STYLE_FILL_AREA(#4314);
#4316=SURFACE_STYLE_TRANSPARENT(0.00);
#4317=SURFACE_STYLE_RENDERING_WITH_PROPERTIES(.NORMAL_SHADING.,#4312,(#4316));
#4318=SURFACE_SIDE_STYLE('',(#4315, #4317));
#4319=SURFACE_STYLE_USAGE(.BOTH.,#4318);
#4320=PRESENTATION_STYLE_ASSIGNMENT((#4319));
#4321=STYLED_ITEM('',(#4320),#4311);

#4322=(
BOUNDED_SURFACE()
B_SPLINE_SURFACE(1,1,((#4323,#4324),(#4325,#4326)),.UNSPECIFIED.,.F.,.F.,.F.)
B_SPLINE_SURFACE_WITH_KNOTS((2,2),(2,2),(0.000,1.000),(0.000,1.000),.UNSPECIFIED.)
GEOMETRIC_REPRESENTATION_ITEM()
RATIONAL_B_SPLINE_SURFACE(((1.0000000000,1.0000000000),(1.0000000000,1.0000000000)))
REPRESENTATION_ITEM('')
SURFACE()
);
#4323=CARTESIAN_POINT('',(54.7570208901,-24.7514812013,17.6437365109));
#4324=CARTESIAN_POINT('',(51.9465230323,-24.7514812013,17.6437365109));
#4325=CARTESIAN_POINT('',(54.7570208901,-23.0020610440,17.6437365109));
#4326=CARTESIAN_POINT('',(51.9465230323,-23.0020610440,17.6437365109));

#4327=CARTESIAN_POINT('',(54.7570208901,-24.7514812013,17.6437365109));
#4328=VERTEX_POINT('',#4327);
#4329=(
BOUNDED_CURVE()
B_SPLINE_CURVE(1,(#4330,#4331),.UNSPECIFIED.,.F.,.F.)
B_SPLINE_CURVE_WITH_KNOTS((2,2),(0.000,1.000),.UNSPECIFIED.)
CURVE()
GEOMETRIC_REPRESENTATION_ITEM()
RATIONAL_B_SPLINE_CURVE((1.0000000000,1.0000000000))
REPRESENTATION_ITEM('')
);
#4330=CARTESIAN_POINT('',(54.7570208901,-24.7514812013,17.6437365109));
#4331=CARTESIAN_POINT('',(51.9465230323,-24.7514812013,17.6437365109));

#4332=CARTESIAN_POINT('',(51.9465230323,-24.7514812013,17.6437365109));
#4333=VERTEX_POINT('',#4332);
#4334=EDGE_CURVE('',#4328,#4333,#4329,.T.);
#4335=ORIENTED_EDGE('',*,*,#4334,.T.);
#4336=(
BOUNDED_CURVE()
B_SPLINE_CURVE(1,(#4337,#4338),.UNSPECIFIED.,.F.,.F.)
B_SPLINE_CURVE_WITH_KNOTS((2,2),(0.000,1.000),.UNSPECIFIED.)
CURVE()
GEOMETRIC_REPRESENTATION_ITEM()
RATIONAL_B_SPLINE_CURVE((1.0000000000,1.0000000000))
REPRESENTATION_ITEM('')
);
#4337=CARTESIAN_POINT('',(51.9465230323,-24.7514812013,17.6437365109));
#4338=CARTESIAN_POINT('',(51.9465230323,-23.0020610440,17.6437365109));

#4339=CARTESIAN_POINT('',(51.9465230323,-23.0020610440,17.6437365109));
#4340=VERTEX_POINT('',#4339);
#4341=EDGE_CURVE('',#4333,#4340,#4336,.T.);
#4342=ORIENTED_EDGE('',*,*,#4341,.T.);
#4343=(
BOUNDED_CURVE()
B_SPLINE_CURVE(1,(#4344,#4345),.UNSPECIFIED.,.F.,.F.)
B_SPLINE_CURVE_WITH_KNOTS((2,2),(0.000,1.000),.UNSPECIFIED.)
CURVE()
GEOMETRIC_REPRESENTATION_ITEM()
RATIONAL_B_SPLINE_CURVE((1.0000000000,1.0000000000))
REPRESENTATION_ITEM('')
);
#4344=CARTESIAN_POINT('',(51.9465230323,-23.0020610440,17.6437365109));
#4345=CARTESIAN_POINT('',(54.7570208901,-23.0020610440,17.6437365109));

#4346=CARTESIAN_POINT('',(54.7570208901,-23.0020610440,17.6437365109));
#4347=VERTEX_POINT('',#4346);
#4348=EDGE_CURVE('',#4340,#4347,#4343,.T.);
#4349=ORIENTED_EDGE('',*,*,#4348,.T.);
#4350=(
BOUNDED_CURVE()
B_SPLINE_CURVE(1,(#4351,#4352),.UNSPECIFIED.,.F.,.F.)
B_SPLINE_CURVE_WITH_KNOTS((2,2),(0.000,1.000),.UNSPECIFIED.)
CURVE()
GEOMETRIC_REPRESENTATION_ITEM()
RATIONAL_B_SPLINE_CURVE((1.0000000000,1.0000000000))
REPRESENTATION_ITEM('')
);
#4351=CARTESIAN_POINT('',(54.7570208901,-23.0020610440,17.6437365109));
#4352=CARTESIAN_POINT('',(54.7570208901,-24.7514812013,17.6437365109));

#4353=EDGE_CURVE('',#4347,#4328,#4350,.T.);
#4354=ORIENTED_EDGE('',*,*,#4353,.T.);
#4355=EDGE_LOOP('',(#4335,#4342,#4349,#4354));
#4356=FACE_OUTER_BOUND('',#4355,.T.);
#4357=ADVANCED_FACE('',(#4356),#4322,.T.);
#4358=COLOUR_RGB('',0.39,0.39,0.39);
#4359=FILL_AREA_STYLE_COLOUR('',#4358);
#4360=FILL_AREA_STYLE('',(#4359));
#4361=SURFACE_STYLE_FILL_AREA(#4360);
#4362=SURFACE_STYLE_TRANSPARENT(0.00);
#4363=SURFACE_STYLE_RENDERING_WITH_PROPERTIES(.NORMAL_SHADING.,#4358,(#4362));
#4364=SURFACE_SIDE_STYLE('',(#4361, #4363));
#4365=SURFACE_STYLE_USAGE(.BOTH.,#4364);
#4366=PRESENTATION_STYLE_ASSIGNMENT((#4365));
#4367=STYLED_ITEM('',(#4366),#4357);

#4368=(
BOUNDED_SURFACE()
B_SPLINE_SURFACE(1,1,((#4369,#4370),(#4371,#4372)),.UNSPECIFIED.,.F.,.F.,.F.)
B_SPLINE_SURFACE_WITH_KNOTS((2,2),(2,2),(0.000,1.000),(0.000,1.000),.UNSPECIFIED.)
GEOMETRIC_REPRESENTATION_ITEM()
RATIONAL_B_SPLINE_SURFACE(((1.0000000000,1.0000000000),(1.0000000000,1.0000000000)))
REPRESENTATION_ITEM('')
SURFACE()
);
#4369=CARTESIAN_POINT('',(54.7570208901,-23.0020610440,17.6437365109));
#4370=CARTESIAN_POINT('',(51.9465230323,-23.0020610440,17.6437365109));
#4371=CARTESIAN_POINT('',(54.7570208901,-24.5228504092,15.3811275984));
#4372=CARTESIAN_POINT('',(51.9465230323,-24.5228504092,15.3811275984));

#4373=CARTESIAN_POINT('',(54.7570208901,-23.0020610440,17.6437365109));
#4374=VERTEX_POINT('',#4373);
#4375=(
BOUNDED_CURVE()
B_SPLINE_CURVE(1,(#4376,#4377),.UNSPECIFIED.,.F.,.F.)
B_SPLINE_CURVE_WITH_KNOTS((2,2),(0.000,1.000),.UNSPECIFIED.)
CURVE()
GEOMETRIC_REPRESENTATION_ITEM()
RATIONAL_B_SPLINE_CURVE((1.0000000000,1.0000000000))
REPRESENTATION_ITEM('')
);
#4376=CARTESIAN_POINT('',(54.7570208901,-23.0020610440,17.6437365109));
#4377=CARTESIAN_POINT('',(51.9465230323,-23.0020610440,17.6437365109));

#4378=CARTESIAN_POINT('',(51.9465230323,-23.0020610440,17.6437365109));
#4379=VERTEX_POINT('',#4378);
#4380=EDGE_CURVE('',#4374,#4379,#4375,.T.);
#4381=ORIENTED_EDGE('',*,*,#4380,.T.);
#4382=(
BOUNDED_CURVE()
B_SPLINE_CURVE(1,(#4383,#4384),.UNSPECIFIED.,.F.,.F.)
B_SPLINE_CURVE_WITH_KNOTS((2,2),(0.000,1.000),.UNSPECIFIED.)
CURVE()
GEOMETRIC_REPRESENTATION_ITEM()
RATIONAL_B_SPLINE_CURVE((1.0000000000,1.0000000000))
REPRESENTATION_ITEM('')
);
#4383=CARTESIAN_POINT('',(51.9465230323,-23.0020610440,17.6437365109));
#4384=CARTESIAN_POINT('',(51.9465230323,-24.5228504092,15.3811275984));

#4385=CARTESIAN_POINT('',(51.9465230323,-24.5228504092,15.3811275984));
#4386=VERTEX_POINT('',#4385);
#4387=EDGE_CURVE('',#4379,#4386,#4382,.T.);
#4388=ORIENTED_EDGE('',*,*,#4387,.T.);
#4389=(
BOUNDED_CURVE()
B_SPLINE_CURVE(1,(#4390,#4391),.UNSPECIFIED.,.F.,.F.)
B_SPLINE_CURVE_WITH_KNOTS((2,2),(0.000,1.000),.UNSPECIFIED.)
CURVE()
GEOMETRIC_REPRESENTATION_ITEM()
RATIONAL_B_SPLINE_CURVE((1.0000000000,1.0000000000))
REPRESENTATION_ITEM('')
);
#4390=CARTESIAN_POINT('',(51.9465230323,-24.5228504092,15.3811275984));
#4391=CARTESIAN_POINT('',(54.7570208901,-24.5228504092,15.3811275984));

#4392=CARTESIAN_POINT('',(54.7570208901,-24.5228504092,15.3811275984));
#4393=VERTEX_POINT('',#4392);
#4394=EDGE_CURVE('',#4386,#4393,#4389,.T.);
#4395=ORIENTED_EDGE('',*,*,#4394,.T.);
#4396=(
BOUNDED_CURVE()
B_SPLINE_CURVE(1,(#4397,#4398),.UNSPECIFIED.,.F.,.F.)
B_SPLINE_CURVE_WITH_KNOTS((2,2),(0.000,1.000),.UNSPECIFIED.)
CURVE()
GEOMETRIC_REPRESENTATION_ITEM()
RATIONAL_B_SPLINE_CURVE((1.0000000000,1.0000000000))
REPRESENTATION_ITEM('')
);
#4397=CARTESIAN_POINT('',(54.7570208901,-24.5228504092,15.3811275984));
#4398=CARTESIAN_POINT('',(54.7570208901,-23.0020610440,17.6437365109));

#4399=EDGE_CURVE('',#4393,#4374,#4396,.T.);
#4400=ORIENTED_EDGE('',*,*,#4399,.T.);
#4401=EDGE_LOOP('',(#4381,#4388,#4395,#4400));
#4402=FACE_OUTER_BOUND('',#4401,.T.);
#4403=ADVANCED_FACE('',(#4402),#4368,.T.);
#4404=COLOUR_RGB('',0.39,0.39,0.39);
#4405=FILL_AREA_STYLE_COLOUR('',#4404);
#4406=FILL_AREA_STYLE('',(#4405));
#4407=SURFACE_STYLE_FILL_AREA(#4406);
#4408=SURFACE_STYLE_TRANSPARENT(0.00);
#4409=SURFACE_STYLE_RENDERING_WITH_PROPERTIES(.NORMAL_SHADING.,#4404,(#4408));
#4410=SURFACE_SIDE_STYLE('',(#4407, #4409));
#4411=SURFACE_STYLE_USAGE(.BOTH.,#4410);
#4412=PRESENTATION_STYLE_ASSIGNMENT((#4411));
#4413=STYLED_ITEM('',(#4412),#4403);

#4414=(
BOUNDED_SURFACE()
B_SPLINE_SURFACE(1,1,((#4415,#4416),(#4417,#4418)),.UNSPECIFIED.,.F.,.F.,.F.)
B_SPLINE_SURFACE_WITH_KNOTS((2,2),(2,2),(0.000,1.000),(0.000,1.000),.UNSPECIFIED.)
GEOMETRIC_REPRESENTATION_ITEM()
RATIONAL_B_SPLINE_SURFACE(((1.0000000000,1.0000000000),(1.0000000000,1.0000000000)))
REPRESENTATION_ITEM('')
SURFACE()
);
#4415=CARTESIAN_POINT('',(54.7570208901,-24.5228504092,15.3811275984));
#4416=CARTESIAN_POINT('',(51.9465230323,-24.5228504092,15.3811275984));
#4417=CARTESIAN_POINT('',(54.7570208901,-23.0020610440,12.0268638338));
#4418=CARTESIAN_POINT('',(51.9465230323,-23.0020610440,12.0268638338));

#4419=CARTESIAN_POINT('',(54.7570208901,-24.5228504092,15.3811275984));
#4420=VERTEX_POINT('',#4419);
#4421=(
BOUNDED_CURVE()
B_SPLINE_CURVE(1,(#4422,#4423),.UNSPECIFIED.,.F.,.F.)
B_SPLINE_CURVE_WITH_KNOTS((2,2),(0.000,1.000),.UNSPECIFIED.)
CURVE()
GEOMETRIC_REPRESENTATION_ITEM()
RATIONAL_B_SPLINE_CURVE((1.0000000000,1.0000000000))
REPRESENTATION_ITEM('')
);
#4422=CARTESIAN_POINT('',(54.7570208901,-24.5228504092,15.3811275984));
#4423=CARTESIAN_POINT('',(51.9465230323,-24.5228504092,15.3811275984));

#4424=CARTESIAN_POINT('',(51.9465230323,-24.5228504092,15.3811275984));
#4425=VERTEX_POINT('',#4424);
#4426=EDGE_CURVE('',#4420,#4425,#4421,.T.);
#4427=ORIENTED_EDGE('',*,*,#4426,.T.);
#4428=(
BOUNDED_CURVE()
B_SPLINE_CURVE(1,(#4429,#4430),.UNSPECIFIED.,.F.,.F.)
B_SPLINE_CURVE_WITH_KNOTS((2,2),(0.000,1.000),.UNSPECIFIED.)
CURVE()
GEOMETRIC_REPRESENTATION_ITEM()
RATIONAL_B_SPLINE_CURVE((1.0000000000,1.0000000000))
REPRESENTATION_ITEM('')
);
#4429=CARTESIAN_POINT('',(51.9465230323,-24.5228504092,15.3811275984));
#4430=CARTESIAN_POINT('',(51.9465230323,-23.0020610440,12.0268638338));

#4431=CARTESIAN_POINT('',(51.9465230323,-23.0020610440,12.0268638338));
#4432=VERTEX_POINT('',#4431);
#4433=EDGE_CURVE('',#4425,#4432,#4428,.T.);
#4434=ORIENTED_EDGE('',*,*,#4433,.T.);
#4435=(
BOUNDED_CURVE()
B_SPLINE_CURVE(1,(#4436,#4437),.UNSPECIFIED.,.F.,.F.)
B_SPLINE_CURVE_WITH_KNOTS((2,2),(0.000,1.000),.UNSPECIFIED.)
CURVE()
GEOMETRIC_REPRESENTATION_ITEM()
RATIONAL_B_SPLINE_CURVE((1.0000000000,1.0000000000))
REPRESENTATION_ITEM('')
);
#4436=CARTESIAN_POINT('',(51.9465230323,-23.0020610440,12.0268638338));
#4437=CARTESIAN_POINT('',(54.7570208901,-23.0020610440,12.0268638338));

#4438=CARTESIAN_POINT('',(54.7570208901,-23.0020610440,12.0268638338));
#4439=VERTEX_POINT('',#4438);
#4440=EDGE_CURVE('',#4432,#4439,#4435,.T.);
#4441=ORIENTED_EDGE('',*,*,#4440,.T.);
#4442=(
BOUNDED_CURVE()
B_SPLINE_CURVE(1,(#4443,#4444),.UNSPECIFIED.,.F.,.F.)
B_SPLINE_CURVE_WITH_KNOTS((2,2),(0.000,1.000),.UNSPECIFIED.)
CURVE()
GEOMETRIC_REPRESENTATION_ITEM()
RATIONAL_B_SPLINE_CURVE((1.0000000000,1.0000000000))
REPRESENTATION_ITEM('')
);
#4443=CARTESIAN_POINT('',(54.7570208901,-23.0020610440,12.0268638338));
#4444=CARTESIAN_POINT('',(54.7570208901,-24.5228504092,15.3811275984));

#4445=EDGE_CURVE('',#4439,#4420,#4442,.T.);
#4446=ORIENTED_EDGE('',*,*,#4445,.T.);
#4447=EDGE_LOOP('',(#4427,#4434,#4441,#4446));
#4448=FACE_OUTER_BOUND('',#4447,.T.);
#4449=ADVANCED_FACE('',(#4448),#4414,.T.);
#4450=COLOUR_RGB('',0.39,0.39,0.39);
#4451=FILL_AREA_STYLE_COLOUR('',#4450);
#4452=FILL_AREA_STYLE('',(#4451));
#4453=SURFACE_STYLE_FILL_AREA(#4452);
#4454=SURFACE_STYLE_TRANSPARENT(0.00);
#4455=SURFACE_STYLE_RENDERING_WITH_PROPERTIES(.NORMAL_SHADING.,#4450,(#4454));
#4456=SURFACE_SIDE_STYLE('',(#4453, #4455));
#4457=SURFACE_STYLE_USAGE(.BOTH.,#4456);
#4458=PRESENTATION_STYLE_ASSIGNMENT((#4457));
#4459=STYLED_ITEM('',(#4458),#4449);

#4460=(
BOUNDED_SURFACE()
B_SPLINE_SURFACE(1,1,((#4461,#4462),(#4463,#4464)),.UNSPECIFIED.,.F.,.F.,.F.)
B_SPLINE_SURFACE_WITH_KNOTS((2,2),(2,2),(0.000,1.000),(0.000,1.000),.UNSPECIFIED.)
GEOMETRIC_REPRESENTATION_ITEM()
RATIONAL_B_SPLINE_SURFACE(((1.0000000000,1.0000000000),(1.0000000000,1.0000000000)))
REPRESENTATION_ITEM('')
SURFACE()
);
#4461=CARTESIAN_POINT('',(54.7570208901,-23.0020610440,12.0268638338));
#4462=CARTESIAN_POINT('',(51.9465230323,-23.0020610440,12.0268638338));
#4463=CARTESIAN_POINT('',(54.7570208901,-24.7235164195,12.0268638338));
#4464=CARTESIAN_POINT('',(51.9465230323,-24.7235164195,12.0268638338));

#4465=CARTESIAN_POINT('',(54.7570208901,-23.0020610440,12.0268638338));
#4466=VERTEX_POINT('',#4465);
#4467=(
BOUNDED_CURVE()
B_SPLINE_CURVE(1,(#4468,#4469),.UNSPECIFIED.,.F.,.F.)
B_SPLINE_CURVE_WITH_KNOTS((2,2),(0.000,1.000),.UNSPECIFIED.)
CURVE()
GEOMETRIC_REPRESENTATION_ITEM()
RATIONAL_B_SPLINE_CURVE((1.0000000000,1.0000000000))
REPRESENTATION_ITEM('')
);
#4468=CARTESIAN_POINT('',(54.7570208901,-23.0020610440,12.0268638338));
#4469=CARTESIAN_POINT('',(51.9465230323,-23.0020610440,12.0268638338));

#4470=CARTESIAN_POINT('',(51.9465230323,-23.0020610440,12.0268638338));
#4471=VERTEX_POINT('',#4470);
#4472=EDGE_CURVE('',#4466,#4471,#4467,.T.);
#4473=ORIENTED_EDGE('',*,*,#4472,.T.);
#4474=(
BOUNDED_CURVE()
B_SPLINE_CURVE(1,(#4475,#4476),.UNSPECIFIED.,.F.,.F.)
B_SPLINE_CURVE_WITH_KNOTS((2,2),(0.000,1.000),.UNSPECIFIED.)
CURVE()
GEOMETRIC_REPRESENTATION_ITEM()
RATIONAL_B_SPLINE_CURVE((1.0000000000,1.0000000000))
REPRESENTATION_ITEM('')
);
#4475=CARTESIAN_POINT('',(51.9465230323,-23.0020610440,12.0268638338));
#4476=CARTESIAN_POINT('',(51.9465230323,-24.7235164195,12.0268638338));

#4477=CARTESIAN_POINT('',(51.9465230323,-24.7235164195,12.0268638338));
#4478=VERTEX_POINT('',#4477);
#4479=EDGE_CURVE('',#4471,#4478,#4474,.T.);
#4480=ORIENTED_EDGE('',*,*,#4479,.T.);
#4481=(
BOUNDED_CURVE()
B_SPLINE_CURVE(1,(#4482,#4483),.UNSPECIFIED.,.F.,.F.)
B_SPLINE_CURVE_WITH_KNOTS((2,2),(0.000,1.000),.UNSPECIFIED.)
CURVE()
GEOMETRIC_REPRESENTATION_ITEM()
RATIONAL_B_SPLINE_CURVE((1.0000000000,1.0000000000))
REPRESENTATION_ITEM('')
);
#4482=CARTESIAN_POINT('',(51.9465230323,-24.7235164195,12.0268638338));
#4483=CARTESIAN_POINT('',(54.7570208901,-24.7235164195,12.0268638338));

#4484=CARTESIAN_POINT('',(54.7570208901,-24.7235164195,12.0268638338));
#4485=VERTEX_POINT('',#4484);
#4486=EDGE_CURVE('',#4478,#4485,#4481,.T.);
#4487=ORIENTED_EDGE('',*,*,#4486,.T.);
#4488=(
BOUNDED_CURVE()
B_SPLINE_CURVE(1,(#4489,#4490),.UNSPECIFIED.,.F.,.F.)
B_SPLINE_CURVE_WITH_KNOTS((2,2),(0.000,1.000),.UNSPECIFIED.)
CURVE()
GEOMETRIC_REPRESENTATION_ITEM()
RATIONAL_B_SPLINE_CURVE((1.0000000000,1.0000000000))
REPRESENTATION_ITEM('')
);
#4489=CARTESIAN_POINT('',(54.7570208901,-24.7235164195,12.0268638338));
#4490=CARTESIAN_POINT('',(54.7570208901,-23.0020610440,12.0268638338));

#4491=EDGE_CURVE('',#4485,#4466,#4488,.T.);
#4492=ORIENTED_EDGE('',*,*,#4491,.T.);
#4493=EDGE_LOOP('',(#4473,#4480,#4487,#4492));
#4494=FACE_OUTER_BOUND('',#4493,.T.);
#4495=ADVANCED_FACE('',(#4494),#4460,.T.);
#4496=COLOUR_RGB('',0.39,0.39,0.39);
#4497=FILL_AREA_STYLE_COLOUR('',#4496);
#4498=FILL_AREA_STYLE('',(#4497));
#4499=SURFACE_STYLE_FILL_AREA(#4498);
#4500=SURFACE_STYLE_TRANSPARENT(0.00);
#4501=SURFACE_STYLE_RENDERING_WITH_PROPERTIES(.NORMAL_SHADING.,#4496,(#4500));
#4502=SURFACE_SIDE_STYLE('',(#4499, #4501));
#4503=SURFACE_STYLE_USAGE(.BOTH.,#4502);
#4504=PRESENTATION_STYLE_ASSIGNMENT((#4503));
#4505=STYLED_ITEM('',(#4504),#4495);

#4506=(
BOUNDED_SURFACE()
B_SPLINE_SURFACE(1,1,((#4507,#4508),(#4509,#4510)),.UNSPECIFIED.,.F.,.F.,.F.)
B_SPLINE_SURFACE_WITH_KNOTS((2,2),(2,2),(0.000,1.000),(0.000,1.000),.UNSPECIFIED.)
GEOMETRIC_REPRESENTATION_ITEM()
RATIONAL_B_SPLINE_SURFACE(((1.0000000000,1.0000000000),(1.0000000000,1.0000000000)))
REPRESENTATION_ITEM('')
SURFACE()
);
#4507=CARTESIAN_POINT('',(54.7570208901,-24.7235164195,12.0268638338));
#4508=CARTESIAN_POINT('',(51.9465230323,-24.7235164195,12.0268638338));
#4509=CARTESIAN_POINT('',(54.7570208901,-25.5212647328,13.8975692498));
#4510=CARTESIAN_POINT('',(51.9465230323,-25.5212647328,13.8975692498));

#4511=CARTESIAN_POINT('',(54.7570208901,-24.7235164195,12.0268638338));
#4512=VERTEX_POINT('',#4511);
#4513=(
BOUNDED_CURVE()
B_SPLINE_CURVE(1,(#4514,#4515),.UNSPECIFIED.,.F.,.F.)
B_SPLINE_CURVE_WITH_KNOTS((2,2),(0.000,1.000),.UNSPECIFIED.)
CURVE()
GEOMETRIC_REPRESENTATION_ITEM()
RATIONAL_B_SPLINE_CURVE((1.0000000000,1.0000000000))
REPRESENTATION_ITEM('')
);
#4514=CARTESIAN_POINT('',(54.7570208901,-24.7235164195,12.0268638338));
#4515=CARTESIAN_POINT('',(51.9465230323,-24.7235164195,12.0268638338));

#4516=CARTESIAN_POINT('',(51.9465230323,-24.7235164195,12.0268638338));
#4517=VERTEX_POINT('',#4516);
#4518=EDGE_CURVE('',#4512,#4517,#4513,.T.);
#4519=ORIENTED_EDGE('',*,*,#4518,.T.);
#4520=(
BOUNDED_CURVE()
B_SPLINE_CURVE(1,(#4521,#4522),.UNSPECIFIED.,.F.,.F.)
B_SPLINE_CURVE_WITH_KNOTS((2,2),(0.000,1.000),.UNSPECIFIED.)
CURVE()
GEOMETRIC_REPRESENTATION_ITEM()
RATIONAL_B_SPLINE_CURVE((1.0000000000,1.0000000000))
REPRESENTATION_ITEM('')
);
#4521=CARTESIAN_POINT('',(51.9465230323,-24.7235164195,12.0268638338));
#4522=CARTESIAN_POINT('',(51.9465230323,-25.5212647328,13.8975692498));

#4523=CARTESIAN_POINT('',(51.9465230323,-25.5212647328,13.8975692498));
#4524=VERTEX_POINT('',#4523);
#4525=EDGE_CURVE('',#4517,#4524,#4520,.T.);
#4526=ORIENTED_EDGE('',*,*,#4525,.T.);
#4527=(
BOUNDED_CURVE()
B_SPLINE_CURVE(1,(#4528,#4529),.UNSPECIFIED.,.F.,.F.)
B_SPLINE_CURVE_WITH_KNOTS((2,2),(0.000,1.000),.UNSPECIFIED.)
CURVE()
GEOMETRIC_REPRESENTATION_ITEM()
RATIONAL_B_SPLINE_CURVE((1.0000000000,1.0000000000))
REPRESENTATION_ITEM('')
);
#4528=CARTESIAN_POINT('',(51.9465230323,-25.5212647328,13.8975692498));
#4529=CARTESIAN_POINT('',(54.7570208901,-25.5212647328,13.8975692498));

#4530=CARTESIAN_POINT('',(54.7570208901,-25.5212647328,13.8975692498));
#4531=VERTEX_POINT('',#4530);
#4532=EDGE_CURVE('',#4524,#4531,#4527,.T.);
#4533=ORIENTED_EDGE('',*,*,#4532,.T.);
#4534=(
BOUNDED_CURVE()
B_SPLINE_CURVE(1,(#4535,#4536),.UNSPECIFIED.,.F.,.F.)
B_SPLINE_CURVE_WITH_KNOTS((2,2),(0.000,1.000),.UNSPECIFIED.)
CURVE()
GEOMETRIC_REPRESENTATION_ITEM()
RATIONAL_B_SPLINE_CURVE((1.0000000000,1.0000000000))
REPRESENTATION_ITEM('')
);
#4535=CARTESIAN_POINT('',(54.7570208901,-25.5212647328,13.8975692498));
#4536=CARTESIAN_POINT('',(54.7570208901,-24.7235164195,12.0268638338));

#4537=EDGE_CURVE('',#4531,#4512,#4534,.T.);
#4538=ORIENTED_EDGE('',*,*,#4537,.T.);
#4539=EDGE_LOOP('',(#4519,#4526,#4533,#4538));
#4540=FACE_OUTER_BOUND('',#4539,.T.);
#4541=ADVANCED_FACE('',(#4540),#4506,.T.);
#4542=COLOUR_RGB('',0.39,0.39,0.39);
#4543=FILL_AREA_STYLE_COLOUR('',#4542);
#4544=FILL_AREA_STYLE('',(#4543));
#4545=SURFACE_STYLE_FILL_AREA(#4544);
#4546=SURFACE_STYLE_TRANSPARENT(0.00);
#4547=SURFACE_STYLE_RENDERING_WITH_PROPERTIES(.NORMAL_SHADING.,#4542,(#4546));
#4548=SURFACE_SIDE_STYLE('',(#4545, #4547));
#4549=SURFACE_STYLE_USAGE(.BOTH.,#4548);
#4550=PRESENTATION_STYLE_ASSIGNMENT((#4549));
#4551=STYLED_ITEM('',(#4550),#4541);

#4552=(
BOUNDED_SURFACE()
B_SPLINE_SURFACE(1,1,((#4553,#4554),(#4555,#4556)),.UNSPECIFIED.,.F.,.F.,.F.)
B_SPLINE_SURFACE_WITH_KNOTS((2,2),(2,2),(0.000,1.000),(0.000,1.000),.UNSPECIFIED.)
GEOMETRIC_REPRESENTATION_ITEM()
RATIONAL_B_SPLINE_SURFACE(((1.0000000000,1.0000000000),(1.0000000000,1.0000000000)))
REPRESENTATION_ITEM('')
SURFACE()
);
#4553=CARTESIAN_POINT('',(54.7570208901,-25.5212647328,13.8975692498));
#4554=CARTESIAN_POINT('',(51.9465230323,-25.5212647328,13.8975692498));
#4555=CARTESIAN_POINT('',(54.7570208901,-25.6611652007,13.6876357087));
#4556=CARTESIAN_POINT('',(51.9465230323,-25.6611652007,13.6876357087));

#4557=CARTESIAN_POINT('',(54.7570208901,-25.5212647328,13.8975692498));
#4558=VERTEX_POINT('',#4557);
#4559=(
BOUNDED_CURVE()
B_SPLINE_CURVE(1,(#4560,#4561),.UNSPECIFIED.,.F.,.F.)
B_SPLINE_CURVE_WITH_KNOTS((2,2),(0.000,1.000),.UNSPECIFIED.)
CURVE()
GEOMETRIC_REPRESENTATION_ITEM()
RATIONAL_B_SPLINE_CURVE((1.0000000000,1.0000000000))
REPRESENTATION_ITEM('')
);
#4560=CARTESIAN_POINT('',(54.7570208901,-25.5212647328,13.8975692498));
#4561=CARTESIAN_POINT('',(51.9465230323,-25.5212647328,13.8975692498));

#4562=CARTESIAN_POINT('',(51.9465230323,-25.5212647328,13.8975692498));
#4563=VERTEX_POINT('',#4562);
#4564=EDGE_CURVE('',#4558,#4563,#4559,.T.);
#4565=ORIENTED_EDGE('',*,*,#4564,.T.);
#4566=(
BOUNDED_CURVE()
B_SPLINE_CURVE(1,(#4567,#4568),.UNSPECIFIED.,.F.,.F.)
B_SPLINE_CURVE_WITH_KNOTS((2,2),(0.000,1.000),.UNSPECIFIED.)
CURVE()
GEOMETRIC_REPRESENTATION_ITEM()
RATIONAL_B_SPLINE_CURVE((1.0000000000,1.0000000000))
REPRESENTATION_ITEM('')
);
#4567=CARTESIAN_POINT('',(51.9465230323,-25.5212647328,13.8975692498));
#4568=CARTESIAN_POINT('',(51.9465230323,-25.6611652007,13.6876357087));

#4569=CARTESIAN_POINT('',(51.9465230323,-25.6611652007,13.6876357087));
#4570=VERTEX_POINT('',#4569);
#4571=EDGE_CURVE('',#4563,#4570,#4566,.T.);
#4572=ORIENTED_EDGE('',*,*,#4571,.T.);
#4573=(
BOUNDED_CURVE()
B_SPLINE_CURVE(1,(#4574,#4575),.UNSPECIFIED.,.F.,.F.)
B_SPLINE_CURVE_WITH_KNOTS((2,2),(0.000,1.000),.UNSPECIFIED.)
CURVE()
GEOMETRIC_REPRESENTATION_ITEM()
RATIONAL_B_SPLINE_CURVE((1.0000000000,1.0000000000))
REPRESENTATION_ITEM('')
);
#4574=CARTESIAN_POINT('',(51.9465230323,-25.6611652007,13.6876357087));
#4575=CARTESIAN_POINT('',(54.7570208901,-25.6611652007,13.6876357087));

#4576=CARTESIAN_POINT('',(54.7570208901,-25.6611652007,13.6876357087));
#4577=VERTEX_POINT('',#4576);
#4578=EDGE_CURVE('',#4570,#4577,#4573,.T.);
#4579=ORIENTED_EDGE('',*,*,#4578,.T.);
#4580=(
BOUNDED_CURVE()
B_SPLINE_CURVE(1,(#4581,#4582),.UNSPECIFIED.,.F.,.F.)
B_SPLINE_CURVE_WITH_KNOTS((2,2),(0.000,1.000),.UNSPECIFIED.)
CURVE()
GEOMETRIC_REPRESENTATION_ITEM()
RATIONAL_B_SPLINE_CURVE((1.0000000000,1.0000000000))
REPRESENTATION_ITEM('')
);
#4581=CARTESIAN_POINT('',(54.7570208901,-25.6611652007,13.6876357087));
#4582=CARTESIAN_POINT('',(54.7570208901,-25.5212647328,13.8975692498));

#4583=EDGE_CURVE('',#4577,#4558,#4580,.T.);
#4584=ORIENTED_EDGE('',*,*,#4583,.T.);
#4585=EDGE_LOOP('',(#4565,#4572,#4579,#4584));
#4586=FACE_OUTER_BOUND('',#4585,.T.);
#4587=ADVANCED_FACE('',(#4586),#4552,.T.);
#4588=COLOUR_RGB('',0.39,0.39,0.39);
#4589=FILL_AREA_STYLE_COLOUR('',#4588);
#4590=FILL_AREA_STYLE('',(#4589));
#4591=SURFACE_STYLE_FILL_AREA(#4590);
#4592=SURFACE_STYLE_TRANSPARENT(0.00);
#4593=SURFACE_STYLE_RENDERING_WITH_PROPERTIES(.NORMAL_SHADING.,#4588,(#4592));
#4594=SURFACE_SIDE_STYLE('',(#4591, #4593));
#4595=SURFACE_STYLE_USAGE(.BOTH.,#4594);
#4596=PRESENTATION_STYLE_ASSIGNMENT((#4595));
#4597=STYLED_ITEM('',(#4596),#4587);

#4598=(
BOUNDED_SURFACE()
B_SPLINE_SURFACE(1,1,((#4599,#4600),(#4601,#4602)),.UNSPECIFIED.,.F.,.F.,.F.)
B_SPLINE_SURFACE_WITH_KNOTS((2,2),(2,2),(0.000,1.000),(0.000,1.000),.UNSPECIFIED.)
GEOMETRIC_REPRESENTATION_ITEM()
RATIONAL_B_SPLINE_SURFACE(((1.0000000000,1.0000000000),(1.0000000000,1.0000000000)))
REPRESENTATION_ITEM('')
SURFACE()
);
#4599=CARTESIAN_POINT('',(54.7570208901,-25.6611652007,13.6876357087));
#4600=CARTESIAN_POINT('',(51.9465230323,-25.6611652007,13.6876357087));
#4601=CARTESIAN_POINT('',(54.7570208901,-25.6611652007,12.0268638338));
#4602=CARTESIAN_POINT('',(51.9465230323,-25.6611652007,12.0268638338));

#4603=CARTESIAN_POINT('',(54.7570208901,-25.6611652007,13.6876357087));
#4604=VERTEX_POINT('',#4603);
#4605=(
BOUNDED_CURVE()
B_SPLINE_CURVE(1,(#4606,#4607),.UNSPECIFIED.,.F.,.F.)
B_SPLINE_CURVE_WITH_KNOTS((2,2),(0.000,1.000),.UNSPECIFIED.)
CURVE()
GEOMETRIC_REPRESENTATION_ITEM()
RATIONAL_B_SPLINE_CURVE((1.0000000000,1.0000000000))
REPRESENTATION_ITEM('')
);
#4606=CARTESIAN_POINT('',(54.7570208901,-25.6611652007,13.6876357087));
#4607=CARTESIAN_POINT('',(51.9465230323,-25.6611652007,13.6876357087));

#4608=CARTESIAN_POINT('',(51.9465230323,-25.6611652007,13.6876357087));
#4609=VERTEX_POINT('',#4608);
#4610=EDGE_CURVE('',#4604,#4609,#4605,.T.);
#4611=ORIENTED_EDGE('',*,*,#4610,.T.);
#4612=(
BOUNDED_CURVE()
B_SPLINE_CURVE(1,(#4613,#4614),.UNSPECIFIED.,.F.,.F.)
B_SPLINE_CURVE_WITH_KNOTS((2,2),(0.000,1.000),.UNSPECIFIED.)
CURVE()
GEOMETRIC_REPRESENTATION_ITEM()
RATIONAL_B_SPLINE_CURVE((1.0000000000,1.0000000000))
REPRESENTATION_ITEM('')
);
#4613=CARTESIAN_POINT('',(51.9465230323,-25.6611652007,13.6876357087));
#4614=CARTESIAN_POINT('',(51.9465230323,-25.6611652007,12.0268638338));

#4615=CARTESIAN_POINT('',(51.9465230323,-25.6611652007,12.0268638338));
#4616=VERTEX_POINT('',#4615);
#4617=EDGE_CURVE('',#4609,#4616,#4612,.T.);
#4618=ORIENTED_EDGE('',*,*,#4617,.T.);
#4619=(
BOUNDED_CURVE()
B_SPLINE_CURVE(1,(#4620,#4621),.UNSPECIFIED.,.F.,.F.)
B_SPLINE_CURVE_WITH_KNOTS((2,2),(0.000,1.000),.UNSPECIFIED.)
CURVE()
GEOMETRIC_REPRESENTATION_ITEM()
RATIONAL_B_SPLINE_CURVE((1.0000000000,1.0000000000))
REPRESENTATION_ITEM('')
);
#4620=CARTESIAN_POINT('',(51.9465230323,-25.6611652007,12.0268638338));
#4621=CARTESIAN_POINT('',(54.7570208901,-25.6611652007,12.0268638338));

#4622=CARTESIAN_POINT('',(54.7570208901,-25.6611652007,12.0268638338));
#4623=VERTEX_POINT('',#4622);
#4624=EDGE_CURVE('',#4616,#4623,#4619,.T.);
#4625=ORIENTED_EDGE('',*,*,#4624,.T.);
#4626=(
BOUNDED_CURVE()
B_SPLINE_CURVE(1,(#4627,#4628),.UNSPECIFIED.,.F.,.F.)
B_SPLINE_CURVE_WITH_KNOTS((2,2),(0.000,1.000),.UNSPECIFIED.)
CURVE()
GEOMETRIC_REPRESENTATION_ITEM()
RATIONAL_B_SPLINE_CURVE((1.0000000000,1.0000000000))
REPRESENTATION_ITEM('')
);
#4627=CARTESIAN_POINT('',(54.7570208901,-25.6611652007,12.0268638338));
#4628=CARTESIAN_POINT('',(54.7570208901,-25.6611652007,13.6876357087));

#4629=EDGE_CURVE('',#4623,#4604,#4626,.T.);
#4630=ORIENTED_EDGE('',*,*,#4629,.T.);
#4631=EDGE_LOOP('',(#4611,#4618,#4625,#4630));
#4632=FACE_OUTER_BOUND('',#4631,.T.);
#4633=ADVANCED_FACE('',(#4632),#4598,.T.);
#4634=COLOUR_RGB('',0.39,0.39,0.39);
#4635=FILL_AREA_STYLE_COLOUR('',#4634);
#4636=FILL_AREA_STYLE('',(#4635));
#4637=SURFACE_STYLE_FILL_AREA(#4636);
#4638=SURFACE_STYLE_TRANSPARENT(0.00);
#4639=SURFACE_STYLE_RENDERING_WITH_PROPERTIES(.NORMAL_SHADING.,#4634,(#4638));
#4640=SURFACE_SIDE_STYLE('',(#4637, #4639));
#4641=SURFACE_STYLE_USAGE(.BOTH.,#4640);
#4642=PRESENTATION_STYLE_ASSIGNMENT((#4641));
#4643=STYLED_ITEM('',(#4642),#4633);

#4644=(
BOUNDED_SURFACE()
B_SPLINE_SURFACE(1,1,((#4645,#4646),(#4647,#4648)),.UNSPECIFIED.,.F.,.F.,.F.)
B_SPLINE_SURFACE_WITH_KNOTS((2,2),(2,2),(0.000,1.000),(0.000,1.000),.UNSPECIFIED.)
GEOMETRIC_REPRESENTATION_ITEM()
RATIONAL_B_SPLINE_SURFACE(((1.0000000000,1.0000000000),(1.0000000000,1.0000000000)))
REPRESENTATION_ITEM('')
SURFACE()
);
#4645=CARTESIAN_POINT('',(54.7570208901,-25.6611652007,12.0268638338));
#4646=CARTESIAN_POINT('',(51.9465230323,-25.6611652007,12.0268638338));
#4647=CARTESIAN_POINT('',(54.7570208901,-27.1913856818,12.0268638338));
#4648=CARTESIAN_POINT('',(51.9465230323,-27.1913856818,12.0268638338));

#4649=CARTESIAN_POINT('',(54.7570208901,-25.6611652007,12.0268638338));
#4650=VERTEX_POINT('',#4649);
#4651=(
BOUNDED_CURVE()
B_SPLINE_CURVE(1,(#4652,#4653),.UNSPECIFIED.,.F.,.F.)
B_SPLINE_CURVE_WITH_KNOTS((2,2),(0.000,1.000),.UNSPECIFIED.)
CURVE()
GEOMETRIC_REPRESENTATION_ITEM()
RATIONAL_B_SPLINE_CURVE((1.0000000000,1.0000000000))
REPRESENTATION_ITEM('')
);
#4652=CARTESIAN_POINT('',(54.7570208901,-25.6611652007,12.0268638338));
#4653=CARTESIAN_POINT('',(51.9465230323,-25.6611652007,12.0268638338));

#4654=CARTESIAN_POINT('',(51.9465230323,-25.6611652007,12.0268638338));
#4655=VERTEX_POINT('',#4654);
#4656=EDGE_CURVE('',#4650,#4655,#4651,.T.);
#4657=ORIENTED_EDGE('',*,*,#4656,.T.);
#4658=(
BOUNDED_CURVE()
B_SPLINE_CURVE(1,(#4659,#4660),.UNSPECIFIED.,.F.,.F.)
B_SPLINE_CURVE_WITH_KNOTS((2,2),(0.000,1.000),.UNSPECIFIED.)
CURVE()
GEOMETRIC_REPRESENTATION_ITEM()
RATIONAL_B_SPLINE_CURVE((1.0000000000,1.0000000000))
REPRESENTATION_ITEM('')
);
#4659=CARTESIAN_POINT('',(51.9465230323,-25.6611652007,12.0268638338));
#4660=CARTESIAN_POINT('',(51.9465230323,-27.1913856818,12.0268638338));

#4661=CARTESIAN_POINT('',(51.9465230323,-27.1913856818,12.0268638338));
#4662=VERTEX_POINT('',#4661);
#4663=EDGE_CURVE('',#4655,#4662,#4658,.T.);
#4664=ORIENTED_EDGE('',*,*,#4663,.T.);
#4665=(
BOUNDED_CURVE()
B_SPLINE_CURVE(1,(#4666,#4667),.UNSPECIFIED.,.F.,.F.)
B_SPLINE_CURVE_WITH_KNOTS((2,2),(0.000,1.000),.UNSPECIFIED.)
CURVE()
GEOMETRIC_REPRESENTATION_ITEM()
RATIONAL_B_SPLINE_CURVE((1.0000000000,1.0000000000))
REPRESENTATION_ITEM('')
);
#4666=CARTESIAN_POINT('',(51.9465230323,-27.1913856818,12.0268638338));
#4667=CARTESIAN_POINT('',(54.7570208901,-27.1913856818,12.0268638338));

#4668=CARTESIAN_POINT('',(54.7570208901,-27.1913856818,12.0268638338));
#4669=VERTEX_POINT('',#4668);
#4670=EDGE_CURVE('',#4662,#4669,#4665,.T.);
#4671=ORIENTED_EDGE('',*,*,#4670,.T.);
#4672=(
BOUNDED_CURVE()
B_SPLINE_CURVE(1,(#4673,#4674),.UNSPECIFIED.,.F.,.F.)
B_SPLINE_CURVE_WITH_KNOTS((2,2),(0.000,1.000),.UNSPECIFIED.)
CURVE()
GEOMETRIC_REPRESENTATION_ITEM()
RATIONAL_B_SPLINE_CURVE((1.0000000000,1.0000000000))
REPRESENTATION_ITEM('')
);
#4673=CARTESIAN_POINT('',(54.7570208901,-27.1913856818,12.0268638338));
#4674=CARTESIAN_POINT('',(54.7570208901,-25.6611652007,12.0268638338));

#4675=EDGE_CURVE('',#4669,#4650,#4672,.T.);
#4676=ORIENTED_EDGE('',*,*,#4675,.T.);
#4677=EDGE_LOOP('',(#4657,#4664,#4671,#4676));
#4678=FACE_OUTER_BOUND('',#4677,.T.);
#4679=ADVANCED_FACE('',(#4678),#4644,.T.);
#4680=COLOUR_RGB('',0.39,0.39,0.39);
#4681=FILL_AREA_STYLE_COLOUR('',#4680);
#4682=FILL_AREA_STYLE('',(#4681));
#4683=SURFACE_STYLE_FILL_AREA(#4682);
#4684=SURFACE_STYLE_TRANSPARENT(0.00);
#4685=SURFACE_STYLE_RENDERING_WITH_PROPERTIES(.NORMAL_SHADING.,#4680,(#4684));
#4686=SURFACE_SIDE_STYLE('',(#4683, #4685));
#4687=SURFACE_STYLE_USAGE(.BOTH.,#4686);
#4688=PRESENTATION_STYLE_ASSIGNMENT((#4687));
#4689=STYLED_ITEM('',(#4688),#4679);

#4690=(
BOUNDED_SURFACE()
B_SPLINE_SURFACE(1,1,((#4691,#4692),(#4693,#4694)),.UNSPECIFIED.,.F.,.F.,.F.)
B_SPLINE_SURFACE_WITH_KNOTS((2,2),(2,2),(0.000,1.000),(0.000,1.000),.UNSPECIFIED.)
GEOMETRIC_REPRESENTATION_ITEM()
RATIONAL_B_SPLINE_SURFACE(((1.0000000000,1.0000000000),(1.0000000000,1.0000000000)))
REPRESENTATION_ITEM('')
SURFACE()
);
#4691=CARTESIAN_POINT('',(54.7570208901,-27.1913856818,12.0268638338));
#4692=CARTESIAN_POINT('',(51.9465230323,-27.1913856818,12.0268638338));
#4693=CARTESIAN_POINT('',(54.7570208901,-27.1913856818,17.6437365109));
#4694=CARTESIAN_POINT('',(51.9465230323,-27.1913856818,17.6437365109));

#4695=CARTESIAN_POINT('',(54.7570208901,-27.1913856818,12.0268638338));
#4696=VERTEX_POINT('',#4695);
#4697=(
BOUNDED_CURVE()
B_SPLINE_CURVE(1,(#4698,#4699),.UNSPECIFIED.,.F.,.F.)
B_SPLINE_CURVE_WITH_KNOTS((2,2),(0.000,1.000),.UNSPECIFIED.)
CURVE()
GEOMETRIC_REPRESENTATION_ITEM()
RATIONAL_B_SPLINE_CURVE((1.0000000000,1.0000000000))
REPRESENTATION_ITEM('')
);
#4698=CARTESIAN_POINT('',(54.7570208901,-27.1913856818,12.0268638338));
#4699=CARTESIAN_POINT('',(51.9465230323,-27.1913856818,12.0268638338));

#4700=CARTESIAN_POINT('',(51.9465230323,-27.1913856818,12.0268638338));
#4701=VERTEX_POINT('',#4700);
#4702=EDGE_CURVE('',#4696,#4701,#4697,.T.);
#4703=ORIENTED_EDGE('',*,*,#4702,.T.);
#4704=(
BOUNDED_CURVE()
B_SPLINE_CURVE(1,(#4705,#4706),.UNSPECIFIED.,.F.,.F.)
B_SPLINE_CURVE_WITH_KNOTS((2,2),(0.000,1.000),.UNSPECIFIED.)
CURVE()
GEOMETRIC_REPRESENTATION_ITEM()
RATIONAL_B_SPLINE_CURVE((1.0000000000,1.0000000000))
REPRESENTATION_ITEM('')
);
#4705=CARTESIAN_POINT('',(51.9465230323,-27.1913856818,12.0268638338));
#4706=CARTESIAN_POINT('',(51.9465230323,-27.1913856818,17.6437365109));

#4707=CARTESIAN_POINT('',(51.9465230323,-27.1913856818,17.6437365109));
#4708=VERTEX_POINT('',#4707);
#4709=EDGE_CURVE('',#4701,#4708,#4704,.T.);
#4710=ORIENTED_EDGE('',*,*,#4709,.T.);
#4711=(
BOUNDED_CURVE()
B_SPLINE_CURVE(1,(#4712,#4713),.UNSPECIFIED.,.F.,.F.)
B_SPLINE_CURVE_WITH_KNOTS((2,2),(0.000,1.000),.UNSPECIFIED.)
CURVE()
GEOMETRIC_REPRESENTATION_ITEM()
RATIONAL_B_SPLINE_CURVE((1.0000000000,1.0000000000))
REPRESENTATION_ITEM('')
);
#4712=CARTESIAN_POINT('',(51.9465230323,-27.1913856818,17.6437365109));
#4713=CARTESIAN_POINT('',(54.7570208901,-27.1913856818,17.6437365109));

#4714=CARTESIAN_POINT('',(54.7570208901,-27.1913856818,17.6437365109));
#4715=VERTEX_POINT('',#4714);
#4716=EDGE_CURVE('',#4708,#4715,#4711,.T.);
#4717=ORIENTED_EDGE('',*,*,#4716,.T.);
#4718=(
BOUNDED_CURVE()
B_SPLINE_CURVE(1,(#4719,#4720),.UNSPECIFIED.,.F.,.F.)
B_SPLINE_CURVE_WITH_KNOTS((2,2),(0.000,1.000),.UNSPECIFIED.)
CURVE()
GEOMETRIC_REPRESENTATION_ITEM()
RATIONAL_B_SPLINE_CURVE((1.0000000000,1.0000000000))
REPRESENTATION_ITEM('')
);
#4719=CARTESIAN_POINT('',(54.7570208901,-27.1913856818,17.6437365109));
#4720=CARTESIAN_POINT('',(54.7570208901,-27.1913856818,12.0268638338));

#4721=EDGE_CURVE('',#4715,#4696,#4718,.T.);
#4722=ORIENTED_EDGE('',*,*,#4721,.T.);
#4723=EDGE_LOOP('',(#4703,#4710,#4717,#4722));
#4724=FACE_OUTER_BOUND('',#4723,.T.);
#4725=ADVANCED_FACE('',(#4724),#4690,.T.);
#4726=COLOUR_RGB('',0.39,0.39,0.39);
#4727=FILL_AREA_STYLE_COLOUR('',#4726);
#4728=FILL_AREA_STYLE('',(#4727));
#4729=SURFACE_STYLE_FILL_AREA(#4728);
#4730=SURFACE_STYLE_TRANSPARENT(0.00);
#4731=SURFACE_STYLE_RENDERING_WITH_PROPERTIES(.NORMAL_SHADING.,#4726,(#4730));
#4732=SURFACE_SIDE_STYLE('',(#4729, #4731));
#4733=SURFACE_STYLE_USAGE(.BOTH.,#4732);
#4734=PRESENTATION_STYLE_ASSIGNMENT((#4733));
#4735=STYLED_ITEM('',(#4734),#4725);

#4736=(
BOUNDED_SURFACE()
B_SPLINE_SURFACE(1,1,((#4737,#4738),(#4739,#4740)),.UNSPECIFIED.,.F.,.F.,.F.)
B_SPLINE_SURFACE_WITH_KNOTS((2,2),(2,2),(0.000,1.000),(0.000,1.000),.UNSPECIFIED.)
GEOMETRIC_REPRESENTATION_ITEM()
RATIONAL_B_SPLINE_SURFACE(((1.0000000000,1.0000000000),(1.0000000000,1.0000000000)))
REPRESENTATION_ITEM('')
SURFACE()
);
#4737=CARTESIAN_POINT('',(54.7570208901,-27.1913856818,17.6437365109));
#4738=CARTESIAN_POINT('',(51.9465230323,-27.1913856818,17.6437365109));
#4739=CARTESIAN_POINT('',(54.7570208901,-25.6611652007,17.6437365109));
#4740=CARTESIAN_POINT('',(51.9465230323,-25.6611652007,17.6437365109));

#4741=CARTESIAN_POINT('',(54.7570208901,-27.1913856818,17.6437365109));
#4742=VERTEX_POINT('',#4741);
#4743=(
BOUNDED_CURVE()
B_SPLINE_CURVE(1,(#4744,#4745),.UNSPECIFIED.,.F.,.F.)
B_SPLINE_CURVE_WITH_KNOTS((2,2),(0.000,1.000),.UNSPECIFIED.)
CURVE()
GEOMETRIC_REPRESENTATION_ITEM()
RATIONAL_B_SPLINE_CURVE((1.0000000000,1.0000000000))
REPRESENTATION_ITEM('')
);
#4744=CARTESIAN_POINT('',(54.7570208901,-27.1913856818,17.6437365109));
#4745=CARTESIAN_POINT('',(51.9465230323,-27.1913856818,17.6437365109));

#4746=CARTESIAN_POINT('',(51.9465230323,-27.1913856818,17.6437365109));
#4747=VERTEX_POINT('',#4746);
#4748=EDGE_CURVE('',#4742,#4747,#4743,.T.);
#4749=ORIENTED_EDGE('',*,*,#4748,.T.);
#4750=(
BOUNDED_CURVE()
B_SPLINE_CURVE(1,(#4751,#4752),.UNSPECIFIED.,.F.,.F.)
B_SPLINE_CURVE_WITH_KNOTS((2,2),(0.000,1.000),.UNSPECIFIED.)
CURVE()
GEOMETRIC_REPRESENTATION_ITEM()
RATIONAL_B_SPLINE_CURVE((1.0000000000,1.0000000000))
REPRESENTATION_ITEM('')
);
#4751=CARTESIAN_POINT('',(51.9465230323,-27.1913856818,17.6437365109));
#4752=CARTESIAN_POINT('',(51.9465230323,-25.6611652007,17.6437365109));

#4753=CARTESIAN_POINT('',(51.9465230323,-25.6611652007,17.6437365109));
#4754=VERTEX_POINT('',#4753);
#4755=EDGE_CURVE('',#4747,#4754,#4750,.T.);
#4756=ORIENTED_EDGE('',*,*,#4755,.T.);
#4757=(
BOUNDED_CURVE()
B_SPLINE_CURVE(1,(#4758,#4759),.UNSPECIFIED.,.F.,.F.)
B_SPLINE_CURVE_WITH_KNOTS((2,2),(0.000,1.000),.UNSPECIFIED.)
CURVE()
GEOMETRIC_REPRESENTATION_ITEM()
RATIONAL_B_SPLINE_CURVE((1.0000000000,1.0000000000))
REPRESENTATION_ITEM('')
);
#4758=CARTESIAN_POINT('',(51.9465230323,-25.6611652007,17.6437365109));
#4759=CARTESIAN_POINT('',(54.7570208901,-25.6611652007,17.6437365109));

#4760=CARTESIAN_POINT('',(54.7570208901,-25.6611652007,17.6437365109));
#4761=VERTEX_POINT('',#4760);
#4762=EDGE_CURVE('',#4754,#4761,#4757,.T.);
#4763=ORIENTED_EDGE('',*,*,#4762,.T.);
#4764=(
BOUNDED_CURVE()
B_SPLINE_CURVE(1,(#4765,#4766),.UNSPECIFIED.,.F.,.F.)
B_SPLINE_CURVE_WITH_KNOTS((2,2),(0.000,1.000),.UNSPECIFIED.)
CURVE()
GEOMETRIC_REPRESENTATION_ITEM()
RATIONAL_B_SPLINE_CURVE((1.0000000000,1.0000000000))
REPRESENTATION_ITEM('')
);
#4765=CARTESIAN_POINT('',(54.7570208901,-25.6611652007,17.6437365109));
#4766=CARTESIAN_POINT('',(54.7570208901,-27.1913856818,17.6437365109));

#4767=EDGE_CURVE('',#4761,#4742,#4764,.T.);
#4768=ORIENTED_EDGE('',*,*,#4767,.T.);
#4769=EDGE_LOOP('',(#4749,#4756,#4763,#4768));
#4770=FACE_OUTER_BOUND('',#4769,.T.);
#4771=ADVANCED_FACE('',(#4770),#4736,.T.);
#4772=COLOUR_RGB('',0.39,0.39,0.39);
#4773=FILL_AREA_STYLE_COLOUR('',#4772);
#4774=FILL_AREA_STYLE('',(#4773));
#4775=SURFACE_STYLE_FILL_AREA(#4774);
#4776=SURFACE_STYLE_TRANSPARENT(0.00);
#4777=SURFACE_STYLE_RENDERING_WITH_PROPERTIES(.NORMAL_SHADING.,#4772,(#4776));
#4778=SURFACE_SIDE_STYLE('',(#4775, #4777));
#4779=SURFACE_STYLE_USAGE(.BOTH.,#4778);
#4780=PRESENTATION_STYLE_ASSIGNMENT((#4779));
#4781=STYLED_ITEM('',(#4780),#4771);

#4782=(
BOUNDED_SURFACE()
B_SPLINE_SURFACE(1,1,((#4783,#4784),(#4785,#4786)),.UNSPECIFIED.,.F.,.F.,.F.)
B_SPLINE_SURFACE_WITH_KNOTS((2,2),(2,2),(0.000,1.000),(0.000,1.000),.UNSPECIFIED.)
GEOMETRIC_REPRESENTATION_ITEM()
RATIONAL_B_SPLINE_SURFACE(((1.0000000000,1.0000000000),(1.0000000000,1.0000000000)))
REPRESENTATION_ITEM('')
SURFACE()
);
#4783=CARTESIAN_POINT('',(54.7570208901,-25.6611652007,17.6437365109));
#4784=CARTESIAN_POINT('',(51.9465230323,-25.6611652007,17.6437365109));
#4785=CARTESIAN_POINT('',(54.7570208901,-25.6611652007,15.9969054577));
#4786=CARTESIAN_POINT('',(51.9465230323,-25.6611652007,15.9969054577));

#4787=CARTESIAN_POINT('',(54.7570208901,-25.6611652007,17.6437365109));
#4788=VERTEX_POINT('',#4787);
#4789=(
BOUNDED_CURVE()
B_SPLINE_CURVE(1,(#4790,#4791),.UNSPECIFIED.,.F.,.F.)
B_SPLINE_CURVE_WITH_KNOTS((2,2),(0.000,1.000),.UNSPECIFIED.)
CURVE()
GEOMETRIC_REPRESENTATION_ITEM()
RATIONAL_B_SPLINE_CURVE((1.0000000000,1.0000000000))
REPRESENTATION_ITEM('')
);
#4790=CARTESIAN_POINT('',(54.7570208901,-25.6611652007,17.6437365109));
#4791=CARTESIAN_POINT('',(51.9465230323,-25.6611652007,17.6437365109));

#4792=CARTESIAN_POINT('',(51.9465230323,-25.6611652007,17.6437365109));
#4793=VERTEX_POINT('',#4792);
#4794=EDGE_CURVE('',#4788,#4793,#4789,.T.);
#4795=ORIENTED_EDGE('',*,*,#4794,.T.);
#4796=(
BOUNDED_CURVE()
B_SPLINE_CURVE(1,(#4797,#4798),.UNSPECIFIED.,.F.,.F.)
B_SPLINE_CURVE_WITH_KNOTS((2,2),(0.000,1.000),.UNSPECIFIED.)
CURVE()
GEOMETRIC_REPRESENTATION_ITEM()
RATIONAL_B_SPLINE_CURVE((1.0000000000,1.0000000000))
REPRESENTATION_ITEM('')
);
#4797=CARTESIAN_POINT('',(51.9465230323,-25.6611652007,17.6437365109));
#4798=CARTESIAN_POINT('',(51.9465230323,-25.6611652007,15.9969054577));

#4799=CARTESIAN_POINT('',(51.9465230323,-25.6611652007,15.9969054577));
#4800=VERTEX_POINT('',#4799);
#4801=EDGE_CURVE('',#4793,#4800,#4796,.T.);
#4802=ORIENTED_EDGE('',*,*,#4801,.T.);
#4803=(
BOUNDED_CURVE()
B_SPLINE_CURVE(1,(#4804,#4805),.UNSPECIFIED.,.F.,.F.)
B_SPLINE_CURVE_WITH_KNOTS((2,2),(0.000,1.000),.UNSPECIFIED.)
CURVE()
GEOMETRIC_REPRESENTATION_ITEM()
RATIONAL_B_SPLINE_CURVE((1.0000000000,1.0000000000))
REPRESENTATION_ITEM('')
);
#4804=CARTESIAN_POINT('',(51.9465230323,-25.6611652007,15.9969054577));
#4805=CARTESIAN_POINT('',(54.7570208901,-25.6611652007,15.9969054577));

#4806=CARTESIAN_POINT('',(54.7570208901,-25.6611652007,15.9969054577));
#4807=VERTEX_POINT('',#4806);
#4808=EDGE_CURVE('',#4800,#4807,#4803,.T.);
#4809=ORIENTED_EDGE('',*,*,#4808,.T.);
#4810=(
BOUNDED_CURVE()
B_SPLINE_CURVE(1,(#4811,#4812),.UNSPECIFIED.,.F.,.F.)
B_SPLINE_CURVE_WITH_KNOTS((2,2),(0.000,1.000),.UNSPECIFIED.)
CURVE()
GEOMETRIC_REPRESENTATION_ITEM()
RATIONAL_B_SPLINE_CURVE((1.0000000000,1.0000000000))
REPRESENTATION_ITEM('')
);
#4811=CARTESIAN_POINT('',(54.7570208901,-25.6611652007,15.9969054577));
#4812=CARTESIAN_POINT('',(54.7570208901,-25.6611652007,17.6437365109));

#4813=EDGE_CURVE('',#4807,#4788,#4810,.T.);
#4814=ORIENTED_EDGE('',*,*,#4813,.T.);
#4815=EDGE_LOOP('',(#4795,#4802,#4809,#4814));
#4816=FACE_OUTER_BOUND('',#4815,.T.);
#4817=ADVANCED_FACE('',(#4816),#4782,.T.);
#4818=COLOUR_RGB('',0.39,0.39,0.39);
#4819=FILL_AREA_STYLE_COLOUR('',#4818);
#4820=FILL_AREA_STYLE('',(#4819));
#4821=SURFACE_STYLE_FILL_AREA(#4820);
#4822=SURFACE_STYLE_TRANSPARENT(0.00);
#4823=SURFACE_STYLE_RENDERING_WITH_PROPERTIES(.NORMAL_SHADING.,#4818,(#4822));
#4824=SURFACE_SIDE_STYLE('',(#4821, #4823));
#4825=SURFACE_STYLE_USAGE(.BOTH.,#4824);
#4826=PRESENTATION_STYLE_ASSIGNMENT((#4825));
#4827=STYLED_ITEM('',(#4826),#4817);

#4828=(
BOUNDED_SURFACE()
B_SPLINE_SURFACE(1,1,((#4829,#4830),(#4831,#4832)),.UNSPECIFIED.,.F.,.F.,.F.)
B_SPLINE_SURFACE_WITH_KNOTS((2,2),(2,2),(0.000,1.000),(0.000,1.000),.UNSPECIFIED.)
GEOMETRIC_REPRESENTATION_ITEM()
RATIONAL_B_SPLINE_SURFACE(((1.0000000000,1.0000000000),(1.0000000000,1.0000000000)))
REPRESENTATION_ITEM('')
SURFACE()
);
#4829=CARTESIAN_POINT('',(54.7570208901,-22.6755160337,17.6437365109));
#4830=CARTESIAN_POINT('',(54.7570208901,-21.1452971476,17.6437365109));
#4831=CARTESIAN_POINT('',(54.7570208901,-22.6755160337,12.0268638338));
#4832=CARTESIAN_POINT('',(54.7570208901,-21.1452971476,12.0268638338));

#4833=CARTESIAN_POINT('',(54.7570208901,-21.1452971476,12.0268638338));
#4834=VERTEX_POINT('',#4833);
#4835=(
BOUNDED_CURVE()
B_SPLINE_CURVE(1,(#4836,#4837),.UNSPECIFIED.,.F.,.F.)
B_SPLINE_CURVE_WITH_KNOTS((2,2),(0.000,1.000),.UNSPECIFIED.)
CURVE()
GEOMETRIC_REPRESENTATION_ITEM()
RATIONAL_B_SPLINE_CURVE((1.0000000000,1.0000000000))
REPRESENTATION_ITEM('')
);
#4836=CARTESIAN_POINT('',(54.7570208901,-21.1452971476,12.0268638338));
#4837=CARTESIAN_POINT('',(54.7570208901,-22.6755160337,12.0268638338));

#4838=CARTESIAN_POINT('',(54.7570208901,-22.6755160337,12.0268638338));
#4839=VERTEX_POINT('',#4838);
#4840=EDGE_CURVE('',#4834,#4839,#4835,.T.);
#4841=ORIENTED_EDGE('',*,*,#4840,.T.);
#4842=(
BOUNDED_CURVE()
B_SPLINE_CURVE(1,(#4843,#4844),.UNSPECIFIED.,.F.,.F.)
B_SPLINE_CURVE_WITH_KNOTS((2,2),(0.000,1.000),.UNSPECIFIED.)
CURVE()
GEOMETRIC_REPRESENTATION_ITEM()
RATIONAL_B_SPLINE_CURVE((1.0000000000,1.0000000000))
REPRESENTATION_ITEM('')
);
#4843=CARTESIAN_POINT('',(54.7570208901,-22.6755160337,12.0268638338));
#4844=CARTESIAN_POINT('',(54.7570208901,-22.6755160337,17.6437365109));

#4845=CARTESIAN_POINT('',(54.7570208901,-22.6755160337,17.6437365109));
#4846=VERTEX_POINT('',#4845);
#4847=EDGE_CURVE('',#4839,#4846,#4842,.T.);
#4848=ORIENTED_EDGE('',*,*,#4847,.T.);
#4849=(
BOUNDED_CURVE()
B_SPLINE_CURVE(1,(#4850,#4851),.UNSPECIFIED.,.F.,.F.)
B_SPLINE_CURVE_WITH_KNOTS((2,2),(0.000,1.000),.UNSPECIFIED.)
CURVE()
GEOMETRIC_REPRESENTATION_ITEM()
RATIONAL_B_SPLINE_CURVE((1.0000000000,1.0000000000))
REPRESENTATION_ITEM('')
);
#4850=CARTESIAN_POINT('',(54.7570208901,-22.6755160337,17.6437365109));
#4851=CARTESIAN_POINT('',(54.7570208901,-21.1452971476,17.6437365109));

#4852=CARTESIAN_POINT('',(54.7570208901,-21.1452971476,17.6437365109));
#4853=VERTEX_POINT('',#4852);
#4854=EDGE_CURVE('',#4846,#4853,#4849,.T.);
#4855=ORIENTED_EDGE('',*,*,#4854,.T.);
#4856=(
BOUNDED_CURVE()
B_SPLINE_CURVE(1,(#4857,#4858),.UNSPECIFIED.,.F.,.F.)
B_SPLINE_CURVE_WITH_KNOTS((2,2),(0.000,1.000),.UNSPECIFIED.)
CURVE()
GEOMETRIC_REPRESENTATION_ITEM()
RATIONAL_B_SPLINE_CURVE((1.0000000000,1.0000000000))
REPRESENTATION_ITEM('')
);
#4857=CARTESIAN_POINT('',(54.7570208901,-21.1452971476,17.6437365109));
#4858=CARTESIAN_POINT('',(54.7570208901,-21.1452971476,12.0268638338));

#4859=EDGE_CURVE('',#4853,#4834,#4856,.T.);
#4860=ORIENTED_EDGE('',*,*,#4859,.T.);
#4861=EDGE_LOOP('',(#4841,#4848,#4855,#4860));
#4862=FACE_OUTER_BOUND('',#4861,.T.);
#4863=ADVANCED_FACE('',(#4862),#4828,.T.);
#4864=COLOUR_RGB('',0.39,0.39,0.39);
#4865=FILL_AREA_STYLE_COLOUR('',#4864);
#4866=FILL_AREA_STYLE('',(#4865));
#4867=SURFACE_STYLE_FILL_AREA(#4866);
#4868=SURFACE_STYLE_TRANSPARENT(0.00);
#4869=SURFACE_STYLE_RENDERING_WITH_PROPERTIES(.NORMAL_SHADING.,#4864,(#4868));
#4870=SURFACE_SIDE_STYLE('',(#4867, #4869));
#4871=SURFACE_STYLE_USAGE(.BOTH.,#4870);
#4872=PRESENTATION_STYLE_ASSIGNMENT((#4871));
#4873=STYLED_ITEM('',(#4872),#4863);

#4874=(
BOUNDED_SURFACE()
B_SPLINE_SURFACE(1,1,((#4875,#4876),(#4877,#4878)),.UNSPECIFIED.,.F.,.F.,.F.)
B_SPLINE_SURFACE_WITH_KNOTS((2,2),(2,2),(0.000,1.000),(0.000,1.000),.UNSPECIFIED.)
GEOMETRIC_REPRESENTATION_ITEM()
RATIONAL_B_SPLINE_SURFACE(((1.0000000000,1.0000000000),(1.0000000000,1.0000000000)))
REPRESENTATION_ITEM('')
SURFACE()
);
#4875=CARTESIAN_POINT('',(54.7570208901,-22.6755160337,12.0268638338));
#4876=CARTESIAN_POINT('',(51.9465230323,-22.6755160337,12.0268638338));
#4877=CARTESIAN_POINT('',(54.7570208901,-22.6755160337,17.6437365109));
#4878=CARTESIAN_POINT('',(51.9465230323,-22.6755160337,17.6437365109));

#4879=CARTESIAN_POINT('',(54.7570208901,-22.6755160337,12.0268638338));
#4880=VERTEX_POINT('',#4879);
#4881=(
BOUNDED_CURVE()
B_SPLINE_CURVE(1,(#4882,#4883),.UNSPECIFIED.,.F.,.F.)
B_SPLINE_CURVE_WITH_KNOTS((2,2),(0.000,1.000),.UNSPECIFIED.)
CURVE()
GEOMETRIC_REPRESENTATION_ITEM()
RATIONAL_B_SPLINE_CURVE((1.0000000000,1.0000000000))
REPRESENTATION_ITEM('')
);
#4882=CARTESIAN_POINT('',(54.7570208901,-22.6755160337,12.0268638338));
#4883=CARTESIAN_POINT('',(51.9465230323,-22.6755160337,12.0268638338));

#4884=CARTESIAN_POINT('',(51.9465230323,-22.6755160337,12.0268638338));
#4885=VERTEX_POINT('',#4884);
#4886=EDGE_CURVE('',#4880,#4885,#4881,.T.);
#4887=ORIENTED_EDGE('',*,*,#4886,.T.);
#4888=(
BOUNDED_CURVE()
B_SPLINE_CURVE(1,(#4889,#4890),.UNSPECIFIED.,.F.,.F.)
B_SPLINE_CURVE_WITH_KNOTS((2,2),(0.000,1.000),.UNSPECIFIED.)
CURVE()
GEOMETRIC_REPRESENTATION_ITEM()
RATIONAL_B_SPLINE_CURVE((1.0000000000,1.0000000000))
REPRESENTATION_ITEM('')
);
#4889=CARTESIAN_POINT('',(51.9465230323,-22.6755160337,12.0268638338));
#4890=CARTESIAN_POINT('',(51.9465230323,-22.6755160337,17.6437365109));

#4891=CARTESIAN_POINT('',(51.9465230323,-22.6755160337,17.6437365109));
#4892=VERTEX_POINT('',#4891);
#4893=EDGE_CURVE('',#4885,#4892,#4888,.T.);
#4894=ORIENTED_EDGE('',*,*,#4893,.T.);
#4895=(
BOUNDED_CURVE()
B_SPLINE_CURVE(1,(#4896,#4897),.UNSPECIFIED.,.F.,.F.)
B_SPLINE_CURVE_WITH_KNOTS((2,2),(0.000,1.000),.UNSPECIFIED.)
CURVE()
GEOMETRIC_REPRESENTATION_ITEM()
RATIONAL_B_SPLINE_CURVE((1.0000000000,1.0000000000))
REPRESENTATION_ITEM('')
);
#4896=CARTESIAN_POINT('',(51.9465230323,-22.6755160337,17.6437365109));
#4897=CARTESIAN_POINT('',(54.7570208901,-22.6755160337,17.6437365109));

#4898=CARTESIAN_POINT('',(54.7570208901,-22.6755160337,17.6437365109));
#4899=VERTEX_POINT('',#4898);
#4900=EDGE_CURVE('',#4892,#4899,#4895,.T.);
#4901=ORIENTED_EDGE('',*,*,#4900,.T.);
#4902=(
BOUNDED_CURVE()
B_SPLINE_CURVE(1,(#4903,#4904),.UNSPECIFIED.,.F.,.F.)
B_SPLINE_CURVE_WITH_KNOTS((2,2),(0.000,1.000),.UNSPECIFIED.)
CURVE()
GEOMETRIC_REPRESENTATION_ITEM()
RATIONAL_B_SPLINE_CURVE((1.0000000000,1.0000000000))
REPRESENTATION_ITEM('')
);
#4903=CARTESIAN_POINT('',(54.7570208901,-22.6755160337,17.6437365109));
#4904=CARTESIAN_POINT('',(54.7570208901,-22.6755160337,12.0268638338));

#4905=EDGE_CURVE('',#4899,#4880,#4902,.T.);
#4906=ORIENTED_EDGE('',*,*,#4905,.T.);
#4907=EDGE_LOOP('',(#4887,#4894,#4901,#4906));
#4908=FACE_OUTER_BOUND('',#4907,.T.);
#4909=ADVANCED_FACE('',(#4908),#4874,.T.);
#4910=COLOUR_RGB('',0.39,0.39,0.39);
#4911=FILL_AREA_STYLE_COLOUR('',#4910);
#4912=FILL_AREA_STYLE('',(#4911));
#4913=SURFACE_STYLE_FILL_AREA(#4912);
#4914=SURFACE_STYLE_TRANSPARENT(0.00);
#4915=SURFACE_STYLE_RENDERING_WITH_PROPERTIES(.NORMAL_SHADING.,#4910,(#4914));
#4916=SURFACE_SIDE_STYLE('',(#4913, #4915));
#4917=SURFACE_STYLE_USAGE(.BOTH.,#4916);
#4918=PRESENTATION_STYLE_ASSIGNMENT((#4917));
#4919=STYLED_ITEM('',(#4918),#4909);

#4920=(
BOUNDED_SURFACE()
B_SPLINE_SURFACE(1,1,((#4921,#4922),(#4923,#4924)),.UNSPECIFIED.,.F.,.F.,.F.)
B_SPLINE_SURFACE_WITH_KNOTS((2,2),(2,2),(0.000,1.000),(0.000,1.000),.UNSPECIFIED.)
GEOMETRIC_REPRESENTATION_ITEM()
RATIONAL_B_SPLINE_SURFACE(((1.0000000000,1.0000000000),(1.0000000000,1.0000000000)))
REPRESENTATION_ITEM('')
SURFACE()
);
#4921=CARTESIAN_POINT('',(54.7570208901,-22.6755160337,17.6437365109));
#4922=CARTESIAN_POINT('',(51.9465230323,-22.6755160337,17.6437365109));
#4923=CARTESIAN_POINT('',(54.7570208901,-21.1452971476,17.6437365109));
#4924=CARTESIAN_POINT('',(51.9465230323,-21.1452971476,17.6437365109));

#4925=CARTESIAN_POINT('',(54.7570208901,-22.6755160337,17.6437365109));
#4926=VERTEX_POINT('',#4925);
#4927=(
BOUNDED_CURVE()
B_SPLINE_CURVE(1,(#4928,#4929),.UNSPECIFIED.,.F.,.F.)
B_SPLINE_CURVE_WITH_KNOTS((2,2),(0.000,1.000),.UNSPECIFIED.)
CURVE()
GEOMETRIC_REPRESENTATION_ITEM()
RATIONAL_B_SPLINE_CURVE((1.0000000000,1.0000000000))
REPRESENTATION_ITEM('')
);
#4928=CARTESIAN_POINT('',(54.7570208901,-22.6755160337,17.6437365109));
#4929=CARTESIAN_POINT('',(51.9465230323,-22.6755160337,17.6437365109));

#4930=CARTESIAN_POINT('',(51.9465230323,-22.6755160337,17.6437365109));
#4931=VERTEX_POINT('',#4930);
#4932=EDGE_CURVE('',#4926,#4931,#4927,.T.);
#4933=ORIENTED_EDGE('',*,*,#4932,.T.);
#4934=(
BOUNDED_CURVE()
B_SPLINE_CURVE(1,(#4935,#4936),.UNSPECIFIED.,.F.,.F.)
B_SPLINE_CURVE_WITH_KNOTS((2,2),(0.000,1.000),.UNSPECIFIED.)
CURVE()
GEOMETRIC_REPRESENTATION_ITEM()
RATIONAL_B_SPLINE_CURVE((1.0000000000,1.0000000000))
REPRESENTATION_ITEM('')
);
#4935=CARTESIAN_POINT('',(51.9465230323,-22.6755160337,17.6437365109));
#4936=CARTESIAN_POINT('',(51.9465230323,-21.1452971476,17.6437365109));

#4937=CARTESIAN_POINT('',(51.9465230323,-21.1452971476,17.6437365109));
#4938=VERTEX_POINT('',#4937);
#4939=EDGE_CURVE('',#4931,#4938,#4934,.T.);
#4940=ORIENTED_EDGE('',*,*,#4939,.T.);
#4941=(
BOUNDED_CURVE()
B_SPLINE_CURVE(1,(#4942,#4943),.UNSPECIFIED.,.F.,.F.)
B_SPLINE_CURVE_WITH_KNOTS((2,2),(0.000,1.000),.UNSPECIFIED.)
CURVE()
GEOMETRIC_REPRESENTATION_ITEM()
RATIONAL_B_SPLINE_CURVE((1.0000000000,1.0000000000))
REPRESENTATION_ITEM('')
);
#4942=CARTESIAN_POINT('',(51.9465230323,-21.1452971476,17.6437365109));
#4943=CARTESIAN_POINT('',(54.7570208901,-21.1452971476,17.6437365109));

#4944=CARTESIAN_POINT('',(54.7570208901,-21.1452971476,17.6437365109));
#4945=VERTEX_POINT('',#4944);
#4946=EDGE_CURVE('',#4938,#4945,#4941,.T.);
#4947=ORIENTED_EDGE('',*,*,#4946,.T.);
#4948=(
BOUNDED_CURVE()
B_SPLINE_CURVE(1,(#4949,#4950),.UNSPECIFIED.,.F.,.F.)
B_SPLINE_CURVE_WITH_KNOTS((2,2),(0.000,1.000),.UNSPECIFIED.)
CURVE()
GEOMETRIC_REPRESENTATION_ITEM()
RATIONAL_B_SPLINE_CURVE((1.0000000000,1.0000000000))
REPRESENTATION_ITEM('')
);
#4949=CARTESIAN_POINT('',(54.7570208901,-21.1452971476,17.6437365109));
#4950=CARTESIAN_POINT('',(54.7570208901,-22.6755160337,17.6437365109));

#4951=EDGE_CURVE('',#4945,#4926,#4948,.T.);
#4952=ORIENTED_EDGE('',*,*,#4951,.T.);
#4953=EDGE_LOOP('',(#4933,#4940,#4947,#4952));
#4954=FACE_OUTER_BOUND('',#4953,.T.);
#4955=ADVANCED_FACE('',(#4954),#4920,.T.);
#4956=COLOUR_RGB('',0.39,0.39,0.39);
#4957=FILL_AREA_STYLE_COLOUR('',#4956);
#4958=FILL_AREA_STYLE('',(#4957));
#4959=SURFACE_STYLE_FILL_AREA(#4958);
#4960=SURFACE_STYLE_TRANSPARENT(0.00);
#4961=SURFACE_STYLE_RENDERING_WITH_PROPERTIES(.NORMAL_SHADING.,#4956,(#4960));
#4962=SURFACE_SIDE_STYLE('',(#4959, #4961));
#4963=SURFACE_STYLE_USAGE(.BOTH.,#4962);
#4964=PRESENTATION_STYLE_ASSIGNMENT((#4963));
#4965=STYLED_ITEM('',(#4964),#4955);

#4966=(
BOUNDED_SURFACE()
B_SPLINE_SURFACE(1,1,((#4967,#4968),(#4969,#4970)),.UNSPECIFIED.,.F.,.F.,.F.)
B_SPLINE_SURFACE_WITH_KNOTS((2,2),(2,2),(0.000,1.000),(0.000,1.000),.UNSPECIFIED.)
GEOMETRIC_REPRESENTATION_ITEM()
RATIONAL_B_SPLINE_SURFACE(((1.0000000000,1.0000000000),(1.0000000000,1.0000000000)))
REPRESENTATION_ITEM('')
SURFACE()
);
#4967=CARTESIAN_POINT('',(54.7570208901,-21.1452971476,17.6437365109));
#4968=CARTESIAN_POINT('',(51.9465230323,-21.1452971476,17.6437365109));
#4969=CARTESIAN_POINT('',(54.7570208901,-21.1452971476,12.0268638338));
#4970=CARTESIAN_POINT('',(51.9465230323,-21.1452971476,12.0268638338));

#4971=CARTESIAN_POINT('',(54.7570208901,-21.1452971476,17.6437365109));
#4972=VERTEX_POINT('',#4971);
#4973=(
BOUNDED_CURVE()
B_SPLINE_CURVE(1,(#4974,#4975),.UNSPECIFIED.,.F.,.F.)
B_SPLINE_CURVE_WITH_KNOTS((2,2),(0.000,1.000),.UNSPECIFIED.)
CURVE()
GEOMETRIC_REPRESENTATION_ITEM()
RATIONAL_B_SPLINE_CURVE((1.0000000000,1.0000000000))
REPRESENTATION_ITEM('')
);
#4974=CARTESIAN_POINT('',(54.7570208901,-21.1452971476,17.6437365109));
#4975=CARTESIAN_POINT('',(51.9465230323,-21.1452971476,17.6437365109));

#4976=CARTESIAN_POINT('',(51.9465230323,-21.1452971476,17.6437365109));
#4977=VERTEX_POINT('',#4976);
#4978=EDGE_CURVE('',#4972,#4977,#4973,.T.);
#4979=ORIENTED_EDGE('',*,*,#4978,.T.);
#4980=(
BOUNDED_CURVE()
B_SPLINE_CURVE(1,(#4981,#4982),.UNSPECIFIED.,.F.,.F.)
B_SPLINE_CURVE_WITH_KNOTS((2,2),(0.000,1.000),.UNSPECIFIED.)
CURVE()
GEOMETRIC_REPRESENTATION_ITEM()
RATIONAL_B_SPLINE_CURVE((1.0000000000,1.0000000000))
REPRESENTATION_ITEM('')
);
#4981=CARTESIAN_POINT('',(51.9465230323,-21.1452971476,17.6437365109));
#4982=CARTESIAN_POINT('',(51.9465230323,-21.1452971476,12.0268638338));

#4983=CARTESIAN_POINT('',(51.9465230323,-21.1452971476,12.0268638338));
#4984=VERTEX_POINT('',#4983);
#4985=EDGE_CURVE('',#4977,#4984,#4980,.T.);
#4986=ORIENTED_EDGE('',*,*,#4985,.T.);
#4987=(
BOUNDED_CURVE()
B_SPLINE_CURVE(1,(#4988,#4989),.UNSPECIFIED.,.F.,.F.)
B_SPLINE_CURVE_WITH_KNOTS((2,2),(0.000,1.000),.UNSPECIFIED.)
CURVE()
GEOMETRIC_REPRESENTATION_ITEM()
RATIONAL_B_SPLINE_CURVE((1.0000000000,1.0000000000))
REPRESENTATION_ITEM('')
);
#4988=CARTESIAN_POINT('',(51.9465230323,-21.1452971476,12.0268638338));
#4989=CARTESIAN_POINT('',(54.7570208901,-21.1452971476,12.0268638338));

#4990=CARTESIAN_POINT('',(54.7570208901,-21.1452971476,12.0268638338));
#4991=VERTEX_POINT('',#4990);
#4992=EDGE_CURVE('',#4984,#4991,#4987,.T.);
#4993=ORIENTED_EDGE('',*,*,#4992,.T.);
#4994=(
BOUNDED_CURVE()
B_SPLINE_CURVE(1,(#4995,#4996),.UNSPECIFIED.,.F.,.F.)
B_SPLINE_CURVE_WITH_KNOTS((2,2),(0.000,1.000),.UNSPECIFIED.)
CURVE()
GEOMETRIC_REPRESENTATION_ITEM()
RATIONAL_B_SPLINE_CURVE((1.0000000000,1.0000000000))
REPRESENTATION_ITEM('')
);
#4995=CARTESIAN_POINT('',(54.7570208901,-21.1452971476,12.0268638338));
#4996=CARTESIAN_POINT('',(54.7570208901,-21.1452971476,17.6437365109));

#4997=EDGE_CURVE('',#4991,#4972,#4994,.T.);
#4998=ORIENTED_EDGE('',*,*,#4997,.T.);
#4999=EDGE_LOOP('',(#4979,#4986,#4993,#4998));
#5000=FACE_OUTER_BOUND('',#4999,.T.);
#5001=ADVANCED_FACE('',(#5000),#4966,.T.);
#5002=COLOUR_RGB('',0.39,0.39,0.39);
#5003=FILL_AREA_STYLE_COLOUR('',#5002);
#5004=FILL_AREA_STYLE('',(#5003));
#5005=SURFACE_STYLE_FILL_AREA(#5004);
#5006=SURFACE_STYLE_TRANSPARENT(0.00);
#5007=SURFACE_STYLE_RENDERING_WITH_PROPERTIES(.NORMAL_SHADING.,#5002,(#5006));
#5008=SURFACE_SIDE_STYLE('',(#5005, #5007));
#5009=SURFACE_STYLE_USAGE(.BOTH.,#5008);
#5010=PRESENTATION_STYLE_ASSIGNMENT((#5009));
#5011=STYLED_ITEM('',(#5010),#5001);

#5012=(
BOUNDED_SURFACE()
B_SPLINE_SURFACE(1,1,((#5013,#5014),(#5015,#5016)),.UNSPECIFIED.,.F.,.F.,.F.)
B_SPLINE_SURFACE_WITH_KNOTS((2,2),(2,2),(0.000,1.000),(0.000,1.000),.UNSPECIFIED.)
GEOMETRIC_REPRESENTATION_ITEM()
RATIONAL_B_SPLINE_SURFACE(((1.0000000000,1.0000000000),(1.0000000000,1.0000000000)))
REPRESENTATION_ITEM('')
SURFACE()
);
#5013=CARTESIAN_POINT('',(54.7570208901,-21.1452971476,12.0268638338));
#5014=CARTESIAN_POINT('',(51.9465230323,-21.1452971476,12.0268638338));
#5015=CARTESIAN_POINT('',(54.7570208901,-22.6755160337,12.0268638338));
#5016=CARTESIAN_POINT('',(51.9465230323,-22.6755160337,12.0268638338));

#5017=CARTESIAN_POINT('',(54.7570208901,-21.1452971476,12.0268638338));
#5018=VERTEX_POINT('',#5017);
#5019=(
BOUNDED_CURVE()
B_SPLINE_CURVE(1,(#5020,#5021),.UNSPECIFIED.,.F.,.F.)
B_SPLINE_CURVE_WITH_KNOTS((2,2),(0.000,1.000),.UNSPECIFIED.)
CURVE()
GEOMETRIC_REPRESENTATION_ITEM()
RATIONAL_B_SPLINE_CURVE((1.0000000000,1.0000000000))
REPRESENTATION_ITEM('')
);
#5020=CARTESIAN_POINT('',(54.7570208901,-21.1452971476,12.0268638338));
#5021=CARTESIAN_POINT('',(51.9465230323,-21.1452971476,12.0268638338));

#5022=CARTESIAN_POINT('',(51.9465230323,-21.1452971476,12.0268638338));
#5023=VERTEX_POINT('',#5022);
#5024=EDGE_CURVE('',#5018,#5023,#5019,.T.);
#5025=ORIENTED_EDGE('',*,*,#5024,.T.);
#5026=(
BOUNDED_CURVE()
B_SPLINE_CURVE(1,(#5027,#5028),.UNSPECIFIED.,.F.,.F.)
B_SPLINE_CURVE_WITH_KNOTS((2,2),(0.000,1.000),.UNSPECIFIED.)
CURVE()
GEOMETRIC_REPRESENTATION_ITEM()
RATIONAL_B_SPLINE_CURVE((1.0000000000,1.0000000000))
REPRESENTATION_ITEM('')
);
#5027=CARTESIAN_POINT('',(51.9465230323,-21.1452971476,12.0268638338));
#5028=CARTESIAN_POINT('',(51.9465230323,-22.6755160337,12.0268638338));

#5029=CARTESIAN_POINT('',(51.9465230323,-22.6755160337,12.0268638338));
#5030=VERTEX_POINT('',#5029);
#5031=EDGE_CURVE('',#5023,#5030,#5026,.T.);
#5032=ORIENTED_EDGE('',*,*,#5031,.T.);
#5033=(
BOUNDED_CURVE()
B_SPLINE_CURVE(1,(#5034,#5035),.UNSPECIFIED.,.F.,.F.)
B_SPLINE_CURVE_WITH_KNOTS((2,2),(0.000,1.000),.UNSPECIFIED.)
CURVE()
GEOMETRIC_REPRESENTATION_ITEM()
RATIONAL_B_SPLINE_CURVE((1.0000000000,1.0000000000))
REPRESENTATION_ITEM('')
);
#5034=CARTESIAN_POINT('',(51.9465230323,-22.6755160337,12.0268638338));
#5035=CARTESIAN_POINT('',(54.7570208901,-22.6755160337,12.0268638338));

#5036=CARTESIAN_POINT('',(54.7570208901,-22.6755160337,12.0268638338));
#5037=VERTEX_POINT('',#5036);
#5038=EDGE_CURVE('',#5030,#5037,#5033,.T.);
#5039=ORIENTED_EDGE('',*,*,#5038,.T.);
#5040=(
BOUNDED_CURVE()
B_SPLINE_CURVE(1,(#5041,#5042),.UNSPECIFIED.,.F.,.F.)
B_SPLINE_CURVE_WITH_KNOTS((2,2),(0.000,1.000),.UNSPECIFIED.)
CURVE()
GEOMETRIC_REPRESENTATION_ITEM()
RATIONAL_B_SPLINE_CURVE((1.0000000000,1.0000000000))
REPRESENTATION_ITEM('')
);
#5041=CARTESIAN_POINT('',(54.7570208901,-22.6755160337,12.0268638338));
#5042=CARTESIAN_POINT('',(54.7570208901,-21.1452971476,12.0268638338));

#5043=EDGE_CURVE('',#5037,#5018,#5040,.T.);
#5044=ORIENTED_EDGE('',*,*,#5043,.T.);
#5045=EDGE_LOOP('',(#5025,#5032,#5039,#5044));
#5046=FACE_OUTER_BOUND('',#5045,.T.);
#5047=ADVANCED_FACE('',(#5046),#5012,.T.);
#5048=COLOUR_RGB('',0.39,0.39,0.39);
#5049=FILL_AREA_STYLE_COLOUR('',#5048);
#5050=FILL_AREA_STYLE('',(#5049));
#5051=SURFACE_STYLE_FILL_AREA(#5050);
#5052=SURFACE_STYLE_TRANSPARENT(0.00);
#5053=SURFACE_STYLE_RENDERING_WITH_PROPERTIES(.NORMAL_SHADING.,#5048,(#5052));
#5054=SURFACE_SIDE_STYLE('',(#5051, #5053));
#5055=SURFACE_STYLE_USAGE(.BOTH.,#5054);
#5056=PRESENTATION_STYLE_ASSIGNMENT((#5055));
#5057=STYLED_ITEM('',(#5056),#5047);

#5058=(
BOUNDED_SURFACE()
B_SPLINE_SURFACE(1,1,((#5059,#5060),(#5061,#5062)),.UNSPECIFIED.,.F.,.F.,.F.)
B_SPLINE_SURFACE_WITH_KNOTS((2,2),(2,2),(0.000,1.000),(0.000,1.000),.UNSPECIFIED.)
GEOMETRIC_REPRESENTATION_ITEM()
RATIONAL_B_SPLINE_SURFACE(((1.0000000000,1.0000000000),(1.0000000000,1.0000000000)))
REPRESENTATION_ITEM('')
SURFACE()
);
#5059=CARTESIAN_POINT('',(54.7570208901,-20.7254298661,18.9033379565));
#5060=CARTESIAN_POINT('',(54.7570208901,-16.6200793226,18.9033379565));
#5061=CARTESIAN_POINT('',(54.7570208901,-20.7254298661,11.8402197151));
#5062=CARTESIAN_POINT('',(54.7570208901,-16.6200793226,11.8402197151));

#5063=CARTESIAN_POINT('',(54.7570208901,-20.5855278033,16.9066727948));
#5064=VERTEX_POINT('',#5063);
#5065=(
BOUNDED_CURVE()
B_SPLINE_CURVE(3,(#5066,#5067,#5068,#5069),.UNSPECIFIED.,.F.,.F.)
B_SPLINE_CURVE_WITH_KNOTS((4,4),(0.000,1.000),.UNSPECIFIED.)
CURVE()
GEOMETRIC_REPRESENTATION_ITEM()
RATIONAL_B_SPLINE_CURVE((1.0000000000,1.0000000000,1.0000000000,1.0000000000))
REPRESENTATION_ITEM('')
);
#5066=CARTESIAN_POINT('',(54.7570208901,-20.5855278033,16.9066727948));
#5067=CARTESIAN_POINT('',(54.7570208901,-20.5855278033,17.9329693600));
#5068=CARTESIAN_POINT('',(54.7570208901,-19.9417046157,18.9033379566));
#5069=CARTESIAN_POINT('',(54.7570208901,-18.5235043546,18.9033379565));

#5070=CARTESIAN_POINT('',(54.7570208901,-18.5235043546,18.9033379565));
#5071=VERTEX_POINT('',#5070);
#5072=EDGE_CURVE('',#5064,#5071,#5065,.T.);
#5073=ORIENTED_EDGE('',*,*,#5072,.T.);
#5074=(
BOUNDED_CURVE()
B_SPLINE_CURVE(3,(#5075,#5076,#5077,#5078),.UNSPECIFIED.,.F.,.F.)
B_SPLINE_CURVE_WITH_KNOTS((4,4),(0.000,1.000),.UNSPECIFIED.)
CURVE()
GEOMETRIC_REPRESENTATION_ITEM()
RATIONAL_B_SPLINE_CURVE((1.0000000000,1.0000000000,1.0000000000,1.0000000000))
REPRESENTATION_ITEM('')
);
#5075=CARTESIAN_POINT('',(54.7570208901,-18.5235043546,18.9033379565));
#5076=CARTESIAN_POINT('',(54.7570208901,-17.9030524068,18.9033379565));
#5077=CARTESIAN_POINT('',(54.7570208901,-17.4644871765,18.6980792018));
#5078=CARTESIAN_POINT('',(54.7570208901,-17.1799284159,18.4928196495));

#5079=CARTESIAN_POINT('',(54.7570208901,-17.1799284159,18.4928196495));
#5080=VERTEX_POINT('',#5079);
#5081=EDGE_CURVE('',#5071,#5080,#5074,.T.);
#5082=ORIENTED_EDGE('',*,*,#5081,.T.);
#5083=(
BOUNDED_CURVE()
B_SPLINE_CURVE(3,(#5084,#5085,#5086,#5087),.UNSPECIFIED.,.F.,.F.)
B_SPLINE_CURVE_WITH_KNOTS((4,4),(0.000,1.000),.UNSPECIFIED.)
CURVE()
GEOMETRIC_REPRESENTATION_ITEM()
RATIONAL_B_SPLINE_CURVE((1.0000000000,1.0000000000,1.0000000000,1.0000000000))
REPRESENTATION_ITEM('')
);
#5084=CARTESIAN_POINT('',(54.7570208901,-17.1799284159,18.4928196495));
#5085=CARTESIAN_POINT('',(54.7570208901,-17.0119818223,18.3715337928));
#5086=CARTESIAN_POINT('',(54.7570208901,-16.8766733015,18.2362248732));
#5087=CARTESIAN_POINT('',(54.7570208901,-16.7694109064,18.0822192010));

#5088=CARTESIAN_POINT('',(54.7570208901,-16.7694109064,18.0822192010));
#5089=VERTEX_POINT('',#5088);
#5090=EDGE_CURVE('',#5080,#5089,#5083,.T.);
#5091=ORIENTED_EDGE('',*,*,#5090,.T.);
#5092=(
BOUNDED_CURVE()
B_SPLINE_CURVE(1,(#5093,#5094),.UNSPECIFIED.,.F.,.F.)
B_SPLINE_CURVE_WITH_KNOTS((2,2),(0.000,1.000),.UNSPECIFIED.)
CURVE()
GEOMETRIC_REPRESENTATION_ITEM()
RATIONAL_B_SPLINE_CURVE((1.0000000000,1.0000000000))
REPRESENTATION_ITEM('')
);
#5093=CARTESIAN_POINT('',(54.7570208901,-16.7694109064,18.0822192010));
#5094=CARTESIAN_POINT('',(54.7570208901,-17.8144050216,17.2705303650));

#5095=CARTESIAN_POINT('',(54.7570208901,-17.8144050216,17.2705303650));
#5096=VERTEX_POINT('',#5095);
#5097=EDGE_CURVE('',#5089,#5096,#5092,.T.);
#5098=ORIENTED_EDGE('',*,*,#5097,.T.);
#5099=(
BOUNDED_CURVE()
B_SPLINE_CURVE(3,(#5100,#5101,#5102,#5103),.UNSPECIFIED.,.F.,.F.)
B_SPLINE_CURVE_WITH_KNOTS((4,4),(0.000,1.000),.UNSPECIFIED.)
CURVE()
GEOMETRIC_REPRESENTATION_ITEM()
RATIONAL_B_SPLINE_CURVE((1.0000000000,1.0000000000,1.0000000000,1.0000000000))
REPRESENTATION_ITEM('')
);
#5100=CARTESIAN_POINT('',(54.7570208901,-17.8144050216,17.2705303650));
#5101=CARTESIAN_POINT('',(54.7570208901,-17.8750062812,17.3218655892));
#5102=CARTESIAN_POINT('',(54.7570208901,-17.9403637708,17.3685267249));
#5103=CARTESIAN_POINT('',(54.7570208901,-18.0149896883,17.4105133733));

#5104=CARTESIAN_POINT('',(54.7570208901,-18.0149896883,17.4105133733));
#5105=VERTEX_POINT('',#5104);
#5106=EDGE_CURVE('',#5096,#5105,#5099,.T.);
#5107=ORIENTED_EDGE('',*,*,#5106,.T.);
#5108=(
BOUNDED_CURVE()
B_SPLINE_CURVE(3,(#5109,#5110,#5111,#5112),.UNSPECIFIED.,.F.,.F.)
B_SPLINE_CURVE_WITH_KNOTS((4,4),(0.000,1.000),.UNSPECIFIED.)
CURVE()
GEOMETRIC_REPRESENTATION_ITEM()
RATIONAL_B_SPLINE_CURVE((1.0000000000,1.0000000000,1.0000000000,1.0000000000))
REPRESENTATION_ITEM('')
);
#5109=CARTESIAN_POINT('',(54.7570208901,-18.0149896879,17.4105133731));
#5110=CARTESIAN_POINT('',(54.7570208901,-18.1409500336,17.4804640067));
#5111=CARTESIAN_POINT('',(54.7570208901,-18.3182448074,17.5550887290));
#5112=CARTESIAN_POINT('',(54.7570208901,-18.5235043634,17.5550887269));

#5113=CARTESIAN_POINT('',(54.7570208901,-18.5235043634,17.5550887269));
#5114=VERTEX_POINT('',#5113);
#5115=EDGE_CURVE('',#5105,#5114,#5108,.T.);
#5116=ORIENTED_EDGE('',*,*,#5115,.T.);
#5117=(
BOUNDED_CURVE()
B_SPLINE_CURVE(3,(#5118,#5119,#5120,#5121),.UNSPECIFIED.,.F.,.F.)
B_SPLINE_CURVE_WITH_KNOTS((4,4),(0.000,1.000),.UNSPECIFIED.)
CURVE()
GEOMETRIC_REPRESENTATION_ITEM()
RATIONAL_B_SPLINE_CURVE((1.0000000000,1.0000000000,1.0000000000,1.0000000000))
REPRESENTATION_ITEM('')
);
#5118=CARTESIAN_POINT('',(54.7570208901,-18.5235043546,17.5550887269));
#5119=CARTESIAN_POINT('',(54.7570208901,-18.8174112922,17.5550887269));
#5120=CARTESIAN_POINT('',(54.7570208901,-19.0133226675,17.3171915006));
#5121=CARTESIAN_POINT('',(54.7570208901,-19.0133226675,16.9066727948));

#5122=CARTESIAN_POINT('',(54.7570208901,-19.0133226675,16.9066727948));
#5123=VERTEX_POINT('',#5122);
#5124=EDGE_CURVE('',#5114,#5123,#5117,.T.);
#5125=ORIENTED_EDGE('',*,*,#5124,.T.);
#5126=(
BOUNDED_CURVE()
B_SPLINE_CURVE(3,(#5127,#5128,#5129,#5130),.UNSPECIFIED.,.F.,.F.)
B_SPLINE_CURVE_WITH_KNOTS((4,4),(0.000,1.000),.UNSPECIFIED.)
CURVE()
GEOMETRIC_REPRESENTATION_ITEM()
RATIONAL_B_SPLINE_CURVE((1.0000000000,1.0000000000,1.0000000000,1.0000000000))
REPRESENTATION_ITEM('')
);
#5127=CARTESIAN_POINT('',(54.7570208901,-19.0133226675,16.9066727948));
#5128=CARTESIAN_POINT('',(54.7570208901,-19.0133226675,16.4494108119));
#5129=CARTESIAN_POINT('',(54.7570208901,-18.7474602607,16.2535002341));
#5130=CARTESIAN_POINT('',(54.7570208901,-18.4208339065,16.0669382319));

#5131=CARTESIAN_POINT('',(54.7570208901,-18.4208339065,16.0669382319));
#5132=VERTEX_POINT('',#5131);
#5133=EDGE_CURVE('',#5123,#5132,#5126,.T.);
#5134=ORIENTED_EDGE('',*,*,#5133,.T.);
#5135=(
BOUNDED_CURVE()
B_SPLINE_CURVE(3,(#5136,#5137,#5138,#5139),.UNSPECIFIED.,.F.,.F.)
B_SPLINE_CURVE_WITH_KNOTS((4,4),(0.000,1.000),.UNSPECIFIED.)
CURVE()
GEOMETRIC_REPRESENTATION_ITEM()
RATIONAL_B_SPLINE_CURVE((1.0000000000,1.0000000000,1.0000000000,1.0000000000))
REPRESENTATION_ITEM('')
);
#5136=CARTESIAN_POINT('',(54.7570208901,-18.4208339065,16.0669382319));
#5137=CARTESIAN_POINT('',(54.7570208901,-17.4644871765,15.5444001035));
#5138=CARTESIAN_POINT('',(54.7570208901,-16.6200793226,15.1385558849));
#5139=CARTESIAN_POINT('',(54.7570208901,-16.6200793226,13.8836283283));

#5140=CARTESIAN_POINT('',(54.7570208901,-16.6200793226,13.8836283283));
#5141=VERTEX_POINT('',#5140);
#5142=EDGE_CURVE('',#5132,#5141,#5135,.T.);
#5143=ORIENTED_EDGE('',*,*,#5142,.T.);
#5144=(
BOUNDED_CURVE()
B_SPLINE_CURVE(3,(#5145,#5146,#5147,#5148),.UNSPECIFIED.,.F.,.F.)
B_SPLINE_CURVE_WITH_KNOTS((4,4),(0.000,1.000),.UNSPECIFIED.)
CURVE()
GEOMETRIC_REPRESENTATION_ITEM()
RATIONAL_B_SPLINE_CURVE((1.0000000000,1.0000000000,1.0000000000,1.0000000000))
REPRESENTATION_ITEM('')
);
#5145=CARTESIAN_POINT('',(54.7570208901,-16.6200793226,13.8836283284));
#5146=CARTESIAN_POINT('',(54.7570208901,-16.6200793226,12.5400531373));
#5147=CARTESIAN_POINT('',(54.7570208901,-17.4691620625,11.8402197151));
#5148=CARTESIAN_POINT('',(54.7570208901,-18.7847732194,11.8402197151));

#5149=CARTESIAN_POINT('',(54.7570208901,-18.7847732194,11.8402197151));
#5150=VERTEX_POINT('',#5149);
#5151=EDGE_CURVE('',#5141,#5150,#5144,.T.);
#5152=ORIENTED_EDGE('',*,*,#5151,.T.);
#5153=(
BOUNDED_CURVE()
B_SPLINE_CURVE(3,(#5154,#5155,#5156,#5157),.UNSPECIFIED.,.F.,.F.)
B_SPLINE_CURVE_WITH_KNOTS((4,4),(0.000,1.000),.UNSPECIFIED.)
CURVE()
GEOMETRIC_REPRESENTATION_ITEM()
RATIONAL_B_SPLINE_CURVE((1.0000000000,1.0000000000,1.0000000000,1.0000000000))
REPRESENTATION_ITEM('')
);
#5154=CARTESIAN_POINT('',(54.7570208901,-18.7847732194,11.8402197151));
#5155=CARTESIAN_POINT('',(54.7570208901,-19.4985474384,11.8402197151));
#5156=CARTESIAN_POINT('',(54.7570208901,-19.9790175744,12.0688505601));
#5157=CARTESIAN_POINT('',(54.7570208901,-20.2869475748,12.3020736948));

#5158=CARTESIAN_POINT('',(54.7570208901,-20.2869475748,12.3020736948));
#5159=VERTEX_POINT('',#5158);
#5160=EDGE_CURVE('',#5150,#5159,#5153,.T.);
#5161=ORIENTED_EDGE('',*,*,#5160,.T.);
#5162=(
BOUNDED_CURVE()
B_SPLINE_CURVE(3,(#5163,#5164,#5165,#5166),.UNSPECIFIED.,.F.,.F.)
B_SPLINE_CURVE_WITH_KNOTS((4,4),(0.000,1.000),.UNSPECIFIED.)
CURVE()
GEOMETRIC_REPRESENTATION_ITEM()
RATIONAL_B_SPLINE_CURVE((1.0000000000,1.0000000000,1.0000000000,1.0000000000))
REPRESENTATION_ITEM('')
);
#5163=CARTESIAN_POINT('',(54.7570208901,-20.2869475748,12.3020736948));
#5164=CARTESIAN_POINT('',(54.7570208901,-20.4688342923,12.4373824898));
#5165=CARTESIAN_POINT('',(54.7570208901,-20.6134925850,12.5913885109));
#5166=CARTESIAN_POINT('',(54.7570208901,-20.7254298661,12.7639276994));

#5167=CARTESIAN_POINT('',(54.7570208901,-20.7254298661,12.7639276994));
#5168=VERTEX_POINT('',#5167);
#5169=EDGE_CURVE('',#5159,#5168,#5162,.T.);
#5170=ORIENTED_EDGE('',*,*,#5169,.T.);
#5171=(
BOUNDED_CURVE()
B_SPLINE_CURVE(1,(#5172,#5173),.UNSPECIFIED.,.F.,.F.)
B_SPLINE_CURVE_WITH_KNOTS((2,2),(0.000,1.000),.UNSPECIFIED.)
CURVE()
GEOMETRIC_REPRESENTATION_ITEM()
RATIONAL_B_SPLINE_CURVE((1.0000000000,1.0000000000))
REPRESENTATION_ITEM('')
);
#5172=CARTESIAN_POINT('',(54.7570208901,-20.7254298661,12.7639276994));
#5173=CARTESIAN_POINT('',(54.7570208901,-19.6804357509,13.5756984276));

#5174=CARTESIAN_POINT('',(54.7570208901,-19.6804357509,13.5756984276));
#5175=VERTEX_POINT('',#5174);
#5176=EDGE_CURVE('',#5168,#5175,#5171,.T.);
#5177=ORIENTED_EDGE('',*,*,#5176,.T.);
#5178=(
BOUNDED_CURVE()
B_SPLINE_CURVE(3,(#5179,#5180,#5181,#5182),.UNSPECIFIED.,.F.,.F.)
B_SPLINE_CURVE_WITH_KNOTS((4,4),(0.000,1.000),.UNSPECIFIED.)
CURVE()
GEOMETRIC_REPRESENTATION_ITEM()
RATIONAL_B_SPLINE_CURVE((1.0000000000,1.0000000000,1.0000000000,1.0000000000))
REPRESENTATION_ITEM('')
);
#5179=CARTESIAN_POINT('',(54.7570208901,-19.6804357509,13.5756984276));
#5180=CARTESIAN_POINT('',(54.7570208901,-19.6104847195,13.5010736068));
#5181=CARTESIAN_POINT('',(54.7570208901,-19.5311855111,13.4357153199));
#5182=CARTESIAN_POINT('',(54.7570208901,-19.4425381259,13.3797876504));

#5183=CARTESIAN_POINT('',(54.7570208901,-19.4425381259,13.3797876504));
#5184=VERTEX_POINT('',#5183);
#5185=EDGE_CURVE('',#5175,#5184,#5178,.T.);
#5186=ORIENTED_EDGE('',*,*,#5185,.T.);
#5187=(
BOUNDED_CURVE()
B_SPLINE_CURVE(3,(#5188,#5189,#5190,#5191),.UNSPECIFIED.,.F.,.F.)
B_SPLINE_CURVE_WITH_KNOTS((4,4),(0.000,1.000),.UNSPECIFIED.)
CURVE()
GEOMETRIC_REPRESENTATION_ITEM()
RATIONAL_B_SPLINE_CURVE((1.0000000000,1.0000000000,1.0000000000,1.0000000000))
REPRESENTATION_ITEM('')
);
#5188=CARTESIAN_POINT('',(54.7570208901,-19.4425381259,13.3797876504));
#5189=CARTESIAN_POINT('',(54.7570208901,-19.2886145952,13.2817912907));
#5190=CARTESIAN_POINT('',(54.7570208901,-19.0646570941,13.1884692189));
#5191=CARTESIAN_POINT('',(54.7570208901,-18.7847732194,13.1884692189));

#5192=CARTESIAN_POINT('',(54.7570208901,-18.7847732194,13.1884692189));
#5193=VERTEX_POINT('',#5192);
#5194=EDGE_CURVE('',#5184,#5193,#5187,.T.);
#5195=ORIENTED_EDGE('',*,*,#5194,.T.);
#5196=(
BOUNDED_CURVE()
B_SPLINE_CURVE(3,(#5197,#5198,#5199,#5200),.UNSPECIFIED.,.F.,.F.)
B_SPLINE_CURVE_WITH_KNOTS((4,4),(0.000,1.000),.UNSPECIFIED.)
CURVE()
GEOMETRIC_REPRESENTATION_ITEM()
RATIONAL_B_SPLINE_CURVE((1.0000000000,1.0000000000,1.0000000000,1.0000000000))
REPRESENTATION_ITEM('')
);
#5197=CARTESIAN_POINT('',(54.7570208901,-18.7847732194,13.1884692189));
#5198=CARTESIAN_POINT('',(54.7570208901,-18.3508828751,13.1884692189));
#5199=CARTESIAN_POINT('',(54.7570208901,-18.1922844584,13.4403896077));
#5200=CARTESIAN_POINT('',(54.7570208901,-18.1922844584,13.8836283284));

#5201=CARTESIAN_POINT('',(54.7570208901,-18.1922844584,13.8836283284));
#5202=VERTEX_POINT('',#5201);
#5203=EDGE_CURVE('',#5193,#5202,#5196,.T.);
#5204=ORIENTED_EDGE('',*,*,#5203,.T.);
#5205=(
BOUNDED_CURVE()
B_SPLINE_CURVE(3,(#5206,#5207,#5208,#5209),.UNSPECIFIED.,.F.,.F.)
B_SPLINE_CURVE_WITH_KNOTS((4,4),(0.000,1.000),.UNSPECIFIED.)
CURVE()
GEOMETRIC_REPRESENTATION_ITEM()
RATIONAL_B_SPLINE_CURVE((1.0000000000,1.0000000000,1.0000000000,1.0000000000))
REPRESENTATION_ITEM('')
);
#5206=CARTESIAN_POINT('',(54.7570208901,-18.1922844584,13.8836283284));
#5207=CARTESIAN_POINT('',(54.7570208901,-18.1922844584,14.3314593947));
#5208=CARTESIAN_POINT('',(54.7570208901,-18.4115670736,14.5087549627));
#5209=CARTESIAN_POINT('',(54.7570208901,-18.8734206047,14.7186886035));

#5210=CARTESIAN_POINT('',(54.7570208901,-18.8734206047,14.7186886035));
#5211=VERTEX_POINT('',#5210);
#5212=EDGE_CURVE('',#5202,#5211,#5205,.T.);
#5213=ORIENTED_EDGE('',*,*,#5212,.T.);
#5214=(
BOUNDED_CURVE()
B_SPLINE_CURVE(3,(#5215,#5216,#5217,#5218),.UNSPECIFIED.,.F.,.F.)
B_SPLINE_CURVE_WITH_KNOTS((4,4),(0.000,1.000),.UNSPECIFIED.)
CURVE()
GEOMETRIC_REPRESENTATION_ITEM()
RATIONAL_B_SPLINE_CURVE((1.0000000000,1.0000000000,1.0000000000,1.0000000000))
REPRESENTATION_ITEM('')
);
#5215=CARTESIAN_POINT('',(54.7570208901,-18.8734206047,14.7186886035));
#5216=CARTESIAN_POINT('',(54.7570208901,-19.9557276786,15.2038320304));
#5217=CARTESIAN_POINT('',(54.7570208901,-20.5855278033,15.8756196010));
#5218=CARTESIAN_POINT('',(54.7570208901,-20.5855278033,16.9066727948));

#5219=EDGE_CURVE('',#5211,#5064,#5214,.T.);
#5220=ORIENTED_EDGE('',*,*,#5219,.T.);
#5221=EDGE_LOOP('',(#5073,#5082,#5091,#5098,#5107,#5116,#5125,#5134,#5143,#5152,#5161,#5170,#5177,#5186,#5195,#5204,#5213,#5220));
#5222=FACE_OUTER_BOUND('',#5221,.T.);
#5223=ADVANCED_FACE('',(#5222),#5058,.T.);
#5224=COLOUR_RGB('',0.39,0.39,0.39);
#5225=FILL_AREA_STYLE_COLOUR('',#5224);
#5226=FILL_AREA_STYLE('',(#5225));
#5227=SURFACE_STYLE_FILL_AREA(#5226);
#5228=SURFACE_STYLE_TRANSPARENT(0.00);
#5229=SURFACE_STYLE_RENDERING_WITH_PROPERTIES(.NORMAL_SHADING.,#5224,(#5228));
#5230=SURFACE_SIDE_STYLE('',(#5227, #5229));
#5231=SURFACE_STYLE_USAGE(.BOTH.,#5230);
#5232=PRESENTATION_STYLE_ASSIGNMENT((#5231));
#5233=STYLED_ITEM('',(#5232),#5223);

#5234=(
BOUNDED_SURFACE()
B_SPLINE_SURFACE(1,1,((#5235,#5236),(#5237,#5238)),.UNSPECIFIED.,.F.,.F.,.F.)
B_SPLINE_SURFACE_WITH_KNOTS((2,2),(2,2),(0.000,1.000),(0.000,1.000),.UNSPECIFIED.)
GEOMETRIC_REPRESENTATION_ITEM()
RATIONAL_B_SPLINE_SURFACE(((1.0000000000,1.0000000000),(1.0000000000,1.0000000000)))
REPRESENTATION_ITEM('')
SURFACE()
);
#5235=CARTESIAN_POINT('',(54.7570208901,-16.7694109064,18.0822192010));
#5236=CARTESIAN_POINT('',(51.9465230323,-16.7694109064,18.0822192010));
#5237=CARTESIAN_POINT('',(54.7570208901,-17.8144050216,17.2705303650));
#5238=CARTESIAN_POINT('',(51.9465230323,-17.8144050216,17.2705303650));

#5239=CARTESIAN_POINT('',(54.7570208901,-16.7694109064,18.0822192010));
#5240=VERTEX_POINT('',#5239);
#5241=(
BOUNDED_CURVE()
B_SPLINE_CURVE(1,(#5242,#5243),.UNSPECIFIED.,.F.,.F.)
B_SPLINE_CURVE_WITH_KNOTS((2,2),(0.000,1.000),.UNSPECIFIED.)
CURVE()
GEOMETRIC_REPRESENTATION_ITEM()
RATIONAL_B_SPLINE_CURVE((1.0000000000,1.0000000000))
REPRESENTATION_ITEM('')
);
#5242=CARTESIAN_POINT('',(54.7570208901,-16.7694109064,18.0822192010));
#5243=CARTESIAN_POINT('',(51.9465230323,-16.7694109064,18.0822192010));

#5244=CARTESIAN_POINT('',(51.9465230323,-16.7694109064,18.0822192010));
#5245=VERTEX_POINT('',#5244);
#5246=EDGE_CURVE('',#5240,#5245,#5241,.T.);
#5247=ORIENTED_EDGE('',*,*,#5246,.T.);
#5248=(
BOUNDED_CURVE()
B_SPLINE_CURVE(1,(#5249,#5250),.UNSPECIFIED.,.F.,.F.)
B_SPLINE_CURVE_WITH_KNOTS((2,2),(0.000,1.000),.UNSPECIFIED.)
CURVE()
GEOMETRIC_REPRESENTATION_ITEM()
RATIONAL_B_SPLINE_CURVE((1.0000000000,1.0000000000))
REPRESENTATION_ITEM('')
);
#5249=CARTESIAN_POINT('',(51.9465230323,-16.7694109064,18.0822192010));
#5250=CARTESIAN_POINT('',(51.9465230323,-17.8144050216,17.2705303650));

#5251=CARTESIAN_POINT('',(51.9465230323,-17.8144050216,17.2705303650));
#5252=VERTEX_POINT('',#5251);
#5253=EDGE_CURVE('',#5245,#5252,#5248,.T.);
#5254=ORIENTED_EDGE('',*,*,#5253,.T.);
#5255=(
BOUNDED_CURVE()
B_SPLINE_CURVE(1,(#5256,#5257),.UNSPECIFIED.,.F.,.F.)
B_SPLINE_CURVE_WITH_KNOTS((2,2),(0.000,1.000),.UNSPECIFIED.)
CURVE()
GEOMETRIC_REPRESENTATION_ITEM()
RATIONAL_B_SPLINE_CURVE((1.0000000000,1.0000000000))
REPRESENTATION_ITEM('')
);
#5256=CARTESIAN_POINT('',(51.9465230323,-17.8144050216,17.2705303650));
#5257=CARTESIAN_POINT('',(54.7570208901,-17.8144050216,17.2705303650));

#5258=CARTESIAN_POINT('',(54.7570208901,-17.8144050216,17.2705303650));
#5259=VERTEX_POINT('',#5258);
#5260=EDGE_CURVE('',#5252,#5259,#5255,.T.);
#5261=ORIENTED_EDGE('',*,*,#5260,.T.);
#5262=(
BOUNDED_CURVE()
B_SPLINE_CURVE(1,(#5263,#5264),.UNSPECIFIED.,.F.,.F.)
B_SPLINE_CURVE_WITH_KNOTS((2,2),(0.000,1.000),.UNSPECIFIED.)
CURVE()
GEOMETRIC_REPRESENTATION_ITEM()
RATIONAL_B_SPLINE_CURVE((1.0000000000,1.0000000000))
REPRESENTATION_ITEM('')
);
#5263=CARTESIAN_POINT('',(54.7570208901,-17.8144050216,17.2705303650));
#5264=CARTESIAN_POINT('',(54.7570208901,-16.7694109064,18.0822192010));

#5265=EDGE_CURVE('',#5259,#5240,#5262,.T.);
#5266=ORIENTED_EDGE('',*,*,#5265,.T.);
#5267=EDGE_LOOP('',(#5247,#5254,#5261,#5266));
#5268=FACE_OUTER_BOUND('',#5267,.T.);
#5269=ADVANCED_FACE('',(#5268),#5234,.T.);
#5270=COLOUR_RGB('',0.39,0.39,0.39);
#5271=FILL_AREA_STYLE_COLOUR('',#5270);
#5272=FILL_AREA_STYLE('',(#5271));
#5273=SURFACE_STYLE_FILL_AREA(#5272);
#5274=SURFACE_STYLE_TRANSPARENT(0.00);
#5275=SURFACE_STYLE_RENDERING_WITH_PROPERTIES(.NORMAL_SHADING.,#5270,(#5274));
#5276=SURFACE_SIDE_STYLE('',(#5273, #5275));
#5277=SURFACE_STYLE_USAGE(.BOTH.,#5276);
#5278=PRESENTATION_STYLE_ASSIGNMENT((#5277));
#5279=STYLED_ITEM('',(#5278),#5269);

#5280=(
BOUNDED_SURFACE()
B_SPLINE_SURFACE(3,1,((#5281,#5282),(#5283,#5284),(#5285,#5286),(#5287,#5288)),.UNSPECIFIED.,.F.,.F.,.F.)
B_SPLINE_SURFACE_WITH_KNOTS((4,4),(2,2),(0.000,1.000),(0.000,1.000),.UNSPECIFIED.)
GEOMETRIC_REPRESENTATION_ITEM()
RATIONAL_B_SPLINE_SURFACE(((1.0000000000,1.0000000000),(1.0000000000,1.0000000000),(1.0000000000,1.0000000000),(1.0000000000,1.0000000000)))
REPRESENTATION_ITEM('')
SURFACE()
);
#5281=CARTESIAN_POINT('',(54.7570208901,-17.8144050216,17.2705303650));
#5282=CARTESIAN_POINT('',(51.9465230323,-17.8144050216,17.2705303650));
#5283=CARTESIAN_POINT('',(54.7570208901,-17.8750062811,17.3218655891));
#5284=CARTESIAN_POINT('',(51.9465230323,-17.8750062811,17.3218655891));
#5285=CARTESIAN_POINT('',(54.7570208901,-17.9403637705,17.3685267247));
#5286=CARTESIAN_POINT('',(51.9465230323,-17.9403637705,17.3685267247));
#5287=CARTESIAN_POINT('',(54.7570208901,-18.0149896879,17.4105133731));
#5288=CARTESIAN_POINT('',(51.9465230323,-18.0149896879,17.4105133731));

#5289=CARTESIAN_POINT('',(54.7570208901,-17.8144050216,17.2705303650));
#5290=VERTEX_POINT('',#5289);
#5291=(
BOUNDED_CURVE()
B_SPLINE_CURVE(1,(#5292,#5293),.UNSPECIFIED.,.F.,.F.)
B_SPLINE_CURVE_WITH_KNOTS((2,2),(0.000,1.000),.UNSPECIFIED.)
CURVE()
GEOMETRIC_REPRESENTATION_ITEM()
RATIONAL_B_SPLINE_CURVE((1.0000000000,1.0000000000))
REPRESENTATION_ITEM('')
);
#5292=CARTESIAN_POINT('',(54.7570208901,-17.8144050216,17.2705303650));
#5293=CARTESIAN_POINT('',(51.9465230323,-17.8144050216,17.2705303650));

#5294=CARTESIAN_POINT('',(51.9465230323,-17.8144050216,17.2705303650));
#5295=VERTEX_POINT('',#5294);
#5296=EDGE_CURVE('',#5290,#5295,#5291,.T.);
#5297=ORIENTED_EDGE('',*,*,#5296,.T.);
#5298=(
BOUNDED_CURVE()
B_SPLINE_CURVE(3,(#5299,#5300,#5301,#5302),.UNSPECIFIED.,.F.,.F.)
B_SPLINE_CURVE_WITH_KNOTS((4,4),(0.000,1.000),.UNSPECIFIED.)
CURVE()
GEOMETRIC_REPRESENTATION_ITEM()
RATIONAL_B_SPLINE_CURVE((1.0000000000,1.0000000000,1.0000000000,1.0000000000))
REPRESENTATION_ITEM('')
);
#5299=CARTESIAN_POINT('',(51.9465230323,-17.8144050216,17.2705303650));
#5300=CARTESIAN_POINT('',(51.9465230323,-17.8750062812,17.3218655892));
#5301=CARTESIAN_POINT('',(51.9465230323,-17.9403637708,17.3685267249));
#5302=CARTESIAN_POINT('',(51.9465230323,-18.0149896883,17.4105133733));

#5303=CARTESIAN_POINT('',(51.9465230323,-18.0149896883,17.4105133733));
#5304=VERTEX_POINT('',#5303);
#5305=EDGE_CURVE('',#5295,#5304,#5298,.T.);
#5306=ORIENTED_EDGE('',*,*,#5305,.T.);
#5307=(
BOUNDED_CURVE()
B_SPLINE_CURVE(1,(#5308,#5309),.UNSPECIFIED.,.F.,.F.)
B_SPLINE_CURVE_WITH_KNOTS((2,2),(0.000,1.000),.UNSPECIFIED.)
CURVE()
GEOMETRIC_REPRESENTATION_ITEM()
RATIONAL_B_SPLINE_CURVE((1.0000000000,1.0000000000))
REPRESENTATION_ITEM('')
);
#5308=CARTESIAN_POINT('',(51.9465230323,-18.0149896879,17.4105133731));
#5309=CARTESIAN_POINT('',(54.7570208901,-18.0149896879,17.4105133731));

#5310=CARTESIAN_POINT('',(54.7570208901,-18.0149896879,17.4105133731));
#5311=VERTEX_POINT('',#5310);
#5312=EDGE_CURVE('',#5304,#5311,#5307,.T.);
#5313=ORIENTED_EDGE('',*,*,#5312,.T.);
#5314=(
BOUNDED_CURVE()
B_SPLINE_CURVE(3,(#5315,#5316,#5317,#5318),.UNSPECIFIED.,.F.,.F.)
B_SPLINE_CURVE_WITH_KNOTS((4,4),(0.000,1.000),.UNSPECIFIED.)
CURVE()
GEOMETRIC_REPRESENTATION_ITEM()
RATIONAL_B_SPLINE_CURVE((1.0000000000,1.0000000000,1.0000000000,1.0000000000))
REPRESENTATION_ITEM('')
);
#5315=CARTESIAN_POINT('',(54.7570208901,-18.0149896883,17.4105133733));
#5316=CARTESIAN_POINT('',(54.7570208901,-17.9403637708,17.3685267249));
#5317=CARTESIAN_POINT('',(54.7570208901,-17.8750062812,17.3218655892));
#5318=CARTESIAN_POINT('',(54.7570208901,-17.8144050216,17.2705303650));

#5319=EDGE_CURVE('',#5311,#5290,#5314,.T.);
#5320=ORIENTED_EDGE('',*,*,#5319,.T.);
#5321=EDGE_LOOP('',(#5297,#5306,#5313,#5320));
#5322=FACE_OUTER_BOUND('',#5321,.T.);
#5323=ADVANCED_FACE('',(#5322),#5280,.T.);
#5324=COLOUR_RGB('',0.39,0.39,0.39);
#5325=FILL_AREA_STYLE_COLOUR('',#5324);
#5326=FILL_AREA_STYLE('',(#5325));
#5327=SURFACE_STYLE_FILL_AREA(#5326);
#5328=SURFACE_STYLE_TRANSPARENT(0.00);
#5329=SURFACE_STYLE_RENDERING_WITH_PROPERTIES(.NORMAL_SHADING.,#5324,(#5328));
#5330=SURFACE_SIDE_STYLE('',(#5327, #5329));
#5331=SURFACE_STYLE_USAGE(.BOTH.,#5330);
#5332=PRESENTATION_STYLE_ASSIGNMENT((#5331));
#5333=STYLED_ITEM('',(#5332),#5323);

#5334=(
BOUNDED_SURFACE()
B_SPLINE_SURFACE(3,1,((#5335,#5336),(#5337,#5338),(#5339,#5340),(#5341,#5342)),.UNSPECIFIED.,.F.,.F.,.F.)
B_SPLINE_SURFACE_WITH_KNOTS((4,4),(2,2),(0.000,1.000),(0.000,1.000),.UNSPECIFIED.)
GEOMETRIC_REPRESENTATION_ITEM()
RATIONAL_B_SPLINE_SURFACE(((1.0000000000,1.0000000000),(1.0000000000,1.0000000000),(1.0000000000,1.0000000000),(1.0000000000,1.0000000000)))
REPRESENTATION_ITEM('')
SURFACE()
);
#5335=CARTESIAN_POINT('',(54.7570208901,-18.0149896879,17.4105133731));
#5336=CARTESIAN_POINT('',(51.9465230323,-18.0149896879,17.4105133731));
#5337=CARTESIAN_POINT('',(54.7570208901,-18.1409500318,17.4804640058));
#5338=CARTESIAN_POINT('',(51.9465230323,-18.1409500318,17.4804640058));
#5339=CARTESIAN_POINT('',(54.7570208901,-18.3182448023,17.5550887269));
#5340=CARTESIAN_POINT('',(51.9465230323,-18.3182448023,17.5550887269));
#5341=CARTESIAN_POINT('',(54.7570208901,-18.5235043546,17.5550887269));
#5342=CARTESIAN_POINT('',(51.9465230323,-18.5235043546,17.5550887269));

#5343=CARTESIAN_POINT('',(54.7570208901,-18.0149896879,17.4105133731));
#5344=VERTEX_POINT('',#5343);
#5345=(
BOUNDED_CURVE()
B_SPLINE_CURVE(1,(#5346,#5347),.UNSPECIFIED.,.F.,.F.)
B_SPLINE_CURVE_WITH_KNOTS((2,2),(0.000,1.000),.UNSPECIFIED.)
CURVE()
GEOMETRIC_REPRESENTATION_ITEM()
RATIONAL_B_SPLINE_CURVE((1.0000000000,1.0000000000))
REPRESENTATION_ITEM('')
);
#5346=CARTESIAN_POINT('',(54.7570208901,-18.0149896879,17.4105133731));
#5347=CARTESIAN_POINT('',(51.9465230323,-18.0149896879,17.4105133731));

#5348=CARTESIAN_POINT('',(51.9465230323,-18.0149896879,17.4105133731));
#5349=VERTEX_POINT('',#5348);
#5350=EDGE_CURVE('',#5344,#5349,#5345,.T.);
#5351=ORIENTED_EDGE('',*,*,#5350,.T.);
#5352=(
BOUNDED_CURVE()
B_SPLINE_CURVE(3,(#5353,#5354,#5355,#5356),.UNSPECIFIED.,.F.,.F.)
B_SPLINE_CURVE_WITH_KNOTS((4,4),(0.000,1.000),.UNSPECIFIED.)
CURVE()
GEOMETRIC_REPRESENTATION_ITEM()
RATIONAL_B_SPLINE_CURVE((1.0000000000,1.0000000000,1.0000000000,1.0000000000))
REPRESENTATION_ITEM('')
);
#5353=CARTESIAN_POINT('',(51.9465230323,-18.0149896879,17.4105133731));
#5354=CARTESIAN_POINT('',(51.9465230323,-18.1409500336,17.4804640067));
#5355=CARTESIAN_POINT('',(51.9465230323,-18.3182448074,17.5550887290));
#5356=CARTESIAN_POINT('',(51.9465230323,-18.5235043634,17.5550887269));

#5357=CARTESIAN_POINT('',(51.9465230323,-18.5235043634,17.5550887269));
#5358=VERTEX_POINT('',#5357);
#5359=EDGE_CURVE('',#5349,#5358,#5352,.T.);
#5360=ORIENTED_EDGE('',*,*,#5359,.T.);
#5361=(
BOUNDED_CURVE()
B_SPLINE_CURVE(1,(#5362,#5363),.UNSPECIFIED.,.F.,.F.)
B_SPLINE_CURVE_WITH_KNOTS((2,2),(0.000,1.000),.UNSPECIFIED.)
CURVE()
GEOMETRIC_REPRESENTATION_ITEM()
RATIONAL_B_SPLINE_CURVE((1.0000000000,1.0000000000))
REPRESENTATION_ITEM('')
);
#5362=CARTESIAN_POINT('',(51.9465230323,-18.5235043546,17.5550887269));
#5363=CARTESIAN_POINT('',(54.7570208901,-18.5235043546,17.5550887269));

#5364=CARTESIAN_POINT('',(54.7570208901,-18.5235043546,17.5550887269));
#5365=VERTEX_POINT('',#5364);
#5366=EDGE_CURVE('',#5358,#5365,#5361,.T.);
#5367=ORIENTED_EDGE('',*,*,#5366,.T.);
#5368=(
BOUNDED_CURVE()
B_SPLINE_CURVE(3,(#5369,#5370,#5371,#5372),.UNSPECIFIED.,.F.,.F.)
B_SPLINE_CURVE_WITH_KNOTS((4,4),(0.000,1.000),.UNSPECIFIED.)
CURVE()
GEOMETRIC_REPRESENTATION_ITEM()
RATIONAL_B_SPLINE_CURVE((1.0000000000,1.0000000000,1.0000000000,1.0000000000))
REPRESENTATION_ITEM('')
);
#5369=CARTESIAN_POINT('',(54.7570208901,-18.5235043634,17.5550887269));
#5370=CARTESIAN_POINT('',(54.7570208901,-18.3182448074,17.5550887290));
#5371=CARTESIAN_POINT('',(54.7570208901,-18.1409500336,17.4804640067));
#5372=CARTESIAN_POINT('',(54.7570208901,-18.0149896879,17.4105133731));

#5373=EDGE_CURVE('',#5365,#5344,#5368,.T.);
#5374=ORIENTED_EDGE('',*,*,#5373,.T.);
#5375=EDGE_LOOP('',(#5351,#5360,#5367,#5374));
#5376=FACE_OUTER_BOUND('',#5375,.T.);
#5377=ADVANCED_FACE('',(#5376),#5334,.T.);
#5378=COLOUR_RGB('',0.39,0.39,0.39);
#5379=FILL_AREA_STYLE_COLOUR('',#5378);
#5380=FILL_AREA_STYLE('',(#5379));
#5381=SURFACE_STYLE_FILL_AREA(#5380);
#5382=SURFACE_STYLE_TRANSPARENT(0.00);
#5383=SURFACE_STYLE_RENDERING_WITH_PROPERTIES(.NORMAL_SHADING.,#5378,(#5382));
#5384=SURFACE_SIDE_STYLE('',(#5381, #5383));
#5385=SURFACE_STYLE_USAGE(.BOTH.,#5384);
#5386=PRESENTATION_STYLE_ASSIGNMENT((#5385));
#5387=STYLED_ITEM('',(#5386),#5377);

#5388=(
BOUNDED_SURFACE()
B_SPLINE_SURFACE(3,1,((#5389,#5390),(#5391,#5392),(#5393,#5394),(#5395,#5396)),.UNSPECIFIED.,.F.,.F.,.F.)
B_SPLINE_SURFACE_WITH_KNOTS((4,4),(2,2),(0.000,1.000),(0.000,1.000),.UNSPECIFIED.)
GEOMETRIC_REPRESENTATION_ITEM()
RATIONAL_B_SPLINE_SURFACE(((1.0000000000,1.0000000000),(1.0000000000,1.0000000000),(1.0000000000,1.0000000000),(1.0000000000,1.0000000000)))
REPRESENTATION_ITEM('')
SURFACE()
);
#5389=CARTESIAN_POINT('',(54.7570208901,-18.5235043546,17.5550887269));
#5390=CARTESIAN_POINT('',(51.9465230323,-18.5235043546,17.5550887269));
#5391=CARTESIAN_POINT('',(54.7570208901,-18.8174112922,17.5550887269));
#5392=CARTESIAN_POINT('',(51.9465230323,-18.8174112922,17.5550887269));
#5393=CARTESIAN_POINT('',(54.7570208901,-19.0133226675,17.3171915006));
#5394=CARTESIAN_POINT('',(51.9465230323,-19.0133226675,17.3171915006));
#5395=CARTESIAN_POINT('',(54.7570208901,-19.0133226675,16.9066727948));
#5396=CARTESIAN_POINT('',(51.9465230323,-19.0133226675,16.9066727948));

#5397=CARTESIAN_POINT('',(54.7570208901,-18.5235043546,17.5550887269));
#5398=VERTEX_POINT('',#5397);
#5399=(
BOUNDED_CURVE()
B_SPLINE_CURVE(1,(#5400,#5401),.UNSPECIFIED.,.F.,.F.)
B_SPLINE_CURVE_WITH_KNOTS((2,2),(0.000,1.000),.UNSPECIFIED.)
CURVE()
GEOMETRIC_REPRESENTATION_ITEM()
RATIONAL_B_SPLINE_CURVE((1.0000000000,1.0000000000))
REPRESENTATION_ITEM('')
);
#5400=CARTESIAN_POINT('',(54.7570208901,-18.5235043546,17.5550887269));
#5401=CARTESIAN_POINT('',(51.9465230323,-18.5235043546,17.5550887269));

#5402=CARTESIAN_POINT('',(51.9465230323,-18.5235043546,17.5550887269));
#5403=VERTEX_POINT('',#5402);
#5404=EDGE_CURVE('',#5398,#5403,#5399,.T.);
#5405=ORIENTED_EDGE('',*,*,#5404,.T.);
#5406=(
BOUNDED_CURVE()
B_SPLINE_CURVE(3,(#5407,#5408,#5409,#5410),.UNSPECIFIED.,.F.,.F.)
B_SPLINE_CURVE_WITH_KNOTS((4,4),(0.000,1.000),.UNSPECIFIED.)
CURVE()
GEOMETRIC_REPRESENTATION_ITEM()
RATIONAL_B_SPLINE_CURVE((1.0000000000,1.0000000000,1.0000000000,1.0000000000))
REPRESENTATION_ITEM('')
);
#5407=CARTESIAN_POINT('',(51.9465230323,-18.5235043546,17.5550887269));
#5408=CARTESIAN_POINT('',(51.9465230323,-18.8174112922,17.5550887269));
#5409=CARTESIAN_POINT('',(51.9465230323,-19.0133226675,17.3171915006));
#5410=CARTESIAN_POINT('',(51.9465230323,-19.0133226675,16.9066727948));

#5411=CARTESIAN_POINT('',(51.9465230323,-19.0133226675,16.9066727948));
#5412=VERTEX_POINT('',#5411);
#5413=EDGE_CURVE('',#5403,#5412,#5406,.T.);
#5414=ORIENTED_EDGE('',*,*,#5413,.T.);
#5415=(
BOUNDED_CURVE()
B_SPLINE_CURVE(1,(#5416,#5417),.UNSPECIFIED.,.F.,.F.)
B_SPLINE_CURVE_WITH_KNOTS((2,2),(0.000,1.000),.UNSPECIFIED.)
CURVE()
GEOMETRIC_REPRESENTATION_ITEM()
RATIONAL_B_SPLINE_CURVE((1.0000000000,1.0000000000))
REPRESENTATION_ITEM('')
);
#5416=CARTESIAN_POINT('',(51.9465230323,-19.0133226675,16.9066727948));
#5417=CARTESIAN_POINT('',(54.7570208901,-19.0133226675,16.9066727948));

#5418=CARTESIAN_POINT('',(54.7570208901,-19.0133226675,16.9066727948));
#5419=VERTEX_POINT('',#5418);
#5420=EDGE_CURVE('',#5412,#5419,#5415,.T.);
#5421=ORIENTED_EDGE('',*,*,#5420,.T.);
#5422=(
BOUNDED_CURVE()
B_SPLINE_CURVE(3,(#5423,#5424,#5425,#5426),.UNSPECIFIED.,.F.,.F.)
B_SPLINE_CURVE_WITH_KNOTS((4,4),(0.000,1.000),.UNSPECIFIED.)
CURVE()
GEOMETRIC_REPRESENTATION_ITEM()
RATIONAL_B_SPLINE_CURVE((1.0000000000,1.0000000000,1.0000000000,1.0000000000))
REPRESENTATION_ITEM('')
);
#5423=CARTESIAN_POINT('',(54.7570208901,-19.0133226675,16.9066727948));
#5424=CARTESIAN_POINT('',(54.7570208901,-19.0133226675,17.3171915006));
#5425=CARTESIAN_POINT('',(54.7570208901,-18.8174112922,17.5550887269));
#5426=CARTESIAN_POINT('',(54.7570208901,-18.5235043546,17.5550887269));

#5427=EDGE_CURVE('',#5419,#5398,#5422,.T.);
#5428=ORIENTED_EDGE('',*,*,#5427,.T.);
#5429=EDGE_LOOP('',(#5405,#5414,#5421,#5428));
#5430=FACE_OUTER_BOUND('',#5429,.T.);
#5431=ADVANCED_FACE('',(#5430),#5388,.T.);
#5432=COLOUR_RGB('',0.39,0.39,0.39);
#5433=FILL_AREA_STYLE_COLOUR('',#5432);
#5434=FILL_AREA_STYLE('',(#5433));
#5435=SURFACE_STYLE_FILL_AREA(#5434);
#5436=SURFACE_STYLE_TRANSPARENT(0.00);
#5437=SURFACE_STYLE_RENDERING_WITH_PROPERTIES(.NORMAL_SHADING.,#5432,(#5436));
#5438=SURFACE_SIDE_STYLE('',(#5435, #5437));
#5439=SURFACE_STYLE_USAGE(.BOTH.,#5438);
#5440=PRESENTATION_STYLE_ASSIGNMENT((#5439));
#5441=STYLED_ITEM('',(#5440),#5431);

#5442=(
BOUNDED_SURFACE()
B_SPLINE_SURFACE(3,1,((#5443,#5444),(#5445,#5446),(#5447,#5448),(#5449,#5450)),.UNSPECIFIED.,.F.,.F.,.F.)
B_SPLINE_SURFACE_WITH_KNOTS((4,4),(2,2),(0.000,1.000),(0.000,1.000),.UNSPECIFIED.)
GEOMETRIC_REPRESENTATION_ITEM()
RATIONAL_B_SPLINE_SURFACE(((1.0000000000,1.0000000000),(1.0000000000,1.0000000000),(1.0000000000,1.0000000000),(1.0000000000,1.0000000000)))
REPRESENTATION_ITEM('')
SURFACE()
);
#5443=CARTESIAN_POINT('',(54.7570208901,-19.0133226675,16.9066727948));
#5444=CARTESIAN_POINT('',(51.9465230323,-19.0133226675,16.9066727948));
#5445=CARTESIAN_POINT('',(54.7570208901,-19.0133226675,16.4494108119));
#5446=CARTESIAN_POINT('',(51.9465230323,-19.0133226675,16.4494108119));
#5447=CARTESIAN_POINT('',(54.7570208901,-18.7474602607,16.2535002341));
#5448=CARTESIAN_POINT('',(51.9465230323,-18.7474602607,16.2535002341));
#5449=CARTESIAN_POINT('',(54.7570208901,-18.4208339065,16.0669382319));
#5450=CARTESIAN_POINT('',(51.9465230323,-18.4208339065,16.0669382319));

#5451=CARTESIAN_POINT('',(54.7570208901,-19.0133226675,16.9066727948));
#5452=VERTEX_POINT('',#5451);
#5453=(
BOUNDED_CURVE()
B_SPLINE_CURVE(1,(#5454,#5455),.UNSPECIFIED.,.F.,.F.)
B_SPLINE_CURVE_WITH_KNOTS((2,2),(0.000,1.000),.UNSPECIFIED.)
CURVE()
GEOMETRIC_REPRESENTATION_ITEM()
RATIONAL_B_SPLINE_CURVE((1.0000000000,1.0000000000))
REPRESENTATION_ITEM('')
);
#5454=CARTESIAN_POINT('',(54.7570208901,-19.0133226675,16.9066727948));
#5455=CARTESIAN_POINT('',(51.9465230323,-19.0133226675,16.9066727948));

#5456=CARTESIAN_POINT('',(51.9465230323,-19.0133226675,16.9066727948));
#5457=VERTEX_POINT('',#5456);
#5458=EDGE_CURVE('',#5452,#5457,#5453,.T.);
#5459=ORIENTED_EDGE('',*,*,#5458,.T.);
#5460=(
BOUNDED_CURVE()
B_SPLINE_CURVE(3,(#5461,#5462,#5463,#5464),.UNSPECIFIED.,.F.,.F.)
B_SPLINE_CURVE_WITH_KNOTS((4,4),(0.000,1.000),.UNSPECIFIED.)
CURVE()
GEOMETRIC_REPRESENTATION_ITEM()
RATIONAL_B_SPLINE_CURVE((1.0000000000,1.0000000000,1.0000000000,1.0000000000))
REPRESENTATION_ITEM('')
);
#5461=CARTESIAN_POINT('',(51.9465230323,-19.0133226675,16.9066727948));
#5462=CARTESIAN_POINT('',(51.9465230323,-19.0133226675,16.4494108119));
#5463=CARTESIAN_POINT('',(51.9465230323,-18.7474602607,16.2535002341));
#5464=CARTESIAN_POINT('',(51.9465230323,-18.4208339065,16.0669382319));

#5465=CARTESIAN_POINT('',(51.9465230323,-18.4208339065,16.0669382319));
#5466=VERTEX_POINT('',#5465);
#5467=EDGE_CURVE('',#5457,#5466,#5460,.T.);
#5468=ORIENTED_EDGE('',*,*,#5467,.T.);
#5469=(
BOUNDED_CURVE()
B_SPLINE_CURVE(1,(#5470,#5471),.UNSPECIFIED.,.F.,.F.)
B_SPLINE_CURVE_WITH_KNOTS((2,2),(0.000,1.000),.UNSPECIFIED.)
CURVE()
GEOMETRIC_REPRESENTATION_ITEM()
RATIONAL_B_SPLINE_CURVE((1.0000000000,1.0000000000))
REPRESENTATION_ITEM('')
);
#5470=CARTESIAN_POINT('',(51.9465230323,-18.4208339065,16.0669382319));
#5471=CARTESIAN_POINT('',(54.7570208901,-18.4208339065,16.0669382319));

#5472=CARTESIAN_POINT('',(54.7570208901,-18.4208339065,16.0669382319));
#5473=VERTEX_POINT('',#5472);
#5474=EDGE_CURVE('',#5466,#5473,#5469,.T.);
#5475=ORIENTED_EDGE('',*,*,#5474,.T.);
#5476=(
BOUNDED_CURVE()
B_SPLINE_CURVE(3,(#5477,#5478,#5479,#5480),.UNSPECIFIED.,.F.,.F.)
B_SPLINE_CURVE_WITH_KNOTS((4,4),(0.000,1.000),.UNSPECIFIED.)
CURVE()
GEOMETRIC_REPRESENTATION_ITEM()
RATIONAL_B_SPLINE_CURVE((1.0000000000,1.0000000000,1.0000000000,1.0000000000))
REPRESENTATION_ITEM('')
);
#5477=CARTESIAN_POINT('',(54.7570208901,-18.4208339065,16.0669382319));
#5478=CARTESIAN_POINT('',(54.7570208901,-18.7474602607,16.2535002341));
#5479=CARTESIAN_POINT('',(54.7570208901,-19.0133226675,16.4494108119));
#5480=CARTESIAN_POINT('',(54.7570208901,-19.0133226675,16.9066727948));

#5481=EDGE_CURVE('',#5473,#5452,#5476,.T.);
#5482=ORIENTED_EDGE('',*,*,#5481,.T.);
#5483=EDGE_LOOP('',(#5459,#5468,#5475,#5482));
#5484=FACE_OUTER_BOUND('',#5483,.T.);
#5485=ADVANCED_FACE('',(#5484),#5442,.T.);
#5486=COLOUR_RGB('',0.39,0.39,0.39);
#5487=FILL_AREA_STYLE_COLOUR('',#5486);
#5488=FILL_AREA_STYLE('',(#5487));
#5489=SURFACE_STYLE_FILL_AREA(#5488);
#5490=SURFACE_STYLE_TRANSPARENT(0.00);
#5491=SURFACE_STYLE_RENDERING_WITH_PROPERTIES(.NORMAL_SHADING.,#5486,(#5490));
#5492=SURFACE_SIDE_STYLE('',(#5489, #5491));
#5493=SURFACE_STYLE_USAGE(.BOTH.,#5492);
#5494=PRESENTATION_STYLE_ASSIGNMENT((#5493));
#5495=STYLED_ITEM('',(#5494),#5485);

#5496=(
BOUNDED_SURFACE()
B_SPLINE_SURFACE(3,1,((#5497,#5498),(#5499,#5500),(#5501,#5502),(#5503,#5504)),.UNSPECIFIED.,.F.,.F.,.F.)
B_SPLINE_SURFACE_WITH_KNOTS((4,4),(2,2),(0.000,1.000),(0.000,1.000),.UNSPECIFIED.)
GEOMETRIC_REPRESENTATION_ITEM()
RATIONAL_B_SPLINE_SURFACE(((1.0000000000,1.0000000000),(1.0000000000,1.0000000000),(1.0000000000,1.0000000000),(1.0000000000,1.0000000000)))
REPRESENTATION_ITEM('')
SURFACE()
);
#5497=CARTESIAN_POINT('',(54.7570208901,-18.4208339065,16.0669382319));
#5498=CARTESIAN_POINT('',(51.9465230323,-18.4208339065,16.0669382319));
#5499=CARTESIAN_POINT('',(54.7570208901,-17.4644871765,15.5444001035));
#5500=CARTESIAN_POINT('',(51.9465230323,-17.4644871765,15.5444001035));
#5501=CARTESIAN_POINT('',(54.7570208901,-16.6200793226,15.1385558849));
#5502=CARTESIAN_POINT('',(51.9465230323,-16.6200793226,15.1385558849));
#5503=CARTESIAN_POINT('',(54.7570208901,-16.6200793226,13.8836283284));
#5504=CARTESIAN_POINT('',(51.9465230323,-16.6200793226,13.8836283284));

#5505=CARTESIAN_POINT('',(54.7570208901,-18.4208339065,16.0669382319));
#5506=VERTEX_POINT('',#5505);
#5507=(
BOUNDED_CURVE()
B_SPLINE_CURVE(1,(#5508,#5509),.UNSPECIFIED.,.F.,.F.)
B_SPLINE_CURVE_WITH_KNOTS((2,2),(0.000,1.000),.UNSPECIFIED.)
CURVE()
GEOMETRIC_REPRESENTATION_ITEM()
RATIONAL_B_SPLINE_CURVE((1.0000000000,1.0000000000))
REPRESENTATION_ITEM('')
);
#5508=CARTESIAN_POINT('',(54.7570208901,-18.4208339065,16.0669382319));
#5509=CARTESIAN_POINT('',(51.9465230323,-18.4208339065,16.0669382319));

#5510=CARTESIAN_POINT('',(51.9465230323,-18.4208339065,16.0669382319));
#5511=VERTEX_POINT('',#5510);
#5512=EDGE_CURVE('',#5506,#5511,#5507,.T.);
#5513=ORIENTED_EDGE('',*,*,#5512,.T.);
#5514=(
BOUNDED_CURVE()
B_SPLINE_CURVE(3,(#5515,#5516,#5517,#5518),.UNSPECIFIED.,.F.,.F.)
B_SPLINE_CURVE_WITH_KNOTS((4,4),(0.000,1.000),.UNSPECIFIED.)
CURVE()
GEOMETRIC_REPRESENTATION_ITEM()
RATIONAL_B_SPLINE_CURVE((1.0000000000,1.0000000000,1.0000000000,1.0000000000))
REPRESENTATION_ITEM('')
);
#5515=CARTESIAN_POINT('',(51.9465230323,-18.4208339065,16.0669382319));
#5516=CARTESIAN_POINT('',(51.9465230323,-17.4644871765,15.5444001035));
#5517=CARTESIAN_POINT('',(51.9465230323,-16.6200793226,15.1385558849));
#5518=CARTESIAN_POINT('',(51.9465230323,-16.6200793226,13.8836283283));

#5519=CARTESIAN_POINT('',(51.9465230323,-16.6200793226,13.8836283283));
#5520=VERTEX_POINT('',#5519);
#5521=EDGE_CURVE('',#5511,#5520,#5514,.T.);
#5522=ORIENTED_EDGE('',*,*,#5521,.T.);
#5523=(
BOUNDED_CURVE()
B_SPLINE_CURVE(1,(#5524,#5525),.UNSPECIFIED.,.F.,.F.)
B_SPLINE_CURVE_WITH_KNOTS((2,2),(0.000,1.000),.UNSPECIFIED.)
CURVE()
GEOMETRIC_REPRESENTATION_ITEM()
RATIONAL_B_SPLINE_CURVE((1.0000000000,1.0000000000))
REPRESENTATION_ITEM('')
);
#5524=CARTESIAN_POINT('',(51.9465230323,-16.6200793226,13.8836283284));
#5525=CARTESIAN_POINT('',(54.7570208901,-16.6200793226,13.8836283284));

#5526=CARTESIAN_POINT('',(54.7570208901,-16.6200793226,13.8836283284));
#5527=VERTEX_POINT('',#5526);
#5528=EDGE_CURVE('',#5520,#5527,#5523,.T.);
#5529=ORIENTED_EDGE('',*,*,#5528,.T.);
#5530=(
BOUNDED_CURVE()
B_SPLINE_CURVE(3,(#5531,#5532,#5533,#5534),.UNSPECIFIED.,.F.,.F.)
B_SPLINE_CURVE_WITH_KNOTS((4,4),(0.000,1.000),.UNSPECIFIED.)
CURVE()
GEOMETRIC_REPRESENTATION_ITEM()
RATIONAL_B_SPLINE_CURVE((1.0000000000,1.0000000000,1.0000000000,1.0000000000))
REPRESENTATION_ITEM('')
);
#5531=CARTESIAN_POINT('',(54.7570208901,-16.6200793226,13.8836283283));
#5532=CARTESIAN_POINT('',(54.7570208901,-16.6200793226,15.1385558849));
#5533=CARTESIAN_POINT('',(54.7570208901,-17.4644871765,15.5444001035));
#5534=CARTESIAN_POINT('',(54.7570208901,-18.4208339065,16.0669382319));

#5535=EDGE_CURVE('',#5527,#5506,#5530,.T.);
#5536=ORIENTED_EDGE('',*,*,#5535,.T.);
#5537=EDGE_LOOP('',(#5513,#5522,#5529,#5536));
#5538=FACE_OUTER_BOUND('',#5537,.T.);
#5539=ADVANCED_FACE('',(#5538),#5496,.T.);
#5540=COLOUR_RGB('',0.39,0.39,0.39);
#5541=FILL_AREA_STYLE_COLOUR('',#5540);
#5542=FILL_AREA_STYLE('',(#5541));
#5543=SURFACE_STYLE_FILL_AREA(#5542);
#5544=SURFACE_STYLE_TRANSPARENT(0.00);
#5545=SURFACE_STYLE_RENDERING_WITH_PROPERTIES(.NORMAL_SHADING.,#5540,(#5544));
#5546=SURFACE_SIDE_STYLE('',(#5543, #5545));
#5547=SURFACE_STYLE_USAGE(.BOTH.,#5546);
#5548=PRESENTATION_STYLE_ASSIGNMENT((#5547));
#5549=STYLED_ITEM('',(#5548),#5539);

#5550=(
BOUNDED_SURFACE()
B_SPLINE_SURFACE(3,1,((#5551,#5552),(#5553,#5554),(#5555,#5556),(#5557,#5558)),.UNSPECIFIED.,.F.,.F.,.F.)
B_SPLINE_SURFACE_WITH_KNOTS((4,4),(2,2),(0.000,1.000),(0.000,1.000),.UNSPECIFIED.)
GEOMETRIC_REPRESENTATION_ITEM()
RATIONAL_B_SPLINE_SURFACE(((1.0000000000,1.0000000000),(1.0000000000,1.0000000000),(1.0000000000,1.0000000000),(1.0000000000,1.0000000000)))
REPRESENTATION_ITEM('')
SURFACE()
);
#5551=CARTESIAN_POINT('',(54.7570208901,-16.6200793226,13.8836283284));
#5552=CARTESIAN_POINT('',(51.9465230323,-16.6200793226,13.8836283284));
#5553=CARTESIAN_POINT('',(54.7570208901,-16.6200793226,12.5400531373));
#5554=CARTESIAN_POINT('',(51.9465230323,-16.6200793226,12.5400531373));
#5555=CARTESIAN_POINT('',(54.7570208901,-17.4691620625,11.8402197151));
#5556=CARTESIAN_POINT('',(51.9465230323,-17.4691620625,11.8402197151));
#5557=CARTESIAN_POINT('',(54.7570208901,-18.7847732194,11.8402197151));
#5558=CARTESIAN_POINT('',(51.9465230323,-18.7847732194,11.8402197151));

#5559=CARTESIAN_POINT('',(54.7570208901,-16.6200793226,13.8836283284));
#5560=VERTEX_POINT('',#5559);
#5561=(
BOUNDED_CURVE()
B_SPLINE_CURVE(1,(#5562,#5563),.UNSPECIFIED.,.F.,.F.)
B_SPLINE_CURVE_WITH_KNOTS((2,2),(0.000,1.000),.UNSPECIFIED.)
CURVE()
GEOMETRIC_REPRESENTATION_ITEM()
RATIONAL_B_SPLINE_CURVE((1.0000000000,1.0000000000))
REPRESENTATION_ITEM('')
);
#5562=CARTESIAN_POINT('',(54.7570208901,-16.6200793226,13.8836283284));
#5563=CARTESIAN_POINT('',(51.9465230323,-16.6200793226,13.8836283284));

#5564=CARTESIAN_POINT('',(51.9465230323,-16.6200793226,13.8836283284));
#5565=VERTEX_POINT('',#5564);
#5566=EDGE_CURVE('',#5560,#5565,#5561,.T.);
#5567=ORIENTED_EDGE('',*,*,#5566,.T.);
#5568=(
BOUNDED_CURVE()
B_SPLINE_CURVE(3,(#5569,#5570,#5571,#5572),.UNSPECIFIED.,.F.,.F.)
B_SPLINE_CURVE_WITH_KNOTS((4,4),(0.000,1.000),.UNSPECIFIED.)
CURVE()
GEOMETRIC_REPRESENTATION_ITEM()
RATIONAL_B_SPLINE_CURVE((1.0000000000,1.0000000000,1.0000000000,1.0000000000))
REPRESENTATION_ITEM('')
);
#5569=CARTESIAN_POINT('',(51.9465230323,-16.6200793226,13.8836283284));
#5570=CARTESIAN_POINT('',(51.9465230323,-16.6200793226,12.5400531373));
#5571=CARTESIAN_POINT('',(51.9465230323,-17.4691620625,11.8402197151));
#5572=CARTESIAN_POINT('',(51.9465230323,-18.7847732194,11.8402197151));

#5573=CARTESIAN_POINT('',(51.9465230323,-18.7847732194,11.8402197151));
#5574=VERTEX_POINT('',#5573);
#5575=EDGE_CURVE('',#5565,#5574,#5568,.T.);
#5576=ORIENTED_EDGE('',*,*,#5575,.T.);
#5577=(
BOUNDED_CURVE()
B_SPLINE_CURVE(1,(#5578,#5579),.UNSPECIFIED.,.F.,.F.)
B_SPLINE_CURVE_WITH_KNOTS((2,2),(0.000,1.000),.UNSPECIFIED.)
CURVE()
GEOMETRIC_REPRESENTATION_ITEM()
RATIONAL_B_SPLINE_CURVE((1.0000000000,1.0000000000))
REPRESENTATION_ITEM('')
);
#5578=CARTESIAN_POINT('',(51.9465230323,-18.7847732194,11.8402197151));
#5579=CARTESIAN_POINT('',(54.7570208901,-18.7847732194,11.8402197151));

#5580=CARTESIAN_POINT('',(54.7570208901,-18.7847732194,11.8402197151));
#5581=VERTEX_POINT('',#5580);
#5582=EDGE_CURVE('',#5574,#5581,#5577,.T.);
#5583=ORIENTED_EDGE('',*,*,#5582,.T.);
#5584=(
BOUNDED_CURVE()
B_SPLINE_CURVE(3,(#5585,#5586,#5587,#5588),.UNSPECIFIED.,.F.,.F.)
B_SPLINE_CURVE_WITH_KNOTS((4,4),(0.000,1.000),.UNSPECIFIED.)
CURVE()
GEOMETRIC_REPRESENTATION_ITEM()
RATIONAL_B_SPLINE_CURVE((1.0000000000,1.0000000000,1.0000000000,1.0000000000))
REPRESENTATION_ITEM('')
);
#5585=CARTESIAN_POINT('',(54.7570208901,-18.7847732194,11.8402197151));
#5586=CARTESIAN_POINT('',(54.7570208901,-17.4691620625,11.8402197151));
#5587=CARTESIAN_POINT('',(54.7570208901,-16.6200793226,12.5400531373));
#5588=CARTESIAN_POINT('',(54.7570208901,-16.6200793226,13.8836283284));

#5589=EDGE_CURVE('',#5581,#5560,#5584,.T.);
#5590=ORIENTED_EDGE('',*,*,#5589,.T.);
#5591=EDGE_LOOP('',(#5567,#5576,#5583,#5590));
#5592=FACE_OUTER_BOUND('',#5591,.T.);
#5593=ADVANCED_FACE('',(#5592),#5550,.T.);
#5594=COLOUR_RGB('',0.39,0.39,0.39);
#5595=FILL_AREA_STYLE_COLOUR('',#5594);
#5596=FILL_AREA_STYLE('',(#5595));
#5597=SURFACE_STYLE_FILL_AREA(#5596);
#5598=SURFACE_STYLE_TRANSPARENT(0.00);
#5599=SURFACE_STYLE_RENDERING_WITH_PROPERTIES(.NORMAL_SHADING.,#5594,(#5598));
#5600=SURFACE_SIDE_STYLE('',(#5597, #5599));
#5601=SURFACE_STYLE_USAGE(.BOTH.,#5600);
#5602=PRESENTATION_STYLE_ASSIGNMENT((#5601));
#5603=STYLED_ITEM('',(#5602),#5593);

#5604=(
BOUNDED_SURFACE()
B_SPLINE_SURFACE(3,1,((#5605,#5606),(#5607,#5608),(#5609,#5610),(#5611,#5612)),.UNSPECIFIED.,.F.,.F.,.F.)
B_SPLINE_SURFACE_WITH_KNOTS((4,4),(2,2),(0.000,1.000),(0.000,1.000),.UNSPECIFIED.)
GEOMETRIC_REPRESENTATION_ITEM()
RATIONAL_B_SPLINE_SURFACE(((1.0000000000,1.0000000000),(1.0000000000,1.0000000000),(1.0000000000,1.0000000000),(1.0000000000,1.0000000000)))
REPRESENTATION_ITEM('')
SURFACE()
);
#5605=CARTESIAN_POINT('',(54.7570208901,-18.7847732194,11.8402197151));
#5606=CARTESIAN_POINT('',(51.9465230323,-18.7847732194,11.8402197151));
#5607=CARTESIAN_POINT('',(54.7570208901,-19.4985474384,11.8402197151));
#5608=CARTESIAN_POINT('',(51.9465230323,-19.4985474384,11.8402197151));
#5609=CARTESIAN_POINT('',(54.7570208901,-19.9790175744,12.0688505601));
#5610=CARTESIAN_POINT('',(51.9465230323,-19.9790175744,12.0688505601));
#5611=CARTESIAN_POINT('',(54.7570208901,-20.2869475748,12.3020736948));
#5612=CARTESIAN_POINT('',(51.9465230323,-20.2869475748,12.3020736948));

#5613=CARTESIAN_POINT('',(54.7570208901,-18.7847732194,11.8402197151));
#5614=VERTEX_POINT('',#5613);
#5615=(
BOUNDED_CURVE()
B_SPLINE_CURVE(1,(#5616,#5617),.UNSPECIFIED.,.F.,.F.)
B_SPLINE_CURVE_WITH_KNOTS((2,2),(0.000,1.000),.UNSPECIFIED.)
CURVE()
GEOMETRIC_REPRESENTATION_ITEM()
RATIONAL_B_SPLINE_CURVE((1.0000000000,1.0000000000))
REPRESENTATION_ITEM('')
);
#5616=CARTESIAN_POINT('',(54.7570208901,-18.7847732194,11.8402197151));
#5617=CARTESIAN_POINT('',(51.9465230323,-18.7847732194,11.8402197151));

#5618=CARTESIAN_POINT('',(51.9465230323,-18.7847732194,11.8402197151));
#5619=VERTEX_POINT('',#5618);
#5620=EDGE_CURVE('',#5614,#5619,#5615,.T.);
#5621=ORIENTED_EDGE('',*,*,#5620,.T.);
#5622=(
BOUNDED_CURVE()
B_SPLINE_CURVE(3,(#5623,#5624,#5625,#5626),.UNSPECIFIED.,.F.,.F.)
B_SPLINE_CURVE_WITH_KNOTS((4,4),(0.000,1.000),.UNSPECIFIED.)
CURVE()
GEOMETRIC_REPRESENTATION_ITEM()
RATIONAL_B_SPLINE_CURVE((1.0000000000,1.0000000000,1.0000000000,1.0000000000))
REPRESENTATION_ITEM('')
);
#5623=CARTESIAN_POINT('',(51.9465230323,-18.7847732194,11.8402197151));
#5624=CARTESIAN_POINT('',(51.9465230323,-19.4985474384,11.8402197151));
#5625=CARTESIAN_POINT('',(51.9465230323,-19.9790175744,12.0688505601));
#5626=CARTESIAN_POINT('',(51.9465230323,-20.2869475748,12.3020736948));

#5627=CARTESIAN_POINT('',(51.9465230323,-20.2869475748,12.3020736948));
#5628=VERTEX_POINT('',#5627);
#5629=EDGE_CURVE('',#5619,#5628,#5622,.T.);
#5630=ORIENTED_EDGE('',*,*,#5629,.T.);
#5631=(
BOUNDED_CURVE()
B_SPLINE_CURVE(1,(#5632,#5633),.UNSPECIFIED.,.F.,.F.)
B_SPLINE_CURVE_WITH_KNOTS((2,2),(0.000,1.000),.UNSPECIFIED.)
CURVE()
GEOMETRIC_REPRESENTATION_ITEM()
RATIONAL_B_SPLINE_CURVE((1.0000000000,1.0000000000))
REPRESENTATION_ITEM('')
);
#5632=CARTESIAN_POINT('',(51.9465230323,-20.2869475748,12.3020736948));
#5633=CARTESIAN_POINT('',(54.7570208901,-20.2869475748,12.3020736948));

#5634=CARTESIAN_POINT('',(54.7570208901,-20.2869475748,12.3020736948));
#5635=VERTEX_POINT('',#5634);
#5636=EDGE_CURVE('',#5628,#5635,#5631,.T.);
#5637=ORIENTED_EDGE('',*,*,#5636,.T.);
#5638=(
BOUNDED_CURVE()
B_SPLINE_CURVE(3,(#5639,#5640,#5641,#5642),.UNSPECIFIED.,.F.,.F.)
B_SPLINE_CURVE_WITH_KNOTS((4,4),(0.000,1.000),.UNSPECIFIED.)
CURVE()
GEOMETRIC_REPRESENTATION_ITEM()
RATIONAL_B_SPLINE_CURVE((1.0000000000,1.0000000000,1.0000000000,1.0000000000))
REPRESENTATION_ITEM('')
);
#5639=CARTESIAN_POINT('',(54.7570208901,-20.2869475748,12.3020736948));
#5640=CARTESIAN_POINT('',(54.7570208901,-19.9790175744,12.0688505601));
#5641=CARTESIAN_POINT('',(54.7570208901,-19.4985474384,11.8402197151));
#5642=CARTESIAN_POINT('',(54.7570208901,-18.7847732194,11.8402197151));

#5643=EDGE_CURVE('',#5635,#5614,#5638,.T.);
#5644=ORIENTED_EDGE('',*,*,#5643,.T.);
#5645=EDGE_LOOP('',(#5621,#5630,#5637,#5644));
#5646=FACE_OUTER_BOUND('',#5645,.T.);
#5647=ADVANCED_FACE('',(#5646),#5604,.T.);
#5648=COLOUR_RGB('',0.39,0.39,0.39);
#5649=FILL_AREA_STYLE_COLOUR('',#5648);
#5650=FILL_AREA_STYLE('',(#5649));
#5651=SURFACE_STYLE_FILL_AREA(#5650);
#5652=SURFACE_STYLE_TRANSPARENT(0.00);
#5653=SURFACE_STYLE_RENDERING_WITH_PROPERTIES(.NORMAL_SHADING.,#5648,(#5652));
#5654=SURFACE_SIDE_STYLE('',(#5651, #5653));
#5655=SURFACE_STYLE_USAGE(.BOTH.,#5654);
#5656=PRESENTATION_STYLE_ASSIGNMENT((#5655));
#5657=STYLED_ITEM('',(#5656),#5647);

#5658=(
BOUNDED_SURFACE()
B_SPLINE_SURFACE(3,1,((#5659,#5660),(#5661,#5662),(#5663,#5664),(#5665,#5666)),.UNSPECIFIED.,.F.,.F.,.F.)
B_SPLINE_SURFACE_WITH_KNOTS((4,4),(2,2),(0.000,1.000),(0.000,1.000),.UNSPECIFIED.)
GEOMETRIC_REPRESENTATION_ITEM()
RATIONAL_B_SPLINE_SURFACE(((1.0000000000,1.0000000000),(1.0000000000,1.0000000000),(1.0000000000,1.0000000000),(1.0000000000,1.0000000000)))
REPRESENTATION_ITEM('')
SURFACE()
);
#5659=CARTESIAN_POINT('',(54.7570208901,-20.2869475748,12.3020736948));
#5660=CARTESIAN_POINT('',(51.9465230323,-20.2869475748,12.3020736948));
#5661=CARTESIAN_POINT('',(54.7570208901,-20.4688342923,12.4373824898));
#5662=CARTESIAN_POINT('',(51.9465230323,-20.4688342923,12.4373824898));
#5663=CARTESIAN_POINT('',(54.7570208901,-20.6134925851,12.5913885109));
#5664=CARTESIAN_POINT('',(51.9465230323,-20.6134925851,12.5913885109));
#5665=CARTESIAN_POINT('',(54.7570208901,-20.7254298661,12.7639276994));
#5666=CARTESIAN_POINT('',(51.9465230323,-20.7254298661,12.7639276994));

#5667=CARTESIAN_POINT('',(54.7570208901,-20.2869475748,12.3020736948));
#5668=VERTEX_POINT('',#5667);
#5669=(
BOUNDED_CURVE()
B_SPLINE_CURVE(1,(#5670,#5671),.UNSPECIFIED.,.F.,.F.)
B_SPLINE_CURVE_WITH_KNOTS((2,2),(0.000,1.000),.UNSPECIFIED.)
CURVE()
GEOMETRIC_REPRESENTATION_ITEM()
RATIONAL_B_SPLINE_CURVE((1.0000000000,1.0000000000))
REPRESENTATION_ITEM('')
);
#5670=CARTESIAN_POINT('',(54.7570208901,-20.2869475748,12.3020736948));
#5671=CARTESIAN_POINT('',(51.9465230323,-20.2869475748,12.3020736948));

#5672=CARTESIAN_POINT('',(51.9465230323,-20.2869475748,12.3020736948));
#5673=VERTEX_POINT('',#5672);
#5674=EDGE_CURVE('',#5668,#5673,#5669,.T.);
#5675=ORIENTED_EDGE('',*,*,#5674,.T.);
#5676=(
BOUNDED_CURVE()
B_SPLINE_CURVE(3,(#5677,#5678,#5679,#5680),.UNSPECIFIED.,.F.,.F.)
B_SPLINE_CURVE_WITH_KNOTS((4,4),(0.000,1.000),.UNSPECIFIED.)
CURVE()
GEOMETRIC_REPRESENTATION_ITEM()
RATIONAL_B_SPLINE_CURVE((1.0000000000,1.0000000000,1.0000000000,1.0000000000))
REPRESENTATION_ITEM('')
);
#5677=CARTESIAN_POINT('',(51.9465230323,-20.2869475748,12.3020736948));
#5678=CARTESIAN_POINT('',(51.9465230323,-20.4688342923,12.4373824898));
#5679=CARTESIAN_POINT('',(51.9465230323,-20.6134925850,12.5913885109));
#5680=CARTESIAN_POINT('',(51.9465230323,-20.7254298661,12.7639276994));

#5681=CARTESIAN_POINT('',(51.9465230323,-20.7254298661,12.7639276994));
#5682=VERTEX_POINT('',#5681);
#5683=EDGE_CURVE('',#5673,#5682,#5676,.T.);
#5684=ORIENTED_EDGE('',*,*,#5683,.T.);
#5685=(
BOUNDED_CURVE()
B_SPLINE_CURVE(1,(#5686,#5687),.UNSPECIFIED.,.F.,.F.)
B_SPLINE_CURVE_WITH_KNOTS((2,2),(0.000,1.000),.UNSPECIFIED.)
CURVE()
GEOMETRIC_REPRESENTATION_ITEM()
RATIONAL_B_SPLINE_CURVE((1.0000000000,1.0000000000))
REPRESENTATION_ITEM('')
);
#5686=CARTESIAN_POINT('',(51.9465230323,-20.7254298661,12.7639276994));
#5687=CARTESIAN_POINT('',(54.7570208901,-20.7254298661,12.7639276994));

#5688=CARTESIAN_POINT('',(54.7570208901,-20.7254298661,12.7639276994));
#5689=VERTEX_POINT('',#5688);
#5690=EDGE_CURVE('',#5682,#5689,#5685,.T.);
#5691=ORIENTED_EDGE('',*,*,#5690,.T.);
#5692=(
BOUNDED_CURVE()
B_SPLINE_CURVE(3,(#5693,#5694,#5695,#5696),.UNSPECIFIED.,.F.,.F.)
B_SPLINE_CURVE_WITH_KNOTS((4,4),(0.000,1.000),.UNSPECIFIED.)
CURVE()
GEOMETRIC_REPRESENTATION_ITEM()
RATIONAL_B_SPLINE_CURVE((1.0000000000,1.0000000000,1.0000000000,1.0000000000))
REPRESENTATION_ITEM('')
);
#5693=CARTESIAN_POINT('',(54.7570208901,-20.7254298661,12.7639276994));
#5694=CARTESIAN_POINT('',(54.7570208901,-20.6134925850,12.5913885109));
#5695=CARTESIAN_POINT('',(54.7570208901,-20.4688342923,12.4373824898));
#5696=CARTESIAN_POINT('',(54.7570208901,-20.2869475748,12.3020736948));

#5697=EDGE_CURVE('',#5689,#5668,#5692,.T.);
#5698=ORIENTED_EDGE('',*,*,#5697,.T.);
#5699=EDGE_LOOP('',(#5675,#5684,#5691,#5698));
#5700=FACE_OUTER_BOUND('',#5699,.T.);
#5701=ADVANCED_FACE('',(#5700),#5658,.T.);
#5702=COLOUR_RGB('',0.39,0.39,0.39);
#5703=FILL_AREA_STYLE_COLOUR('',#5702);
#5704=FILL_AREA_STYLE('',(#5703));
#5705=SURFACE_STYLE_FILL_AREA(#5704);
#5706=SURFACE_STYLE_TRANSPARENT(0.00);
#5707=SURFACE_STYLE_RENDERING_WITH_PROPERTIES(.NORMAL_SHADING.,#5702,(#5706));
#5708=SURFACE_SIDE_STYLE('',(#5705, #5707));
#5709=SURFACE_STYLE_USAGE(.BOTH.,#5708);
#5710=PRESENTATION_STYLE_ASSIGNMENT((#5709));
#5711=STYLED_ITEM('',(#5710),#5701);

#5712=(
BOUNDED_SURFACE()
B_SPLINE_SURFACE(1,1,((#5713,#5714),(#5715,#5716)),.UNSPECIFIED.,.F.,.F.,.F.)
B_SPLINE_SURFACE_WITH_KNOTS((2,2),(2,2),(0.000,1.000),(0.000,1.000),.UNSPECIFIED.)
GEOMETRIC_REPRESENTATION_ITEM()
RATIONAL_B_SPLINE_SURFACE(((1.0000000000,1.0000000000),(1.0000000000,1.0000000000)))
REPRESENTATION_ITEM('')
SURFACE()
);
#5713=CARTESIAN_POINT('',(54.7570208901,-20.7254298661,12.7639276994));
#5714=CARTESIAN_POINT('',(51.9465230323,-20.7254298661,12.7639276994));
#5715=CARTESIAN_POINT('',(54.7570208901,-19.6804357509,13.5756984276));
#5716=CARTESIAN_POINT('',(51.9465230323,-19.6804357509,13.5756984276));

#5717=CARTESIAN_POINT('',(54.7570208901,-20.7254298661,12.7639276994));
#5718=VERTEX_POINT('',#5717);
#5719=(
BOUNDED_CURVE()
B_SPLINE_CURVE(1,(#5720,#5721),.UNSPECIFIED.,.F.,.F.)
B_SPLINE_CURVE_WITH_KNOTS((2,2),(0.000,1.000),.UNSPECIFIED.)
CURVE()
GEOMETRIC_REPRESENTATION_ITEM()
RATIONAL_B_SPLINE_CURVE((1.0000000000,1.0000000000))
REPRESENTATION_ITEM('')
);
#5720=CARTESIAN_POINT('',(54.7570208901,-20.7254298661,12.7639276994));
#5721=CARTESIAN_POINT('',(51.9465230323,-20.7254298661,12.7639276994));

#5722=CARTESIAN_POINT('',(51.9465230323,-20.7254298661,12.7639276994));
#5723=VERTEX_POINT('',#5722);
#5724=EDGE_CURVE('',#5718,#5723,#5719,.T.);
#5725=ORIENTED_EDGE('',*,*,#5724,.T.);
#5726=(
BOUNDED_CURVE()
B_SPLINE_CURVE(1,(#5727,#5728),.UNSPECIFIED.,.F.,.F.)
B_SPLINE_CURVE_WITH_KNOTS((2,2),(0.000,1.000),.UNSPECIFIED.)
CURVE()
GEOMETRIC_REPRESENTATION_ITEM()
RATIONAL_B_SPLINE_CURVE((1.0000000000,1.0000000000))
REPRESENTATION_ITEM('')
);
#5727=CARTESIAN_POINT('',(51.9465230323,-20.7254298661,12.7639276994));
#5728=CARTESIAN_POINT('',(51.9465230323,-19.6804357509,13.5756984276));

#5729=CARTESIAN_POINT('',(51.9465230323,-19.6804357509,13.5756984276));
#5730=VERTEX_POINT('',#5729);
#5731=EDGE_CURVE('',#5723,#5730,#5726,.T.);
#5732=ORIENTED_EDGE('',*,*,#5731,.T.);
#5733=(
BOUNDED_CURVE()
B_SPLINE_CURVE(1,(#5734,#5735),.UNSPECIFIED.,.F.,.F.)
B_SPLINE_CURVE_WITH_KNOTS((2,2),(0.000,1.000),.UNSPECIFIED.)
CURVE()
GEOMETRIC_REPRESENTATION_ITEM()
RATIONAL_B_SPLINE_CURVE((1.0000000000,1.0000000000))
REPRESENTATION_ITEM('')
);
#5734=CARTESIAN_POINT('',(51.9465230323,-19.6804357509,13.5756984276));
#5735=CARTESIAN_POINT('',(54.7570208901,-19.6804357509,13.5756984276));

#5736=CARTESIAN_POINT('',(54.7570208901,-19.6804357509,13.5756984276));
#5737=VERTEX_POINT('',#5736);
#5738=EDGE_CURVE('',#5730,#5737,#5733,.T.);
#5739=ORIENTED_EDGE('',*,*,#5738,.T.);
#5740=(
BOUNDED_CURVE()
B_SPLINE_CURVE(1,(#5741,#5742),.UNSPECIFIED.,.F.,.F.)
B_SPLINE_CURVE_WITH_KNOTS((2,2),(0.000,1.000),.UNSPECIFIED.)
CURVE()
GEOMETRIC_REPRESENTATION_ITEM()
RATIONAL_B_SPLINE_CURVE((1.0000000000,1.0000000000))
REPRESENTATION_ITEM('')
);
#5741=CARTESIAN_POINT('',(54.7570208901,-19.6804357509,13.5756984276));
#5742=CARTESIAN_POINT('',(54.7570208901,-20.7254298661,12.7639276994));

#5743=EDGE_CURVE('',#5737,#5718,#5740,.T.);
#5744=ORIENTED_EDGE('',*,*,#5743,.T.);
#5745=EDGE_LOOP('',(#5725,#5732,#5739,#5744));
#5746=FACE_OUTER_BOUND('',#5745,.T.);
#5747=ADVANCED_FACE('',(#5746),#5712,.T.);
#5748=COLOUR_RGB('',0.39,0.39,0.39);
#5749=FILL_AREA_STYLE_COLOUR('',#5748);
#5750=FILL_AREA_STYLE('',(#5749));
#5751=SURFACE_STYLE_FILL_AREA(#5750);
#5752=SURFACE_STYLE_TRANSPARENT(0.00);
#5753=SURFACE_STYLE_RENDERING_WITH_PROPERTIES(.NORMAL_SHADING.,#5748,(#5752));
#5754=SURFACE_SIDE_STYLE('',(#5751, #5753));
#5755=SURFACE_STYLE_USAGE(.BOTH.,#5754);
#5756=PRESENTATION_STYLE_ASSIGNMENT((#5755));
#5757=STYLED_ITEM('',(#5756),#5747);

#5758=(
BOUNDED_SURFACE()
B_SPLINE_SURFACE(3,1,((#5759,#5760),(#5761,#5762),(#5763,#5764),(#5765,#5766)),.UNSPECIFIED.,.F.,.F.,.F.)
B_SPLINE_SURFACE_WITH_KNOTS((4,4),(2,2),(0.000,1.000),(0.000,1.000),.UNSPECIFIED.)
GEOMETRIC_REPRESENTATION_ITEM()
RATIONAL_B_SPLINE_SURFACE(((1.0000000000,1.0000000000),(1.0000000000,1.0000000000),(1.0000000000,1.0000000000),(1.0000000000,1.0000000000)))
REPRESENTATION_ITEM('')
SURFACE()
);
#5759=CARTESIAN_POINT('',(54.7570208901,-19.6804357509,13.5756984276));
#5760=CARTESIAN_POINT('',(51.9465230323,-19.6804357509,13.5756984276));
#5761=CARTESIAN_POINT('',(54.7570208901,-19.6104847195,13.5010736068));
#5762=CARTESIAN_POINT('',(51.9465230323,-19.6104847195,13.5010736068));
#5763=CARTESIAN_POINT('',(54.7570208901,-19.5311855112,13.4357153199));
#5764=CARTESIAN_POINT('',(51.9465230323,-19.5311855112,13.4357153199));
#5765=CARTESIAN_POINT('',(54.7570208901,-19.4425381259,13.3797876504));
#5766=CARTESIAN_POINT('',(51.9465230323,-19.4425381259,13.3797876504));

#5767=CARTESIAN_POINT('',(54.7570208901,-19.6804357509,13.5756984276));
#5768=VERTEX_POINT('',#5767);
#5769=(
BOUNDED_CURVE()
B_SPLINE_CURVE(1,(#5770,#5771),.UNSPECIFIED.,.F.,.F.)
B_SPLINE_CURVE_WITH_KNOTS((2,2),(0.000,1.000),.UNSPECIFIED.)
CURVE()
GEOMETRIC_REPRESENTATION_ITEM()
RATIONAL_B_SPLINE_CURVE((1.0000000000,1.0000000000))
REPRESENTATION_ITEM('')
);
#5770=CARTESIAN_POINT('',(54.7570208901,-19.6804357509,13.5756984276));
#5771=CARTESIAN_POINT('',(51.9465230323,-19.6804357509,13.5756984276));

#5772=CARTESIAN_POINT('',(51.9465230323,-19.6804357509,13.5756984276));
#5773=VERTEX_POINT('',#5772);
#5774=EDGE_CURVE('',#5768,#5773,#5769,.T.);
#5775=ORIENTED_EDGE('',*,*,#5774,.T.);
#5776=(
BOUNDED_CURVE()
B_SPLINE_CURVE(3,(#5777,#5778,#5779,#5780),.UNSPECIFIED.,.F.,.F.)
B_SPLINE_CURVE_WITH_KNOTS((4,4),(0.000,1.000),.UNSPECIFIED.)
CURVE()
GEOMETRIC_REPRESENTATION_ITEM()
RATIONAL_B_SPLINE_CURVE((1.0000000000,1.0000000000,1.0000000000,1.0000000000))
REPRESENTATION_ITEM('')
);
#5777=CARTESIAN_POINT('',(51.9465230323,-19.6804357509,13.5756984276));
#5778=CARTESIAN_POINT('',(51.9465230323,-19.6104847195,13.5010736068));
#5779=CARTESIAN_POINT('',(51.9465230323,-19.5311855111,13.4357153199));
#5780=CARTESIAN_POINT('',(51.9465230323,-19.4425381259,13.3797876504));

#5781=CARTESIAN_POINT('',(51.9465230323,-19.4425381259,13.3797876504));
#5782=VERTEX_POINT('',#5781);
#5783=EDGE_CURVE('',#5773,#5782,#5776,.T.);
#5784=ORIENTED_EDGE('',*,*,#5783,.T.);
#5785=(
BOUNDED_CURVE()
B_SPLINE_CURVE(1,(#5786,#5787),.UNSPECIFIED.,.F.,.F.)
B_SPLINE_CURVE_WITH_KNOTS((2,2),(0.000,1.000),.UNSPECIFIED.)
CURVE()
GEOMETRIC_REPRESENTATION_ITEM()
RATIONAL_B_SPLINE_CURVE((1.0000000000,1.0000000000))
REPRESENTATION_ITEM('')
);
#5786=CARTESIAN_POINT('',(51.9465230323,-19.4425381259,13.3797876504));
#5787=CARTESIAN_POINT('',(54.7570208901,-19.4425381259,13.3797876504));

#5788=CARTESIAN_POINT('',(54.7570208901,-19.4425381259,13.3797876504));
#5789=VERTEX_POINT('',#5788);
#5790=EDGE_CURVE('',#5782,#5789,#5785,.T.);
#5791=ORIENTED_EDGE('',*,*,#5790,.T.);
#5792=(
BOUNDED_CURVE()
B_SPLINE_CURVE(3,(#5793,#5794,#5795,#5796),.UNSPECIFIED.,.F.,.F.)
B_SPLINE_CURVE_WITH_KNOTS((4,4),(0.000,1.000),.UNSPECIFIED.)
CURVE()
GEOMETRIC_REPRESENTATION_ITEM()
RATIONAL_B_SPLINE_CURVE((1.0000000000,1.0000000000,1.0000000000,1.0000000000))
REPRESENTATION_ITEM('')
);
#5793=CARTESIAN_POINT('',(54.7570208901,-19.4425381259,13.3797876504));
#5794=CARTESIAN_POINT('',(54.7570208901,-19.5311855111,13.4357153199));
#5795=CARTESIAN_POINT('',(54.7570208901,-19.6104847195,13.5010736068));
#5796=CARTESIAN_POINT('',(54.7570208901,-19.6804357509,13.5756984276));

#5797=EDGE_CURVE('',#5789,#5768,#5792,.T.);
#5798=ORIENTED_EDGE('',*,*,#5797,.T.);
#5799=EDGE_LOOP('',(#5775,#5784,#5791,#5798));
#5800=FACE_OUTER_BOUND('',#5799,.T.);
#5801=ADVANCED_FACE('',(#5800),#5758,.T.);
#5802=COLOUR_RGB('',0.39,0.39,0.39);
#5803=FILL_AREA_STYLE_COLOUR('',#5802);
#5804=FILL_AREA_STYLE('',(#5803));
#5805=SURFACE_STYLE_FILL_AREA(#5804);
#5806=SURFACE_STYLE_TRANSPARENT(0.00);
#5807=SURFACE_STYLE_RENDERING_WITH_PROPERTIES(.NORMAL_SHADING.,#5802,(#5806));
#5808=SURFACE_SIDE_STYLE('',(#5805, #5807));
#5809=SURFACE_STYLE_USAGE(.BOTH.,#5808);
#5810=PRESENTATION_STYLE_ASSIGNMENT((#5809));
#5811=STYLED_ITEM('',(#5810),#5801);

#5812=(
BOUNDED_SURFACE()
B_SPLINE_SURFACE(3,1,((#5813,#5814),(#5815,#5816),(#5817,#5818),(#5819,#5820)),.UNSPECIFIED.,.F.,.F.,.F.)
B_SPLINE_SURFACE_WITH_KNOTS((4,4),(2,2),(0.000,1.000),(0.000,1.000),.UNSPECIFIED.)
GEOMETRIC_REPRESENTATION_ITEM()
RATIONAL_B_SPLINE_SURFACE(((1.0000000000,1.0000000000),(1.0000000000,1.0000000000),(1.0000000000,1.0000000000),(1.0000000000,1.0000000000)))
REPRESENTATION_ITEM('')
SURFACE()
);
#5813=CARTESIAN_POINT('',(54.7570208901,-19.4425381259,13.3797876504));
#5814=CARTESIAN_POINT('',(51.9465230323,-19.4425381259,13.3797876504));
#5815=CARTESIAN_POINT('',(54.7570208901,-19.2886145952,13.2817912907));
#5816=CARTESIAN_POINT('',(51.9465230323,-19.2886145952,13.2817912907));
#5817=CARTESIAN_POINT('',(54.7570208901,-19.0646570941,13.1884692189));
#5818=CARTESIAN_POINT('',(51.9465230323,-19.0646570941,13.1884692189));
#5819=CARTESIAN_POINT('',(54.7570208901,-18.7847732194,13.1884692189));
#5820=CARTESIAN_POINT('',(51.9465230323,-18.7847732194,13.1884692189));

#5821=CARTESIAN_POINT('',(54.7570208901,-19.4425381259,13.3797876504));
#5822=VERTEX_POINT('',#5821);
#5823=(
BOUNDED_CURVE()
B_SPLINE_CURVE(1,(#5824,#5825),.UNSPECIFIED.,.F.,.F.)
B_SPLINE_CURVE_WITH_KNOTS((2,2),(0.000,1.000),.UNSPECIFIED.)
CURVE()
GEOMETRIC_REPRESENTATION_ITEM()
RATIONAL_B_SPLINE_CURVE((1.0000000000,1.0000000000))
REPRESENTATION_ITEM('')
);
#5824=CARTESIAN_POINT('',(54.7570208901,-19.4425381259,13.3797876504));
#5825=CARTESIAN_POINT('',(51.9465230323,-19.4425381259,13.3797876504));

#5826=CARTESIAN_POINT('',(51.9465230323,-19.4425381259,13.3797876504));
#5827=VERTEX_POINT('',#5826);
#5828=EDGE_CURVE('',#5822,#5827,#5823,.T.);
#5829=ORIENTED_EDGE('',*,*,#5828,.T.);
#5830=(
BOUNDED_CURVE()
B_SPLINE_CURVE(3,(#5831,#5832,#5833,#5834),.UNSPECIFIED.,.F.,.F.)
B_SPLINE_CURVE_WITH_KNOTS((4,4),(0.000,1.000),.UNSPECIFIED.)
CURVE()
GEOMETRIC_REPRESENTATION_ITEM()
RATIONAL_B_SPLINE_CURVE((1.0000000000,1.0000000000,1.0000000000,1.0000000000))
REPRESENTATION_ITEM('')
);
#5831=CARTESIAN_POINT('',(51.9465230323,-19.4425381259,13.3797876504));
#5832=CARTESIAN_POINT('',(51.9465230323,-19.2886145952,13.2817912907));
#5833=CARTESIAN_POINT('',(51.9465230323,-19.0646570941,13.1884692189));
#5834=CARTESIAN_POINT('',(51.9465230323,-18.7847732194,13.1884692189));

#5835=CARTESIAN_POINT('',(51.9465230323,-18.7847732194,13.1884692189));
#5836=VERTEX_POINT('',#5835);
#5837=EDGE_CURVE('',#5827,#5836,#5830,.T.);
#5838=ORIENTED_EDGE('',*,*,#5837,.T.);
#5839=(
BOUNDED_CURVE()
B_SPLINE_CURVE(1,(#5840,#5841),.UNSPECIFIED.,.F.,.F.)
B_SPLINE_CURVE_WITH_KNOTS((2,2),(0.000,1.000),.UNSPECIFIED.)
CURVE()
GEOMETRIC_REPRESENTATION_ITEM()
RATIONAL_B_SPLINE_CURVE((1.0000000000,1.0000000000))
REPRESENTATION_ITEM('')
);
#5840=CARTESIAN_POINT('',(51.9465230323,-18.7847732194,13.1884692189));
#5841=CARTESIAN_POINT('',(54.7570208901,-18.7847732194,13.1884692189));

#5842=CARTESIAN_POINT('',(54.7570208901,-18.7847732194,13.1884692189));
#5843=VERTEX_POINT('',#5842);
#5844=EDGE_CURVE('',#5836,#5843,#5839,.T.);
#5845=ORIENTED_EDGE('',*,*,#5844,.T.);
#5846=(
BOUNDED_CURVE()
B_SPLINE_CURVE(3,(#5847,#5848,#5849,#5850),.UNSPECIFIED.,.F.,.F.)
B_SPLINE_CURVE_WITH_KNOTS((4,4),(0.000,1.000),.UNSPECIFIED.)
CURVE()
GEOMETRIC_REPRESENTATION_ITEM()
RATIONAL_B_SPLINE_CURVE((1.0000000000,1.0000000000,1.0000000000,1.0000000000))
REPRESENTATION_ITEM('')
);
#5847=CARTESIAN_POINT('',(54.7570208901,-18.7847732194,13.1884692189));
#5848=CARTESIAN_POINT('',(54.7570208901,-19.0646570941,13.1884692189));
#5849=CARTESIAN_POINT('',(54.7570208901,-19.2886145952,13.2817912907));
#5850=CARTESIAN_POINT('',(54.7570208901,-19.4425381259,13.3797876504));

#5851=EDGE_CURVE('',#5843,#5822,#5846,.T.);
#5852=ORIENTED_EDGE('',*,*,#5851,.T.);
#5853=EDGE_LOOP('',(#5829,#5838,#5845,#5852));
#5854=FACE_OUTER_BOUND('',#5853,.T.);
#5855=ADVANCED_FACE('',(#5854),#5812,.T.);
#5856=COLOUR_RGB('',0.39,0.39,0.39);
#5857=FILL_AREA_STYLE_COLOUR('',#5856);
#5858=FILL_AREA_STYLE('',(#5857));
#5859=SURFACE_STYLE_FILL_AREA(#5858);
#5860=SURFACE_STYLE_TRANSPARENT(0.00);
#5861=SURFACE_STYLE_RENDERING_WITH_PROPERTIES(.NORMAL_SHADING.,#5856,(#5860));
#5862=SURFACE_SIDE_STYLE('',(#5859, #5861));
#5863=SURFACE_STYLE_USAGE(.BOTH.,#5862);
#5864=PRESENTATION_STYLE_ASSIGNMENT((#5863));
#5865=STYLED_ITEM('',(#5864),#5855);

#5866=(
BOUNDED_SURFACE()
B_SPLINE_SURFACE(3,1,((#5867,#5868),(#5869,#5870),(#5871,#5872),(#5873,#5874)),.UNSPECIFIED.,.F.,.F.,.F.)
B_SPLINE_SURFACE_WITH_KNOTS((4,4),(2,2),(0.000,1.000),(0.000,1.000),.UNSPECIFIED.)
GEOMETRIC_REPRESENTATION_ITEM()
RATIONAL_B_SPLINE_SURFACE(((1.0000000000,1.0000000000),(1.0000000000,1.0000000000),(1.0000000000,1.0000000000),(1.0000000000,1.0000000000)))
REPRESENTATION_ITEM('')
SURFACE()
);
#5867=CARTESIAN_POINT('',(54.7570208901,-18.7847732194,13.1884692189));
#5868=CARTESIAN_POINT('',(51.9465230323,-18.7847732194,13.1884692189));
#5869=CARTESIAN_POINT('',(54.7570208901,-18.3508828751,13.1884692189));
#5870=CARTESIAN_POINT('',(51.9465230323,-18.3508828751,13.1884692189));
#5871=CARTESIAN_POINT('',(54.7570208901,-18.1922844584,13.4403896077));
#5872=CARTESIAN_POINT('',(51.9465230323,-18.1922844584,13.4403896077));
#5873=CARTESIAN_POINT('',(54.7570208901,-18.1922844584,13.8836283284));
#5874=CARTESIAN_POINT('',(51.9465230323,-18.1922844584,13.8836283284));

#5875=CARTESIAN_POINT('',(54.7570208901,-18.7847732194,13.1884692189));
#5876=VERTEX_POINT('',#5875);
#5877=(
BOUNDED_CURVE()
B_SPLINE_CURVE(1,(#5878,#5879),.UNSPECIFIED.,.F.,.F.)
B_SPLINE_CURVE_WITH_KNOTS((2,2),(0.000,1.000),.UNSPECIFIED.)
CURVE()
GEOMETRIC_REPRESENTATION_ITEM()
RATIONAL_B_SPLINE_CURVE((1.0000000000,1.0000000000))
REPRESENTATION_ITEM('')
);
#5878=CARTESIAN_POINT('',(54.7570208901,-18.7847732194,13.1884692189));
#5879=CARTESIAN_POINT('',(51.9465230323,-18.7847732194,13.1884692189));

#5880=CARTESIAN_POINT('',(51.9465230323,-18.7847732194,13.1884692189));
#5881=VERTEX_POINT('',#5880);
#5882=EDGE_CURVE('',#5876,#5881,#5877,.T.);
#5883=ORIENTED_EDGE('',*,*,#5882,.T.);
#5884=(
BOUNDED_CURVE()
B_SPLINE_CURVE(3,(#5885,#5886,#5887,#5888),.UNSPECIFIED.,.F.,.F.)
B_SPLINE_CURVE_WITH_KNOTS((4,4),(0.000,1.000),.UNSPECIFIED.)
CURVE()
GEOMETRIC_REPRESENTATION_ITEM()
RATIONAL_B_SPLINE_CURVE((1.0000000000,1.0000000000,1.0000000000,1.0000000000))
REPRESENTATION_ITEM('')
);
#5885=CARTESIAN_POINT('',(51.9465230323,-18.7847732194,13.1884692189));
#5886=CARTESIAN_POINT('',(51.9465230323,-18.3508828751,13.1884692189));
#5887=CARTESIAN_POINT('',(51.9465230323,-18.1922844584,13.4403896077));
#5888=CARTESIAN_POINT('',(51.9465230323,-18.1922844584,13.8836283284));

#5889=CARTESIAN_POINT('',(51.9465230323,-18.1922844584,13.8836283284));
#5890=VERTEX_POINT('',#5889);
#5891=EDGE_CURVE('',#5881,#5890,#5884,.T.);
#5892=ORIENTED_EDGE('',*,*,#5891,.T.);
#5893=(
BOUNDED_CURVE()
B_SPLINE_CURVE(1,(#5894,#5895),.UNSPECIFIED.,.F.,.F.)
B_SPLINE_CURVE_WITH_KNOTS((2,2),(0.000,1.000),.UNSPECIFIED.)
CURVE()
GEOMETRIC_REPRESENTATION_ITEM()
RATIONAL_B_SPLINE_CURVE((1.0000000000,1.0000000000))
REPRESENTATION_ITEM('')
);
#5894=CARTESIAN_POINT('',(51.9465230323,-18.1922844584,13.8836283284));
#5895=CARTESIAN_POINT('',(54.7570208901,-18.1922844584,13.8836283284));

#5896=CARTESIAN_POINT('',(54.7570208901,-18.1922844584,13.8836283284));
#5897=VERTEX_POINT('',#5896);
#5898=EDGE_CURVE('',#5890,#5897,#5893,.T.);
#5899=ORIENTED_EDGE('',*,*,#5898,.T.);
#5900=(
BOUNDED_CURVE()
B_SPLINE_CURVE(3,(#5901,#5902,#5903,#5904),.UNSPECIFIED.,.F.,.F.)
B_SPLINE_CURVE_WITH_KNOTS((4,4),(0.000,1.000),.UNSPECIFIED.)
CURVE()
GEOMETRIC_REPRESENTATION_ITEM()
RATIONAL_B_SPLINE_CURVE((1.0000000000,1.0000000000,1.0000000000,1.0000000000))
REPRESENTATION_ITEM('')
);
#5901=CARTESIAN_POINT('',(54.7570208901,-18.1922844584,13.8836283284));
#5902=CARTESIAN_POINT('',(54.7570208901,-18.1922844584,13.4403896077));
#5903=CARTESIAN_POINT('',(54.7570208901,-18.3508828751,13.1884692189));
#5904=CARTESIAN_POINT('',(54.7570208901,-18.7847732194,13.1884692189));

#5905=EDGE_CURVE('',#5897,#5876,#5900,.T.);
#5906=ORIENTED_EDGE('',*,*,#5905,.T.);
#5907=EDGE_LOOP('',(#5883,#5892,#5899,#5906));
#5908=FACE_OUTER_BOUND('',#5907,.T.);
#5909=ADVANCED_FACE('',(#5908),#5866,.T.);
#5910=COLOUR_RGB('',0.39,0.39,0.39);
#5911=FILL_AREA_STYLE_COLOUR('',#5910);
#5912=FILL_AREA_STYLE('',(#5911));
#5913=SURFACE_STYLE_FILL_AREA(#5912);
#5914=SURFACE_STYLE_TRANSPARENT(0.00);
#5915=SURFACE_STYLE_RENDERING_WITH_PROPERTIES(.NORMAL_SHADING.,#5910,(#5914));
#5916=SURFACE_SIDE_STYLE('',(#5913, #5915));
#5917=SURFACE_STYLE_USAGE(.BOTH.,#5916);
#5918=PRESENTATION_STYLE_ASSIGNMENT((#5917));
#5919=STYLED_ITEM('',(#5918),#5909);

#5920=(
BOUNDED_SURFACE()
B_SPLINE_SURFACE(3,1,((#5921,#5922),(#5923,#5924),(#5925,#5926),(#5927,#5928)),.UNSPECIFIED.,.F.,.F.,.F.)
B_SPLINE_SURFACE_WITH_KNOTS((4,4),(2,2),(0.000,1.000),(0.000,1.000),.UNSPECIFIED.)
GEOMETRIC_REPRESENTATION_ITEM()
RATIONAL_B_SPLINE_SURFACE(((1.0000000000,1.0000000000),(1.0000000000,1.0000000000),(1.0000000000,1.0000000000),(1.0000000000,1.0000000000)))
REPRESENTATION_ITEM('')
SURFACE()
);
#5921=CARTESIAN_POINT('',(54.7570208901,-18.1922844584,13.8836283284));
#5922=CARTESIAN_POINT('',(51.9465230323,-18.1922844584,13.8836283284));
#5923=CARTESIAN_POINT('',(54.7570208901,-18.1922844584,14.3314593947));
#5924=CARTESIAN_POINT('',(51.9465230323,-18.1922844584,14.3314593947));
#5925=CARTESIAN_POINT('',(54.7570208901,-18.4115670736,14.5087549627));
#5926=CARTESIAN_POINT('',(51.9465230323,-18.4115670736,14.5087549627));
#5927=CARTESIAN_POINT('',(54.7570208901,-18.8734206047,14.7186886035));
#5928=CARTESIAN_POINT('',(51.9465230323,-18.8734206047,14.7186886035));

#5929=CARTESIAN_POINT('',(54.7570208901,-18.1922844584,13.8836283284));
#5930=VERTEX_POINT('',#5929);
#5931=(
BOUNDED_CURVE()
B_SPLINE_CURVE(1,(#5932,#5933),.UNSPECIFIED.,.F.,.F.)
B_SPLINE_CURVE_WITH_KNOTS((2,2),(0.000,1.000),.UNSPECIFIED.)
CURVE()
GEOMETRIC_REPRESENTATION_ITEM()
RATIONAL_B_SPLINE_CURVE((1.0000000000,1.0000000000))
REPRESENTATION_ITEM('')
);
#5932=CARTESIAN_POINT('',(54.7570208901,-18.1922844584,13.8836283284));
#5933=CARTESIAN_POINT('',(51.9465230323,-18.1922844584,13.8836283284));

#5934=CARTESIAN_POINT('',(51.9465230323,-18.1922844584,13.8836283284));
#5935=VERTEX_POINT('',#5934);
#5936=EDGE_CURVE('',#5930,#5935,#5931,.T.);
#5937=ORIENTED_EDGE('',*,*,#5936,.T.);
#5938=(
BOUNDED_CURVE()
B_SPLINE_CURVE(3,(#5939,#5940,#5941,#5942),.UNSPECIFIED.,.F.,.F.)
B_SPLINE_CURVE_WITH_KNOTS((4,4),(0.000,1.000),.UNSPECIFIED.)
CURVE()
GEOMETRIC_REPRESENTATION_ITEM()
RATIONAL_B_SPLINE_CURVE((1.0000000000,1.0000000000,1.0000000000,1.0000000000))
REPRESENTATION_ITEM('')
);
#5939=CARTESIAN_POINT('',(51.9465230323,-18.1922844584,13.8836283284));
#5940=CARTESIAN_POINT('',(51.9465230323,-18.1922844584,14.3314593947));
#5941=CARTESIAN_POINT('',(51.9465230323,-18.4115670736,14.5087549627));
#5942=CARTESIAN_POINT('',(51.9465230323,-18.8734206047,14.7186886035));

#5943=CARTESIAN_POINT('',(51.9465230323,-18.8734206047,14.7186886035));
#5944=VERTEX_POINT('',#5943);
#5945=EDGE_CURVE('',#5935,#5944,#5938,.T.);
#5946=ORIENTED_EDGE('',*,*,#5945,.T.);
#5947=(
BOUNDED_CURVE()
B_SPLINE_CURVE(1,(#5948,#5949),.UNSPECIFIED.,.F.,.F.)
B_SPLINE_CURVE_WITH_KNOTS((2,2),(0.000,1.000),.UNSPECIFIED.)
CURVE()
GEOMETRIC_REPRESENTATION_ITEM()
RATIONAL_B_SPLINE_CURVE((1.0000000000,1.0000000000))
REPRESENTATION_ITEM('')
);
#5948=CARTESIAN_POINT('',(51.9465230323,-18.8734206047,14.7186886035));
#5949=CARTESIAN_POINT('',(54.7570208901,-18.8734206047,14.7186886035));

#5950=CARTESIAN_POINT('',(54.7570208901,-18.8734206047,14.7186886035));
#5951=VERTEX_POINT('',#5950);
#5952=EDGE_CURVE('',#5944,#5951,#5947,.T.);
#5953=ORIENTED_EDGE('',*,*,#5952,.T.);
#5954=(
BOUNDED_CURVE()
B_SPLINE_CURVE(3,(#5955,#5956,#5957,#5958),.UNSPECIFIED.,.F.,.F.)
B_SPLINE_CURVE_WITH_KNOTS((4,4),(0.000,1.000),.UNSPECIFIED.)
CURVE()
GEOMETRIC_REPRESENTATION_ITEM()
RATIONAL_B_SPLINE_CURVE((1.0000000000,1.0000000000,1.0000000000,1.0000000000))
REPRESENTATION_ITEM('')
);
#5955=CARTESIAN_POINT('',(54.7570208901,-18.8734206047,14.7186886035));
#5956=CARTESIAN_POINT('',(54.7570208901,-18.4115670736,14.5087549627));
#5957=CARTESIAN_POINT('',(54.7570208901,-18.1922844584,14.3314593947));
#5958=CARTESIAN_POINT('',(54.7570208901,-18.1922844584,13.8836283284));

#5959=EDGE_CURVE('',#5951,#5930,#5954,.T.);
#5960=ORIENTED_EDGE('',*,*,#5959,.T.);
#5961=EDGE_LOOP('',(#5937,#5946,#5953,#5960));
#5962=FACE_OUTER_BOUND('',#5961,.T.);
#5963=ADVANCED_FACE('',(#5962),#5920,.T.);
#5964=COLOUR_RGB('',0.39,0.39,0.39);
#5965=FILL_AREA_STYLE_COLOUR('',#5964);
#5966=FILL_AREA_STYLE('',(#5965));
#5967=SURFACE_STYLE_FILL_AREA(#5966);
#5968=SURFACE_STYLE_TRANSPARENT(0.00);
#5969=SURFACE_STYLE_RENDERING_WITH_PROPERTIES(.NORMAL_SHADING.,#5964,(#5968));
#5970=SURFACE_SIDE_STYLE('',(#5967, #5969));
#5971=SURFACE_STYLE_USAGE(.BOTH.,#5970);
#5972=PRESENTATION_STYLE_ASSIGNMENT((#5971));
#5973=STYLED_ITEM('',(#5972),#5963);

#5974=(
BOUNDED_SURFACE()
B_SPLINE_SURFACE(3,1,((#5975,#5976),(#5977,#5978),(#5979,#5980),(#5981,#5982)),.UNSPECIFIED.,.F.,.F.,.F.)
B_SPLINE_SURFACE_WITH_KNOTS((4,4),(2,2),(0.000,1.000),(0.000,1.000),.UNSPECIFIED.)
GEOMETRIC_REPRESENTATION_ITEM()
RATIONAL_B_SPLINE_SURFACE(((1.0000000000,1.0000000000),(1.0000000000,1.0000000000),(1.0000000000,1.0000000000),(1.0000000000,1.0000000000)))
REPRESENTATION_ITEM('')
SURFACE()
);
#5975=CARTESIAN_POINT('',(54.7570208901,-18.8734206047,14.7186886035));
#5976=CARTESIAN_POINT('',(51.9465230323,-18.8734206047,14.7186886035));
#5977=CARTESIAN_POINT('',(54.7570208901,-19.9557276786,15.2038320304));
#5978=CARTESIAN_POINT('',(51.9465230323,-19.9557276786,15.2038320304));
#5979=CARTESIAN_POINT('',(54.7570208901,-20.5855278033,15.8756196010));
#5980=CARTESIAN_POINT('',(51.9465230323,-20.5855278033,15.8756196010));
#5981=CARTESIAN_POINT('',(54.7570208901,-20.5855278033,16.9066727948));
#5982=CARTESIAN_POINT('',(51.9465230323,-20.5855278033,16.9066727948));

#5983=CARTESIAN_POINT('',(54.7570208901,-18.8734206047,14.7186886035));
#5984=VERTEX_POINT('',#5983);
#5985=(
BOUNDED_CURVE()
B_SPLINE_CURVE(1,(#5986,#5987),.UNSPECIFIED.,.F.,.F.)
B_SPLINE_CURVE_WITH_KNOTS((2,2),(0.000,1.000),.UNSPECIFIED.)
CURVE()
GEOMETRIC_REPRESENTATION_ITEM()
RATIONAL_B_SPLINE_CURVE((1.0000000000,1.0000000000))
REPRESENTATION_ITEM('')
);
#5986=CARTESIAN_POINT('',(54.7570208901,-18.8734206047,14.7186886035));
#5987=CARTESIAN_POINT('',(51.9465230323,-18.8734206047,14.7186886035));

#5988=CARTESIAN_POINT('',(51.9465230323,-18.8734206047,14.7186886035));
#5989=VERTEX_POINT('',#5988);
#5990=EDGE_CURVE('',#5984,#5989,#5985,.T.);
#5991=ORIENTED_EDGE('',*,*,#5990,.T.);
#5992=(
BOUNDED_CURVE()
B_SPLINE_CURVE(3,(#5993,#5994,#5995,#5996),.UNSPECIFIED.,.F.,.F.)
B_SPLINE_CURVE_WITH_KNOTS((4,4),(0.000,1.000),.UNSPECIFIED.)
CURVE()
GEOMETRIC_REPRESENTATION_ITEM()
RATIONAL_B_SPLINE_CURVE((1.0000000000,1.0000000000,1.0000000000,1.0000000000))
REPRESENTATION_ITEM('')
);
#5993=CARTESIAN_POINT('',(51.9465230323,-18.8734206047,14.7186886035));
#5994=CARTESIAN_POINT('',(51.9465230323,-19.9557276786,15.2038320304));
#5995=CARTESIAN_POINT('',(51.9465230323,-20.5855278033,15.8756196010));
#5996=CARTESIAN_POINT('',(51.9465230323,-20.5855278033,16.9066727948));

#5997=CARTESIAN_POINT('',(51.9465230323,-20.5855278033,16.9066727948));
#5998=VERTEX_POINT('',#5997);
#5999=EDGE_CURVE('',#5989,#5998,#5992,.T.);
#6000=ORIENTED_EDGE('',*,*,#5999,.T.);
#6001=(
BOUNDED_CURVE()
B_SPLINE_CURVE(1,(#6002,#6003),.UNSPECIFIED.,.F.,.F.)
B_SPLINE_CURVE_WITH_KNOTS((2,2),(0.000,1.000),.UNSPECIFIED.)
CURVE()
GEOMETRIC_REPRESENTATION_ITEM()
RATIONAL_B_SPLINE_CURVE((1.0000000000,1.0000000000))
REPRESENTATION_ITEM('')
);
#6002=CARTESIAN_POINT('',(51.9465230323,-20.5855278033,16.9066727948));
#6003=CARTESIAN_POINT('',(54.7570208901,-20.5855278033,16.9066727948));

#6004=CARTESIAN_POINT('',(54.7570208901,-20.5855278033,16.9066727948));
#6005=VERTEX_POINT('',#6004);
#6006=EDGE_CURVE('',#5998,#6005,#6001,.T.);
#6007=ORIENTED_EDGE('',*,*,#6006,.T.);
#6008=(
BOUNDED_CURVE()
B_SPLINE_CURVE(3,(#6009,#6010,#6011,#6012),.UNSPECIFIED.,.F.,.F.)
B_SPLINE_CURVE_WITH_KNOTS((4,4),(0.000,1.000),.UNSPECIFIED.)
CURVE()
GEOMETRIC_REPRESENTATION_ITEM()
RATIONAL_B_SPLINE_CURVE((1.0000000000,1.0000000000,1.0000000000,1.0000000000))
REPRESENTATION_ITEM('')
);
#6009=CARTESIAN_POINT('',(54.7570208901,-20.5855278033,16.9066727948));
#6010=CARTESIAN_POINT('',(54.7570208901,-20.5855278033,15.8756196010));
#6011=CARTESIAN_POINT('',(54.7570208901,-19.9557276786,15.2038320304));
#6012=CARTESIAN_POINT('',(54.7570208901,-18.8734206047,14.7186886035));

#6013=EDGE_CURVE('',#6005,#5984,#6008,.T.);
#6014=ORIENTED_EDGE('',*,*,#6013,.T.);
#6015=EDGE_LOOP('',(#5991,#6000,#6007,#6014));
#6016=FACE_OUTER_BOUND('',#6015,.T.);
#6017=ADVANCED_FACE('',(#6016),#5974,.T.);
#6018=COLOUR_RGB('',0.39,0.39,0.39);
#6019=FILL_AREA_STYLE_COLOUR('',#6018);
#6020=FILL_AREA_STYLE('',(#6019));
#6021=SURFACE_STYLE_FILL_AREA(#6020);
#6022=SURFACE_STYLE_TRANSPARENT(0.00);
#6023=SURFACE_STYLE_RENDERING_WITH_PROPERTIES(.NORMAL_SHADING.,#6018,(#6022));
#6024=SURFACE_SIDE_STYLE('',(#6021, #6023));
#6025=SURFACE_STYLE_USAGE(.BOTH.,#6024);
#6026=PRESENTATION_STYLE_ASSIGNMENT((#6025));
#6027=STYLED_ITEM('',(#6026),#6017);

#6028=(
BOUNDED_SURFACE()
B_SPLINE_SURFACE(3,1,((#6029,#6030),(#6031,#6032),(#6033,#6034),(#6035,#6036)),.UNSPECIFIED.,.F.,.F.,.F.)
B_SPLINE_SURFACE_WITH_KNOTS((4,4),(2,2),(0.000,1.000),(0.000,1.000),.UNSPECIFIED.)
GEOMETRIC_REPRESENTATION_ITEM()
RATIONAL_B_SPLINE_SURFACE(((1.0000000000,1.0000000000),(1.0000000000,1.0000000000),(1.0000000000,1.0000000000),(1.0000000000,1.0000000000)))
REPRESENTATION_ITEM('')
SURFACE()
);
#6029=CARTESIAN_POINT('',(54.7570208901,-20.5855278033,16.9066727948));
#6030=CARTESIAN_POINT('',(51.9465230323,-20.5855278033,16.9066727948));
#6031=CARTESIAN_POINT('',(54.7570208901,-20.5855278033,17.9329693600));
#6032=CARTESIAN_POINT('',(51.9465230323,-20.5855278033,17.9329693600));
#6033=CARTESIAN_POINT('',(54.7570208901,-19.9417046157,18.9033379565));
#6034=CARTESIAN_POINT('',(51.9465230323,-19.9417046157,18.9033379565));
#6035=CARTESIAN_POINT('',(54.7570208901,-18.5235043546,18.9033379565));
#6036=CARTESIAN_POINT('',(51.9465230323,-18.5235043546,18.9033379565));

#6037=CARTESIAN_POINT('',(54.7570208901,-20.5855278033,16.9066727948));
#6038=VERTEX_POINT('',#6037);
#6039=(
BOUNDED_CURVE()
B_SPLINE_CURVE(1,(#6040,#6041),.UNSPECIFIED.,.F.,.F.)
B_SPLINE_CURVE_WITH_KNOTS((2,2),(0.000,1.000),.UNSPECIFIED.)
CURVE()
GEOMETRIC_REPRESENTATION_ITEM()
RATIONAL_B_SPLINE_CURVE((1.0000000000,1.0000000000))
REPRESENTATION_ITEM('')
);
#6040=CARTESIAN_POINT('',(54.7570208901,-20.5855278033,16.9066727948));
#6041=CARTESIAN_POINT('',(51.9465230323,-20.5855278033,16.9066727948));

#6042=CARTESIAN_POINT('',(51.9465230323,-20.5855278033,16.9066727948));
#6043=VERTEX_POINT('',#6042);
#6044=EDGE_CURVE('',#6038,#6043,#6039,.T.);
#6045=ORIENTED_EDGE('',*,*,#6044,.T.);
#6046=(
BOUNDED_CURVE()
B_SPLINE_CURVE(3,(#6047,#6048,#6049,#6050),.UNSPECIFIED.,.F.,.F.)
B_SPLINE_CURVE_WITH_KNOTS((4,4),(0.000,1.000),.UNSPECIFIED.)
CURVE()
GEOMETRIC_REPRESENTATION_ITEM()
RATIONAL_B_SPLINE_CURVE((1.0000000000,1.0000000000,1.0000000000,1.0000000000))
REPRESENTATION_ITEM('')
);
#6047=CARTESIAN_POINT('',(51.9465230323,-20.5855278033,16.9066727948));
#6048=CARTESIAN_POINT('',(51.9465230323,-20.5855278033,17.9329693600));
#6049=CARTESIAN_POINT('',(51.9465230323,-19.9417046157,18.9033379566));
#6050=CARTESIAN_POINT('',(51.9465230323,-18.5235043546,18.9033379565));

#6051=CARTESIAN_POINT('',(51.9465230323,-18.5235043546,18.9033379565));
#6052=VERTEX_POINT('',#6051);
#6053=EDGE_CURVE('',#6043,#6052,#6046,.T.);
#6054=ORIENTED_EDGE('',*,*,#6053,.T.);
#6055=(
BOUNDED_CURVE()
B_SPLINE_CURVE(1,(#6056,#6057),.UNSPECIFIED.,.F.,.F.)
B_SPLINE_CURVE_WITH_KNOTS((2,2),(0.000,1.000),.UNSPECIFIED.)
CURVE()
GEOMETRIC_REPRESENTATION_ITEM()
RATIONAL_B_SPLINE_CURVE((1.0000000000,1.0000000000))
REPRESENTATION_ITEM('')
);
#6056=CARTESIAN_POINT('',(51.9465230323,-18.5235043546,18.9033379565));
#6057=CARTESIAN_POINT('',(54.7570208901,-18.5235043546,18.9033379565));

#6058=CARTESIAN_POINT('',(54.7570208901,-18.5235043546,18.9033379565));
#6059=VERTEX_POINT('',#6058);
#6060=EDGE_CURVE('',#6052,#6059,#6055,.T.);
#6061=ORIENTED_EDGE('',*,*,#6060,.T.);
#6062=(
BOUNDED_CURVE()
B_SPLINE_CURVE(3,(#6063,#6064,#6065,#6066),.UNSPECIFIED.,.F.,.F.)
B_SPLINE_CURVE_WITH_KNOTS((4,4),(0.000,1.000),.UNSPECIFIED.)
CURVE()
GEOMETRIC_REPRESENTATION_ITEM()
RATIONAL_B_SPLINE_CURVE((1.0000000000,1.0000000000,1.0000000000,1.0000000000))
REPRESENTATION_ITEM('')
);
#6063=CARTESIAN_POINT('',(54.7570208901,-18.5235043546,18.9033379565));
#6064=CARTESIAN_POINT('',(54.7570208901,-19.9417046157,18.9033379566));
#6065=CARTESIAN_POINT('',(54.7570208901,-20.5855278033,17.9329693600));
#6066=CARTESIAN_POINT('',(54.7570208901,-20.5855278033,16.9066727948));

#6067=EDGE_CURVE('',#6059,#6038,#6062,.T.);
#6068=ORIENTED_EDGE('',*,*,#6067,.T.);
#6069=EDGE_LOOP('',(#6045,#6054,#6061,#6068));
#6070=FACE_OUTER_BOUND('',#6069,.T.);
#6071=ADVANCED_FACE('',(#6070),#6028,.T.);
#6072=COLOUR_RGB('',0.39,0.39,0.39);
#6073=FILL_AREA_STYLE_COLOUR('',#6072);
#6074=FILL_AREA_STYLE('',(#6073));
#6075=SURFACE_STYLE_FILL_AREA(#6074);
#6076=SURFACE_STYLE_TRANSPARENT(0.00);
#6077=SURFACE_STYLE_RENDERING_WITH_PROPERTIES(.NORMAL_SHADING.,#6072,(#6076));
#6078=SURFACE_SIDE_STYLE('',(#6075, #6077));
#6079=SURFACE_STYLE_USAGE(.BOTH.,#6078);
#6080=PRESENTATION_STYLE_ASSIGNMENT((#6079));
#6081=STYLED_ITEM('',(#6080),#6071);

#6082=(
BOUNDED_SURFACE()
B_SPLINE_SURFACE(3,1,((#6083,#6084),(#6085,#6086),(#6087,#6088),(#6089,#6090)),.UNSPECIFIED.,.F.,.F.,.F.)
B_SPLINE_SURFACE_WITH_KNOTS((4,4),(2,2),(0.000,1.000),(0.000,1.000),.UNSPECIFIED.)
GEOMETRIC_REPRESENTATION_ITEM()
RATIONAL_B_SPLINE_SURFACE(((1.0000000000,1.0000000000),(1.0000000000,1.0000000000),(1.0000000000,1.0000000000),(1.0000000000,1.0000000000)))
REPRESENTATION_ITEM('')
SURFACE()
);
#6083=CARTESIAN_POINT('',(54.7570208901,-18.5235043546,18.9033379565));
#6084=CARTESIAN_POINT('',(51.9465230323,-18.5235043546,18.9033379565));
#6085=CARTESIAN_POINT('',(54.7570208901,-17.9030524068,18.9033379565));
#6086=CARTESIAN_POINT('',(51.9465230323,-17.9030524068,18.9033379565));
#6087=CARTESIAN_POINT('',(54.7570208901,-17.4644871765,18.6980792018));
#6088=CARTESIAN_POINT('',(51.9465230323,-17.4644871765,18.6980792018));
#6089=CARTESIAN_POINT('',(54.7570208901,-17.1799284159,18.4928196495));
#6090=CARTESIAN_POINT('',(51.9465230323,-17.1799284159,18.4928196495));

#6091=CARTESIAN_POINT('',(54.7570208901,-18.5235043546,18.9033379565));
#6092=VERTEX_POINT('',#6091);
#6093=(
BOUNDED_CURVE()
B_SPLINE_CURVE(1,(#6094,#6095),.UNSPECIFIED.,.F.,.F.)
B_SPLINE_CURVE_WITH_KNOTS((2,2),(0.000,1.000),.UNSPECIFIED.)
CURVE()
GEOMETRIC_REPRESENTATION_ITEM()
RATIONAL_B_SPLINE_CURVE((1.0000000000,1.0000000000))
REPRESENTATION_ITEM('')
);
#6094=CARTESIAN_POINT('',(54.7570208901,-18.5235043546,18.9033379565));
#6095=CARTESIAN_POINT('',(51.9465230323,-18.5235043546,18.9033379565));

#6096=CARTESIAN_POINT('',(51.9465230323,-18.5235043546,18.9033379565));
#6097=VERTEX_POINT('',#6096);
#6098=EDGE_CURVE('',#6092,#6097,#6093,.T.);
#6099=ORIENTED_EDGE('',*,*,#6098,.T.);
#6100=(
BOUNDED_CURVE()
B_SPLINE_CURVE(3,(#6101,#6102,#6103,#6104),.UNSPECIFIED.,.F.,.F.)
B_SPLINE_CURVE_WITH_KNOTS((4,4),(0.000,1.000),.UNSPECIFIED.)
CURVE()
GEOMETRIC_REPRESENTATION_ITEM()
RATIONAL_B_SPLINE_CURVE((1.0000000000,1.0000000000,1.0000000000,1.0000000000))
REPRESENTATION_ITEM('')
);
#6101=CARTESIAN_POINT('',(51.9465230323,-18.5235043546,18.9033379565));
#6102=CARTESIAN_POINT('',(51.9465230323,-17.9030524068,18.9033379565));
#6103=CARTESIAN_POINT('',(51.9465230323,-17.4644871765,18.6980792018));
#6104=CARTESIAN_POINT('',(51.9465230323,-17.1799284159,18.4928196495));

#6105=CARTESIAN_POINT('',(51.9465230323,-17.1799284159,18.4928196495));
#6106=VERTEX_POINT('',#6105);
#6107=EDGE_CURVE('',#6097,#6106,#6100,.T.);
#6108=ORIENTED_EDGE('',*,*,#6107,.T.);
#6109=(
BOUNDED_CURVE()
B_SPLINE_CURVE(1,(#6110,#6111),.UNSPECIFIED.,.F.,.F.)
B_SPLINE_CURVE_WITH_KNOTS((2,2),(0.000,1.000),.UNSPECIFIED.)
CURVE()
GEOMETRIC_REPRESENTATION_ITEM()
RATIONAL_B_SPLINE_CURVE((1.0000000000,1.0000000000))
REPRESENTATION_ITEM('')
);
#6110=CARTESIAN_POINT('',(51.9465230323,-17.1799284159,18.4928196495));
#6111=CARTESIAN_POINT('',(54.7570208901,-17.1799284159,18.4928196495));

#6112=CARTESIAN_POINT('',(54.7570208901,-17.1799284159,18.4928196495));
#6113=VERTEX_POINT('',#6112);
#6114=EDGE_CURVE('',#6106,#6113,#6109,.T.);
#6115=ORIENTED_EDGE('',*,*,#6114,.T.);
#6116=(
BOUNDED_CURVE()
B_SPLINE_CURVE(3,(#6117,#6118,#6119,#6120),.UNSPECIFIED.,.F.,.F.)
B_SPLINE_CURVE_WITH_KNOTS((4,4),(0.000,1.000),.UNSPECIFIED.)
CURVE()
GEOMETRIC_REPRESENTATION_ITEM()
RATIONAL_B_SPLINE_CURVE((1.0000000000,1.0000000000,1.0000000000,1.0000000000))
REPRESENTATION_ITEM('')
);
#6117=CARTESIAN_POINT('',(54.7570208901,-17.1799284159,18.4928196495));
#6118=CARTESIAN_POINT('',(54.7570208901,-17.4644871765,18.6980792018));
#6119=CARTESIAN_POINT('',(54.7570208901,-17.9030524068,18.9033379565));
#6120=CARTESIAN_POINT('',(54.7570208901,-18.5235043546,18.9033379565));

#6121=EDGE_CURVE('',#6113,#6092,#6116,.T.);
#6122=ORIENTED_EDGE('',*,*,#6121,.T.);
#6123=EDGE_LOOP('',(#6099,#6108,#6115,#6122));
#6124=FACE_OUTER_BOUND('',#6123,.T.);
#6125=ADVANCED_FACE('',(#6124),#6082,.T.);
#6126=COLOUR_RGB('',0.39,0.39,0.39);
#6127=FILL_AREA_STYLE_COLOUR('',#6126);
#6128=FILL_AREA_STYLE('',(#6127));
#6129=SURFACE_STYLE_FILL_AREA(#6128);
#6130=SURFACE_STYLE_TRANSPARENT(0.00);
#6131=SURFACE_STYLE_RENDERING_WITH_PROPERTIES(.NORMAL_SHADING.,#6126,(#6130));
#6132=SURFACE_SIDE_STYLE('',(#6129, #6131));
#6133=SURFACE_STYLE_USAGE(.BOTH.,#6132);
#6134=PRESENTATION_STYLE_ASSIGNMENT((#6133));
#6135=STYLED_ITEM('',(#6134),#6125);

#6136=(
BOUNDED_SURFACE()
B_SPLINE_SURFACE(3,1,((#6137,#6138),(#6139,#6140),(#6141,#6142),(#6143,#6144)),.UNSPECIFIED.,.F.,.F.,.F.)
B_SPLINE_SURFACE_WITH_KNOTS((4,4),(2,2),(0.000,1.000),(0.000,1.000),.UNSPECIFIED.)
GEOMETRIC_REPRESENTATION_ITEM()
RATIONAL_B_SPLINE_SURFACE(((1.0000000000,1.0000000000),(1.0000000000,1.0000000000),(1.0000000000,1.0000000000),(1.0000000000,1.0000000000)))
REPRESENTATION_ITEM('')
SURFACE()
);
#6137=CARTESIAN_POINT('',(54.7570208901,-17.1799284159,18.4928196495));
#6138=CARTESIAN_POINT('',(51.9465230323,-17.1799284159,18.4928196495));
#6139=CARTESIAN_POINT('',(54.7570208901,-17.0119818223,18.3715337928));
#6140=CARTESIAN_POINT('',(51.9465230323,-17.0119818223,18.3715337928));
#6141=CARTESIAN_POINT('',(54.7570208901,-16.8766733015,18.2362248732));
#6142=CARTESIAN_POINT('',(51.9465230323,-16.8766733015,18.2362248732));
#6143=CARTESIAN_POINT('',(54.7570208901,-16.7694109064,18.0822192010));
#6144=CARTESIAN_POINT('',(51.9465230323,-16.7694109064,18.0822192010));

#6145=CARTESIAN_POINT('',(54.7570208901,-17.1799284159,18.4928196495));
#6146=VERTEX_POINT('',#6145);
#6147=(
BOUNDED_CURVE()
B_SPLINE_CURVE(1,(#6148,#6149),.UNSPECIFIED.,.F.,.F.)
B_SPLINE_CURVE_WITH_KNOTS((2,2),(0.000,1.000),.UNSPECIFIED.)
CURVE()
GEOMETRIC_REPRESENTATION_ITEM()
RATIONAL_B_SPLINE_CURVE((1.0000000000,1.0000000000))
REPRESENTATION_ITEM('')
);
#6148=CARTESIAN_POINT('',(54.7570208901,-17.1799284159,18.4928196495));
#6149=CARTESIAN_POINT('',(51.9465230323,-17.1799284159,18.4928196495));

#6150=CARTESIAN_POINT('',(51.9465230323,-17.1799284159,18.4928196495));
#6151=VERTEX_POINT('',#6150);
#6152=EDGE_CURVE('',#6146,#6151,#6147,.T.);
#6153=ORIENTED_EDGE('',*,*,#6152,.T.);
#6154=(
BOUNDED_CURVE()
B_SPLINE_CURVE(3,(#6155,#6156,#6157,#6158),.UNSPECIFIED.,.F.,.F.)
B_SPLINE_CURVE_WITH_KNOTS((4,4),(0.000,1.000),.UNSPECIFIED.)
CURVE()
GEOMETRIC_REPRESENTATION_ITEM()
RATIONAL_B_SPLINE_CURVE((1.0000000000,1.0000000000,1.0000000000,1.0000000000))
REPRESENTATION_ITEM('')
);
#6155=CARTESIAN_POINT('',(51.9465230323,-17.1799284159,18.4928196495));
#6156=CARTESIAN_POINT('',(51.9465230323,-17.0119818223,18.3715337928));
#6157=CARTESIAN_POINT('',(51.9465230323,-16.8766733015,18.2362248732));
#6158=CARTESIAN_POINT('',(51.9465230323,-16.7694109064,18.0822192010));

#6159=CARTESIAN_POINT('',(51.9465230323,-16.7694109064,18.0822192010));
#6160=VERTEX_POINT('',#6159);
#6161=EDGE_CURVE('',#6151,#6160,#6154,.T.);
#6162=ORIENTED_EDGE('',*,*,#6161,.T.);
#6163=(
BOUNDED_CURVE()
B_SPLINE_CURVE(1,(#6164,#6165),.UNSPECIFIED.,.F.,.F.)
B_SPLINE_CURVE_WITH_KNOTS((2,2),(0.000,1.000),.UNSPECIFIED.)
CURVE()
GEOMETRIC_REPRESENTATION_ITEM()
RATIONAL_B_SPLINE_CURVE((1.0000000000,1.0000000000))
REPRESENTATION_ITEM('')
);
#6164=CARTESIAN_POINT('',(51.9465230323,-16.7694109064,18.0822192010));
#6165=CARTESIAN_POINT('',(54.7570208901,-16.7694109064,18.0822192010));

#6166=CARTESIAN_POINT('',(54.7570208901,-16.7694109064,18.0822192010));
#6167=VERTEX_POINT('',#6166);
#6168=EDGE_CURVE('',#6160,#6167,#6163,.T.);
#6169=ORIENTED_EDGE('',*,*,#6168,.T.);
#6170=(
BOUNDED_CURVE()
B_SPLINE_CURVE(3,(#6171,#6172,#6173,#6174),.UNSPECIFIED.,.F.,.F.)
B_SPLINE_CURVE_WITH_KNOTS((4,4),(0.000,1.000),.UNSPECIFIED.)
CURVE()
GEOMETRIC_REPRESENTATION_ITEM()
RATIONAL_B_SPLINE_CURVE((1.0000000000,1.0000000000,1.0000000000,1.0000000000))
REPRESENTATION_ITEM('')
);
#6171=CARTESIAN_POINT('',(54.7570208901,-16.7694109064,18.0822192010));
#6172=CARTESIAN_POINT('',(54.7570208901,-16.8766733015,18.2362248732));
#6173=CARTESIAN_POINT('',(54.7570208901,-17.0119818223,18.3715337928));
#6174=CARTESIAN_POINT('',(54.7570208901,-17.1799284159,18.4928196495));

#6175=EDGE_CURVE('',#6167,#6146,#6170,.T.);
#6176=ORIENTED_EDGE('',*,*,#6175,.T.);
#6177=EDGE_LOOP('',(#6153,#6162,#6169,#6176));
#6178=FACE_OUTER_BOUND('',#6177,.T.);
#6179=ADVANCED_FACE('',(#6178),#6136,.T.);
#6180=COLOUR_RGB('',0.39,0.39,0.39);
#6181=FILL_AREA_STYLE_COLOUR('',#6180);
#6182=FILL_AREA_STYLE('',(#6181));
#6183=SURFACE_STYLE_FILL_AREA(#6182);
#6184=SURFACE_STYLE_TRANSPARENT(0.00);
#6185=SURFACE_STYLE_RENDERING_WITH_PROPERTIES(.NORMAL_SHADING.,#6180,(#6184));
#6186=SURFACE_SIDE_STYLE('',(#6183, #6185));
#6187=SURFACE_STYLE_USAGE(.BOTH.,#6186);
#6188=PRESENTATION_STYLE_ASSIGNMENT((#6187));
#6189=STYLED_ITEM('',(#6188),#6179);

#6190=(
BOUNDED_SURFACE()
B_SPLINE_SURFACE(1,1,((#6191,#6192),(#6193,#6194)),.UNSPECIFIED.,.F.,.F.,.F.)
B_SPLINE_SURFACE_WITH_KNOTS((2,2),(2,2),(0.000,1.000),(0.000,1.000),.UNSPECIFIED.)
GEOMETRIC_REPRESENTATION_ITEM()
RATIONAL_B_SPLINE_SURFACE(((1.0000000000,1.0000000000),(1.0000000000,1.0000000000)))
REPRESENTATION_ITEM('')
SURFACE()
);
#6191=CARTESIAN_POINT('',(54.7570208901,-16.2002933851,17.6437365109));
#6192=CARTESIAN_POINT('',(54.7570208901,-12.0295837572,17.6437365109));
#6193=CARTESIAN_POINT('',(54.7570208901,-16.2002933851,11.8868807386));
#6194=CARTESIAN_POINT('',(54.7570208901,-12.0295837572,11.8868807386));

#6195=CARTESIAN_POINT('',(54.7570208901,-16.2002933851,17.6437365109));
#6196=VERTEX_POINT('',#6195);
#6197=(
BOUNDED_CURVE()
B_SPLINE_CURVE(1,(#6198,#6199),.UNSPECIFIED.,.F.,.F.)
B_SPLINE_CURVE_WITH_KNOTS((2,2),(0.000,1.000),.UNSPECIFIED.)
CURVE()
GEOMETRIC_REPRESENTATION_ITEM()
RATIONAL_B_SPLINE_CURVE((1.0000000000,1.0000000000))
REPRESENTATION_ITEM('')
);
#6198=CARTESIAN_POINT('',(54.7570208901,-16.2002933851,17.6437365109));
#6199=CARTESIAN_POINT('',(54.7570208901,-14.6700744990,17.6437365109));

#6200=CARTESIAN_POINT('',(54.7570208901,-14.6700744990,17.6437365109));
#6201=VERTEX_POINT('',#6200);
#6202=EDGE_CURVE('',#6196,#6201,#6197,.T.);
#6203=ORIENTED_EDGE('',*,*,#6202,.T.);
#6204=(
BOUNDED_CURVE()
B_SPLINE_CURVE(1,(#6205,#6206),.UNSPECIFIED.,.F.,.F.)
B_SPLINE_CURVE_WITH_KNOTS((2,2),(0.000,1.000),.UNSPECIFIED.)
CURVE()
GEOMETRIC_REPRESENTATION_ITEM()
RATIONAL_B_SPLINE_CURVE((1.0000000000,1.0000000000))
REPRESENTATION_ITEM('')
);
#6205=CARTESIAN_POINT('',(54.7570208901,-14.6700744990,17.6437365109));
#6206=CARTESIAN_POINT('',(54.7570208901,-14.6700744990,14.4014100274));

#6207=CARTESIAN_POINT('',(54.7570208901,-14.6700744990,14.4014100274));
#6208=VERTEX_POINT('',#6207);
#6209=EDGE_CURVE('',#6201,#6208,#6204,.T.);
#6210=ORIENTED_EDGE('',*,*,#6209,.T.);
#6211=(
BOUNDED_CURVE()
B_SPLINE_CURVE(3,(#6212,#6213,#6214,#6215),.UNSPECIFIED.,.F.,.F.)
B_SPLINE_CURVE_WITH_KNOTS((4,4),(0.000,1.000),.UNSPECIFIED.)
CURVE()
GEOMETRIC_REPRESENTATION_ITEM()
RATIONAL_B_SPLINE_CURVE((1.0000000000,1.0000000000,1.0000000000,1.0000000000))
REPRESENTATION_ITEM('')
);
#6212=CARTESIAN_POINT('',(54.7570208901,-14.6700744990,14.4014100274));
#6213=CARTESIAN_POINT('',(54.7570208901,-14.6700744990,13.4310410320));
#6214=CARTESIAN_POINT('',(54.7570208901,-14.6421097172,13.0625090743));
#6215=CARTESIAN_POINT('',(54.7570208901,-14.1148986966,13.0625090743));

#6216=CARTESIAN_POINT('',(54.7570208901,-14.1148986966,13.0625090743));
#6217=VERTEX_POINT('',#6216);
#6218=EDGE_CURVE('',#6208,#6217,#6211,.T.);
#6219=ORIENTED_EDGE('',*,*,#6218,.T.);
#6220=(
BOUNDED_CURVE()
B_SPLINE_CURVE(3,(#6221,#6222,#6223,#6224),.UNSPECIFIED.,.F.,.F.)
B_SPLINE_CURVE_WITH_KNOTS((4,4),(0.000,1.000),.UNSPECIFIED.)
CURVE()
GEOMETRIC_REPRESENTATION_ITEM()
RATIONAL_B_SPLINE_CURVE((1.0000000000,1.0000000000,1.0000000000,1.0000000000))
REPRESENTATION_ITEM('')
);
#6221=CARTESIAN_POINT('',(54.7570208901,-14.1148986967,13.0625090743));
#6222=CARTESIAN_POINT('',(54.7570208901,-13.5877674251,13.0625090743));
#6223=CARTESIAN_POINT('',(54.7570208901,-13.5598042383,13.4310410321));
#6224=CARTESIAN_POINT('',(54.7570208901,-13.5598042383,14.4014100274));

#6225=CARTESIAN_POINT('',(54.7570208901,-13.5598042383,14.4014100274));
#6226=VERTEX_POINT('',#6225);
#6227=EDGE_CURVE('',#6217,#6226,#6220,.T.);
#6228=ORIENTED_EDGE('',*,*,#6227,.T.);
#6229=(
BOUNDED_CURVE()
B_SPLINE_CURVE(1,(#6230,#6231),.UNSPECIFIED.,.F.,.F.)
B_SPLINE_CURVE_WITH_KNOTS((2,2),(0.000,1.000),.UNSPECIFIED.)
CURVE()
GEOMETRIC_REPRESENTATION_ITEM()
RATIONAL_B_SPLINE_CURVE((1.0000000000,1.0000000000))
REPRESENTATION_ITEM('')
);
#6230=CARTESIAN_POINT('',(54.7570208901,-13.5598042383,14.4014100274));
#6231=CARTESIAN_POINT('',(54.7570208901,-13.5598042383,17.6437365109));

#6232=CARTESIAN_POINT('',(54.7570208901,-13.5598042383,17.6437365109));
#6233=VERTEX_POINT('',#6232);
#6234=EDGE_CURVE('',#6226,#6233,#6229,.T.);
#6235=ORIENTED_EDGE('',*,*,#6234,.T.);
#6236=(
BOUNDED_CURVE()
B_SPLINE_CURVE(1,(#6237,#6238),.UNSPECIFIED.,.F.,.F.)
B_SPLINE_CURVE_WITH_KNOTS((2,2),(0.000,1.000),.UNSPECIFIED.)
CURVE()
GEOMETRIC_REPRESENTATION_ITEM()
RATIONAL_B_SPLINE_CURVE((1.0000000000,1.0000000000))
REPRESENTATION_ITEM('')
);
#6237=CARTESIAN_POINT('',(54.7570208901,-13.5598042383,17.6437365109));
#6238=CARTESIAN_POINT('',(54.7570208901,-12.0295837572,17.6437365109));

#6239=CARTESIAN_POINT('',(54.7570208901,-12.0295837572,17.6437365109));
#6240=VERTEX_POINT('',#6239);
#6241=EDGE_CURVE('',#6233,#6240,#6236,.T.);
#6242=ORIENTED_EDGE('',*,*,#6241,.T.);
#6243=(
BOUNDED_CURVE()
B_SPLINE_CURVE(1,(#6244,#6245),.UNSPECIFIED.,.F.,.F.)
B_SPLINE_CURVE_WITH_KNOTS((2,2),(0.000,1.000),.UNSPECIFIED.)
CURVE()
GEOMETRIC_REPRESENTATION_ITEM()
RATIONAL_B_SPLINE_CURVE((1.0000000000,1.0000000000))
REPRESENTATION_ITEM('')
);
#6244=CARTESIAN_POINT('',(54.7570208901,-12.0295837572,17.6437365109));
#6245=CARTESIAN_POINT('',(54.7570208901,-12.0295837572,14.4014100274));

#6246=CARTESIAN_POINT('',(54.7570208901,-12.0295837572,14.4014100274));
#6247=VERTEX_POINT('',#6246);
#6248=EDGE_CURVE('',#6240,#6247,#6243,.T.);
#6249=ORIENTED_EDGE('',*,*,#6248,.T.);
#6250=(
BOUNDED_CURVE()
B_SPLINE_CURVE(3,(#6251,#6252,#6253,#6254),.UNSPECIFIED.,.F.,.F.)
B_SPLINE_CURVE_WITH_KNOTS((4,4),(0.000,1.000),.UNSPECIFIED.)
CURVE()
GEOMETRIC_REPRESENTATION_ITEM()
RATIONAL_B_SPLINE_CURVE((1.0000000000,1.0000000000,1.0000000000,1.0000000000))
REPRESENTATION_ITEM('')
);
#6251=CARTESIAN_POINT('',(54.7570208901,-12.0295837572,14.4014100274));
#6252=CARTESIAN_POINT('',(54.7570208901,-12.0295837572,12.6706876195));
#6253=CARTESIAN_POINT('',(54.7570208901,-12.5101352372,11.8868807386));
#6254=CARTESIAN_POINT('',(54.7570208901,-14.1148986967,11.8868807386));

#6255=CARTESIAN_POINT('',(54.7570208901,-14.1148986967,11.8868807386));
#6256=VERTEX_POINT('',#6255);
#6257=EDGE_CURVE('',#6247,#6256,#6250,.T.);
#6258=ORIENTED_EDGE('',*,*,#6257,.T.);
#6259=(
BOUNDED_CURVE()
B_SPLINE_CURVE(3,(#6260,#6261,#6262,#6263),.UNSPECIFIED.,.F.,.F.)
B_SPLINE_CURVE_WITH_KNOTS((4,4),(0.000,1.000),.UNSPECIFIED.)
CURVE()
GEOMETRIC_REPRESENTATION_ITEM()
RATIONAL_B_SPLINE_CURVE((1.0000000000,1.0000000000,1.0000000000,1.0000000000))
REPRESENTATION_ITEM('')
);
#6260=CARTESIAN_POINT('',(54.7570208901,-14.1148986967,11.8868807386));
#6261=CARTESIAN_POINT('',(54.7570208901,-15.7197419052,11.8868807386));
#6262=CARTESIAN_POINT('',(54.7570208901,-16.2002933851,12.6706876196));
#6263=CARTESIAN_POINT('',(54.7570208901,-16.2002933851,14.4014100274));

#6264=CARTESIAN_POINT('',(54.7570208901,-16.2002933851,14.4014100274));
#6265=VERTEX_POINT('',#6264);
#6266=EDGE_CURVE('',#6256,#6265,#6259,.T.);
#6267=ORIENTED_EDGE('',*,*,#6266,.T.);
#6268=(
BOUNDED_CURVE()
B_SPLINE_CURVE(1,(#6269,#6270),.UNSPECIFIED.,.F.,.F.)
B_SPLINE_CURVE_WITH_KNOTS((2,2),(0.000,1.000),.UNSPECIFIED.)
CURVE()
GEOMETRIC_REPRESENTATION_ITEM()
RATIONAL_B_SPLINE_CURVE((1.0000000000,1.0000000000))
REPRESENTATION_ITEM('')
);
#6269=CARTESIAN_POINT('',(54.7570208901,-16.2002933851,14.4014100274));
#6270=CARTESIAN_POINT('',(54.7570208901,-16.2002933851,17.6437365109));

#6271=EDGE_CURVE('',#6265,#6196,#6268,.T.);
#6272=ORIENTED_EDGE('',*,*,#6271,.T.);
#6273=EDGE_LOOP('',(#6203,#6210,#6219,#6228,#6235,#6242,#6249,#6258,#6267,#6272));
#6274=FACE_OUTER_BOUND('',#6273,.T.);
#6275=ADVANCED_FACE('',(#6274),#6190,.T.);
#6276=COLOUR_RGB('',0.39,0.39,0.39);
#6277=FILL_AREA_STYLE_COLOUR('',#6276);
#6278=FILL_AREA_STYLE('',(#6277));
#6279=SURFACE_STYLE_FILL_AREA(#6278);
#6280=SURFACE_STYLE_TRANSPARENT(0.00);
#6281=SURFACE_STYLE_RENDERING_WITH_PROPERTIES(.NORMAL_SHADING.,#6276,(#6280));
#6282=SURFACE_SIDE_STYLE('',(#6279, #6281));
#6283=SURFACE_STYLE_USAGE(.BOTH.,#6282);
#6284=PRESENTATION_STYLE_ASSIGNMENT((#6283));
#6285=STYLED_ITEM('',(#6284),#6275);

#6286=(
BOUNDED_SURFACE()
B_SPLINE_SURFACE(3,1,((#6287,#6288),(#6289,#6290),(#6291,#6292),(#6293,#6294)),.UNSPECIFIED.,.F.,.F.,.F.)
B_SPLINE_SURFACE_WITH_KNOTS((4,4),(2,2),(0.000,1.000),(0.000,1.000),.UNSPECIFIED.)
GEOMETRIC_REPRESENTATION_ITEM()
RATIONAL_B_SPLINE_SURFACE(((1.0000000000,1.0000000000),(1.0000000000,1.0000000000),(1.0000000000,1.0000000000),(1.0000000000,1.0000000000)))
REPRESENTATION_ITEM('')
SURFACE()
);
#6287=CARTESIAN_POINT('',(54.7570208901,-14.1148986967,13.0625090743));
#6288=CARTESIAN_POINT('',(51.9465230323,-14.1148986967,13.0625090743));
#6289=CARTESIAN_POINT('',(54.7570208901,-13.5877674251,13.0625090743));
#6290=CARTESIAN_POINT('',(51.9465230323,-13.5877674251,13.0625090743));
#6291=CARTESIAN_POINT('',(54.7570208901,-13.5598042383,13.4310410321));
#6292=CARTESIAN_POINT('',(51.9465230323,-13.5598042383,13.4310410321));
#6293=CARTESIAN_POINT('',(54.7570208901,-13.5598042383,14.4014100274));
#6294=CARTESIAN_POINT('',(51.9465230323,-13.5598042383,14.4014100274));

#6295=CARTESIAN_POINT('',(54.7570208901,-14.1148986967,13.0625090743));
#6296=VERTEX_POINT('',#6295);
#6297=(
BOUNDED_CURVE()
B_SPLINE_CURVE(1,(#6298,#6299),.UNSPECIFIED.,.F.,.F.)
B_SPLINE_CURVE_WITH_KNOTS((2,2),(0.000,1.000),.UNSPECIFIED.)
CURVE()
GEOMETRIC_REPRESENTATION_ITEM()
RATIONAL_B_SPLINE_CURVE((1.0000000000,1.0000000000))
REPRESENTATION_ITEM('')
);
#6298=CARTESIAN_POINT('',(54.7570208901,-14.1148986967,13.0625090743));
#6299=CARTESIAN_POINT('',(51.9465230323,-14.1148986967,13.0625090743));

#6300=CARTESIAN_POINT('',(51.9465230323,-14.1148986967,13.0625090743));
#6301=VERTEX_POINT('',#6300);
#6302=EDGE_CURVE('',#6296,#6301,#6297,.T.);
#6303=ORIENTED_EDGE('',*,*,#6302,.T.);
#6304=(
BOUNDED_CURVE()
B_SPLINE_CURVE(3,(#6305,#6306,#6307,#6308),.UNSPECIFIED.,.F.,.F.)
B_SPLINE_CURVE_WITH_KNOTS((4,4),(0.000,1.000),.UNSPECIFIED.)
CURVE()
GEOMETRIC_REPRESENTATION_ITEM()
RATIONAL_B_SPLINE_CURVE((1.0000000000,1.0000000000,1.0000000000,1.0000000000))
REPRESENTATION_ITEM('')
);
#6305=CARTESIAN_POINT('',(51.9465230323,-14.1148986967,13.0625090743));
#6306=CARTESIAN_POINT('',(51.9465230323,-13.5877674251,13.0625090743));
#6307=CARTESIAN_POINT('',(51.9465230323,-13.5598042383,13.4310410321));
#6308=CARTESIAN_POINT('',(51.9465230323,-13.5598042383,14.4014100274));

#6309=CARTESIAN_POINT('',(51.9465230323,-13.5598042383,14.4014100274));
#6310=VERTEX_POINT('',#6309);
#6311=EDGE_CURVE('',#6301,#6310,#6304,.T.);
#6312=ORIENTED_EDGE('',*,*,#6311,.T.);
#6313=(
BOUNDED_CURVE()
B_SPLINE_CURVE(1,(#6314,#6315),.UNSPECIFIED.,.F.,.F.)
B_SPLINE_CURVE_WITH_KNOTS((2,2),(0.000,1.000),.UNSPECIFIED.)
CURVE()
GEOMETRIC_REPRESENTATION_ITEM()
RATIONAL_B_SPLINE_CURVE((1.0000000000,1.0000000000))
REPRESENTATION_ITEM('')
);
#6314=CARTESIAN_POINT('',(51.9465230323,-13.5598042383,14.4014100274));
#6315=CARTESIAN_POINT('',(54.7570208901,-13.5598042383,14.4014100274));

#6316=CARTESIAN_POINT('',(54.7570208901,-13.5598042383,14.4014100274));
#6317=VERTEX_POINT('',#6316);
#6318=EDGE_CURVE('',#6310,#6317,#6313,.T.);
#6319=ORIENTED_EDGE('',*,*,#6318,.T.);
#6320=(
BOUNDED_CURVE()
B_SPLINE_CURVE(3,(#6321,#6322,#6323,#6324),.UNSPECIFIED.,.F.,.F.)
B_SPLINE_CURVE_WITH_KNOTS((4,4),(0.000,1.000),.UNSPECIFIED.)
CURVE()
GEOMETRIC_REPRESENTATION_ITEM()
RATIONAL_B_SPLINE_CURVE((1.0000000000,1.0000000000,1.0000000000,1.0000000000))
REPRESENTATION_ITEM('')
);
#6321=CARTESIAN_POINT('',(54.7570208901,-13.5598042383,14.4014100274));
#6322=CARTESIAN_POINT('',(54.7570208901,-13.5598042383,13.4310410321));
#6323=CARTESIAN_POINT('',(54.7570208901,-13.5877674251,13.0625090743));
#6324=CARTESIAN_POINT('',(54.7570208901,-14.1148986967,13.0625090743));

#6325=EDGE_CURVE('',#6317,#6296,#6320,.T.);
#6326=ORIENTED_EDGE('',*,*,#6325,.T.);
#6327=EDGE_LOOP('',(#6303,#6312,#6319,#6326));
#6328=FACE_OUTER_BOUND('',#6327,.T.);
#6329=ADVANCED_FACE('',(#6328),#6286,.T.);
#6330=COLOUR_RGB('',0.39,0.39,0.39);
#6331=FILL_AREA_STYLE_COLOUR('',#6330);
#6332=FILL_AREA_STYLE('',(#6331));
#6333=SURFACE_STYLE_FILL_AREA(#6332);
#6334=SURFACE_STYLE_TRANSPARENT(0.00);
#6335=SURFACE_STYLE_RENDERING_WITH_PROPERTIES(.NORMAL_SHADING.,#6330,(#6334));
#6336=SURFACE_SIDE_STYLE('',(#6333, #6335));
#6337=SURFACE_STYLE_USAGE(.BOTH.,#6336);
#6338=PRESENTATION_STYLE_ASSIGNMENT((#6337));
#6339=STYLED_ITEM('',(#6338),#6329);

#6340=(
BOUNDED_SURFACE()
B_SPLINE_SURFACE(1,1,((#6341,#6342),(#6343,#6344)),.UNSPECIFIED.,.F.,.F.,.F.)
B_SPLINE_SURFACE_WITH_KNOTS((2,2),(2,2),(0.000,1.000),(0.000,1.000),.UNSPECIFIED.)
GEOMETRIC_REPRESENTATION_ITEM()
RATIONAL_B_SPLINE_SURFACE(((1.0000000000,1.0000000000),(1.0000000000,1.0000000000)))
REPRESENTATION_ITEM('')
SURFACE()
);
#6341=CARTESIAN_POINT('',(54.7570208901,-13.5598042383,14.4014100274));
#6342=CARTESIAN_POINT('',(51.9465230323,-13.5598042383,14.4014100274));
#6343=CARTESIAN_POINT('',(54.7570208901,-13.5598042383,17.6437365109));
#6344=CARTESIAN_POINT('',(51.9465230323,-13.5598042383,17.6437365109));

#6345=CARTESIAN_POINT('',(54.7570208901,-13.5598042383,14.4014100274));
#6346=VERTEX_POINT('',#6345);
#6347=(
BOUNDED_CURVE()
B_SPLINE_CURVE(1,(#6348,#6349),.UNSPECIFIED.,.F.,.F.)
B_SPLINE_CURVE_WITH_KNOTS((2,2),(0.000,1.000),.UNSPECIFIED.)
CURVE()
GEOMETRIC_REPRESENTATION_ITEM()
RATIONAL_B_SPLINE_CURVE((1.0000000000,1.0000000000))
REPRESENTATION_ITEM('')
);
#6348=CARTESIAN_POINT('',(54.7570208901,-13.5598042383,14.4014100274));
#6349=CARTESIAN_POINT('',(51.9465230323,-13.5598042383,14.4014100274));

#6350=CARTESIAN_POINT('',(51.9465230323,-13.5598042383,14.4014100274));
#6351=VERTEX_POINT('',#6350);
#6352=EDGE_CURVE('',#6346,#6351,#6347,.T.);
#6353=ORIENTED_EDGE('',*,*,#6352,.T.);
#6354=(
BOUNDED_CURVE()
B_SPLINE_CURVE(1,(#6355,#6356),.UNSPECIFIED.,.F.,.F.)
B_SPLINE_CURVE_WITH_KNOTS((2,2),(0.000,1.000),.UNSPECIFIED.)
CURVE()
GEOMETRIC_REPRESENTATION_ITEM()
RATIONAL_B_SPLINE_CURVE((1.0000000000,1.0000000000))
REPRESENTATION_ITEM('')
);
#6355=CARTESIAN_POINT('',(51.9465230323,-13.5598042383,14.4014100274));
#6356=CARTESIAN_POINT('',(51.9465230323,-13.5598042383,17.6437365109));

#6357=CARTESIAN_POINT('',(51.9465230323,-13.5598042383,17.6437365109));
#6358=VERTEX_POINT('',#6357);
#6359=EDGE_CURVE('',#6351,#6358,#6354,.T.);
#6360=ORIENTED_EDGE('',*,*,#6359,.T.);
#6361=(
BOUNDED_CURVE()
B_SPLINE_CURVE(1,(#6362,#6363),.UNSPECIFIED.,.F.,.F.)
B_SPLINE_CURVE_WITH_KNOTS((2,2),(0.000,1.000),.UNSPECIFIED.)
CURVE()
GEOMETRIC_REPRESENTATION_ITEM()
RATIONAL_B_SPLINE_CURVE((1.0000000000,1.0000000000))
REPRESENTATION_ITEM('')
);
#6362=CARTESIAN_POINT('',(51.9465230323,-13.5598042383,17.6437365109));
#6363=CARTESIAN_POINT('',(54.7570208901,-13.5598042383,17.6437365109));

#6364=CARTESIAN_POINT('',(54.7570208901,-13.5598042383,17.6437365109));
#6365=VERTEX_POINT('',#6364);
#6366=EDGE_CURVE('',#6358,#6365,#6361,.T.);
#6367=ORIENTED_EDGE('',*,*,#6366,.T.);
#6368=(
BOUNDED_CURVE()
B_SPLINE_CURVE(1,(#6369,#6370),.UNSPECIFIED.,.F.,.F.)
B_SPLINE_CURVE_WITH_KNOTS((2,2),(0.000,1.000),.UNSPECIFIED.)
CURVE()
GEOMETRIC_REPRESENTATION_ITEM()
RATIONAL_B_SPLINE_CURVE((1.0000000000,1.0000000000))
REPRESENTATION_ITEM('')
);
#6369=CARTESIAN_POINT('',(54.7570208901,-13.5598042383,17.6437365109));
#6370=CARTESIAN_POINT('',(54.7570208901,-13.5598042383,14.4014100274));

#6371=EDGE_CURVE('',#6365,#6346,#6368,.T.);
#6372=ORIENTED_EDGE('',*,*,#6371,.T.);
#6373=EDGE_LOOP('',(#6353,#6360,#6367,#6372));
#6374=FACE_OUTER_BOUND('',#6373,.T.);
#6375=ADVANCED_FACE('',(#6374),#6340,.T.);
#6376=COLOUR_RGB('',0.39,0.39,0.39);
#6377=FILL_AREA_STYLE_COLOUR('',#6376);
#6378=FILL_AREA_STYLE('',(#6377));
#6379=SURFACE_STYLE_FILL_AREA(#6378);
#6380=SURFACE_STYLE_TRANSPARENT(0.00);
#6381=SURFACE_STYLE_RENDERING_WITH_PROPERTIES(.NORMAL_SHADING.,#6376,(#6380));
#6382=SURFACE_SIDE_STYLE('',(#6379, #6381));
#6383=SURFACE_STYLE_USAGE(.BOTH.,#6382);
#6384=PRESENTATION_STYLE_ASSIGNMENT((#6383));
#6385=STYLED_ITEM('',(#6384),#6375);

#6386=(
BOUNDED_SURFACE()
B_SPLINE_SURFACE(1,1,((#6387,#6388),(#6389,#6390)),.UNSPECIFIED.,.F.,.F.,.F.)
B_SPLINE_SURFACE_WITH_KNOTS((2,2),(2,2),(0.000,1.000),(0.000,1.000),.UNSPECIFIED.)
GEOMETRIC_REPRESENTATION_ITEM()
RATIONAL_B_SPLINE_SURFACE(((1.0000000000,1.0000000000),(1.0000000000,1.0000000000)))
REPRESENTATION_ITEM('')
SURFACE()
);
#6387=CARTESIAN_POINT('',(54.7570208901,-13.5598042383,17.6437365109));
#6388=CARTESIAN_POINT('',(51.9465230323,-13.5598042383,17.6437365109));
#6389=CARTESIAN_POINT('',(54.7570208901,-12.0295837572,17.6437365109));
#6390=CARTESIAN_POINT('',(51.9465230323,-12.0295837572,17.6437365109));

#6391=CARTESIAN_POINT('',(54.7570208901,-13.5598042383,17.6437365109));
#6392=VERTEX_POINT('',#6391);
#6393=(
BOUNDED_CURVE()
B_SPLINE_CURVE(1,(#6394,#6395),.UNSPECIFIED.,.F.,.F.)
B_SPLINE_CURVE_WITH_KNOTS((2,2),(0.000,1.000),.UNSPECIFIED.)
CURVE()
GEOMETRIC_REPRESENTATION_ITEM()
RATIONAL_B_SPLINE_CURVE((1.0000000000,1.0000000000))
REPRESENTATION_ITEM('')
);
#6394=CARTESIAN_POINT('',(54.7570208901,-13.5598042383,17.6437365109));
#6395=CARTESIAN_POINT('',(51.9465230323,-13.5598042383,17.6437365109));

#6396=CARTESIAN_POINT('',(51.9465230323,-13.5598042383,17.6437365109));
#6397=VERTEX_POINT('',#6396);
#6398=EDGE_CURVE('',#6392,#6397,#6393,.T.);
#6399=ORIENTED_EDGE('',*,*,#6398,.T.);
#6400=(
BOUNDED_CURVE()
B_SPLINE_CURVE(1,(#6401,#6402),.UNSPECIFIED.,.F.,.F.)
B_SPLINE_CURVE_WITH_KNOTS((2,2),(0.000,1.000),.UNSPECIFIED.)
CURVE()
GEOMETRIC_REPRESENTATION_ITEM()
RATIONAL_B_SPLINE_CURVE((1.0000000000,1.0000000000))
REPRESENTATION_ITEM('')
);
#6401=CARTESIAN_POINT('',(51.9465230323,-13.5598042383,17.6437365109));
#6402=CARTESIAN_POINT('',(51.9465230323,-12.0295837572,17.6437365109));

#6403=CARTESIAN_POINT('',(51.9465230323,-12.0295837572,17.6437365109));
#6404=VERTEX_POINT('',#6403);
#6405=EDGE_CURVE('',#6397,#6404,#6400,.T.);
#6406=ORIENTED_EDGE('',*,*,#6405,.T.);
#6407=(
BOUNDED_CURVE()
B_SPLINE_CURVE(1,(#6408,#6409),.UNSPECIFIED.,.F.,.F.)
B_SPLINE_CURVE_WITH_KNOTS((2,2),(0.000,1.000),.UNSPECIFIED.)
CURVE()
GEOMETRIC_REPRESENTATION_ITEM()
RATIONAL_B_SPLINE_CURVE((1.0000000000,1.0000000000))
REPRESENTATION_ITEM('')
);
#6408=CARTESIAN_POINT('',(51.9465230323,-12.0295837572,17.6437365109));
#6409=CARTESIAN_POINT('',(54.7570208901,-12.0295837572,17.6437365109));

#6410=CARTESIAN_POINT('',(54.7570208901,-12.0295837572,17.6437365109));
#6411=VERTEX_POINT('',#6410);
#6412=EDGE_CURVE('',#6404,#6411,#6407,.T.);
#6413=ORIENTED_EDGE('',*,*,#6412,.T.);
#6414=(
BOUNDED_CURVE()
B_SPLINE_CURVE(1,(#6415,#6416),.UNSPECIFIED.,.F.,.F.)
B_SPLINE_CURVE_WITH_KNOTS((2,2),(0.000,1.000),.UNSPECIFIED.)
CURVE()
GEOMETRIC_REPRESENTATION_ITEM()
RATIONAL_B_SPLINE_CURVE((1.0000000000,1.0000000000))
REPRESENTATION_ITEM('')
);
#6415=CARTESIAN_POINT('',(54.7570208901,-12.0295837572,17.6437365109));
#6416=CARTESIAN_POINT('',(54.7570208901,-13.5598042383,17.6437365109));

#6417=EDGE_CURVE('',#6411,#6392,#6414,.T.);
#6418=ORIENTED_EDGE('',*,*,#6417,.T.);
#6419=EDGE_LOOP('',(#6399,#6406,#6413,#6418));
#6420=FACE_OUTER_BOUND('',#6419,.T.);
#6421=ADVANCED_FACE('',(#6420),#6386,.T.);
#6422=COLOUR_RGB('',0.39,0.39,0.39);
#6423=FILL_AREA_STYLE_COLOUR('',#6422);
#6424=FILL_AREA_STYLE('',(#6423));
#6425=SURFACE_STYLE_FILL_AREA(#6424);
#6426=SURFACE_STYLE_TRANSPARENT(0.00);
#6427=SURFACE_STYLE_RENDERING_WITH_PROPERTIES(.NORMAL_SHADING.,#6422,(#6426));
#6428=SURFACE_SIDE_STYLE('',(#6425, #6427));
#6429=SURFACE_STYLE_USAGE(.BOTH.,#6428);
#6430=PRESENTATION_STYLE_ASSIGNMENT((#6429));
#6431=STYLED_ITEM('',(#6430),#6421);

#6432=(
BOUNDED_SURFACE()
B_SPLINE_SURFACE(1,1,((#6433,#6434),(#6435,#6436)),.UNSPECIFIED.,.F.,.F.,.F.)
B_SPLINE_SURFACE_WITH_KNOTS((2,2),(2,2),(0.000,1.000),(0.000,1.000),.UNSPECIFIED.)
GEOMETRIC_REPRESENTATION_ITEM()
RATIONAL_B_SPLINE_SURFACE(((1.0000000000,1.0000000000),(1.0000000000,1.0000000000)))
REPRESENTATION_ITEM('')
SURFACE()
);
#6433=CARTESIAN_POINT('',(54.7570208901,-12.0295837572,17.6437365109));
#6434=CARTESIAN_POINT('',(51.9465230323,-12.0295837572,17.6437365109));
#6435=CARTESIAN_POINT('',(54.7570208901,-12.0295837572,14.4014100274));
#6436=CARTESIAN_POINT('',(51.9465230323,-12.0295837572,14.4014100274));

#6437=CARTESIAN_POINT('',(54.7570208901,-12.0295837572,17.6437365109));
#6438=VERTEX_POINT('',#6437);
#6439=(
BOUNDED_CURVE()
B_SPLINE_CURVE(1,(#6440,#6441),.UNSPECIFIED.,.F.,.F.)
B_SPLINE_CURVE_WITH_KNOTS((2,2),(0.000,1.000),.UNSPECIFIED.)
CURVE()
GEOMETRIC_REPRESENTATION_ITEM()
RATIONAL_B_SPLINE_CURVE((1.0000000000,1.0000000000))
REPRESENTATION_ITEM('')
);
#6440=CARTESIAN_POINT('',(54.7570208901,-12.0295837572,17.6437365109));
#6441=CARTESIAN_POINT('',(51.9465230323,-12.0295837572,17.6437365109));

#6442=CARTESIAN_POINT('',(51.9465230323,-12.0295837572,17.6437365109));
#6443=VERTEX_POINT('',#6442);
#6444=EDGE_CURVE('',#6438,#6443,#6439,.T.);
#6445=ORIENTED_EDGE('',*,*,#6444,.T.);
#6446=(
BOUNDED_CURVE()
B_SPLINE_CURVE(1,(#6447,#6448),.UNSPECIFIED.,.F.,.F.)
B_SPLINE_CURVE_WITH_KNOTS((2,2),(0.000,1.000),.UNSPECIFIED.)
CURVE()
GEOMETRIC_REPRESENTATION_ITEM()
RATIONAL_B_SPLINE_CURVE((1.0000000000,1.0000000000))
REPRESENTATION_ITEM('')
);
#6447=CARTESIAN_POINT('',(51.9465230323,-12.0295837572,17.6437365109));
#6448=CARTESIAN_POINT('',(51.9465230323,-12.0295837572,14.4014100274));

#6449=CARTESIAN_POINT('',(51.9465230323,-12.0295837572,14.4014100274));
#6450=VERTEX_POINT('',#6449);
#6451=EDGE_CURVE('',#6443,#6450,#6446,.T.);
#6452=ORIENTED_EDGE('',*,*,#6451,.T.);
#6453=(
BOUNDED_CURVE()
B_SPLINE_CURVE(1,(#6454,#6455),.UNSPECIFIED.,.F.,.F.)
B_SPLINE_CURVE_WITH_KNOTS((2,2),(0.000,1.000),.UNSPECIFIED.)
CURVE()
GEOMETRIC_REPRESENTATION_ITEM()
RATIONAL_B_SPLINE_CURVE((1.0000000000,1.0000000000))
REPRESENTATION_ITEM('')
);
#6454=CARTESIAN_POINT('',(51.9465230323,-12.0295837572,14.4014100274));
#6455=CARTESIAN_POINT('',(54.7570208901,-12.0295837572,14.4014100274));

#6456=CARTESIAN_POINT('',(54.7570208901,-12.0295837572,14.4014100274));
#6457=VERTEX_POINT('',#6456);
#6458=EDGE_CURVE('',#6450,#6457,#6453,.T.);
#6459=ORIENTED_EDGE('',*,*,#6458,.T.);
#6460=(
BOUNDED_CURVE()
B_SPLINE_CURVE(1,(#6461,#6462),.UNSPECIFIED.,.F.,.F.)
B_SPLINE_CURVE_WITH_KNOTS((2,2),(0.000,1.000),.UNSPECIFIED.)
CURVE()
GEOMETRIC_REPRESENTATION_ITEM()
RATIONAL_B_SPLINE_CURVE((1.0000000000,1.0000000000))
REPRESENTATION_ITEM('')
);
#6461=CARTESIAN_POINT('',(54.7570208901,-12.0295837572,14.4014100274));
#6462=CARTESIAN_POINT('',(54.7570208901,-12.0295837572,17.6437365109));

#6463=EDGE_CURVE('',#6457,#6438,#6460,.T.);
#6464=ORIENTED_EDGE('',*,*,#6463,.T.);
#6465=EDGE_LOOP('',(#6445,#6452,#6459,#6464));
#6466=FACE_OUTER_BOUND('',#6465,.T.);
#6467=ADVANCED_FACE('',(#6466),#6432,.T.);
#6468=COLOUR_RGB('',0.39,0.39,0.39);
#6469=FILL_AREA_STYLE_COLOUR('',#6468);
#6470=FILL_AREA_STYLE('',(#6469));
#6471=SURFACE_STYLE_FILL_AREA(#6470);
#6472=SURFACE_STYLE_TRANSPARENT(0.00);
#6473=SURFACE_STYLE_RENDERING_WITH_PROPERTIES(.NORMAL_SHADING.,#6468,(#6472));
#6474=SURFACE_SIDE_STYLE('',(#6471, #6473));
#6475=SURFACE_STYLE_USAGE(.BOTH.,#6474);
#6476=PRESENTATION_STYLE_ASSIGNMENT((#6475));
#6477=STYLED_ITEM('',(#6476),#6467);

#6478=(
BOUNDED_SURFACE()
B_SPLINE_SURFACE(3,1,((#6479,#6480),(#6481,#6482),(#6483,#6484),(#6485,#6486)),.UNSPECIFIED.,.F.,.F.,.F.)
B_SPLINE_SURFACE_WITH_KNOTS((4,4),(2,2),(0.000,1.000),(0.000,1.000),.UNSPECIFIED.)
GEOMETRIC_REPRESENTATION_ITEM()
RATIONAL_B_SPLINE_SURFACE(((1.0000000000,1.0000000000),(1.0000000000,1.0000000000),(1.0000000000,1.0000000000),(1.0000000000,1.0000000000)))
REPRESENTATION_ITEM('')
SURFACE()
);
#6479=CARTESIAN_POINT('',(54.7570208901,-12.0295837572,14.4014100274));
#6480=CARTESIAN_POINT('',(51.9465230323,-12.0295837572,14.4014100274));
#6481=CARTESIAN_POINT('',(54.7570208901,-12.0295837572,12.6706876195));
#6482=CARTESIAN_POINT('',(51.9465230323,-12.0295837572,12.6706876195));
#6483=CARTESIAN_POINT('',(54.7570208901,-12.5101352372,11.8868807386));
#6484=CARTESIAN_POINT('',(51.9465230323,-12.5101352372,11.8868807386));
#6485=CARTESIAN_POINT('',(54.7570208901,-14.1148986967,11.8868807386));
#6486=CARTESIAN_POINT('',(51.9465230323,-14.1148986967,11.8868807386));

#6487=CARTESIAN_POINT('',(54.7570208901,-12.0295837572,14.4014100274));
#6488=VERTEX_POINT('',#6487);
#6489=(
BOUNDED_CURVE()
B_SPLINE_CURVE(1,(#6490,#6491),.UNSPECIFIED.,.F.,.F.)
B_SPLINE_CURVE_WITH_KNOTS((2,2),(0.000,1.000),.UNSPECIFIED.)
CURVE()
GEOMETRIC_REPRESENTATION_ITEM()
RATIONAL_B_SPLINE_CURVE((1.0000000000,1.0000000000))
REPRESENTATION_ITEM('')
);
#6490=CARTESIAN_POINT('',(54.7570208901,-12.0295837572,14.4014100274));
#6491=CARTESIAN_POINT('',(51.9465230323,-12.0295837572,14.4014100274));

#6492=CARTESIAN_POINT('',(51.9465230323,-12.0295837572,14.4014100274));
#6493=VERTEX_POINT('',#6492);
#6494=EDGE_CURVE('',#6488,#6493,#6489,.T.);
#6495=ORIENTED_EDGE('',*,*,#6494,.T.);
#6496=(
BOUNDED_CURVE()
B_SPLINE_CURVE(3,(#6497,#6498,#6499,#6500),.UNSPECIFIED.,.F.,.F.)
B_SPLINE_CURVE_WITH_KNOTS((4,4),(0.000,1.000),.UNSPECIFIED.)
CURVE()
GEOMETRIC_REPRESENTATION_ITEM()
RATIONAL_B_SPLINE_CURVE((1.0000000000,1.0000000000,1.0000000000,1.0000000000))
REPRESENTATION_ITEM('')
);
#6497=CARTESIAN_POINT('',(51.9465230323,-12.0295837572,14.4014100274));
#6498=CARTESIAN_POINT('',(51.9465230323,-12.0295837572,12.6706876195));
#6499=CARTESIAN_POINT('',(51.9465230323,-12.5101352372,11.8868807386));
#6500=CARTESIAN_POINT('',(51.9465230323,-14.1148986967,11.8868807386));

#6501=CARTESIAN_POINT('',(51.9465230323,-14.1148986967,11.8868807386));
#6502=VERTEX_POINT('',#6501);
#6503=EDGE_CURVE('',#6493,#6502,#6496,.T.);
#6504=ORIENTED_EDGE('',*,*,#6503,.T.);
#6505=(
BOUNDED_CURVE()
B_SPLINE_CURVE(1,(#6506,#6507),.UNSPECIFIED.,.F.,.F.)
B_SPLINE_CURVE_WITH_KNOTS((2,2),(0.000,1.000),.UNSPECIFIED.)
CURVE()
GEOMETRIC_REPRESENTATION_ITEM()
RATIONAL_B_SPLINE_CURVE((1.0000000000,1.0000000000))
REPRESENTATION_ITEM('')
);
#6506=CARTESIAN_POINT('',(51.9465230323,-14.1148986967,11.8868807386));
#6507=CARTESIAN_POINT('',(54.7570208901,-14.1148986967,11.8868807386));

#6508=CARTESIAN_POINT('',(54.7570208901,-14.1148986967,11.8868807386));
#6509=VERTEX_POINT('',#6508);
#6510=EDGE_CURVE('',#6502,#6509,#6505,.T.);
#6511=ORIENTED_EDGE('',*,*,#6510,.T.);
#6512=(
BOUNDED_CURVE()
B_SPLINE_CURVE(3,(#6513,#6514,#6515,#6516),.UNSPECIFIED.,.F.,.F.)
B_SPLINE_CURVE_WITH_KNOTS((4,4),(0.000,1.000),.UNSPECIFIED.)
CURVE()
GEOMETRIC_REPRESENTATION_ITEM()
RATIONAL_B_SPLINE_CURVE((1.0000000000,1.0000000000,1.0000000000,1.0000000000))
REPRESENTATION_ITEM('')
);
#6513=CARTESIAN_POINT('',(54.7570208901,-14.1148986967,11.8868807386));
#6514=CARTESIAN_POINT('',(54.7570208901,-12.5101352372,11.8868807386));
#6515=CARTESIAN_POINT('',(54.7570208901,-12.0295837572,12.6706876195));
#6516=CARTESIAN_POINT('',(54.7570208901,-12.0295837572,14.4014100274));

#6517=EDGE_CURVE('',#6509,#6488,#6512,.T.);
#6518=ORIENTED_EDGE('',*,*,#6517,.T.);
#6519=EDGE_LOOP('',(#6495,#6504,#6511,#6518));
#6520=FACE_OUTER_BOUND('',#6519,.T.);
#6521=ADVANCED_FACE('',(#6520),#6478,.T.);
#6522=COLOUR_RGB('',0.39,0.39,0.39);
#6523=FILL_AREA_STYLE_COLOUR('',#6522);
#6524=FILL_AREA_STYLE('',(#6523));
#6525=SURFACE_STYLE_FILL_AREA(#6524);
#6526=SURFACE_STYLE_TRANSPARENT(0.00);
#6527=SURFACE_STYLE_RENDERING_WITH_PROPERTIES(.NORMAL_SHADING.,#6522,(#6526));
#6528=SURFACE_SIDE_STYLE('',(#6525, #6527));
#6529=SURFACE_STYLE_USAGE(.BOTH.,#6528);
#6530=PRESENTATION_STYLE_ASSIGNMENT((#6529));
#6531=STYLED_ITEM('',(#6530),#6521);

#6532=(
BOUNDED_SURFACE()
B_SPLINE_SURFACE(3,1,((#6533,#6534),(#6535,#6536),(#6537,#6538),(#6539,#6540)),.UNSPECIFIED.,.F.,.F.,.F.)
B_SPLINE_SURFACE_WITH_KNOTS((4,4),(2,2),(0.000,1.000),(0.000,1.000),.UNSPECIFIED.)
GEOMETRIC_REPRESENTATION_ITEM()
RATIONAL_B_SPLINE_SURFACE(((1.0000000000,1.0000000000),(1.0000000000,1.0000000000),(1.0000000000,1.0000000000),(1.0000000000,1.0000000000)))
REPRESENTATION_ITEM('')
SURFACE()
);
#6533=CARTESIAN_POINT('',(54.7570208901,-14.1148986967,11.8868807386));
#6534=CARTESIAN_POINT('',(51.9465230323,-14.1148986967,11.8868807386));
#6535=CARTESIAN_POINT('',(54.7570208901,-15.7197419052,11.8868807386));
#6536=CARTESIAN_POINT('',(51.9465230323,-15.7197419052,11.8868807386));
#6537=CARTESIAN_POINT('',(54.7570208901,-16.2002933851,12.6706876195));
#6538=CARTESIAN_POINT('',(51.9465230323,-16.2002933851,12.6706876195));
#6539=CARTESIAN_POINT('',(54.7570208901,-16.2002933851,14.4014100274));
#6540=CARTESIAN_POINT('',(51.9465230323,-16.2002933851,14.4014100274));

#6541=CARTESIAN_POINT('',(54.7570208901,-14.1148986967,11.8868807386));
#6542=VERTEX_POINT('',#6541);
#6543=(
BOUNDED_CURVE()
B_SPLINE_CURVE(1,(#6544,#6545),.UNSPECIFIED.,.F.,.F.)
B_SPLINE_CURVE_WITH_KNOTS((2,2),(0.000,1.000),.UNSPECIFIED.)
CURVE()
GEOMETRIC_REPRESENTATION_ITEM()
RATIONAL_B_SPLINE_CURVE((1.0000000000,1.0000000000))
REPRESENTATION_ITEM('')
);
#6544=CARTESIAN_POINT('',(54.7570208901,-14.1148986967,11.8868807386));
#6545=CARTESIAN_POINT('',(51.9465230323,-14.1148986967,11.8868807386));

#6546=CARTESIAN_POINT('',(51.9465230323,-14.1148986967,11.8868807386));
#6547=VERTEX_POINT('',#6546);
#6548=EDGE_CURVE('',#6542,#6547,#6543,.T.);
#6549=ORIENTED_EDGE('',*,*,#6548,.T.);
#6550=(
BOUNDED_CURVE()
B_SPLINE_CURVE(3,(#6551,#6552,#6553,#6554),.UNSPECIFIED.,.F.,.F.)
B_SPLINE_CURVE_WITH_KNOTS((4,4),(0.000,1.000),.UNSPECIFIED.)
CURVE()
GEOMETRIC_REPRESENTATION_ITEM()
RATIONAL_B_SPLINE_CURVE((1.0000000000,1.0000000000,1.0000000000,1.0000000000))
REPRESENTATION_ITEM('')
);
#6551=CARTESIAN_POINT('',(51.9465230323,-14.1148986967,11.8868807386));
#6552=CARTESIAN_POINT('',(51.9465230323,-15.7197419052,11.8868807386));
#6553=CARTESIAN_POINT('',(51.9465230323,-16.2002933851,12.6706876196));
#6554=CARTESIAN_POINT('',(51.9465230323,-16.2002933851,14.4014100274));

#6555=CARTESIAN_POINT('',(51.9465230323,-16.2002933851,14.4014100274));
#6556=VERTEX_POINT('',#6555);
#6557=EDGE_CURVE('',#6547,#6556,#6550,.T.);
#6558=ORIENTED_EDGE('',*,*,#6557,.T.);
#6559=(
BOUNDED_CURVE()
B_SPLINE_CURVE(1,(#6560,#6561),.UNSPECIFIED.,.F.,.F.)
B_SPLINE_CURVE_WITH_KNOTS((2,2),(0.000,1.000),.UNSPECIFIED.)
CURVE()
GEOMETRIC_REPRESENTATION_ITEM()
RATIONAL_B_SPLINE_CURVE((1.0000000000,1.0000000000))
REPRESENTATION_ITEM('')
);
#6560=CARTESIAN_POINT('',(51.9465230323,-16.2002933851,14.4014100274));
#6561=CARTESIAN_POINT('',(54.7570208901,-16.2002933851,14.4014100274));

#6562=CARTESIAN_POINT('',(54.7570208901,-16.2002933851,14.4014100274));
#6563=VERTEX_POINT('',#6562);
#6564=EDGE_CURVE('',#6556,#6563,#6559,.T.);
#6565=ORIENTED_EDGE('',*,*,#6564,.T.);
#6566=(
BOUNDED_CURVE()
B_SPLINE_CURVE(3,(#6567,#6568,#6569,#6570),.UNSPECIFIED.,.F.,.F.)
B_SPLINE_CURVE_WITH_KNOTS((4,4),(0.000,1.000),.UNSPECIFIED.)
CURVE()
GEOMETRIC_REPRESENTATION_ITEM()
RATIONAL_B_SPLINE_CURVE((1.0000000000,1.0000000000,1.0000000000,1.0000000000))
REPRESENTATION_ITEM('')
);
#6567=CARTESIAN_POINT('',(54.7570208901,-16.2002933851,14.4014100274));
#6568=CARTESIAN_POINT('',(54.7570208901,-16.2002933851,12.6706876196));
#6569=CARTESIAN_POINT('',(54.7570208901,-15.7197419052,11.8868807386));
#6570=CARTESIAN_POINT('',(54.7570208901,-14.1148986967,11.8868807386));

#6571=EDGE_CURVE('',#6563,#6542,#6566,.T.);
#6572=ORIENTED_EDGE('',*,*,#6571,.T.);
#6573=EDGE_LOOP('',(#6549,#6558,#6565,#6572));
#6574=FACE_OUTER_BOUND('',#6573,.T.);
#6575=ADVANCED_FACE('',(#6574),#6532,.T.);
#6576=COLOUR_RGB('',0.39,0.39,0.39);
#6577=FILL_AREA_STYLE_COLOUR('',#6576);
#6578=FILL_AREA_STYLE('',(#6577));
#6579=SURFACE_STYLE_FILL_AREA(#6578);
#6580=SURFACE_STYLE_TRANSPARENT(0.00);
#6581=SURFACE_STYLE_RENDERING_WITH_PROPERTIES(.NORMAL_SHADING.,#6576,(#6580));
#6582=SURFACE_SIDE_STYLE('',(#6579, #6581));
#6583=SURFACE_STYLE_USAGE(.BOTH.,#6582);
#6584=PRESENTATION_STYLE_ASSIGNMENT((#6583));
#6585=STYLED_ITEM('',(#6584),#6575);

#6586=(
BOUNDED_SURFACE()
B_SPLINE_SURFACE(1,1,((#6587,#6588),(#6589,#6590)),.UNSPECIFIED.,.F.,.F.,.F.)
B_SPLINE_SURFACE_WITH_KNOTS((2,2),(2,2),(0.000,1.000),(0.000,1.000),.UNSPECIFIED.)
GEOMETRIC_REPRESENTATION_ITEM()
RATIONAL_B_SPLINE_SURFACE(((1.0000000000,1.0000000000),(1.0000000000,1.0000000000)))
REPRESENTATION_ITEM('')
SURFACE()
);
#6587=CARTESIAN_POINT('',(54.7570208901,-16.2002933851,14.4014100274));
#6588=CARTESIAN_POINT('',(51.9465230323,-16.2002933851,14.4014100274));
#6589=CARTESIAN_POINT('',(54.7570208901,-16.2002933851,17.6437365109));
#6590=CARTESIAN_POINT('',(51.9465230323,-16.2002933851,17.6437365109));

#6591=CARTESIAN_POINT('',(54.7570208901,-16.2002933851,14.4014100274));
#6592=VERTEX_POINT('',#6591);
#6593=(
BOUNDED_CURVE()
B_SPLINE_CURVE(1,(#6594,#6595),.UNSPECIFIED.,.F.,.F.)
B_SPLINE_CURVE_WITH_KNOTS((2,2),(0.000,1.000),.UNSPECIFIED.)
CURVE()
GEOMETRIC_REPRESENTATION_ITEM()
RATIONAL_B_SPLINE_CURVE((1.0000000000,1.0000000000))
REPRESENTATION_ITEM('')
);
#6594=CARTESIAN_POINT('',(54.7570208901,-16.2002933851,14.4014100274));
#6595=CARTESIAN_POINT('',(51.9465230323,-16.2002933851,14.4014100274));

#6596=CARTESIAN_POINT('',(51.9465230323,-16.2002933851,14.4014100274));
#6597=VERTEX_POINT('',#6596);
#6598=EDGE_CURVE('',#6592,#6597,#6593,.T.);
#6599=ORIENTED_EDGE('',*,*,#6598,.T.);
#6600=(
BOUNDED_CURVE()
B_SPLINE_CURVE(1,(#6601,#6602),.UNSPECIFIED.,.F.,.F.)
B_SPLINE_CURVE_WITH_KNOTS((2,2),(0.000,1.000),.UNSPECIFIED.)
CURVE()
GEOMETRIC_REPRESENTATION_ITEM()
RATIONAL_B_SPLINE_CURVE((1.0000000000,1.0000000000))
REPRESENTATION_ITEM('')
);
#6601=CARTESIAN_POINT('',(51.9465230323,-16.2002933851,14.4014100274));
#6602=CARTESIAN_POINT('',(51.9465230323,-16.2002933851,17.6437365109));

#6603=CARTESIAN_POINT('',(51.9465230323,-16.2002933851,17.6437365109));
#6604=VERTEX_POINT('',#6603);
#6605=EDGE_CURVE('',#6597,#6604,#6600,.T.);
#6606=ORIENTED_EDGE('',*,*,#6605,.T.);
#6607=(
BOUNDED_CURVE()
B_SPLINE_CURVE(1,(#6608,#6609),.UNSPECIFIED.,.F.,.F.)
B_SPLINE_CURVE_WITH_KNOTS((2,2),(0.000,1.000),.UNSPECIFIED.)
CURVE()
GEOMETRIC_REPRESENTATION_ITEM()
RATIONAL_B_SPLINE_CURVE((1.0000000000,1.0000000000))
REPRESENTATION_ITEM('')
);
#6608=CARTESIAN_POINT('',(51.9465230323,-16.2002933851,17.6437365109));
#6609=CARTESIAN_POINT('',(54.7570208901,-16.2002933851,17.6437365109));

#6610=CARTESIAN_POINT('',(54.7570208901,-16.2002933851,17.6437365109));
#6611=VERTEX_POINT('',#6610);
#6612=EDGE_CURVE('',#6604,#6611,#6607,.T.);
#6613=ORIENTED_EDGE('',*,*,#6612,.T.);
#6614=(
BOUNDED_CURVE()
B_SPLINE_CURVE(1,(#6615,#6616),.UNSPECIFIED.,.F.,.F.)
B_SPLINE_CURVE_WITH_KNOTS((2,2),(0.000,1.000),.UNSPECIFIED.)
CURVE()
GEOMETRIC_REPRESENTATION_ITEM()
RATIONAL_B_SPLINE_CURVE((1.0000000000,1.0000000000))
REPRESENTATION_ITEM('')
);
#6615=CARTESIAN_POINT('',(54.7570208901,-16.2002933851,17.6437365109));
#6616=CARTESIAN_POINT('',(54.7570208901,-16.2002933851,14.4014100274));

#6617=EDGE_CURVE('',#6611,#6592,#6614,.T.);
#6618=ORIENTED_EDGE('',*,*,#6617,.T.);
#6619=EDGE_LOOP('',(#6599,#6606,#6613,#6618));
#6620=FACE_OUTER_BOUND('',#6619,.T.);
#6621=ADVANCED_FACE('',(#6620),#6586,.T.);
#6622=COLOUR_RGB('',0.39,0.39,0.39);
#6623=FILL_AREA_STYLE_COLOUR('',#6622);
#6624=FILL_AREA_STYLE('',(#6623));
#6625=SURFACE_STYLE_FILL_AREA(#6624);
#6626=SURFACE_STYLE_TRANSPARENT(0.00);
#6627=SURFACE_STYLE_RENDERING_WITH_PROPERTIES(.NORMAL_SHADING.,#6622,(#6626));
#6628=SURFACE_SIDE_STYLE('',(#6625, #6627));
#6629=SURFACE_STYLE_USAGE(.BOTH.,#6628);
#6630=PRESENTATION_STYLE_ASSIGNMENT((#6629));
#6631=STYLED_ITEM('',(#6630),#6621);

#6632=(
BOUNDED_SURFACE()
B_SPLINE_SURFACE(1,1,((#6633,#6634),(#6635,#6636)),.UNSPECIFIED.,.F.,.F.,.F.)
B_SPLINE_SURFACE_WITH_KNOTS((2,2),(2,2),(0.000,1.000),(0.000,1.000),.UNSPECIFIED.)
GEOMETRIC_REPRESENTATION_ITEM()
RATIONAL_B_SPLINE_SURFACE(((1.0000000000,1.0000000000),(1.0000000000,1.0000000000)))
REPRESENTATION_ITEM('')
SURFACE()
);
#6633=CARTESIAN_POINT('',(54.7570208901,-16.2002933851,17.6437365109));
#6634=CARTESIAN_POINT('',(51.9465230323,-16.2002933851,17.6437365109));
#6635=CARTESIAN_POINT('',(54.7570208901,-14.6700744990,17.6437365109));
#6636=CARTESIAN_POINT('',(51.9465230323,-14.6700744990,17.6437365109));

#6637=CARTESIAN_POINT('',(54.7570208901,-16.2002933851,17.6437365109));
#6638=VERTEX_POINT('',#6637);
#6639=(
BOUNDED_CURVE()
B_SPLINE_CURVE(1,(#6640,#6641),.UNSPECIFIED.,.F.,.F.)
B_SPLINE_CURVE_WITH_KNOTS((2,2),(0.000,1.000),.UNSPECIFIED.)
CURVE()
GEOMETRIC_REPRESENTATION_ITEM()
RATIONAL_B_SPLINE_CURVE((1.0000000000,1.0000000000))
REPRESENTATION_ITEM('')
);
#6640=CARTESIAN_POINT('',(54.7570208901,-16.2002933851,17.6437365109));
#6641=CARTESIAN_POINT('',(51.9465230323,-16.2002933851,17.6437365109));

#6642=CARTESIAN_POINT('',(51.9465230323,-16.2002933851,17.6437365109));
#6643=VERTEX_POINT('',#6642);
#6644=EDGE_CURVE('',#6638,#6643,#6639,.T.);
#6645=ORIENTED_EDGE('',*,*,#6644,.T.);
#6646=(
BOUNDED_CURVE()
B_SPLINE_CURVE(1,(#6647,#6648),.UNSPECIFIED.,.F.,.F.)
B_SPLINE_CURVE_WITH_KNOTS((2,2),(0.000,1.000),.UNSPECIFIED.)
CURVE()
GEOMETRIC_REPRESENTATION_ITEM()
RATIONAL_B_SPLINE_CURVE((1.0000000000,1.0000000000))
REPRESENTATION_ITEM('')
);
#6647=CARTESIAN_POINT('',(51.9465230323,-16.2002933851,17.6437365109));
#6648=CARTESIAN_POINT('',(51.9465230323,-14.6700744990,17.6437365109));

#6649=CARTESIAN_POINT('',(51.9465230323,-14.6700744990,17.6437365109));
#6650=VERTEX_POINT('',#6649);
#6651=EDGE_CURVE('',#6643,#6650,#6646,.T.);
#6652=ORIENTED_EDGE('',*,*,#6651,.T.);
#6653=(
BOUNDED_CURVE()
B_SPLINE_CURVE(1,(#6654,#6655),.UNSPECIFIED.,.F.,.F.)
B_SPLINE_CURVE_WITH_KNOTS((2,2),(0.000,1.000),.UNSPECIFIED.)
CURVE()
GEOMETRIC_REPRESENTATION_ITEM()
RATIONAL_B_SPLINE_CURVE((1.0000000000,1.0000000000))
REPRESENTATION_ITEM('')
);
#6654=CARTESIAN_POINT('',(51.9465230323,-14.6700744990,17.6437365109));
#6655=CARTESIAN_POINT('',(54.7570208901,-14.6700744990,17.6437365109));

#6656=CARTESIAN_POINT('',(54.7570208901,-14.6700744990,17.6437365109));
#6657=VERTEX_POINT('',#6656);
#6658=EDGE_CURVE('',#6650,#6657,#6653,.T.);
#6659=ORIENTED_EDGE('',*,*,#6658,.T.);
#6660=(
BOUNDED_CURVE()
B_SPLINE_CURVE(1,(#6661,#6662),.UNSPECIFIED.,.F.,.F.)
B_SPLINE_CURVE_WITH_KNOTS((2,2),(0.000,1.000),.UNSPECIFIED.)
CURVE()
GEOMETRIC_REPRESENTATION_ITEM()
RATIONAL_B_SPLINE_CURVE((1.0000000000,1.0000000000))
REPRESENTATION_ITEM('')
);
#6661=CARTESIAN_POINT('',(54.7570208901,-14.6700744990,17.6437365109));
#6662=CARTESIAN_POINT('',(54.7570208901,-16.2002933851,17.6437365109));

#6663=EDGE_CURVE('',#6657,#6638,#6660,.T.);
#6664=ORIENTED_EDGE('',*,*,#6663,.T.);
#6665=EDGE_LOOP('',(#6645,#6652,#6659,#6664));
#6666=FACE_OUTER_BOUND('',#6665,.T.);
#6667=ADVANCED_FACE('',(#6666),#6632,.T.);
#6668=COLOUR_RGB('',0.39,0.39,0.39);
#6669=FILL_AREA_STYLE_COLOUR('',#6668);
#6670=FILL_AREA_STYLE('',(#6669));
#6671=SURFACE_STYLE_FILL_AREA(#6670);
#6672=SURFACE_STYLE_TRANSPARENT(0.00);
#6673=SURFACE_STYLE_RENDERING_WITH_PROPERTIES(.NORMAL_SHADING.,#6668,(#6672));
#6674=SURFACE_SIDE_STYLE('',(#6671, #6673));
#6675=SURFACE_STYLE_USAGE(.BOTH.,#6674);
#6676=PRESENTATION_STYLE_ASSIGNMENT((#6675));
#6677=STYLED_ITEM('',(#6676),#6667);

#6678=(
BOUNDED_SURFACE()
B_SPLINE_SURFACE(1,1,((#6679,#6680),(#6681,#6682)),.UNSPECIFIED.,.F.,.F.,.F.)
B_SPLINE_SURFACE_WITH_KNOTS((2,2),(2,2),(0.000,1.000),(0.000,1.000),.UNSPECIFIED.)
GEOMETRIC_REPRESENTATION_ITEM()
RATIONAL_B_SPLINE_SURFACE(((1.0000000000,1.0000000000),(1.0000000000,1.0000000000)))
REPRESENTATION_ITEM('')
SURFACE()
);
#6679=CARTESIAN_POINT('',(54.7570208901,-14.6700744990,17.6437365109));
#6680=CARTESIAN_POINT('',(51.9465230323,-14.6700744990,17.6437365109));
#6681=CARTESIAN_POINT('',(54.7570208901,-14.6700744990,14.4014100274));
#6682=CARTESIAN_POINT('',(51.9465230323,-14.6700744990,14.4014100274));

#6683=CARTESIAN_POINT('',(54.7570208901,-14.6700744990,17.6437365109));
#6684=VERTEX_POINT('',#6683);
#6685=(
BOUNDED_CURVE()
B_SPLINE_CURVE(1,(#6686,#6687),.UNSPECIFIED.,.F.,.F.)
B_SPLINE_CURVE_WITH_KNOTS((2,2),(0.000,1.000),.UNSPECIFIED.)
CURVE()
GEOMETRIC_REPRESENTATION_ITEM()
RATIONAL_B_SPLINE_CURVE((1.0000000000,1.0000000000))
REPRESENTATION_ITEM('')
);
#6686=CARTESIAN_POINT('',(54.7570208901,-14.6700744990,17.6437365109));
#6687=CARTESIAN_POINT('',(51.9465230323,-14.6700744990,17.6437365109));

#6688=CARTESIAN_POINT('',(51.9465230323,-14.6700744990,17.6437365109));
#6689=VERTEX_POINT('',#6688);
#6690=EDGE_CURVE('',#6684,#6689,#6685,.T.);
#6691=ORIENTED_EDGE('',*,*,#6690,.T.);
#6692=(
BOUNDED_CURVE()
B_SPLINE_CURVE(1,(#6693,#6694),.UNSPECIFIED.,.F.,.F.)
B_SPLINE_CURVE_WITH_KNOTS((2,2),(0.000,1.000),.UNSPECIFIED.)
CURVE()
GEOMETRIC_REPRESENTATION_ITEM()
RATIONAL_B_SPLINE_CURVE((1.0000000000,1.0000000000))
REPRESENTATION_ITEM('')
);
#6693=CARTESIAN_POINT('',(51.9465230323,-14.6700744990,17.6437365109));
#6694=CARTESIAN_POINT('',(51.9465230323,-14.6700744990,14.4014100274));

#6695=CARTESIAN_POINT('',(51.9465230323,-14.6700744990,14.4014100274));
#6696=VERTEX_POINT('',#6695);
#6697=EDGE_CURVE('',#6689,#6696,#6692,.T.);
#6698=ORIENTED_EDGE('',*,*,#6697,.T.);
#6699=(
BOUNDED_CURVE()
B_SPLINE_CURVE(1,(#6700,#6701),.UNSPECIFIED.,.F.,.F.)
B_SPLINE_CURVE_WITH_KNOTS((2,2),(0.000,1.000),.UNSPECIFIED.)
CURVE()
GEOMETRIC_REPRESENTATION_ITEM()
RATIONAL_B_SPLINE_CURVE((1.0000000000,1.0000000000))
REPRESENTATION_ITEM('')
);
#6700=CARTESIAN_POINT('',(51.9465230323,-14.6700744990,14.4014100274));
#6701=CARTESIAN_POINT('',(54.7570208901,-14.6700744990,14.4014100274));

#6702=CARTESIAN_POINT('',(54.7570208901,-14.6700744990,14.4014100274));
#6703=VERTEX_POINT('',#6702);
#6704=EDGE_CURVE('',#6696,#6703,#6699,.T.);
#6705=ORIENTED_EDGE('',*,*,#6704,.T.);
#6706=(
BOUNDED_CURVE()
B_SPLINE_CURVE(1,(#6707,#6708),.UNSPECIFIED.,.F.,.F.)
B_SPLINE_CURVE_WITH_KNOTS((2,2),(0.000,1.000),.UNSPECIFIED.)
CURVE()
GEOMETRIC_REPRESENTATION_ITEM()
RATIONAL_B_SPLINE_CURVE((1.0000000000,1.0000000000))
REPRESENTATION_ITEM('')
);
#6707=CARTESIAN_POINT('',(54.7570208901,-14.6700744990,14.4014100274));
#6708=CARTESIAN_POINT('',(54.7570208901,-14.6700744990,17.6437365109));

#6709=EDGE_CURVE('',#6703,#6684,#6706,.T.);
#6710=ORIENTED_EDGE('',*,*,#6709,.T.);
#6711=EDGE_LOOP('',(#6691,#6698,#6705,#6710));
#6712=FACE_OUTER_BOUND('',#6711,.T.);
#6713=ADVANCED_FACE('',(#6712),#6678,.T.);
#6714=COLOUR_RGB('',0.39,0.39,0.39);
#6715=FILL_AREA_STYLE_COLOUR('',#6714);
#6716=FILL_AREA_STYLE('',(#6715));
#6717=SURFACE_STYLE_FILL_AREA(#6716);
#6718=SURFACE_STYLE_TRANSPARENT(0.00);
#6719=SURFACE_STYLE_RENDERING_WITH_PROPERTIES(.NORMAL_SHADING.,#6714,(#6718));
#6720=SURFACE_SIDE_STYLE('',(#6717, #6719));
#6721=SURFACE_STYLE_USAGE(.BOTH.,#6720);
#6722=PRESENTATION_STYLE_ASSIGNMENT((#6721));
#6723=STYLED_ITEM('',(#6722),#6713);

#6724=(
BOUNDED_SURFACE()
B_SPLINE_SURFACE(3,1,((#6725,#6726),(#6727,#6728),(#6729,#6730),(#6731,#6732)),.UNSPECIFIED.,.F.,.F.,.F.)
B_SPLINE_SURFACE_WITH_KNOTS((4,4),(2,2),(0.000,1.000),(0.000,1.000),.UNSPECIFIED.)
GEOMETRIC_REPRESENTATION_ITEM()
RATIONAL_B_SPLINE_SURFACE(((1.0000000000,1.0000000000),(1.0000000000,1.0000000000),(1.0000000000,1.0000000000),(1.0000000000,1.0000000000)))
REPRESENTATION_ITEM('')
SURFACE()
);
#6725=CARTESIAN_POINT('',(54.7570208901,-14.6700744990,14.4014100274));
#6726=CARTESIAN_POINT('',(51.9465230323,-14.6700744990,14.4014100274));
#6727=CARTESIAN_POINT('',(54.7570208901,-14.6700744990,13.4310410321));
#6728=CARTESIAN_POINT('',(51.9465230323,-14.6700744990,13.4310410321));
#6729=CARTESIAN_POINT('',(54.7570208901,-14.6421097172,13.0625090743));
#6730=CARTESIAN_POINT('',(51.9465230323,-14.6421097172,13.0625090743));
#6731=CARTESIAN_POINT('',(54.7570208901,-14.1148986967,13.0625090743));
#6732=CARTESIAN_POINT('',(51.9465230323,-14.1148986967,13.0625090743));

#6733=CARTESIAN_POINT('',(54.7570208901,-14.6700744990,14.4014100274));
#6734=VERTEX_POINT('',#6733);
#6735=(
BOUNDED_CURVE()
B_SPLINE_CURVE(1,(#6736,#6737),.UNSPECIFIED.,.F.,.F.)
B_SPLINE_CURVE_WITH_KNOTS((2,2),(0.000,1.000),.UNSPECIFIED.)
CURVE()
GEOMETRIC_REPRESENTATION_ITEM()
RATIONAL_B_SPLINE_CURVE((1.0000000000,1.0000000000))
REPRESENTATION_ITEM('')
);
#6736=CARTESIAN_POINT('',(54.7570208901,-14.6700744990,14.4014100274));
#6737=CARTESIAN_POINT('',(51.9465230323,-14.6700744990,14.4014100274));

#6738=CARTESIAN_POINT('',(51.9465230323,-14.6700744990,14.4014100274));
#6739=VERTEX_POINT('',#6738);
#6740=EDGE_CURVE('',#6734,#6739,#6735,.T.);
#6741=ORIENTED_EDGE('',*,*,#6740,.T.);
#6742=(
BOUNDED_CURVE()
B_SPLINE_CURVE(3,(#6743,#6744,#6745,#6746),.UNSPECIFIED.,.F.,.F.)
B_SPLINE_CURVE_WITH_KNOTS((4,4),(0.000,1.000),.UNSPECIFIED.)
CURVE()
GEOMETRIC_REPRESENTATION_ITEM()
RATIONAL_B_SPLINE_CURVE((1.0000000000,1.0000000000,1.0000000000,1.0000000000))
REPRESENTATION_ITEM('')
);
#6743=CARTESIAN_POINT('',(51.9465230323,-14.6700744990,14.4014100274));
#6744=CARTESIAN_POINT('',(51.9465230323,-14.6700744990,13.4310410320));
#6745=CARTESIAN_POINT('',(51.9465230323,-14.6421097172,13.0625090743));
#6746=CARTESIAN_POINT('',(51.9465230323,-14.1148986966,13.0625090743));

#6747=CARTESIAN_POINT('',(51.9465230323,-14.1148986966,13.0625090743));
#6748=VERTEX_POINT('',#6747);
#6749=EDGE_CURVE('',#6739,#6748,#6742,.T.);
#6750=ORIENTED_EDGE('',*,*,#6749,.T.);
#6751=(
BOUNDED_CURVE()
B_SPLINE_CURVE(1,(#6752,#6753),.UNSPECIFIED.,.F.,.F.)
B_SPLINE_CURVE_WITH_KNOTS((2,2),(0.000,1.000),.UNSPECIFIED.)
CURVE()
GEOMETRIC_REPRESENTATION_ITEM()
RATIONAL_B_SPLINE_CURVE((1.0000000000,1.0000000000))
REPRESENTATION_ITEM('')
);
#6752=CARTESIAN_POINT('',(51.9465230323,-14.1148986967,13.0625090743));
#6753=CARTESIAN_POINT('',(54.7570208901,-14.1148986967,13.0625090743));

#6754=CARTESIAN_POINT('',(54.7570208901,-14.1148986967,13.0625090743));
#6755=VERTEX_POINT('',#6754);
#6756=EDGE_CURVE('',#6748,#6755,#6751,.T.);
#6757=ORIENTED_EDGE('',*,*,#6756,.T.);
#6758=(
BOUNDED_CURVE()
B_SPLINE_CURVE(3,(#6759,#6760,#6761,#6762),.UNSPECIFIED.,.F.,.F.)
B_SPLINE_CURVE_WITH_KNOTS((4,4),(0.000,1.000),.UNSPECIFIED.)
CURVE()
GEOMETRIC_REPRESENTATION_ITEM()
RATIONAL_B_SPLINE_CURVE((1.0000000000,1.0000000000,1.0000000000,1.0000000000))
REPRESENTATION_ITEM('')
);
#6759=CARTESIAN_POINT('',(54.7570208901,-14.1148986966,13.0625090743));
#6760=CARTESIAN_POINT('',(54.7570208901,-14.6421097172,13.0625090743));
#6761=CARTESIAN_POINT('',(54.7570208901,-14.6700744990,13.4310410320));
#6762=CARTESIAN_POINT('',(54.7570208901,-14.6700744990,14.4014100274));

#6763=EDGE_CURVE('',#6755,#6734,#6758,.T.);
#6764=ORIENTED_EDGE('',*,*,#6763,.T.);
#6765=EDGE_LOOP('',(#6741,#6750,#6757,#6764));
#6766=FACE_OUTER_BOUND('',#6765,.T.);
#6767=ADVANCED_FACE('',(#6766),#6724,.T.);
#6768=COLOUR_RGB('',0.39,0.39,0.39);
#6769=FILL_AREA_STYLE_COLOUR('',#6768);
#6770=FILL_AREA_STYLE('',(#6769));
#6771=SURFACE_STYLE_FILL_AREA(#6770);
#6772=SURFACE_STYLE_TRANSPARENT(0.00);
#6773=SURFACE_STYLE_RENDERING_WITH_PROPERTIES(.NORMAL_SHADING.,#6768,(#6772));
#6774=SURFACE_SIDE_STYLE('',(#6771, #6773));
#6775=SURFACE_STYLE_USAGE(.BOTH.,#6774);
#6776=PRESENTATION_STYLE_ASSIGNMENT((#6775));
#6777=STYLED_ITEM('',(#6776),#6767);

#6778=(
BOUNDED_SURFACE()
B_SPLINE_SURFACE(1,1,((#6779,#6780),(#6781,#6782)),.UNSPECIFIED.,.F.,.F.,.F.)
B_SPLINE_SURFACE_WITH_KNOTS((2,2),(2,2),(0.000,1.000),(0.000,1.000),.UNSPECIFIED.)
GEOMETRIC_REPRESENTATION_ITEM()
RATIONAL_B_SPLINE_SURFACE(((1.0000000000,1.0000000000),(1.0000000000,1.0000000000)))
REPRESENTATION_ITEM('')
SURFACE()
);
#6779=CARTESIAN_POINT('',(54.7570208901,-11.4698160079,17.6437365109));
#6780=CARTESIAN_POINT('',(54.7570208901,-7.2804929651,17.6437365109));
#6781=CARTESIAN_POINT('',(54.7570208901,-11.4698160079,12.0268638338));
#6782=CARTESIAN_POINT('',(54.7570208901,-7.2804929651,12.0268638338));

#6783=CARTESIAN_POINT('',(54.7570208901,-9.9395955268,13.6876357087));
#6784=VERTEX_POINT('',#6783);
#6785=(
BOUNDED_CURVE()
B_SPLINE_CURVE(1,(#6786,#6787),.UNSPECIFIED.,.F.,.F.)
B_SPLINE_CURVE_WITH_KNOTS((2,2),(0.000,1.000),.UNSPECIFIED.)
CURVE()
GEOMETRIC_REPRESENTATION_ITEM()
RATIONAL_B_SPLINE_CURVE((1.0000000000,1.0000000000))
REPRESENTATION_ITEM('')
);
#6786=CARTESIAN_POINT('',(54.7570208901,-9.9395955268,13.6876357087));
#6787=CARTESIAN_POINT('',(54.7570208901,-9.9395955268,12.0268638338));

#6788=CARTESIAN_POINT('',(54.7570208901,-9.9395955268,12.0268638338));
#6789=VERTEX_POINT('',#6788);
#6790=EDGE_CURVE('',#6784,#6789,#6785,.T.);
#6791=ORIENTED_EDGE('',*,*,#6790,.T.);
#6792=(
BOUNDED_CURVE()
B_SPLINE_CURVE(1,(#6793,#6794),.UNSPECIFIED.,.F.,.F.)
B_SPLINE_CURVE_WITH_KNOTS((2,2),(0.000,1.000),.UNSPECIFIED.)
CURVE()
GEOMETRIC_REPRESENTATION_ITEM()
RATIONAL_B_SPLINE_CURVE((1.0000000000,1.0000000000))
REPRESENTATION_ITEM('')
);
#6793=CARTESIAN_POINT('',(54.7570208901,-9.9395955268,12.0268638338));
#6794=CARTESIAN_POINT('',(54.7570208901,-11.4698160079,12.0268638338));

#6795=CARTESIAN_POINT('',(54.7570208901,-11.4698160079,12.0268638338));
#6796=VERTEX_POINT('',#6795);
#6797=EDGE_CURVE('',#6789,#6796,#6792,.T.);
#6798=ORIENTED_EDGE('',*,*,#6797,.T.);
#6799=(
BOUNDED_CURVE()
B_SPLINE_CURVE(1,(#6800,#6801),.UNSPECIFIED.,.F.,.F.)
B_SPLINE_CURVE_WITH_KNOTS((2,2),(0.000,1.000),.UNSPECIFIED.)
CURVE()
GEOMETRIC_REPRESENTATION_ITEM()
RATIONAL_B_SPLINE_CURVE((1.0000000000,1.0000000000))
REPRESENTATION_ITEM('')
);
#6800=CARTESIAN_POINT('',(54.7570208901,-11.4698160079,12.0268638338));
#6801=CARTESIAN_POINT('',(54.7570208901,-11.4698160079,17.6437365109));

#6802=CARTESIAN_POINT('',(54.7570208901,-11.4698160079,17.6437365109));
#6803=VERTEX_POINT('',#6802);
#6804=EDGE_CURVE('',#6796,#6803,#6799,.T.);
#6805=ORIENTED_EDGE('',*,*,#6804,.T.);
#6806=(
BOUNDED_CURVE()
B_SPLINE_CURVE(1,(#6807,#6808),.UNSPECIFIED.,.F.,.F.)
B_SPLINE_CURVE_WITH_KNOTS((2,2),(0.000,1.000),.UNSPECIFIED.)
CURVE()
GEOMETRIC_REPRESENTATION_ITEM()
RATIONAL_B_SPLINE_CURVE((1.0000000000,1.0000000000))
REPRESENTATION_ITEM('')
);
#6807=CARTESIAN_POINT('',(54.7570208901,-11.4698160079,17.6437365109));
#6808=CARTESIAN_POINT('',(54.7570208901,-9.9395955268,17.6437365109));

#6809=CARTESIAN_POINT('',(54.7570208901,-9.9395955268,17.6437365109));
#6810=VERTEX_POINT('',#6809);
#6811=EDGE_CURVE('',#6803,#6810,#6806,.T.);
#6812=ORIENTED_EDGE('',*,*,#6811,.T.);
#6813=(
BOUNDED_CURVE()
B_SPLINE_CURVE(1,(#6814,#6815),.UNSPECIFIED.,.F.,.F.)
B_SPLINE_CURVE_WITH_KNOTS((2,2),(0.000,1.000),.UNSPECIFIED.)
CURVE()
GEOMETRIC_REPRESENTATION_ITEM()
RATIONAL_B_SPLINE_CURVE((1.0000000000,1.0000000000))
REPRESENTATION_ITEM('')
);
#6814=CARTESIAN_POINT('',(54.7570208901,-9.9395955268,17.6437365109));
#6815=CARTESIAN_POINT('',(54.7570208901,-9.9395955268,15.9969054577));

#6816=CARTESIAN_POINT('',(54.7570208901,-9.9395955268,15.9969054577));
#6817=VERTEX_POINT('',#6816);
#6818=EDGE_CURVE('',#6810,#6817,#6813,.T.);
#6819=ORIENTED_EDGE('',*,*,#6818,.T.);
#6820=(
BOUNDED_CURVE()
B_SPLINE_CURVE(1,(#6821,#6822),.UNSPECIFIED.,.F.,.F.)
B_SPLINE_CURVE_WITH_KNOTS((2,2),(0.000,1.000),.UNSPECIFIED.)
CURVE()
GEOMETRIC_REPRESENTATION_ITEM()
RATIONAL_B_SPLINE_CURVE((1.0000000000,1.0000000000))
REPRESENTATION_ITEM('')
);
#6821=CARTESIAN_POINT('',(54.7570208901,-9.9395955268,15.9969054577));
#6822=CARTESIAN_POINT('',(54.7570208901,-9.0299115274,17.6437365109));

#6823=CARTESIAN_POINT('',(54.7570208901,-9.0299115274,17.6437365109));
#6824=VERTEX_POINT('',#6823);
#6825=EDGE_CURVE('',#6817,#6824,#6820,.T.);
#6826=ORIENTED_EDGE('',*,*,#6825,.T.);
#6827=(
BOUNDED_CURVE()
B_SPLINE_CURVE(1,(#6828,#6829),.UNSPECIFIED.,.F.,.F.)
B_SPLINE_CURVE_WITH_KNOTS((2,2),(0.000,1.000),.UNSPECIFIED.)
CURVE()
GEOMETRIC_REPRESENTATION_ITEM()
RATIONAL_B_SPLINE_CURVE((1.0000000000,1.0000000000))
REPRESENTATION_ITEM('')
);
#6828=CARTESIAN_POINT('',(54.7570208901,-9.0299115274,17.6437365109));
#6829=CARTESIAN_POINT('',(54.7570208901,-7.2804929651,17.6437365109));

#6830=CARTESIAN_POINT('',(54.7570208901,-7.2804929651,17.6437365109));
#6831=VERTEX_POINT('',#6830);
#6832=EDGE_CURVE('',#6824,#6831,#6827,.T.);
#6833=ORIENTED_EDGE('',*,*,#6832,.T.);
#6834=(
BOUNDED_CURVE()
B_SPLINE_CURVE(1,(#6835,#6836),.UNSPECIFIED.,.F.,.F.)
B_SPLINE_CURVE_WITH_KNOTS((2,2),(0.000,1.000),.UNSPECIFIED.)
CURVE()
GEOMETRIC_REPRESENTATION_ITEM()
RATIONAL_B_SPLINE_CURVE((1.0000000000,1.0000000000))
REPRESENTATION_ITEM('')
);
#6835=CARTESIAN_POINT('',(54.7570208901,-7.2804929651,17.6437365109));
#6836=CARTESIAN_POINT('',(54.7570208901,-8.8012807353,15.3811275984));

#6837=CARTESIAN_POINT('',(54.7570208901,-8.8012807353,15.3811275984));
#6838=VERTEX_POINT('',#6837);
#6839=EDGE_CURVE('',#6831,#6838,#6834,.T.);
#6840=ORIENTED_EDGE('',*,*,#6839,.T.);
#6841=(
BOUNDED_CURVE()
B_SPLINE_CURVE(1,(#6842,#6843),.UNSPECIFIED.,.F.,.F.)
B_SPLINE_CURVE_WITH_KNOTS((2,2),(0.000,1.000),.UNSPECIFIED.)
CURVE()
GEOMETRIC_REPRESENTATION_ITEM()
RATIONAL_B_SPLINE_CURVE((1.0000000000,1.0000000000))
REPRESENTATION_ITEM('')
);
#6842=CARTESIAN_POINT('',(54.7570208901,-8.8012807353,15.3811275984));
#6843=CARTESIAN_POINT('',(54.7570208901,-7.2804929651,12.0268638338));

#6844=CARTESIAN_POINT('',(54.7570208901,-7.2804929651,12.0268638338));
#6845=VERTEX_POINT('',#6844);
#6846=EDGE_CURVE('',#6838,#6845,#6841,.T.);
#6847=ORIENTED_EDGE('',*,*,#6846,.T.);
#6848=(
BOUNDED_CURVE()
B_SPLINE_CURVE(1,(#6849,#6850),.UNSPECIFIED.,.F.,.F.)
B_SPLINE_CURVE_WITH_KNOTS((2,2),(0.000,1.000),.UNSPECIFIED.)
CURVE()
GEOMETRIC_REPRESENTATION_ITEM()
RATIONAL_B_SPLINE_CURVE((1.0000000000,1.0000000000))
REPRESENTATION_ITEM('')
);
#6849=CARTESIAN_POINT('',(54.7570208901,-7.2804929651,12.0268638338));
#6850=CARTESIAN_POINT('',(54.7570208901,-9.0019483406,12.0268638338));

#6851=CARTESIAN_POINT('',(54.7570208901,-9.0019483406,12.0268638338));
#6852=VERTEX_POINT('',#6851);
#6853=EDGE_CURVE('',#6845,#6852,#6848,.T.);
#6854=ORIENTED_EDGE('',*,*,#6853,.T.);
#6855=(
BOUNDED_CURVE()
B_SPLINE_CURVE(1,(#6856,#6857),.UNSPECIFIED.,.F.,.F.)
B_SPLINE_CURVE_WITH_KNOTS((2,2),(0.000,1.000),.UNSPECIFIED.)
CURVE()
GEOMETRIC_REPRESENTATION_ITEM()
RATIONAL_B_SPLINE_CURVE((1.0000000000,1.0000000000))
REPRESENTATION_ITEM('')
);
#6856=CARTESIAN_POINT('',(54.7570208901,-9.0019483406,12.0268638338));
#6857=CARTESIAN_POINT('',(54.7570208901,-9.7996966539,13.8975692498));

#6858=CARTESIAN_POINT('',(54.7570208901,-9.7996966539,13.8975692498));
#6859=VERTEX_POINT('',#6858);
#6860=EDGE_CURVE('',#6852,#6859,#6855,.T.);
#6861=ORIENTED_EDGE('',*,*,#6860,.T.);
#6862=(
BOUNDED_CURVE()
B_SPLINE_CURVE(1,(#6863,#6864),.UNSPECIFIED.,.F.,.F.)
B_SPLINE_CURVE_WITH_KNOTS((2,2),(0.000,1.000),.UNSPECIFIED.)
CURVE()
GEOMETRIC_REPRESENTATION_ITEM()
RATIONAL_B_SPLINE_CURVE((1.0000000000,1.0000000000))
REPRESENTATION_ITEM('')
);
#6863=CARTESIAN_POINT('',(54.7570208901,-9.7996966539,13.8975692498));
#6864=CARTESIAN_POINT('',(54.7570208901,-9.9395955268,13.6876357087));

#6865=EDGE_CURVE('',#6859,#6784,#6862,.T.);
#6866=ORIENTED_EDGE('',*,*,#6865,.T.);
#6867=EDGE_LOOP('',(#6791,#6798,#6805,#6812,#6819,#6826,#6833,#6840,#6847,#6854,#6861,#6866));
#6868=FACE_OUTER_BOUND('',#6867,.T.);
#6869=ADVANCED_FACE('',(#6868),#6778,.T.);
#6870=COLOUR_RGB('',0.39,0.39,0.39);
#6871=FILL_AREA_STYLE_COLOUR('',#6870);
#6872=FILL_AREA_STYLE('',(#6871));
#6873=SURFACE_STYLE_FILL_AREA(#6872);
#6874=SURFACE_STYLE_TRANSPARENT(0.00);
#6875=SURFACE_STYLE_RENDERING_WITH_PROPERTIES(.NORMAL_SHADING.,#6870,(#6874));
#6876=SURFACE_SIDE_STYLE('',(#6873, #6875));
#6877=SURFACE_STYLE_USAGE(.BOTH.,#6876);
#6878=PRESENTATION_STYLE_ASSIGNMENT((#6877));
#6879=STYLED_ITEM('',(#6878),#6869);

#6880=(
BOUNDED_SURFACE()
B_SPLINE_SURFACE(1,1,((#6881,#6882),(#6883,#6884)),.UNSPECIFIED.,.F.,.F.,.F.)
B_SPLINE_SURFACE_WITH_KNOTS((2,2),(2,2),(0.000,1.000),(0.000,1.000),.UNSPECIFIED.)
GEOMETRIC_REPRESENTATION_ITEM()
RATIONAL_B_SPLINE_SURFACE(((1.0000000000,1.0000000000),(1.0000000000,1.0000000000)))
REPRESENTATION_ITEM('')
SURFACE()
);
#6881=CARTESIAN_POINT('',(54.7570208901,-9.9395955268,15.9969054577));
#6882=CARTESIAN_POINT('',(51.9465230323,-9.9395955268,15.9969054577));
#6883=CARTESIAN_POINT('',(54.7570208901,-9.0299115274,17.6437365109));
#6884=CARTESIAN_POINT('',(51.9465230323,-9.0299115274,17.6437365109));

#6885=CARTESIAN_POINT('',(54.7570208901,-9.9395955268,15.9969054577));
#6886=VERTEX_POINT('',#6885);
#6887=(
BOUNDED_CURVE()
B_SPLINE_CURVE(1,(#6888,#6889),.UNSPECIFIED.,.F.,.F.)
B_SPLINE_CURVE_WITH_KNOTS((2,2),(0.000,1.000),.UNSPECIFIED.)
CURVE()
GEOMETRIC_REPRESENTATION_ITEM()
RATIONAL_B_SPLINE_CURVE((1.0000000000,1.0000000000))
REPRESENTATION_ITEM('')
);
#6888=CARTESIAN_POINT('',(54.7570208901,-9.9395955268,15.9969054577));
#6889=CARTESIAN_POINT('',(51.9465230323,-9.9395955268,15.9969054577));

#6890=CARTESIAN_POINT('',(51.9465230323,-9.9395955268,15.9969054577));
#6891=VERTEX_POINT('',#6890);
#6892=EDGE_CURVE('',#6886,#6891,#6887,.T.);
#6893=ORIENTED_EDGE('',*,*,#6892,.T.);
#6894=(
BOUNDED_CURVE()
B_SPLINE_CURVE(1,(#6895,#6896),.UNSPECIFIED.,.F.,.F.)
B_SPLINE_CURVE_WITH_KNOTS((2,2),(0.000,1.000),.UNSPECIFIED.)
CURVE()
GEOMETRIC_REPRESENTATION_ITEM()
RATIONAL_B_SPLINE_CURVE((1.0000000000,1.0000000000))
REPRESENTATION_ITEM('')
);
#6895=CARTESIAN_POINT('',(51.9465230323,-9.9395955268,15.9969054577));
#6896=CARTESIAN_POINT('',(51.9465230323,-9.0299115274,17.6437365109));

#6897=CARTESIAN_POINT('',(51.9465230323,-9.0299115274,17.6437365109));
#6898=VERTEX_POINT('',#6897);
#6899=EDGE_CURVE('',#6891,#6898,#6894,.T.);
#6900=ORIENTED_EDGE('',*,*,#6899,.T.);
#6901=(
BOUNDED_CURVE()
B_SPLINE_CURVE(1,(#6902,#6903),.UNSPECIFIED.,.F.,.F.)
B_SPLINE_CURVE_WITH_KNOTS((2,2),(0.000,1.000),.UNSPECIFIED.)
CURVE()
GEOMETRIC_REPRESENTATION_ITEM()
RATIONAL_B_SPLINE_CURVE((1.0000000000,1.0000000000))
REPRESENTATION_ITEM('')
);
#6902=CARTESIAN_POINT('',(51.9465230323,-9.0299115274,17.6437365109));
#6903=CARTESIAN_POINT('',(54.7570208901,-9.0299115274,17.6437365109));

#6904=CARTESIAN_POINT('',(54.7570208901,-9.0299115274,17.6437365109));
#6905=VERTEX_POINT('',#6904);
#6906=EDGE_CURVE('',#6898,#6905,#6901,.T.);
#6907=ORIENTED_EDGE('',*,*,#6906,.T.);
#6908=(
BOUNDED_CURVE()
B_SPLINE_CURVE(1,(#6909,#6910),.UNSPECIFIED.,.F.,.F.)
B_SPLINE_CURVE_WITH_KNOTS((2,2),(0.000,1.000),.UNSPECIFIED.)
CURVE()
GEOMETRIC_REPRESENTATION_ITEM()
RATIONAL_B_SPLINE_CURVE((1.0000000000,1.0000000000))
REPRESENTATION_ITEM('')
);
#6909=CARTESIAN_POINT('',(54.7570208901,-9.0299115274,17.6437365109));
#6910=CARTESIAN_POINT('',(54.7570208901,-9.9395955268,15.9969054577));

#6911=EDGE_CURVE('',#6905,#6886,#6908,.T.);
#6912=ORIENTED_EDGE('',*,*,#6911,.T.);
#6913=EDGE_LOOP('',(#6893,#6900,#6907,#6912));
#6914=FACE_OUTER_BOUND('',#6913,.T.);
#6915=ADVANCED_FACE('',(#6914),#6880,.T.);
#6916=COLOUR_RGB('',0.39,0.39,0.39);
#6917=FILL_AREA_STYLE_COLOUR('',#6916);
#6918=FILL_AREA_STYLE('',(#6917));
#6919=SURFACE_STYLE_FILL_AREA(#6918);
#6920=SURFACE_STYLE_TRANSPARENT(0.00);
#6921=SURFACE_STYLE_RENDERING_WITH_PROPERTIES(.NORMAL_SHADING.,#6916,(#6920));
#6922=SURFACE_SIDE_STYLE('',(#6919, #6921));
#6923=SURFACE_STYLE_USAGE(.BOTH.,#6922);
#6924=PRESENTATION_STYLE_ASSIGNMENT((#6923));
#6925=STYLED_ITEM('',(#6924),#6915);

#6926=(
BOUNDED_SURFACE()
B_SPLINE_SURFACE(1,1,((#6927,#6928),(#6929,#6930)),.UNSPECIFIED.,.F.,.F.,.F.)
B_SPLINE_SURFACE_WITH_KNOTS((2,2),(2,2),(0.000,1.000),(0.000,1.000),.UNSPECIFIED.)
GEOMETRIC_REPRESENTATION_ITEM()
RATIONAL_B_SPLINE_SURFACE(((1.0000000000,1.0000000000),(1.0000000000,1.0000000000)))
REPRESENTATION_ITEM('')
SURFACE()
);
#6927=CARTESIAN_POINT('',(54.7570208901,-9.0299115274,17.6437365109));
#6928=CARTESIAN_POINT('',(51.9465230323,-9.0299115274,17.6437365109));
#6929=CARTESIAN_POINT('',(54.7570208901,-7.2804929651,17.6437365109));
#6930=CARTESIAN_POINT('',(51.9465230323,-7.2804929651,17.6437365109));

#6931=CARTESIAN_POINT('',(54.7570208901,-9.0299115274,17.6437365109));
#6932=VERTEX_POINT('',#6931);
#6933=(
BOUNDED_CURVE()
B_SPLINE_CURVE(1,(#6934,#6935),.UNSPECIFIED.,.F.,.F.)
B_SPLINE_CURVE_WITH_KNOTS((2,2),(0.000,1.000),.UNSPECIFIED.)
CURVE()
GEOMETRIC_REPRESENTATION_ITEM()
RATIONAL_B_SPLINE_CURVE((1.0000000000,1.0000000000))
REPRESENTATION_ITEM('')
);
#6934=CARTESIAN_POINT('',(54.7570208901,-9.0299115274,17.6437365109));
#6935=CARTESIAN_POINT('',(51.9465230323,-9.0299115274,17.6437365109));

#6936=CARTESIAN_POINT('',(51.9465230323,-9.0299115274,17.6437365109));
#6937=VERTEX_POINT('',#6936);
#6938=EDGE_CURVE('',#6932,#6937,#6933,.T.);
#6939=ORIENTED_EDGE('',*,*,#6938,.T.);
#6940=(
BOUNDED_CURVE()
B_SPLINE_CURVE(1,(#6941,#6942),.UNSPECIFIED.,.F.,.F.)
B_SPLINE_CURVE_WITH_KNOTS((2,2),(0.000,1.000),.UNSPECIFIED.)
CURVE()
GEOMETRIC_REPRESENTATION_ITEM()
RATIONAL_B_SPLINE_CURVE((1.0000000000,1.0000000000))
REPRESENTATION_ITEM('')
);
#6941=CARTESIAN_POINT('',(51.9465230323,-9.0299115274,17.6437365109));
#6942=CARTESIAN_POINT('',(51.9465230323,-7.2804929651,17.6437365109));

#6943=CARTESIAN_POINT('',(51.9465230323,-7.2804929651,17.6437365109));
#6944=VERTEX_POINT('',#6943);
#6945=EDGE_CURVE('',#6937,#6944,#6940,.T.);
#6946=ORIENTED_EDGE('',*,*,#6945,.T.);
#6947=(
BOUNDED_CURVE()
B_SPLINE_CURVE(1,(#6948,#6949),.UNSPECIFIED.,.F.,.F.)
B_SPLINE_CURVE_WITH_KNOTS((2,2),(0.000,1.000),.UNSPECIFIED.)
CURVE()
GEOMETRIC_REPRESENTATION_ITEM()
RATIONAL_B_SPLINE_CURVE((1.0000000000,1.0000000000))
REPRESENTATION_ITEM('')
);
#6948=CARTESIAN_POINT('',(51.9465230323,-7.2804929651,17.6437365109));
#6949=CARTESIAN_POINT('',(54.7570208901,-7.2804929651,17.6437365109));

#6950=CARTESIAN_POINT('',(54.7570208901,-7.2804929651,17.6437365109));
#6951=VERTEX_POINT('',#6950);
#6952=EDGE_CURVE('',#6944,#6951,#6947,.T.);
#6953=ORIENTED_EDGE('',*,*,#6952,.T.);
#6954=(
BOUNDED_CURVE()
B_SPLINE_CURVE(1,(#6955,#6956),.UNSPECIFIED.,.F.,.F.)
B_SPLINE_CURVE_WITH_KNOTS((2,2),(0.000,1.000),.UNSPECIFIED.)
CURVE()
GEOMETRIC_REPRESENTATION_ITEM()
RATIONAL_B_SPLINE_CURVE((1.0000000000,1.0000000000))
REPRESENTATION_ITEM('')
);
#6955=CARTESIAN_POINT('',(54.7570208901,-7.2804929651,17.6437365109));
#6956=CARTESIAN_POINT('',(54.7570208901,-9.0299115274,17.6437365109));

#6957=EDGE_CURVE('',#6951,#6932,#6954,.T.);
#6958=ORIENTED_EDGE('',*,*,#6957,.T.);
#6959=EDGE_LOOP('',(#6939,#6946,#6953,#6958));
#6960=FACE_OUTER_BOUND('',#6959,.T.);
#6961=ADVANCED_FACE('',(#6960),#6926,.T.);
#6962=COLOUR_RGB('',0.39,0.39,0.39);
#6963=FILL_AREA_STYLE_COLOUR('',#6962);
#6964=FILL_AREA_STYLE('',(#6963));
#6965=SURFACE_STYLE_FILL_AREA(#6964);
#6966=SURFACE_STYLE_TRANSPARENT(0.00);
#6967=SURFACE_STYLE_RENDERING_WITH_PROPERTIES(.NORMAL_SHADING.,#6962,(#6966));
#6968=SURFACE_SIDE_STYLE('',(#6965, #6967));
#6969=SURFACE_STYLE_USAGE(.BOTH.,#6968);
#6970=PRESENTATION_STYLE_ASSIGNMENT((#6969));
#6971=STYLED_ITEM('',(#6970),#6961);

#6972=(
BOUNDED_SURFACE()
B_SPLINE_SURFACE(1,1,((#6973,#6974),(#6975,#6976)),.UNSPECIFIED.,.F.,.F.,.F.)
B_SPLINE_SURFACE_WITH_KNOTS((2,2),(2,2),(0.000,1.000),(0.000,1.000),.UNSPECIFIED.)
GEOMETRIC_REPRESENTATION_ITEM()
RATIONAL_B_SPLINE_SURFACE(((1.0000000000,1.0000000000),(1.0000000000,1.0000000000)))
REPRESENTATION_ITEM('')
SURFACE()
);
#6973=CARTESIAN_POINT('',(54.7570208901,-7.2804929651,17.6437365109));
#6974=CARTESIAN_POINT('',(51.9465230323,-7.2804929651,17.6437365109));
#6975=CARTESIAN_POINT('',(54.7570208901,-8.8012807353,15.3811275984));
#6976=CARTESIAN_POINT('',(51.9465230323,-8.8012807353,15.3811275984));

#6977=CARTESIAN_POINT('',(54.7570208901,-7.2804929651,17.6437365109));
#6978=VERTEX_POINT('',#6977);
#6979=(
BOUNDED_CURVE()
B_SPLINE_CURVE(1,(#6980,#6981),.UNSPECIFIED.,.F.,.F.)
B_SPLINE_CURVE_WITH_KNOTS((2,2),(0.000,1.000),.UNSPECIFIED.)
CURVE()
GEOMETRIC_REPRESENTATION_ITEM()
RATIONAL_B_SPLINE_CURVE((1.0000000000,1.0000000000))
REPRESENTATION_ITEM('')
);
#6980=CARTESIAN_POINT('',(54.7570208901,-7.2804929651,17.6437365109));
#6981=CARTESIAN_POINT('',(51.9465230323,-7.2804929651,17.6437365109));

#6982=CARTESIAN_POINT('',(51.9465230323,-7.2804929651,17.6437365109));
#6983=VERTEX_POINT('',#6982);
#6984=EDGE_CURVE('',#6978,#6983,#6979,.T.);
#6985=ORIENTED_EDGE('',*,*,#6984,.T.);
#6986=(
BOUNDED_CURVE()
B_SPLINE_CURVE(1,(#6987,#6988),.UNSPECIFIED.,.F.,.F.)
B_SPLINE_CURVE_WITH_KNOTS((2,2),(0.000,1.000),.UNSPECIFIED.)
CURVE()
GEOMETRIC_REPRESENTATION_ITEM()
RATIONAL_B_SPLINE_CURVE((1.0000000000,1.0000000000))
REPRESENTATION_ITEM('')
);
#6987=CARTESIAN_POINT('',(51.9465230323,-7.2804929651,17.6437365109));
#6988=CARTESIAN_POINT('',(51.9465230323,-8.8012807353,15.3811275984));

#6989=CARTESIAN_POINT('',(51.9465230323,-8.8012807353,15.3811275984));
#6990=VERTEX_POINT('',#6989);
#6991=EDGE_CURVE('',#6983,#6990,#6986,.T.);
#6992=ORIENTED_EDGE('',*,*,#6991,.T.);
#6993=(
BOUNDED_CURVE()
B_SPLINE_CURVE(1,(#6994,#6995),.UNSPECIFIED.,.F.,.F.)
B_SPLINE_CURVE_WITH_KNOTS((2,2),(0.000,1.000),.UNSPECIFIED.)
CURVE()
GEOMETRIC_REPRESENTATION_ITEM()
RATIONAL_B_SPLINE_CURVE((1.0000000000,1.0000000000))
REPRESENTATION_ITEM('')
);
#6994=CARTESIAN_POINT('',(51.9465230323,-8.8012807353,15.3811275984));
#6995=CARTESIAN_POINT('',(54.7570208901,-8.8012807353,15.3811275984));

#6996=CARTESIAN_POINT('',(54.7570208901,-8.8012807353,15.3811275984));
#6997=VERTEX_POINT('',#6996);
#6998=EDGE_CURVE('',#6990,#6997,#6993,.T.);
#6999=ORIENTED_EDGE('',*,*,#6998,.T.);
#7000=(
BOUNDED_CURVE()
B_SPLINE_CURVE(1,(#7001,#7002),.UNSPECIFIED.,.F.,.F.)
B_SPLINE_CURVE_WITH_KNOTS((2,2),(0.000,1.000),.UNSPECIFIED.)
CURVE()
GEOMETRIC_REPRESENTATION_ITEM()
RATIONAL_B_SPLINE_CURVE((1.0000000000,1.0000000000))
REPRESENTATION_ITEM('')
);
#7001=CARTESIAN_POINT('',(54.7570208901,-8.8012807353,15.3811275984));
#7002=CARTESIAN_POINT('',(54.7570208901,-7.2804929651,17.6437365109));

#7003=EDGE_CURVE('',#6997,#6978,#7000,.T.);
#7004=ORIENTED_EDGE('',*,*,#7003,.T.);
#7005=EDGE_LOOP('',(#6985,#6992,#6999,#7004));
#7006=FACE_OUTER_BOUND('',#7005,.T.);
#7007=ADVANCED_FACE('',(#7006),#6972,.T.);
#7008=COLOUR_RGB('',0.39,0.39,0.39);
#7009=FILL_AREA_STYLE_COLOUR('',#7008);
#7010=FILL_AREA_STYLE('',(#7009));
#7011=SURFACE_STYLE_FILL_AREA(#7010);
#7012=SURFACE_STYLE_TRANSPARENT(0.00);
#7013=SURFACE_STYLE_RENDERING_WITH_PROPERTIES(.NORMAL_SHADING.,#7008,(#7012));
#7014=SURFACE_SIDE_STYLE('',(#7011, #7013));
#7015=SURFACE_STYLE_USAGE(.BOTH.,#7014);
#7016=PRESENTATION_STYLE_ASSIGNMENT((#7015));
#7017=STYLED_ITEM('',(#7016),#7007);

#7018=(
BOUNDED_SURFACE()
B_SPLINE_SURFACE(1,1,((#7019,#7020),(#7021,#7022)),.UNSPECIFIED.,.F.,.F.,.F.)
B_SPLINE_SURFACE_WITH_KNOTS((2,2),(2,2),(0.000,1.000),(0.000,1.000),.UNSPECIFIED.)
GEOMETRIC_REPRESENTATION_ITEM()
RATIONAL_B_SPLINE_SURFACE(((1.0000000000,1.0000000000),(1.0000000000,1.0000000000)))
REPRESENTATION_ITEM('')
SURFACE()
);
#7019=CARTESIAN_POINT('',(54.7570208901,-8.8012807353,15.3811275984));
#7020=CARTESIAN_POINT('',(51.9465230323,-8.8012807353,15.3811275984));
#7021=CARTESIAN_POINT('',(54.7570208901,-7.2804929651,12.0268638338));
#7022=CARTESIAN_POINT('',(51.9465230323,-7.2804929651,12.0268638338));

#7023=CARTESIAN_POINT('',(54.7570208901,-8.8012807353,15.3811275984));
#7024=VERTEX_POINT('',#7023);
#7025=(
BOUNDED_CURVE()
B_SPLINE_CURVE(1,(#7026,#7027),.UNSPECIFIED.,.F.,.F.)
B_SPLINE_CURVE_WITH_KNOTS((2,2),(0.000,1.000),.UNSPECIFIED.)
CURVE()
GEOMETRIC_REPRESENTATION_ITEM()
RATIONAL_B_SPLINE_CURVE((1.0000000000,1.0000000000))
REPRESENTATION_ITEM('')
);
#7026=CARTESIAN_POINT('',(54.7570208901,-8.8012807353,15.3811275984));
#7027=CARTESIAN_POINT('',(51.9465230323,-8.8012807353,15.3811275984));

#7028=CARTESIAN_POINT('',(51.9465230323,-8.8012807353,15.3811275984));
#7029=VERTEX_POINT('',#7028);
#7030=EDGE_CURVE('',#7024,#7029,#7025,.T.);
#7031=ORIENTED_EDGE('',*,*,#7030,.T.);
#7032=(
BOUNDED_CURVE()
B_SPLINE_CURVE(1,(#7033,#7034),.UNSPECIFIED.,.F.,.F.)
B_SPLINE_CURVE_WITH_KNOTS((2,2),(0.000,1.000),.UNSPECIFIED.)
CURVE()
GEOMETRIC_REPRESENTATION_ITEM()
RATIONAL_B_SPLINE_CURVE((1.0000000000,1.0000000000))
REPRESENTATION_ITEM('')
);
#7033=CARTESIAN_POINT('',(51.9465230323,-8.8012807353,15.3811275984));
#7034=CARTESIAN_POINT('',(51.9465230323,-7.2804929651,12.0268638338));

#7035=CARTESIAN_POINT('',(51.9465230323,-7.2804929651,12.0268638338));
#7036=VERTEX_POINT('',#7035);
#7037=EDGE_CURVE('',#7029,#7036,#7032,.T.);
#7038=ORIENTED_EDGE('',*,*,#7037,.T.);
#7039=(
BOUNDED_CURVE()
B_SPLINE_CURVE(1,(#7040,#7041),.UNSPECIFIED.,.F.,.F.)
B_SPLINE_CURVE_WITH_KNOTS((2,2),(0.000,1.000),.UNSPECIFIED.)
CURVE()
GEOMETRIC_REPRESENTATION_ITEM()
RATIONAL_B_SPLINE_CURVE((1.0000000000,1.0000000000))
REPRESENTATION_ITEM('')
);
#7040=CARTESIAN_POINT('',(51.9465230323,-7.2804929651,12.0268638338));
#7041=CARTESIAN_POINT('',(54.7570208901,-7.2804929651,12.0268638338));

#7042=CARTESIAN_POINT('',(54.7570208901,-7.2804929651,12.0268638338));
#7043=VERTEX_POINT('',#7042);
#7044=EDGE_CURVE('',#7036,#7043,#7039,.T.);
#7045=ORIENTED_EDGE('',*,*,#7044,.T.);
#7046=(
BOUNDED_CURVE()
B_SPLINE_CURVE(1,(#7047,#7048),.UNSPECIFIED.,.F.,.F.)
B_SPLINE_CURVE_WITH_KNOTS((2,2),(0.000,1.000),.UNSPECIFIED.)
CURVE()
GEOMETRIC_REPRESENTATION_ITEM()
RATIONAL_B_SPLINE_CURVE((1.0000000000,1.0000000000))
REPRESENTATION_ITEM('')
);
#7047=CARTESIAN_POINT('',(54.7570208901,-7.2804929651,12.0268638338));
#7048=CARTESIAN_POINT('',(54.7570208901,-8.8012807353,15.3811275984));

#7049=EDGE_CURVE('',#7043,#7024,#7046,.T.);
#7050=ORIENTED_EDGE('',*,*,#7049,.T.);
#7051=EDGE_LOOP('',(#7031,#7038,#7045,#7050));
#7052=FACE_OUTER_BOUND('',#7051,.T.);
#7053=ADVANCED_FACE('',(#7052),#7018,.T.);
#7054=COLOUR_RGB('',0.39,0.39,0.39);
#7055=FILL_AREA_STYLE_COLOUR('',#7054);
#7056=FILL_AREA_STYLE('',(#7055));
#7057=SURFACE_STYLE_FILL_AREA(#7056);
#7058=SURFACE_STYLE_TRANSPARENT(0.00);
#7059=SURFACE_STYLE_RENDERING_WITH_PROPERTIES(.NORMAL_SHADING.,#7054,(#7058));
#7060=SURFACE_SIDE_STYLE('',(#7057, #7059));
#7061=SURFACE_STYLE_USAGE(.BOTH.,#7060);
#7062=PRESENTATION_STYLE_ASSIGNMENT((#7061));
#7063=STYLED_ITEM('',(#7062),#7053);

#7064=(
BOUNDED_SURFACE()
B_SPLINE_SURFACE(1,1,((#7065,#7066),(#7067,#7068)),.UNSPECIFIED.,.F.,.F.,.F.)
B_SPLINE_SURFACE_WITH_KNOTS((2,2),(2,2),(0.000,1.000),(0.000,1.000),.UNSPECIFIED.)
GEOMETRIC_REPRESENTATION_ITEM()
RATIONAL_B_SPLINE_SURFACE(((1.0000000000,1.0000000000),(1.0000000000,1.0000000000)))
REPRESENTATION_ITEM('')
SURFACE()
);
#7065=CARTESIAN_POINT('',(54.7570208901,-7.2804929651,12.0268638338));
#7066=CARTESIAN_POINT('',(51.9465230323,-7.2804929651,12.0268638338));
#7067=CARTESIAN_POINT('',(54.7570208901,-9.0019483406,12.0268638338));
#7068=CARTESIAN_POINT('',(51.9465230323,-9.0019483406,12.0268638338));

#7069=CARTESIAN_POINT('',(54.7570208901,-7.2804929651,12.0268638338));
#7070=VERTEX_POINT('',#7069);
#7071=(
BOUNDED_CURVE()
B_SPLINE_CURVE(1,(#7072,#7073),.UNSPECIFIED.,.F.,.F.)
B_SPLINE_CURVE_WITH_KNOTS((2,2),(0.000,1.000),.UNSPECIFIED.)
CURVE()
GEOMETRIC_REPRESENTATION_ITEM()
RATIONAL_B_SPLINE_CURVE((1.0000000000,1.0000000000))
REPRESENTATION_ITEM('')
);
#7072=CARTESIAN_POINT('',(54.7570208901,-7.2804929651,12.0268638338));
#7073=CARTESIAN_POINT('',(51.9465230323,-7.2804929651,12.0268638338));

#7074=CARTESIAN_POINT('',(51.9465230323,-7.2804929651,12.0268638338));
#7075=VERTEX_POINT('',#7074);
#7076=EDGE_CURVE('',#7070,#7075,#7071,.T.);
#7077=ORIENTED_EDGE('',*,*,#7076,.T.);
#7078=(
BOUNDED_CURVE()
B_SPLINE_CURVE(1,(#7079,#7080),.UNSPECIFIED.,.F.,.F.)
B_SPLINE_CURVE_WITH_KNOTS((2,2),(0.000,1.000),.UNSPECIFIED.)
CURVE()
GEOMETRIC_REPRESENTATION_ITEM()
RATIONAL_B_SPLINE_CURVE((1.0000000000,1.0000000000))
REPRESENTATION_ITEM('')
);
#7079=CARTESIAN_POINT('',(51.9465230323,-7.2804929651,12.0268638338));
#7080=CARTESIAN_POINT('',(51.9465230323,-9.0019483406,12.0268638338));

#7081=CARTESIAN_POINT('',(51.9465230323,-9.0019483406,12.0268638338));
#7082=VERTEX_POINT('',#7081);
#7083=EDGE_CURVE('',#7075,#7082,#7078,.T.);
#7084=ORIENTED_EDGE('',*,*,#7083,.T.);
#7085=(
BOUNDED_CURVE()
B_SPLINE_CURVE(1,(#7086,#7087),.UNSPECIFIED.,.F.,.F.)
B_SPLINE_CURVE_WITH_KNOTS((2,2),(0.000,1.000),.UNSPECIFIED.)
CURVE()
GEOMETRIC_REPRESENTATION_ITEM()
RATIONAL_B_SPLINE_CURVE((1.0000000000,1.0000000000))
REPRESENTATION_ITEM('')
);
#7086=CARTESIAN_POINT('',(51.9465230323,-9.0019483406,12.0268638338));
#7087=CARTESIAN_POINT('',(54.7570208901,-9.0019483406,12.0268638338));

#7088=CARTESIAN_POINT('',(54.7570208901,-9.0019483406,12.0268638338));
#7089=VERTEX_POINT('',#7088);
#7090=EDGE_CURVE('',#7082,#7089,#7085,.T.);
#7091=ORIENTED_EDGE('',*,*,#7090,.T.);
#7092=(
BOUNDED_CURVE()
B_SPLINE_CURVE(1,(#7093,#7094),.UNSPECIFIED.,.F.,.F.)
B_SPLINE_CURVE_WITH_KNOTS((2,2),(0.000,1.000),.UNSPECIFIED.)
CURVE()
GEOMETRIC_REPRESENTATION_ITEM()
RATIONAL_B_SPLINE_CURVE((1.0000000000,1.0000000000))
REPRESENTATION_ITEM('')
);
#7093=CARTESIAN_POINT('',(54.7570208901,-9.0019483406,12.0268638338));
#7094=CARTESIAN_POINT('',(54.7570208901,-7.2804929651,12.0268638338));

#7095=EDGE_CURVE('',#7089,#7070,#7092,.T.);
#7096=ORIENTED_EDGE('',*,*,#7095,.T.);
#7097=EDGE_LOOP('',(#7077,#7084,#7091,#7096));
#7098=FACE_OUTER_BOUND('',#7097,.T.);
#7099=ADVANCED_FACE('',(#7098),#7064,.T.);
#7100=COLOUR_RGB('',0.39,0.39,0.39);
#7101=FILL_AREA_STYLE_COLOUR('',#7100);
#7102=FILL_AREA_STYLE('',(#7101));
#7103=SURFACE_STYLE_FILL_AREA(#7102);
#7104=SURFACE_STYLE_TRANSPARENT(0.00);
#7105=SURFACE_STYLE_RENDERING_WITH_PROPERTIES(.NORMAL_SHADING.,#7100,(#7104));
#7106=SURFACE_SIDE_STYLE('',(#7103, #7105));
#7107=SURFACE_STYLE_USAGE(.BOTH.,#7106);
#7108=PRESENTATION_STYLE_ASSIGNMENT((#7107));
#7109=STYLED_ITEM('',(#7108),#7099);

#7110=(
BOUNDED_SURFACE()
B_SPLINE_SURFACE(1,1,((#7111,#7112),(#7113,#7114)),.UNSPECIFIED.,.F.,.F.,.F.)
B_SPLINE_SURFACE_WITH_KNOTS((2,2),(2,2),(0.000,1.000),(0.000,1.000),.UNSPECIFIED.)
GEOMETRIC_REPRESENTATION_ITEM()
RATIONAL_B_SPLINE_SURFACE(((1.0000000000,1.0000000000),(1.0000000000,1.0000000000)))
REPRESENTATION_ITEM('')
SURFACE()
);
#7111=CARTESIAN_POINT('',(54.7570208901,-9.0019483406,12.0268638338));
#7112=CARTESIAN_POINT('',(51.9465230323,-9.0019483406,12.0268638338));
#7113=CARTESIAN_POINT('',(54.7570208901,-9.7996966539,13.8975692498));
#7114=CARTESIAN_POINT('',(51.9465230323,-9.7996966539,13.8975692498));

#7115=CARTESIAN_POINT('',(54.7570208901,-9.0019483406,12.0268638338));
#7116=VERTEX_POINT('',#7115);
#7117=(
BOUNDED_CURVE()
B_SPLINE_CURVE(1,(#7118,#7119),.UNSPECIFIED.,.F.,.F.)
B_SPLINE_CURVE_WITH_KNOTS((2,2),(0.000,1.000),.UNSPECIFIED.)
CURVE()
GEOMETRIC_REPRESENTATION_ITEM()
RATIONAL_B_SPLINE_CURVE((1.0000000000,1.0000000000))
REPRESENTATION_ITEM('')
);
#7118=CARTESIAN_POINT('',(54.7570208901,-9.0019483406,12.0268638338));
#7119=CARTESIAN_POINT('',(51.9465230323,-9.0019483406,12.0268638338));

#7120=CARTESIAN_POINT('',(51.9465230323,-9.0019483406,12.0268638338));
#7121=VERTEX_POINT('',#7120);
#7122=EDGE_CURVE('',#7116,#7121,#7117,.T.);
#7123=ORIENTED_EDGE('',*,*,#7122,.T.);
#7124=(
BOUNDED_CURVE()
B_SPLINE_CURVE(1,(#7125,#7126),.UNSPECIFIED.,.F.,.F.)
B_SPLINE_CURVE_WITH_KNOTS((2,2),(0.000,1.000),.UNSPECIFIED.)
CURVE()
GEOMETRIC_REPRESENTATION_ITEM()
RATIONAL_B_SPLINE_CURVE((1.0000000000,1.0000000000))
REPRESENTATION_ITEM('')
);
#7125=CARTESIAN_POINT('',(51.9465230323,-9.0019483406,12.0268638338));
#7126=CARTESIAN_POINT('',(51.9465230323,-9.7996966539,13.8975692498));

#7127=CARTESIAN_POINT('',(51.9465230323,-9.7996966539,13.8975692498));
#7128=VERTEX_POINT('',#7127);
#7129=EDGE_CURVE('',#7121,#7128,#7124,.T.);
#7130=ORIENTED_EDGE('',*,*,#7129,.T.);
#7131=(
BOUNDED_CURVE()
B_SPLINE_CURVE(1,(#7132,#7133),.UNSPECIFIED.,.F.,.F.)
B_SPLINE_CURVE_WITH_KNOTS((2,2),(0.000,1.000),.UNSPECIFIED.)
CURVE()
GEOMETRIC_REPRESENTATION_ITEM()
RATIONAL_B_SPLINE_CURVE((1.0000000000,1.0000000000))
REPRESENTATION_ITEM('')
);
#7132=CARTESIAN_POINT('',(51.9465230323,-9.7996966539,13.8975692498));
#7133=CARTESIAN_POINT('',(54.7570208901,-9.7996966539,13.8975692498));

#7134=CARTESIAN_POINT('',(54.7570208901,-9.7996966539,13.8975692498));
#7135=VERTEX_POINT('',#7134);
#7136=EDGE_CURVE('',#7128,#7135,#7131,.T.);
#7137=ORIENTED_EDGE('',*,*,#7136,.T.);
#7138=(
BOUNDED_CURVE()
B_SPLINE_CURVE(1,(#7139,#7140),.UNSPECIFIED.,.F.,.F.)
B_SPLINE_CURVE_WITH_KNOTS((2,2),(0.000,1.000),.UNSPECIFIED.)
CURVE()
GEOMETRIC_REPRESENTATION_ITEM()
RATIONAL_B_SPLINE_CURVE((1.0000000000,1.0000000000))
REPRESENTATION_ITEM('')
);
#7139=CARTESIAN_POINT('',(54.7570208901,-9.7996966539,13.8975692498));
#7140=CARTESIAN_POINT('',(54.7570208901,-9.0019483406,12.0268638338));

#7141=EDGE_CURVE('',#7135,#7116,#7138,.T.);
#7142=ORIENTED_EDGE('',*,*,#7141,.T.);
#7143=EDGE_LOOP('',(#7123,#7130,#7137,#7142));
#7144=FACE_OUTER_BOUND('',#7143,.T.);
#7145=ADVANCED_FACE('',(#7144),#7110,.T.);
#7146=COLOUR_RGB('',0.39,0.39,0.39);
#7147=FILL_AREA_STYLE_COLOUR('',#7146);
#7148=FILL_AREA_STYLE('',(#7147));
#7149=SURFACE_STYLE_FILL_AREA(#7148);
#7150=SURFACE_STYLE_TRANSPARENT(0.00);
#7151=SURFACE_STYLE_RENDERING_WITH_PROPERTIES(.NORMAL_SHADING.,#7146,(#7150));
#7152=SURFACE_SIDE_STYLE('',(#7149, #7151));
#7153=SURFACE_STYLE_USAGE(.BOTH.,#7152);
#7154=PRESENTATION_STYLE_ASSIGNMENT((#7153));
#7155=STYLED_ITEM('',(#7154),#7145);

#7156=(
BOUNDED_SURFACE()
B_SPLINE_SURFACE(1,1,((#7157,#7158),(#7159,#7160)),.UNSPECIFIED.,.F.,.F.,.F.)
B_SPLINE_SURFACE_WITH_KNOTS((2,2),(2,2),(0.000,1.000),(0.000,1.000),.UNSPECIFIED.)
GEOMETRIC_REPRESENTATION_ITEM()
RATIONAL_B_SPLINE_SURFACE(((1.0000000000,1.0000000000),(1.0000000000,1.0000000000)))
REPRESENTATION_ITEM('')
SURFACE()
);
#7157=CARTESIAN_POINT('',(54.7570208901,-9.7996966539,13.8975692498));
#7158=CARTESIAN_POINT('',(51.9465230323,-9.7996966539,13.8975692498));
#7159=CARTESIAN_POINT('',(54.7570208901,-9.9395955268,13.6876357087));
#7160=CARTESIAN_POINT('',(51.9465230323,-9.9395955268,13.6876357087));

#7161=CARTESIAN_POINT('',(54.7570208901,-9.7996966539,13.8975692498));
#7162=VERTEX_POINT('',#7161);
#7163=(
BOUNDED_CURVE()
B_SPLINE_CURVE(1,(#7164,#7165),.UNSPECIFIED.,.F.,.F.)
B_SPLINE_CURVE_WITH_KNOTS((2,2),(0.000,1.000),.UNSPECIFIED.)
CURVE()
GEOMETRIC_REPRESENTATION_ITEM()
RATIONAL_B_SPLINE_CURVE((1.0000000000,1.0000000000))
REPRESENTATION_ITEM('')
);
#7164=CARTESIAN_POINT('',(54.7570208901,-9.7996966539,13.8975692498));
#7165=CARTESIAN_POINT('',(51.9465230323,-9.7996966539,13.8975692498));

#7166=CARTESIAN_POINT('',(51.9465230323,-9.7996966539,13.8975692498));
#7167=VERTEX_POINT('',#7166);
#7168=EDGE_CURVE('',#7162,#7167,#7163,.T.);
#7169=ORIENTED_EDGE('',*,*,#7168,.T.);
#7170=(
BOUNDED_CURVE()
B_SPLINE_CURVE(1,(#7171,#7172),.UNSPECIFIED.,.F.,.F.)
B_SPLINE_CURVE_WITH_KNOTS((2,2),(0.000,1.000),.UNSPECIFIED.)
CURVE()
GEOMETRIC_REPRESENTATION_ITEM()
RATIONAL_B_SPLINE_CURVE((1.0000000000,1.0000000000))
REPRESENTATION_ITEM('')
);
#7171=CARTESIAN_POINT('',(51.9465230323,-9.7996966539,13.8975692498));
#7172=CARTESIAN_POINT('',(51.9465230323,-9.9395955268,13.6876357087));

#7173=CARTESIAN_POINT('',(51.9465230323,-9.9395955268,13.6876357087));
#7174=VERTEX_POINT('',#7173);
#7175=EDGE_CURVE('',#7167,#7174,#7170,.T.);
#7176=ORIENTED_EDGE('',*,*,#7175,.T.);
#7177=(
BOUNDED_CURVE()
B_SPLINE_CURVE(1,(#7178,#7179),.UNSPECIFIED.,.F.,.F.)
B_SPLINE_CURVE_WITH_KNOTS((2,2),(0.000,1.000),.UNSPECIFIED.)
CURVE()
GEOMETRIC_REPRESENTATION_ITEM()
RATIONAL_B_SPLINE_CURVE((1.0000000000,1.0000000000))
REPRESENTATION_ITEM('')
);
#7178=CARTESIAN_POINT('',(51.9465230323,-9.9395955268,13.6876357087));
#7179=CARTESIAN_POINT('',(54.7570208901,-9.9395955268,13.6876357087));

#7180=CARTESIAN_POINT('',(54.7570208901,-9.9395955268,13.6876357087));
#7181=VERTEX_POINT('',#7180);
#7182=EDGE_CURVE('',#7174,#7181,#7177,.T.);
#7183=ORIENTED_EDGE('',*,*,#7182,.T.);
#7184=(
BOUNDED_CURVE()
B_SPLINE_CURVE(1,(#7185,#7186),.UNSPECIFIED.,.F.,.F.)
B_SPLINE_CURVE_WITH_KNOTS((2,2),(0.000,1.000),.UNSPECIFIED.)
CURVE()
GEOMETRIC_REPRESENTATION_ITEM()
RATIONAL_B_SPLINE_CURVE((1.0000000000,1.0000000000))
REPRESENTATION_ITEM('')
);
#7185=CARTESIAN_POINT('',(54.7570208901,-9.9395955268,13.6876357087));
#7186=CARTESIAN_POINT('',(54.7570208901,-9.7996966539,13.8975692498));

#7187=EDGE_CURVE('',#7181,#7162,#7184,.T.);
#7188=ORIENTED_EDGE('',*,*,#7187,.T.);
#7189=EDGE_LOOP('',(#7169,#7176,#7183,#7188));
#7190=FACE_OUTER_BOUND('',#7189,.T.);
#7191=ADVANCED_FACE('',(#7190),#7156,.T.);
#7192=COLOUR_RGB('',0.39,0.39,0.39);
#7193=FILL_AREA_STYLE_COLOUR('',#7192);
#7194=FILL_AREA_STYLE('',(#7193));
#7195=SURFACE_STYLE_FILL_AREA(#7194);
#7196=SURFACE_STYLE_TRANSPARENT(0.00);
#7197=SURFACE_STYLE_RENDERING_WITH_PROPERTIES(.NORMAL_SHADING.,#7192,(#7196));
#7198=SURFACE_SIDE_STYLE('',(#7195, #7197));
#7199=SURFACE_STYLE_USAGE(.BOTH.,#7198);
#7200=PRESENTATION_STYLE_ASSIGNMENT((#7199));
#7201=STYLED_ITEM('',(#7200),#7191);

#7202=(
BOUNDED_SURFACE()
B_SPLINE_SURFACE(1,1,((#7203,#7204),(#7205,#7206)),.UNSPECIFIED.,.F.,.F.,.F.)
B_SPLINE_SURFACE_WITH_KNOTS((2,2),(2,2),(0.000,1.000),(0.000,1.000),.UNSPECIFIED.)
GEOMETRIC_REPRESENTATION_ITEM()
RATIONAL_B_SPLINE_SURFACE(((1.0000000000,1.0000000000),(1.0000000000,1.0000000000)))
REPRESENTATION_ITEM('')
SURFACE()
);
#7203=CARTESIAN_POINT('',(54.7570208901,-9.9395955268,13.6876357087));
#7204=CARTESIAN_POINT('',(51.9465230323,-9.9395955268,13.6876357087));
#7205=CARTESIAN_POINT('',(54.7570208901,-9.9395955268,12.0268638338));
#7206=CARTESIAN_POINT('',(51.9465230323,-9.9395955268,12.0268638338));

#7207=CARTESIAN_POINT('',(54.7570208901,-9.9395955268,13.6876357087));
#7208=VERTEX_POINT('',#7207);
#7209=(
BOUNDED_CURVE()
B_SPLINE_CURVE(1,(#7210,#7211),.UNSPECIFIED.,.F.,.F.)
B_SPLINE_CURVE_WITH_KNOTS((2,2),(0.000,1.000),.UNSPECIFIED.)
CURVE()
GEOMETRIC_REPRESENTATION_ITEM()
RATIONAL_B_SPLINE_CURVE((1.0000000000,1.0000000000))
REPRESENTATION_ITEM('')
);
#7210=CARTESIAN_POINT('',(54.7570208901,-9.9395955268,13.6876357087));
#7211=CARTESIAN_POINT('',(51.9465230323,-9.9395955268,13.6876357087));

#7212=CARTESIAN_POINT('',(51.9465230323,-9.9395955268,13.6876357087));
#7213=VERTEX_POINT('',#7212);
#7214=EDGE_CURVE('',#7208,#7213,#7209,.T.);
#7215=ORIENTED_EDGE('',*,*,#7214,.T.);
#7216=(
BOUNDED_CURVE()
B_SPLINE_CURVE(1,(#7217,#7218),.UNSPECIFIED.,.F.,.F.)
B_SPLINE_CURVE_WITH_KNOTS((2,2),(0.000,1.000),.UNSPECIFIED.)
CURVE()
GEOMETRIC_REPRESENTATION_ITEM()
RATIONAL_B_SPLINE_CURVE((1.0000000000,1.0000000000))
REPRESENTATION_ITEM('')
);
#7217=CARTESIAN_POINT('',(51.9465230323,-9.9395955268,13.6876357087));
#7218=CARTESIAN_POINT('',(51.9465230323,-9.9395955268,12.0268638338));

#7219=CARTESIAN_POINT('',(51.9465230323,-9.9395955268,12.0268638338));
#7220=VERTEX_POINT('',#7219);
#7221=EDGE_CURVE('',#7213,#7220,#7216,.T.);
#7222=ORIENTED_EDGE('',*,*,#7221,.T.);
#7223=(
BOUNDED_CURVE()
B_SPLINE_CURVE(1,(#7224,#7225),.UNSPECIFIED.,.F.,.F.)
B_SPLINE_CURVE_WITH_KNOTS((2,2),(0.000,1.000),.UNSPECIFIED.)
CURVE()
GEOMETRIC_REPRESENTATION_ITEM()
RATIONAL_B_SPLINE_CURVE((1.0000000000,1.0000000000))
REPRESENTATION_ITEM('')
);
#7224=CARTESIAN_POINT('',(51.9465230323,-9.9395955268,12.0268638338));
#7225=CARTESIAN_POINT('',(54.7570208901,-9.9395955268,12.0268638338));

#7226=CARTESIAN_POINT('',(54.7570208901,-9.9395955268,12.0268638338));
#7227=VERTEX_POINT('',#7226);
#7228=EDGE_CURVE('',#7220,#7227,#7223,.T.);
#7229=ORIENTED_EDGE('',*,*,#7228,.T.);
#7230=(
BOUNDED_CURVE()
B_SPLINE_CURVE(1,(#7231,#7232),.UNSPECIFIED.,.F.,.F.)
B_SPLINE_CURVE_WITH_KNOTS((2,2),(0.000,1.000),.UNSPECIFIED.)
CURVE()
GEOMETRIC_REPRESENTATION_ITEM()
RATIONAL_B_SPLINE_CURVE((1.0000000000,1.0000000000))
REPRESENTATION_ITEM('')
);
#7231=CARTESIAN_POINT('',(54.7570208901,-9.9395955268,12.0268638338));
#7232=CARTESIAN_POINT('',(54.7570208901,-9.9395955268,13.6876357087));

#7233=EDGE_CURVE('',#7227,#7208,#7230,.T.);
#7234=ORIENTED_EDGE('',*,*,#7233,.T.);
#7235=EDGE_LOOP('',(#7215,#7222,#7229,#7234));
#7236=FACE_OUTER_BOUND('',#7235,.T.);
#7237=ADVANCED_FACE('',(#7236),#7202,.T.);
#7238=COLOUR_RGB('',0.39,0.39,0.39);
#7239=FILL_AREA_STYLE_COLOUR('',#7238);
#7240=FILL_AREA_STYLE('',(#7239));
#7241=SURFACE_STYLE_FILL_AREA(#7240);
#7242=SURFACE_STYLE_TRANSPARENT(0.00);
#7243=SURFACE_STYLE_RENDERING_WITH_PROPERTIES(.NORMAL_SHADING.,#7238,(#7242));
#7244=SURFACE_SIDE_STYLE('',(#7241, #7243));
#7245=SURFACE_STYLE_USAGE(.BOTH.,#7244);
#7246=PRESENTATION_STYLE_ASSIGNMENT((#7245));
#7247=STYLED_ITEM('',(#7246),#7237);

#7248=(
BOUNDED_SURFACE()
B_SPLINE_SURFACE(1,1,((#7249,#7250),(#7251,#7252)),.UNSPECIFIED.,.F.,.F.,.F.)
B_SPLINE_SURFACE_WITH_KNOTS((2,2),(2,2),(0.000,1.000),(0.000,1.000),.UNSPECIFIED.)
GEOMETRIC_REPRESENTATION_ITEM()
RATIONAL_B_SPLINE_SURFACE(((1.0000000000,1.0000000000),(1.0000000000,1.0000000000)))
REPRESENTATION_ITEM('')
SURFACE()
);
#7249=CARTESIAN_POINT('',(54.7570208901,-9.9395955268,12.0268638338));
#7250=CARTESIAN_POINT('',(51.9465230323,-9.9395955268,12.0268638338));
#7251=CARTESIAN_POINT('',(54.7570208901,-11.4698160079,12.0268638338));
#7252=CARTESIAN_POINT('',(51.9465230323,-11.4698160079,12.0268638338));

#7253=CARTESIAN_POINT('',(54.7570208901,-9.9395955268,12.0268638338));
#7254=VERTEX_POINT('',#7253);
#7255=(
BOUNDED_CURVE()
B_SPLINE_CURVE(1,(#7256,#7257),.UNSPECIFIED.,.F.,.F.)
B_SPLINE_CURVE_WITH_KNOTS((2,2),(0.000,1.000),.UNSPECIFIED.)
CURVE()
GEOMETRIC_REPRESENTATION_ITEM()
RATIONAL_B_SPLINE_CURVE((1.0000000000,1.0000000000))
REPRESENTATION_ITEM('')
);
#7256=CARTESIAN_POINT('',(54.7570208901,-9.9395955268,12.0268638338));
#7257=CARTESIAN_POINT('',(51.9465230323,-9.9395955268,12.0268638338));

#7258=CARTESIAN_POINT('',(51.9465230323,-9.9395955268,12.0268638338));
#7259=VERTEX_POINT('',#7258);
#7260=EDGE_CURVE('',#7254,#7259,#7255,.T.);
#7261=ORIENTED_EDGE('',*,*,#7260,.T.);
#7262=(
BOUNDED_CURVE()
B_SPLINE_CURVE(1,(#7263,#7264),.UNSPECIFIED.,.F.,.F.)
B_SPLINE_CURVE_WITH_KNOTS((2,2),(0.000,1.000),.UNSPECIFIED.)
CURVE()
GEOMETRIC_REPRESENTATION_ITEM()
RATIONAL_B_SPLINE_CURVE((1.0000000000,1.0000000000))
REPRESENTATION_ITEM('')
);
#7263=CARTESIAN_POINT('',(51.9465230323,-9.9395955268,12.0268638338));
#7264=CARTESIAN_POINT('',(51.9465230323,-11.4698160079,12.0268638338));

#7265=CARTESIAN_POINT('',(51.9465230323,-11.4698160079,12.0268638338));
#7266=VERTEX_POINT('',#7265);
#7267=EDGE_CURVE('',#7259,#7266,#7262,.T.);
#7268=ORIENTED_EDGE('',*,*,#7267,.T.);
#7269=(
BOUNDED_CURVE()
B_SPLINE_CURVE(1,(#7270,#7271),.UNSPECIFIED.,.F.,.F.)
B_SPLINE_CURVE_WITH_KNOTS((2,2),(0.000,1.000),.UNSPECIFIED.)
CURVE()
GEOMETRIC_REPRESENTATION_ITEM()
RATIONAL_B_SPLINE_CURVE((1.0000000000,1.0000000000))
REPRESENTATION_ITEM('')
);
#7270=CARTESIAN_POINT('',(51.9465230323,-11.4698160079,12.0268638338));
#7271=CARTESIAN_POINT('',(54.7570208901,-11.4698160079,12.0268638338));

#7272=CARTESIAN_POINT('',(54.7570208901,-11.4698160079,12.0268638338));
#7273=VERTEX_POINT('',#7272);
#7274=EDGE_CURVE('',#7266,#7273,#7269,.T.);
#7275=ORIENTED_EDGE('',*,*,#7274,.T.);
#7276=(
BOUNDED_CURVE()
B_SPLINE_CURVE(1,(#7277,#7278),.UNSPECIFIED.,.F.,.F.)
B_SPLINE_CURVE_WITH_KNOTS((2,2),(0.000,1.000),.UNSPECIFIED.)
CURVE()
GEOMETRIC_REPRESENTATION_ITEM()
RATIONAL_B_SPLINE_CURVE((1.0000000000,1.0000000000))
REPRESENTATION_ITEM('')
);
#7277=CARTESIAN_POINT('',(54.7570208901,-11.4698160079,12.0268638338));
#7278=CARTESIAN_POINT('',(54.7570208901,-9.9395955268,12.0268638338));

#7279=EDGE_CURVE('',#7273,#7254,#7276,.T.);
#7280=ORIENTED_EDGE('',*,*,#7279,.T.);
#7281=EDGE_LOOP('',(#7261,#7268,#7275,#7280));
#7282=FACE_OUTER_BOUND('',#7281,.T.);
#7283=ADVANCED_FACE('',(#7282),#7248,.T.);
#7284=COLOUR_RGB('',0.39,0.39,0.39);
#7285=FILL_AREA_STYLE_COLOUR('',#7284);
#7286=FILL_AREA_STYLE('',(#7285));
#7287=SURFACE_STYLE_FILL_AREA(#7286);
#7288=SURFACE_STYLE_TRANSPARENT(0.00);
#7289=SURFACE_STYLE_RENDERING_WITH_PROPERTIES(.NORMAL_SHADING.,#7284,(#7288));
#7290=SURFACE_SIDE_STYLE('',(#7287, #7289));
#7291=SURFACE_STYLE_USAGE(.BOTH.,#7290);
#7292=PRESENTATION_STYLE_ASSIGNMENT((#7291));
#7293=STYLED_ITEM('',(#7292),#7283);

#7294=(
BOUNDED_SURFACE()
B_SPLINE_SURFACE(1,1,((#7295,#7296),(#7297,#7298)),.UNSPECIFIED.,.F.,.F.,.F.)
B_SPLINE_SURFACE_WITH_KNOTS((2,2),(2,2),(0.000,1.000),(0.000,1.000),.UNSPECIFIED.)
GEOMETRIC_REPRESENTATION_ITEM()
RATIONAL_B_SPLINE_SURFACE(((1.0000000000,1.0000000000),(1.0000000000,1.0000000000)))
REPRESENTATION_ITEM('')
SURFACE()
);
#7295=CARTESIAN_POINT('',(54.7570208901,-11.4698160079,12.0268638338));
#7296=CARTESIAN_POINT('',(51.9465230323,-11.4698160079,12.0268638338));
#7297=CARTESIAN_POINT('',(54.7570208901,-11.4698160079,17.6437365109));
#7298=CARTESIAN_POINT('',(51.9465230323,-11.4698160079,17.6437365109));

#7299=CARTESIAN_POINT('',(54.7570208901,-11.4698160079,12.0268638338));
#7300=VERTEX_POINT('',#7299);
#7301=(
BOUNDED_CURVE()
B_SPLINE_CURVE(1,(#7302,#7303),.UNSPECIFIED.,.F.,.F.)
B_SPLINE_CURVE_WITH_KNOTS((2,2),(0.000,1.000),.UNSPECIFIED.)
CURVE()
GEOMETRIC_REPRESENTATION_ITEM()
RATIONAL_B_SPLINE_CURVE((1.0000000000,1.0000000000))
REPRESENTATION_ITEM('')
);
#7302=CARTESIAN_POINT('',(54.7570208901,-11.4698160079,12.0268638338));
#7303=CARTESIAN_POINT('',(51.9465230323,-11.4698160079,12.0268638338));

#7304=CARTESIAN_POINT('',(51.9465230323,-11.4698160079,12.0268638338));
#7305=VERTEX_POINT('',#7304);
#7306=EDGE_CURVE('',#7300,#7305,#7301,.T.);
#7307=ORIENTED_EDGE('',*,*,#7306,.T.);
#7308=(
BOUNDED_CURVE()
B_SPLINE_CURVE(1,(#7309,#7310),.UNSPECIFIED.,.F.,.F.)
B_SPLINE_CURVE_WITH_KNOTS((2,2),(0.000,1.000),.UNSPECIFIED.)
CURVE()
GEOMETRIC_REPRESENTATION_ITEM()
RATIONAL_B_SPLINE_CURVE((1.0000000000,1.0000000000))
REPRESENTATION_ITEM('')
);
#7309=CARTESIAN_POINT('',(51.9465230323,-11.4698160079,12.0268638338));
#7310=CARTESIAN_POINT('',(51.9465230323,-11.4698160079,17.6437365109));

#7311=CARTESIAN_POINT('',(51.9465230323,-11.4698160079,17.6437365109));
#7312=VERTEX_POINT('',#7311);
#7313=EDGE_CURVE('',#7305,#7312,#7308,.T.);
#7314=ORIENTED_EDGE('',*,*,#7313,.T.);
#7315=(
BOUNDED_CURVE()
B_SPLINE_CURVE(1,(#7316,#7317),.UNSPECIFIED.,.F.,.F.)
B_SPLINE_CURVE_WITH_KNOTS((2,2),(0.000,1.000),.UNSPECIFIED.)
CURVE()
GEOMETRIC_REPRESENTATION_ITEM()
RATIONAL_B_SPLINE_CURVE((1.0000000000,1.0000000000))
REPRESENTATION_ITEM('')
);
#7316=CARTESIAN_POINT('',(51.9465230323,-11.4698160079,17.6437365109));
#7317=CARTESIAN_POINT('',(54.7570208901,-11.4698160079,17.6437365109));

#7318=CARTESIAN_POINT('',(54.7570208901,-11.4698160079,17.6437365109));
#7319=VERTEX_POINT('',#7318);
#7320=EDGE_CURVE('',#7312,#7319,#7315,.T.);
#7321=ORIENTED_EDGE('',*,*,#7320,.T.);
#7322=(
BOUNDED_CURVE()
B_SPLINE_CURVE(1,(#7323,#7324),.UNSPECIFIED.,.F.,.F.)
B_SPLINE_CURVE_WITH_KNOTS((2,2),(0.000,1.000),.UNSPECIFIED.)
CURVE()
GEOMETRIC_REPRESENTATION_ITEM()
RATIONAL_B_SPLINE_CURVE((1.0000000000,1.0000000000))
REPRESENTATION_ITEM('')
);
#7323=CARTESIAN_POINT('',(54.7570208901,-11.4698160079,17.6437365109));
#7324=CARTESIAN_POINT('',(54.7570208901,-11.4698160079,12.0268638338));

#7325=EDGE_CURVE('',#7319,#7300,#7322,.T.);
#7326=ORIENTED_EDGE('',*,*,#7325,.T.);
#7327=EDGE_LOOP('',(#7307,#7314,#7321,#7326));
#7328=FACE_OUTER_BOUND('',#7327,.T.);
#7329=ADVANCED_FACE('',(#7328),#7294,.T.);
#7330=COLOUR_RGB('',0.39,0.39,0.39);
#7331=FILL_AREA_STYLE_COLOUR('',#7330);
#7332=FILL_AREA_STYLE('',(#7331));
#7333=SURFACE_STYLE_FILL_AREA(#7332);
#7334=SURFACE_STYLE_TRANSPARENT(0.00);
#7335=SURFACE_STYLE_RENDERING_WITH_PROPERTIES(.NORMAL_SHADING.,#7330,(#7334));
#7336=SURFACE_SIDE_STYLE('',(#7333, #7335));
#7337=SURFACE_STYLE_USAGE(.BOTH.,#7336);
#7338=PRESENTATION_STYLE_ASSIGNMENT((#7337));
#7339=STYLED_ITEM('',(#7338),#7329);

#7340=(
BOUNDED_SURFACE()
B_SPLINE_SURFACE(1,1,((#7341,#7342),(#7343,#7344)),.UNSPECIFIED.,.F.,.F.,.F.)
B_SPLINE_SURFACE_WITH_KNOTS((2,2),(2,2),(0.000,1.000),(0.000,1.000),.UNSPECIFIED.)
GEOMETRIC_REPRESENTATION_ITEM()
RATIONAL_B_SPLINE_SURFACE(((1.0000000000,1.0000000000),(1.0000000000,1.0000000000)))
REPRESENTATION_ITEM('')
SURFACE()
);
#7341=CARTESIAN_POINT('',(54.7570208901,-11.4698160079,17.6437365109));
#7342=CARTESIAN_POINT('',(51.9465230323,-11.4698160079,17.6437365109));
#7343=CARTESIAN_POINT('',(54.7570208901,-9.9395955268,17.6437365109));
#7344=CARTESIAN_POINT('',(51.9465230323,-9.9395955268,17.6437365109));

#7345=CARTESIAN_POINT('',(54.7570208901,-11.4698160079,17.6437365109));
#7346=VERTEX_POINT('',#7345);
#7347=(
BOUNDED_CURVE()
B_SPLINE_CURVE(1,(#7348,#7349),.UNSPECIFIED.,.F.,.F.)
B_SPLINE_CURVE_WITH_KNOTS((2,2),(0.000,1.000),.UNSPECIFIED.)
CURVE()
GEOMETRIC_REPRESENTATION_ITEM()
RATIONAL_B_SPLINE_CURVE((1.0000000000,1.0000000000))
REPRESENTATION_ITEM('')
);
#7348=CARTESIAN_POINT('',(54.7570208901,-11.4698160079,17.6437365109));
#7349=CARTESIAN_POINT('',(51.9465230323,-11.4698160079,17.6437365109));

#7350=CARTESIAN_POINT('',(51.9465230323,-11.4698160079,17.6437365109));
#7351=VERTEX_POINT('',#7350);
#7352=EDGE_CURVE('',#7346,#7351,#7347,.T.);
#7353=ORIENTED_EDGE('',*,*,#7352,.T.);
#7354=(
BOUNDED_CURVE()
B_SPLINE_CURVE(1,(#7355,#7356),.UNSPECIFIED.,.F.,.F.)
B_SPLINE_CURVE_WITH_KNOTS((2,2),(0.000,1.000),.UNSPECIFIED.)
CURVE()
GEOMETRIC_REPRESENTATION_ITEM()
RATIONAL_B_SPLINE_CURVE((1.0000000000,1.0000000000))
REPRESENTATION_ITEM('')
);
#7355=CARTESIAN_POINT('',(51.9465230323,-11.4698160079,17.6437365109));
#7356=CARTESIAN_POINT('',(51.9465230323,-9.9395955268,17.6437365109));

#7357=CARTESIAN_POINT('',(51.9465230323,-9.9395955268,17.6437365109));
#7358=VERTEX_POINT('',#7357);
#7359=EDGE_CURVE('',#7351,#7358,#7354,.T.);
#7360=ORIENTED_EDGE('',*,*,#7359,.T.);
#7361=(
BOUNDED_CURVE()
B_SPLINE_CURVE(1,(#7362,#7363),.UNSPECIFIED.,.F.,.F.)
B_SPLINE_CURVE_WITH_KNOTS((2,2),(0.000,1.000),.UNSPECIFIED.)
CURVE()
GEOMETRIC_REPRESENTATION_ITEM()
RATIONAL_B_SPLINE_CURVE((1.0000000000,1.0000000000))
REPRESENTATION_ITEM('')
);
#7362=CARTESIAN_POINT('',(51.9465230323,-9.9395955268,17.6437365109));
#7363=CARTESIAN_POINT('',(54.7570208901,-9.9395955268,17.6437365109));

#7364=CARTESIAN_POINT('',(54.7570208901,-9.9395955268,17.6437365109));
#7365=VERTEX_POINT('',#7364);
#7366=EDGE_CURVE('',#7358,#7365,#7361,.T.);
#7367=ORIENTED_EDGE('',*,*,#7366,.T.);
#7368=(
BOUNDED_CURVE()
B_SPLINE_CURVE(1,(#7369,#7370),.UNSPECIFIED.,.F.,.F.)
B_SPLINE_CURVE_WITH_KNOTS((2,2),(0.000,1.000),.UNSPECIFIED.)
CURVE()
GEOMETRIC_REPRESENTATION_ITEM()
RATIONAL_B_SPLINE_CURVE((1.0000000000,1.0000000000))
REPRESENTATION_ITEM('')
);
#7369=CARTESIAN_POINT('',(54.7570208901,-9.9395955268,17.6437365109));
#7370=CARTESIAN_POINT('',(54.7570208901,-11.4698160079,17.6437365109));

#7371=EDGE_CURVE('',#7365,#7346,#7368,.T.);
#7372=ORIENTED_EDGE('',*,*,#7371,.T.);
#7373=EDGE_LOOP('',(#7353,#7360,#7367,#7372));
#7374=FACE_OUTER_BOUND('',#7373,.T.);
#7375=ADVANCED_FACE('',(#7374),#7340,.T.);
#7376=COLOUR_RGB('',0.39,0.39,0.39);
#7377=FILL_AREA_STYLE_COLOUR('',#7376);
#7378=FILL_AREA_STYLE('',(#7377));
#7379=SURFACE_STYLE_FILL_AREA(#7378);
#7380=SURFACE_STYLE_TRANSPARENT(0.00);
#7381=SURFACE_STYLE_RENDERING_WITH_PROPERTIES(.NORMAL_SHADING.,#7376,(#7380));
#7382=SURFACE_SIDE_STYLE('',(#7379, #7381));
#7383=SURFACE_STYLE_USAGE(.BOTH.,#7382);
#7384=PRESENTATION_STYLE_ASSIGNMENT((#7383));
#7385=STYLED_ITEM('',(#7384),#7375);

#7386=(
BOUNDED_SURFACE()
B_SPLINE_SURFACE(1,1,((#7387,#7388),(#7389,#7390)),.UNSPECIFIED.,.F.,.F.,.F.)
B_SPLINE_SURFACE_WITH_KNOTS((2,2),(2,2),(0.000,1.000),(0.000,1.000),.UNSPECIFIED.)
GEOMETRIC_REPRESENTATION_ITEM()
RATIONAL_B_SPLINE_SURFACE(((1.0000000000,1.0000000000),(1.0000000000,1.0000000000)))
REPRESENTATION_ITEM('')
SURFACE()
);
#7387=CARTESIAN_POINT('',(54.7570208901,-9.9395955268,17.6437365109));
#7388=CARTESIAN_POINT('',(51.9465230323,-9.9395955268,17.6437365109));
#7389=CARTESIAN_POINT('',(54.7570208901,-9.9395955268,15.9969054577));
#7390=CARTESIAN_POINT('',(51.9465230323,-9.9395955268,15.9969054577));

#7391=CARTESIAN_POINT('',(54.7570208901,-9.9395955268,17.6437365109));
#7392=VERTEX_POINT('',#7391);
#7393=(
BOUNDED_CURVE()
B_SPLINE_CURVE(1,(#7394,#7395),.UNSPECIFIED.,.F.,.F.)
B_SPLINE_CURVE_WITH_KNOTS((2,2),(0.000,1.000),.UNSPECIFIED.)
CURVE()
GEOMETRIC_REPRESENTATION_ITEM()
RATIONAL_B_SPLINE_CURVE((1.0000000000,1.0000000000))
REPRESENTATION_ITEM('')
);
#7394=CARTESIAN_POINT('',(54.7570208901,-9.9395955268,17.6437365109));
#7395=CARTESIAN_POINT('',(51.9465230323,-9.9395955268,17.6437365109));

#7396=CARTESIAN_POINT('',(51.9465230323,-9.9395955268,17.6437365109));
#7397=VERTEX_POINT('',#7396);
#7398=EDGE_CURVE('',#7392,#7397,#7393,.T.);
#7399=ORIENTED_EDGE('',*,*,#7398,.T.);
#7400=(
BOUNDED_CURVE()
B_SPLINE_CURVE(1,(#7401,#7402),.UNSPECIFIED.,.F.,.F.)
B_SPLINE_CURVE_WITH_KNOTS((2,2),(0.000,1.000),.UNSPECIFIED.)
CURVE()
GEOMETRIC_REPRESENTATION_ITEM()
RATIONAL_B_SPLINE_CURVE((1.0000000000,1.0000000000))
REPRESENTATION_ITEM('')
);
#7401=CARTESIAN_POINT('',(51.9465230323,-9.9395955268,17.6437365109));
#7402=CARTESIAN_POINT('',(51.9465230323,-9.9395955268,15.9969054577));

#7403=CARTESIAN_POINT('',(51.9465230323,-9.9395955268,15.9969054577));
#7404=VERTEX_POINT('',#7403);
#7405=EDGE_CURVE('',#7397,#7404,#7400,.T.);
#7406=ORIENTED_EDGE('',*,*,#7405,.T.);
#7407=(
BOUNDED_CURVE()
B_SPLINE_CURVE(1,(#7408,#7409),.UNSPECIFIED.,.F.,.F.)
B_SPLINE_CURVE_WITH_KNOTS((2,2),(0.000,1.000),.UNSPECIFIED.)
CURVE()
GEOMETRIC_REPRESENTATION_ITEM()
RATIONAL_B_SPLINE_CURVE((1.0000000000,1.0000000000))
REPRESENTATION_ITEM('')
);
#7408=CARTESIAN_POINT('',(51.9465230323,-9.9395955268,15.9969054577));
#7409=CARTESIAN_POINT('',(54.7570208901,-9.9395955268,15.9969054577));

#7410=CARTESIAN_POINT('',(54.7570208901,-9.9395955268,15.9969054577));
#7411=VERTEX_POINT('',#7410);
#7412=EDGE_CURVE('',#7404,#7411,#7407,.T.);
#7413=ORIENTED_EDGE('',*,*,#7412,.T.);
#7414=(
BOUNDED_CURVE()
B_SPLINE_CURVE(1,(#7415,#7416),.UNSPECIFIED.,.F.,.F.)
B_SPLINE_CURVE_WITH_KNOTS((2,2),(0.000,1.000),.UNSPECIFIED.)
CURVE()
GEOMETRIC_REPRESENTATION_ITEM()
RATIONAL_B_SPLINE_CURVE((1.0000000000,1.0000000000))
REPRESENTATION_ITEM('')
);
#7415=CARTESIAN_POINT('',(54.7570208901,-9.9395955268,15.9969054577));
#7416=CARTESIAN_POINT('',(54.7570208901,-9.9395955268,17.6437365109));

#7417=EDGE_CURVE('',#7411,#7392,#7414,.T.);
#7418=ORIENTED_EDGE('',*,*,#7417,.T.);
#7419=EDGE_LOOP('',(#7399,#7406,#7413,#7418));
#7420=FACE_OUTER_BOUND('',#7419,.T.);
#7421=ADVANCED_FACE('',(#7420),#7386,.T.);
#7422=COLOUR_RGB('',0.39,0.39,0.39);
#7423=FILL_AREA_STYLE_COLOUR('',#7422);
#7424=FILL_AREA_STYLE('',(#7423));
#7425=SURFACE_STYLE_FILL_AREA(#7424);
#7426=SURFACE_STYLE_TRANSPARENT(0.00);
#7427=SURFACE_STYLE_RENDERING_WITH_PROPERTIES(.NORMAL_SHADING.,#7422,(#7426));
#7428=SURFACE_SIDE_STYLE('',(#7425, #7427));
#7429=SURFACE_STYLE_USAGE(.BOTH.,#7428);
#7430=PRESENTATION_STYLE_ASSIGNMENT((#7429));
#7431=STYLED_ITEM('',(#7430),#7421);

#7432=(
BOUNDED_SURFACE()
B_SPLINE_SURFACE(1,1,((#7433,#7434),(#7435,#7436)),.UNSPECIFIED.,.F.,.F.,.F.)
B_SPLINE_SURFACE_WITH_KNOTS((2,2),(2,2),(0.000,1.000),(0.000,1.000),.UNSPECIFIED.)
GEOMETRIC_REPRESENTATION_ITEM()
RATIONAL_B_SPLINE_SURFACE(((1.0000000000,1.0000000000),(1.0000000000,1.0000000000)))
REPRESENTATION_ITEM('')
SURFACE()
);
#7433=CARTESIAN_POINT('',(54.7570208901,-6.9539463598,17.6437365109));
#7434=CARTESIAN_POINT('',(54.7570208901,-5.4237290687,17.6437365109));
#7435=CARTESIAN_POINT('',(54.7570208901,-6.9539463598,12.0268638338));
#7436=CARTESIAN_POINT('',(54.7570208901,-5.4237290687,12.0268638338));

#7437=CARTESIAN_POINT('',(54.7570208901,-5.4237290687,12.0268638338));
#7438=VERTEX_POINT('',#7437);
#7439=(
BOUNDED_CURVE()
B_SPLINE_CURVE(1,(#7440,#7441),.UNSPECIFIED.,.F.,.F.)
B_SPLINE_CURVE_WITH_KNOTS((2,2),(0.000,1.000),.UNSPECIFIED.)
CURVE()
GEOMETRIC_REPRESENTATION_ITEM()
RATIONAL_B_SPLINE_CURVE((1.0000000000,1.0000000000))
REPRESENTATION_ITEM('')
);
#7440=CARTESIAN_POINT('',(54.7570208901,-5.4237290687,12.0268638338));
#7441=CARTESIAN_POINT('',(54.7570208901,-6.9539463598,12.0268638338));

#7442=CARTESIAN_POINT('',(54.7570208901,-6.9539463598,12.0268638338));
#7443=VERTEX_POINT('',#7442);
#7444=EDGE_CURVE('',#7438,#7443,#7439,.T.);
#7445=ORIENTED_EDGE('',*,*,#7444,.T.);
#7446=(
BOUNDED_CURVE()
B_SPLINE_CURVE(1,(#7447,#7448),.UNSPECIFIED.,.F.,.F.)
B_SPLINE_CURVE_WITH_KNOTS((2,2),(0.000,1.000),.UNSPECIFIED.)
CURVE()
GEOMETRIC_REPRESENTATION_ITEM()
RATIONAL_B_SPLINE_CURVE((1.0000000000,1.0000000000))
REPRESENTATION_ITEM('')
);
#7447=CARTESIAN_POINT('',(54.7570208901,-6.9539463598,12.0268638338));
#7448=CARTESIAN_POINT('',(54.7570208901,-6.9539463598,17.6437365109));

#7449=CARTESIAN_POINT('',(54.7570208901,-6.9539463598,17.6437365109));
#7450=VERTEX_POINT('',#7449);
#7451=EDGE_CURVE('',#7443,#7450,#7446,.T.);
#7452=ORIENTED_EDGE('',*,*,#7451,.T.);
#7453=(
BOUNDED_CURVE()
B_SPLINE_CURVE(1,(#7454,#7455),.UNSPECIFIED.,.F.,.F.)
B_SPLINE_CURVE_WITH_KNOTS((2,2),(0.000,1.000),.UNSPECIFIED.)
CURVE()
GEOMETRIC_REPRESENTATION_ITEM()
RATIONAL_B_SPLINE_CURVE((1.0000000000,1.0000000000))
REPRESENTATION_ITEM('')
);
#7454=CARTESIAN_POINT('',(54.7570208901,-6.9539463598,17.6437365109));
#7455=CARTESIAN_POINT('',(54.7570208901,-5.4237290687,17.6437365109));

#7456=CARTESIAN_POINT('',(54.7570208901,-5.4237290687,17.6437365109));
#7457=VERTEX_POINT('',#7456);
#7458=EDGE_CURVE('',#7450,#7457,#7453,.T.);
#7459=ORIENTED_EDGE('',*,*,#7458,.T.);
#7460=(
BOUNDED_CURVE()
B_SPLINE_CURVE(1,(#7461,#7462),.UNSPECIFIED.,.F.,.F.)
B_SPLINE_CURVE_WITH_KNOTS((2,2),(0.000,1.000),.UNSPECIFIED.)
CURVE()
GEOMETRIC_REPRESENTATION_ITEM()
RATIONAL_B_SPLINE_CURVE((1.0000000000,1.0000000000))
REPRESENTATION_ITEM('')
);
#7461=CARTESIAN_POINT('',(54.7570208901,-5.4237290687,17.6437365109));
#7462=CARTESIAN_POINT('',(54.7570208901,-5.4237290687,12.0268638338));

#7463=EDGE_CURVE('',#7457,#7438,#7460,.T.);
#7464=ORIENTED_EDGE('',*,*,#7463,.T.);
#7465=EDGE_LOOP('',(#7445,#7452,#7459,#7464));
#7466=FACE_OUTER_BOUND('',#7465,.T.);
#7467=ADVANCED_FACE('',(#7466),#7432,.T.);
#7468=COLOUR_RGB('',0.39,0.39,0.39);
#7469=FILL_AREA_STYLE_COLOUR('',#7468);
#7470=FILL_AREA_STYLE('',(#7469));
#7471=SURFACE_STYLE_FILL_AREA(#7470);
#7472=SURFACE_STYLE_TRANSPARENT(0.00);
#7473=SURFACE_STYLE_RENDERING_WITH_PROPERTIES(.NORMAL_SHADING.,#7468,(#7472));
#7474=SURFACE_SIDE_STYLE('',(#7471, #7473));
#7475=SURFACE_STYLE_USAGE(.BOTH.,#7474);
#7476=PRESENTATION_STYLE_ASSIGNMENT((#7475));
#7477=STYLED_ITEM('',(#7476),#7467);

#7478=(
BOUNDED_SURFACE()
B_SPLINE_SURFACE(1,1,((#7479,#7480),(#7481,#7482)),.UNSPECIFIED.,.F.,.F.,.F.)
B_SPLINE_SURFACE_WITH_KNOTS((2,2),(2,2),(0.000,1.000),(0.000,1.000),.UNSPECIFIED.)
GEOMETRIC_REPRESENTATION_ITEM()
RATIONAL_B_SPLINE_SURFACE(((1.0000000000,1.0000000000),(1.0000000000,1.0000000000)))
REPRESENTATION_ITEM('')
SURFACE()
);
#7479=CARTESIAN_POINT('',(54.7570208901,-6.9539463598,12.0268638338));
#7480=CARTESIAN_POINT('',(51.9465230323,-6.9539463598,12.0268638338));
#7481=CARTESIAN_POINT('',(54.7570208901,-6.9539463598,17.6437365109));
#7482=CARTESIAN_POINT('',(51.9465230323,-6.9539463598,17.6437365109));

#7483=CARTESIAN_POINT('',(54.7570208901,-6.9539463598,12.0268638338));
#7484=VERTEX_POINT('',#7483);
#7485=(
BOUNDED_CURVE()
B_SPLINE_CURVE(1,(#7486,#7487),.UNSPECIFIED.,.F.,.F.)
B_SPLINE_CURVE_WITH_KNOTS((2,2),(0.000,1.000),.UNSPECIFIED.)
CURVE()
GEOMETRIC_REPRESENTATION_ITEM()
RATIONAL_B_SPLINE_CURVE((1.0000000000,1.0000000000))
REPRESENTATION_ITEM('')
);
#7486=CARTESIAN_POINT('',(54.7570208901,-6.9539463598,12.0268638338));
#7487=CARTESIAN_POINT('',(51.9465230323,-6.9539463598,12.0268638338));

#7488=CARTESIAN_POINT('',(51.9465230323,-6.9539463598,12.0268638338));
#7489=VERTEX_POINT('',#7488);
#7490=EDGE_CURVE('',#7484,#7489,#7485,.T.);
#7491=ORIENTED_EDGE('',*,*,#7490,.T.);
#7492=(
BOUNDED_CURVE()
B_SPLINE_CURVE(1,(#7493,#7494),.UNSPECIFIED.,.F.,.F.)
B_SPLINE_CURVE_WITH_KNOTS((2,2),(0.000,1.000),.UNSPECIFIED.)
CURVE()
GEOMETRIC_REPRESENTATION_ITEM()
RATIONAL_B_SPLINE_CURVE((1.0000000000,1.0000000000))
REPRESENTATION_ITEM('')
);
#7493=CARTESIAN_POINT('',(51.9465230323,-6.9539463598,12.0268638338));
#7494=CARTESIAN_POINT('',(51.9465230323,-6.9539463598,17.6437365109));

#7495=CARTESIAN_POINT('',(51.9465230323,-6.9539463598,17.6437365109));
#7496=VERTEX_POINT('',#7495);
#7497=EDGE_CURVE('',#7489,#7496,#7492,.T.);
#7498=ORIENTED_EDGE('',*,*,#7497,.T.);
#7499=(
BOUNDED_CURVE()
B_SPLINE_CURVE(1,(#7500,#7501),.UNSPECIFIED.,.F.,.F.)
B_SPLINE_CURVE_WITH_KNOTS((2,2),(0.000,1.000),.UNSPECIFIED.)
CURVE()
GEOMETRIC_REPRESENTATION_ITEM()
RATIONAL_B_SPLINE_CURVE((1.0000000000,1.0000000000))
REPRESENTATION_ITEM('')
);
#7500=CARTESIAN_POINT('',(51.9465230323,-6.9539463598,17.6437365109));
#7501=CARTESIAN_POINT('',(54.7570208901,-6.9539463598,17.6437365109));

#7502=CARTESIAN_POINT('',(54.7570208901,-6.9539463598,17.6437365109));
#7503=VERTEX_POINT('',#7502);
#7504=EDGE_CURVE('',#7496,#7503,#7499,.T.);
#7505=ORIENTED_EDGE('',*,*,#7504,.T.);
#7506=(
BOUNDED_CURVE()
B_SPLINE_CURVE(1,(#7507,#7508),.UNSPECIFIED.,.F.,.F.)
B_SPLINE_CURVE_WITH_KNOTS((2,2),(0.000,1.000),.UNSPECIFIED.)
CURVE()
GEOMETRIC_REPRESENTATION_ITEM()
RATIONAL_B_SPLINE_CURVE((1.0000000000,1.0000000000))
REPRESENTATION_ITEM('')
);
#7507=CARTESIAN_POINT('',(54.7570208901,-6.9539463598,17.6437365109));
#7508=CARTESIAN_POINT('',(54.7570208901,-6.9539463598,12.0268638338));

#7509=EDGE_CURVE('',#7503,#7484,#7506,.T.);
#7510=ORIENTED_EDGE('',*,*,#7509,.T.);
#7511=EDGE_LOOP('',(#7491,#7498,#7505,#7510));
#7512=FACE_OUTER_BOUND('',#7511,.T.);
#7513=ADVANCED_FACE('',(#7512),#7478,.T.);
#7514=COLOUR_RGB('',0.39,0.39,0.39);
#7515=FILL_AREA_STYLE_COLOUR('',#7514);
#7516=FILL_AREA_STYLE('',(#7515));
#7517=SURFACE_STYLE_FILL_AREA(#7516);
#7518=SURFACE_STYLE_TRANSPARENT(0.00);
#7519=SURFACE_STYLE_RENDERING_WITH_PROPERTIES(.NORMAL_SHADING.,#7514,(#7518));
#7520=SURFACE_SIDE_STYLE('',(#7517, #7519));
#7521=SURFACE_STYLE_USAGE(.BOTH.,#7520);
#7522=PRESENTATION_STYLE_ASSIGNMENT((#7521));
#7523=STYLED_ITEM('',(#7522),#7513);

#7524=(
BOUNDED_SURFACE()
B_SPLINE_SURFACE(1,1,((#7525,#7526),(#7527,#7528)),.UNSPECIFIED.,.F.,.F.,.F.)
B_SPLINE_SURFACE_WITH_KNOTS((2,2),(2,2),(0.000,1.000),(0.000,1.000),.UNSPECIFIED.)
GEOMETRIC_REPRESENTATION_ITEM()
RATIONAL_B_SPLINE_SURFACE(((1.0000000000,1.0000000000),(1.0000000000,1.0000000000)))
REPRESENTATION_ITEM('')
SURFACE()
);
#7525=CARTESIAN_POINT('',(54.7570208901,-6.9539463598,17.6437365109));
#7526=CARTESIAN_POINT('',(51.9465230323,-6.9539463598,17.6437365109));
#7527=CARTESIAN_POINT('',(54.7570208901,-5.4237290687,17.6437365109));
#7528=CARTESIAN_POINT('',(51.9465230323,-5.4237290687,17.6437365109));

#7529=CARTESIAN_POINT('',(54.7570208901,-6.9539463598,17.6437365109));
#7530=VERTEX_POINT('',#7529);
#7531=(
BOUNDED_CURVE()
B_SPLINE_CURVE(1,(#7532,#7533),.UNSPECIFIED.,.F.,.F.)
B_SPLINE_CURVE_WITH_KNOTS((2,2),(0.000,1.000),.UNSPECIFIED.)
CURVE()
GEOMETRIC_REPRESENTATION_ITEM()
RATIONAL_B_SPLINE_CURVE((1.0000000000,1.0000000000))
REPRESENTATION_ITEM('')
);
#7532=CARTESIAN_POINT('',(54.7570208901,-6.9539463598,17.6437365109));
#7533=CARTESIAN_POINT('',(51.9465230323,-6.9539463598,17.6437365109));

#7534=CARTESIAN_POINT('',(51.9465230323,-6.9539463598,17.6437365109));
#7535=VERTEX_POINT('',#7534);
#7536=EDGE_CURVE('',#7530,#7535,#7531,.T.);
#7537=ORIENTED_EDGE('',*,*,#7536,.T.);
#7538=(
BOUNDED_CURVE()
B_SPLINE_CURVE(1,(#7539,#7540),.UNSPECIFIED.,.F.,.F.)
B_SPLINE_CURVE_WITH_KNOTS((2,2),(0.000,1.000),.UNSPECIFIED.)
CURVE()
GEOMETRIC_REPRESENTATION_ITEM()
RATIONAL_B_SPLINE_CURVE((1.0000000000,1.0000000000))
REPRESENTATION_ITEM('')
);
#7539=CARTESIAN_POINT('',(51.9465230323,-6.9539463598,17.6437365109));
#7540=CARTESIAN_POINT('',(51.9465230323,-5.4237290687,17.6437365109));

#7541=CARTESIAN_POINT('',(51.9465230323,-5.4237290687,17.6437365109));
#7542=VERTEX_POINT('',#7541);
#7543=EDGE_CURVE('',#7535,#7542,#7538,.T.);
#7544=ORIENTED_EDGE('',*,*,#7543,.T.);
#7545=(
BOUNDED_CURVE()
B_SPLINE_CURVE(1,(#7546,#7547),.UNSPECIFIED.,.F.,.F.)
B_SPLINE_CURVE_WITH_KNOTS((2,2),(0.000,1.000),.UNSPECIFIED.)
CURVE()
GEOMETRIC_REPRESENTATION_ITEM()
RATIONAL_B_SPLINE_CURVE((1.0000000000,1.0000000000))
REPRESENTATION_ITEM('')
);
#7546=CARTESIAN_POINT('',(51.9465230323,-5.4237290687,17.6437365109));
#7547=CARTESIAN_POINT('',(54.7570208901,-5.4237290687,17.6437365109));

#7548=CARTESIAN_POINT('',(54.7570208901,-5.4237290687,17.6437365109));
#7549=VERTEX_POINT('',#7548);
#7550=EDGE_CURVE('',#7542,#7549,#7545,.T.);
#7551=ORIENTED_EDGE('',*,*,#7550,.T.);
#7552=(
BOUNDED_CURVE()
B_SPLINE_CURVE(1,(#7553,#7554),.UNSPECIFIED.,.F.,.F.)
B_SPLINE_CURVE_WITH_KNOTS((2,2),(0.000,1.000),.UNSPECIFIED.)
CURVE()
GEOMETRIC_REPRESENTATION_ITEM()
RATIONAL_B_SPLINE_CURVE((1.0000000000,1.0000000000))
REPRESENTATION_ITEM('')
);
#7553=CARTESIAN_POINT('',(54.7570208901,-5.4237290687,17.6437365109));
#7554=CARTESIAN_POINT('',(54.7570208901,-6.9539463598,17.6437365109));

#7555=EDGE_CURVE('',#7549,#7530,#7552,.T.);
#7556=ORIENTED_EDGE('',*,*,#7555,.T.);
#7557=EDGE_LOOP('',(#7537,#7544,#7551,#7556));
#7558=FACE_OUTER_BOUND('',#7557,.T.);
#7559=ADVANCED_FACE('',(#7558),#7524,.T.);
#7560=COLOUR_RGB('',0.39,0.39,0.39);
#7561=FILL_AREA_STYLE_COLOUR('',#7560);
#7562=FILL_AREA_STYLE('',(#7561));
#7563=SURFACE_STYLE_FILL_AREA(#7562);
#7564=SURFACE_STYLE_TRANSPARENT(0.00);
#7565=SURFACE_STYLE_RENDERING_WITH_PROPERTIES(.NORMAL_SHADING.,#7560,(#7564));
#7566=SURFACE_SIDE_STYLE('',(#7563, #7565));
#7567=SURFACE_STYLE_USAGE(.BOTH.,#7566);
#7568=PRESENTATION_STYLE_ASSIGNMENT((#7567));
#7569=STYLED_ITEM('',(#7568),#7559);

#7570=(
BOUNDED_SURFACE()
B_SPLINE_SURFACE(1,1,((#7571,#7572),(#7573,#7574)),.UNSPECIFIED.,.F.,.F.,.F.)
B_SPLINE_SURFACE_WITH_KNOTS((2,2),(2,2),(0.000,1.000),(0.000,1.000),.UNSPECIFIED.)
GEOMETRIC_REPRESENTATION_ITEM()
RATIONAL_B_SPLINE_SURFACE(((1.0000000000,1.0000000000),(1.0000000000,1.0000000000)))
REPRESENTATION_ITEM('')
SURFACE()
);
#7571=CARTESIAN_POINT('',(54.7570208901,-5.4237290687,17.6437365109));
#7572=CARTESIAN_POINT('',(51.9465230323,-5.4237290687,17.6437365109));
#7573=CARTESIAN_POINT('',(54.7570208901,-5.4237290687,12.0268638338));
#7574=CARTESIAN_POINT('',(51.9465230323,-5.4237290687,12.0268638338));

#7575=CARTESIAN_POINT('',(54.7570208901,-5.4237290687,17.6437365109));
#7576=VERTEX_POINT('',#7575);
#7577=(
BOUNDED_CURVE()
B_SPLINE_CURVE(1,(#7578,#7579),.UNSPECIFIED.,.F.,.F.)
B_SPLINE_CURVE_WITH_KNOTS((2,2),(0.000,1.000),.UNSPECIFIED.)
CURVE()
GEOMETRIC_REPRESENTATION_ITEM()
RATIONAL_B_SPLINE_CURVE((1.0000000000,1.0000000000))
REPRESENTATION_ITEM('')
);
#7578=CARTESIAN_POINT('',(54.7570208901,-5.4237290687,17.6437365109));
#7579=CARTESIAN_POINT('',(51.9465230323,-5.4237290687,17.6437365109));

#7580=CARTESIAN_POINT('',(51.9465230323,-5.4237290687,17.6437365109));
#7581=VERTEX_POINT('',#7580);
#7582=EDGE_CURVE('',#7576,#7581,#7577,.T.);
#7583=ORIENTED_EDGE('',*,*,#7582,.T.);
#7584=(
BOUNDED_CURVE()
B_SPLINE_CURVE(1,(#7585,#7586),.UNSPECIFIED.,.F.,.F.)
B_SPLINE_CURVE_WITH_KNOTS((2,2),(0.000,1.000),.UNSPECIFIED.)
CURVE()
GEOMETRIC_REPRESENTATION_ITEM()
RATIONAL_B_SPLINE_CURVE((1.0000000000,1.0000000000))
REPRESENTATION_ITEM('')
);
#7585=CARTESIAN_POINT('',(51.9465230323,-5.4237290687,17.6437365109));
#7586=CARTESIAN_POINT('',(51.9465230323,-5.4237290687,12.0268638338));

#7587=CARTESIAN_POINT('',(51.9465230323,-5.4237290687,12.0268638338));
#7588=VERTEX_POINT('',#7587);
#7589=EDGE_CURVE('',#7581,#7588,#7584,.T.);
#7590=ORIENTED_EDGE('',*,*,#7589,.T.);
#7591=(
BOUNDED_CURVE()
B_SPLINE_CURVE(1,(#7592,#7593),.UNSPECIFIED.,.F.,.F.)
B_SPLINE_CURVE_WITH_KNOTS((2,2),(0.000,1.000),.UNSPECIFIED.)
CURVE()
GEOMETRIC_REPRESENTATION_ITEM()
RATIONAL_B_SPLINE_CURVE((1.0000000000,1.0000000000))
REPRESENTATION_ITEM('')
);
#7592=CARTESIAN_POINT('',(51.9465230323,-5.4237290687,12.0268638338));
#7593=CARTESIAN_POINT('',(54.7570208901,-5.4237290687,12.0268638338));

#7594=CARTESIAN_POINT('',(54.7570208901,-5.4237290687,12.0268638338));
#7595=VERTEX_POINT('',#7594);
#7596=EDGE_CURVE('',#7588,#7595,#7591,.T.);
#7597=ORIENTED_EDGE('',*,*,#7596,.T.);
#7598=(
BOUNDED_CURVE()
B_SPLINE_CURVE(1,(#7599,#7600),.UNSPECIFIED.,.F.,.F.)
B_SPLINE_CURVE_WITH_KNOTS((2,2),(0.000,1.000),.UNSPECIFIED.)
CURVE()
GEOMETRIC_REPRESENTATION_ITEM()
RATIONAL_B_SPLINE_CURVE((1.0000000000,1.0000000000))
REPRESENTATION_ITEM('')
);
#7599=CARTESIAN_POINT('',(54.7570208901,-5.4237290687,12.0268638338));
#7600=CARTESIAN_POINT('',(54.7570208901,-5.4237290687,17.6437365109));

#7601=EDGE_CURVE('',#7595,#7576,#7598,.T.);
#7602=ORIENTED_EDGE('',*,*,#7601,.T.);
#7603=EDGE_LOOP('',(#7583,#7590,#7597,#7602));
#7604=FACE_OUTER_BOUND('',#7603,.T.);
#7605=ADVANCED_FACE('',(#7604),#7570,.T.);
#7606=COLOUR_RGB('',0.39,0.39,0.39);
#7607=FILL_AREA_STYLE_COLOUR('',#7606);
#7608=FILL_AREA_STYLE('',(#7607));
#7609=SURFACE_STYLE_FILL_AREA(#7608);
#7610=SURFACE_STYLE_TRANSPARENT(0.00);
#7611=SURFACE_STYLE_RENDERING_WITH_PROPERTIES(.NORMAL_SHADING.,#7606,(#7610));
#7612=SURFACE_SIDE_STYLE('',(#7609, #7611));
#7613=SURFACE_STYLE_USAGE(.BOTH.,#7612);
#7614=PRESENTATION_STYLE_ASSIGNMENT((#7613));
#7615=STYLED_ITEM('',(#7614),#7605);

#7616=(
BOUNDED_SURFACE()
B_SPLINE_SURFACE(1,1,((#7617,#7618),(#7619,#7620)),.UNSPECIFIED.,.F.,.F.,.F.)
B_SPLINE_SURFACE_WITH_KNOTS((2,2),(2,2),(0.000,1.000),(0.000,1.000),.UNSPECIFIED.)
GEOMETRIC_REPRESENTATION_ITEM()
RATIONAL_B_SPLINE_SURFACE(((1.0000000000,1.0000000000),(1.0000000000,1.0000000000)))
REPRESENTATION_ITEM('')
SURFACE()
);
#7617=CARTESIAN_POINT('',(54.7570208901,-5.4237290687,12.0268638338));
#7618=CARTESIAN_POINT('',(51.9465230323,-5.4237290687,12.0268638338));
#7619=CARTESIAN_POINT('',(54.7570208901,-6.9539463598,12.0268638338));
#7620=CARTESIAN_POINT('',(51.9465230323,-6.9539463598,12.0268638338));

#7621=CARTESIAN_POINT('',(54.7570208901,-5.4237290687,12.0268638338));
#7622=VERTEX_POINT('',#7621);
#7623=(
BOUNDED_CURVE()
B_SPLINE_CURVE(1,(#7624,#7625),.UNSPECIFIED.,.F.,.F.)
B_SPLINE_CURVE_WITH_KNOTS((2,2),(0.000,1.000),.UNSPECIFIED.)
CURVE()
GEOMETRIC_REPRESENTATION_ITEM()
RATIONAL_B_SPLINE_CURVE((1.0000000000,1.0000000000))
REPRESENTATION_ITEM('')
);
#7624=CARTESIAN_POINT('',(54.7570208901,-5.4237290687,12.0268638338));
#7625=CARTESIAN_POINT('',(51.9465230323,-5.4237290687,12.0268638338));

#7626=CARTESIAN_POINT('',(51.9465230323,-5.4237290687,12.0268638338));
#7627=VERTEX_POINT('',#7626);
#7628=EDGE_CURVE('',#7622,#7627,#7623,.T.);
#7629=ORIENTED_EDGE('',*,*,#7628,.T.);
#7630=(
BOUNDED_CURVE()
B_SPLINE_CURVE(1,(#7631,#7632),.UNSPECIFIED.,.F.,.F.)
B_SPLINE_CURVE_WITH_KNOTS((2,2),(0.000,1.000),.UNSPECIFIED.)
CURVE()
GEOMETRIC_REPRESENTATION_ITEM()
RATIONAL_B_SPLINE_CURVE((1.0000000000,1.0000000000))
REPRESENTATION_ITEM('')
);
#7631=CARTESIAN_POINT('',(51.9465230323,-5.4237290687,12.0268638338));
#7632=CARTESIAN_POINT('',(51.9465230323,-6.9539463598,12.0268638338));

#7633=CARTESIAN_POINT('',(51.9465230323,-6.9539463598,12.0268638338));
#7634=VERTEX_POINT('',#7633);
#7635=EDGE_CURVE('',#7627,#7634,#7630,.T.);
#7636=ORIENTED_EDGE('',*,*,#7635,.T.);
#7637=(
BOUNDED_CURVE()
B_SPLINE_CURVE(1,(#7638,#7639),.UNSPECIFIED.,.F.,.F.)
B_SPLINE_CURVE_WITH_KNOTS((2,2),(0.000,1.000),.UNSPECIFIED.)
CURVE()
GEOMETRIC_REPRESENTATION_ITEM()
RATIONAL_B_SPLINE_CURVE((1.0000000000,1.0000000000))
REPRESENTATION_ITEM('')
);
#7638=CARTESIAN_POINT('',(51.9465230323,-6.9539463598,12.0268638338));
#7639=CARTESIAN_POINT('',(54.7570208901,-6.9539463598,12.0268638338));

#7640=CARTESIAN_POINT('',(54.7570208901,-6.9539463598,12.0268638338));
#7641=VERTEX_POINT('',#7640);
#7642=EDGE_CURVE('',#7634,#7641,#7637,.T.);
#7643=ORIENTED_EDGE('',*,*,#7642,.T.);
#7644=(
BOUNDED_CURVE()
B_SPLINE_CURVE(1,(#7645,#7646),.UNSPECIFIED.,.F.,.F.)
B_SPLINE_CURVE_WITH_KNOTS((2,2),(0.000,1.000),.UNSPECIFIED.)
CURVE()
GEOMETRIC_REPRESENTATION_ITEM()
RATIONAL_B_SPLINE_CURVE((1.0000000000,1.0000000000))
REPRESENTATION_ITEM('')
);
#7645=CARTESIAN_POINT('',(54.7570208901,-6.9539463598,12.0268638338));
#7646=CARTESIAN_POINT('',(54.7570208901,-5.4237290687,12.0268638338));

#7647=EDGE_CURVE('',#7641,#7622,#7644,.T.);
#7648=ORIENTED_EDGE('',*,*,#7647,.T.);
#7649=EDGE_LOOP('',(#7629,#7636,#7643,#7648));
#7650=FACE_OUTER_BOUND('',#7649,.T.);
#7651=ADVANCED_FACE('',(#7650),#7616,.T.);
#7652=COLOUR_RGB('',0.39,0.39,0.39);
#7653=FILL_AREA_STYLE_COLOUR('',#7652);
#7654=FILL_AREA_STYLE('',(#7653));
#7655=SURFACE_STYLE_FILL_AREA(#7654);
#7656=SURFACE_STYLE_TRANSPARENT(0.00);
#7657=SURFACE_STYLE_RENDERING_WITH_PROPERTIES(.NORMAL_SHADING.,#7652,(#7656));
#7658=SURFACE_SIDE_STYLE('',(#7655, #7657));
#7659=SURFACE_STYLE_USAGE(.BOTH.,#7658);
#7660=PRESENTATION_STYLE_ASSIGNMENT((#7659));
#7661=STYLED_ITEM('',(#7660),#7651);

#7662=(
BOUNDED_SURFACE()
B_SPLINE_SURFACE(1,1,((#7663,#7664),(#7665,#7666)),.UNSPECIFIED.,.F.,.F.,.F.)
B_SPLINE_SURFACE_WITH_KNOTS((2,2),(2,2),(0.000,1.000),(0.000,1.000),.UNSPECIFIED.)
GEOMETRIC_REPRESENTATION_ITEM()
RATIONAL_B_SPLINE_SURFACE(((1.0000000000,1.0000000000),(1.0000000000,1.0000000000)))
REPRESENTATION_ITEM('')
SURFACE()
);
#7663=CARTESIAN_POINT('',(54.7570208901,-4.8639581294,17.8583446388));
#7664=CARTESIAN_POINT('',(54.7570208901,-0.9732153151,17.8583446388));
#7665=CARTESIAN_POINT('',(54.7570208901,-4.8639581294,12.4373824898));
#7666=CARTESIAN_POINT('',(54.7570208901,-0.9732153151,12.4373824898));

#7667=CARTESIAN_POINT('',(54.7570208901,-4.8639581294,15.6236993119));
#7668=VERTEX_POINT('',#7667);
#7669=(
BOUNDED_CURVE()
B_SPLINE_CURVE(1,(#7670,#7671),.UNSPECIFIED.,.F.,.F.)
B_SPLINE_CURVE_WITH_KNOTS((2,2),(0.000,1.000),.UNSPECIFIED.)
CURVE()
GEOMETRIC_REPRESENTATION_ITEM()
RATIONAL_B_SPLINE_CURVE((1.0000000000,1.0000000000))
REPRESENTATION_ITEM('')
);
#7670=CARTESIAN_POINT('',(54.7570208901,-4.8639581294,15.6236993119));
#7671=CARTESIAN_POINT('',(54.7570208901,-0.9732153151,17.8583446388));

#7672=CARTESIAN_POINT('',(54.7570208901,-0.9732153151,17.8583446388));
#7673=VERTEX_POINT('',#7672);
#7674=EDGE_CURVE('',#7668,#7673,#7669,.T.);
#7675=ORIENTED_EDGE('',*,*,#7674,.T.);
#7676=(
BOUNDED_CURVE()
B_SPLINE_CURVE(1,(#7677,#7678),.UNSPECIFIED.,.F.,.F.)
B_SPLINE_CURVE_WITH_KNOTS((2,2),(0.000,1.000),.UNSPECIFIED.)
CURVE()
GEOMETRIC_REPRESENTATION_ITEM()
RATIONAL_B_SPLINE_CURVE((1.0000000000,1.0000000000))
REPRESENTATION_ITEM('')
);
#7677=CARTESIAN_POINT('',(54.7570208901,-0.9732153151,17.8583446388));
#7678=CARTESIAN_POINT('',(54.7570208901,-0.9732153151,16.2721973854));

#7679=CARTESIAN_POINT('',(54.7570208901,-0.9732153151,16.2721973854));
#7680=VERTEX_POINT('',#7679);
#7681=EDGE_CURVE('',#7673,#7680,#7676,.T.);
#7682=ORIENTED_EDGE('',*,*,#7681,.T.);
#7683=(
BOUNDED_CURVE()
B_SPLINE_CURVE(1,(#7684,#7685),.UNSPECIFIED.,.F.,.F.)
B_SPLINE_CURVE_WITH_KNOTS((2,2),(0.000,1.000),.UNSPECIFIED.)
CURVE()
GEOMETRIC_REPRESENTATION_ITEM()
RATIONAL_B_SPLINE_CURVE((1.0000000000,1.0000000000))
REPRESENTATION_ITEM('')
);
#7684=CARTESIAN_POINT('',(54.7570208901,-0.9732153151,16.2721973854));
#7685=CARTESIAN_POINT('',(54.7570208901,-2.9978476511,15.1479044606));

#7686=CARTESIAN_POINT('',(54.7570208901,-2.9978476511,15.1479044606));
#7687=VERTEX_POINT('',#7686);
#7688=EDGE_CURVE('',#7680,#7687,#7683,.T.);
#7689=ORIENTED_EDGE('',*,*,#7688,.T.);
#7690=(
BOUNDED_CURVE()
B_SPLINE_CURVE(1,(#7691,#7692),.UNSPECIFIED.,.F.,.F.)
B_SPLINE_CURVE_WITH_KNOTS((2,2),(0.000,1.000),.UNSPECIFIED.)
CURVE()
GEOMETRIC_REPRESENTATION_ITEM()
RATIONAL_B_SPLINE_CURVE((1.0000000000,1.0000000000))
REPRESENTATION_ITEM('')
);
#7691=CARTESIAN_POINT('',(54.7570208901,-2.9978476511,15.1479044606));
#7692=CARTESIAN_POINT('',(54.7570208901,-0.9732153151,14.0235293943));

#7693=CARTESIAN_POINT('',(54.7570208901,-0.9732153151,14.0235293943));
#7694=VERTEX_POINT('',#7693);
#7695=EDGE_CURVE('',#7687,#7694,#7690,.T.);
#7696=ORIENTED_EDGE('',*,*,#7695,.T.);
#7697=(
BOUNDED_CURVE()
B_SPLINE_CURVE(1,(#7698,#7699),.UNSPECIFIED.,.F.,.F.)
B_SPLINE_CURVE_WITH_KNOTS((2,2),(0.000,1.000),.UNSPECIFIED.)
CURVE()
GEOMETRIC_REPRESENTATION_ITEM()
RATIONAL_B_SPLINE_CURVE((1.0000000000,1.0000000000))
REPRESENTATION_ITEM('')
);
#7698=CARTESIAN_POINT('',(54.7570208901,-0.9732153151,14.0235293943));
#7699=CARTESIAN_POINT('',(54.7570208901,-0.9732153151,12.4373824898));

#7700=CARTESIAN_POINT('',(54.7570208901,-0.9732153151,12.4373824898));
#7701=VERTEX_POINT('',#7700);
#7702=EDGE_CURVE('',#7694,#7701,#7697,.T.);
#7703=ORIENTED_EDGE('',*,*,#7702,.T.);
#7704=(
BOUNDED_CURVE()
B_SPLINE_CURVE(1,(#7705,#7706),.UNSPECIFIED.,.F.,.F.)
B_SPLINE_CURVE_WITH_KNOTS((2,2),(0.000,1.000),.UNSPECIFIED.)
CURVE()
GEOMETRIC_REPRESENTATION_ITEM()
RATIONAL_B_SPLINE_CURVE((1.0000000000,1.0000000000))
REPRESENTATION_ITEM('')
);
#7705=CARTESIAN_POINT('',(54.7570208901,-0.9732153151,12.4373824898));
#7706=CARTESIAN_POINT('',(54.7570208901,-4.8639581294,14.6720276672));

#7707=CARTESIAN_POINT('',(54.7570208901,-4.8639581294,14.6720276672));
#7708=VERTEX_POINT('',#7707);
#7709=EDGE_CURVE('',#7701,#7708,#7704,.T.);
#7710=ORIENTED_EDGE('',*,*,#7709,.T.);
#7711=(
BOUNDED_CURVE()
B_SPLINE_CURVE(1,(#7712,#7713),.UNSPECIFIED.,.F.,.F.)
B_SPLINE_CURVE_WITH_KNOTS((2,2),(0.000,1.000),.UNSPECIFIED.)
CURVE()
GEOMETRIC_REPRESENTATION_ITEM()
RATIONAL_B_SPLINE_CURVE((1.0000000000,1.0000000000))
REPRESENTATION_ITEM('')
);
#7712=CARTESIAN_POINT('',(54.7570208901,-4.8639581294,14.6720276672));
#7713=CARTESIAN_POINT('',(54.7570208901,-4.8639581294,15.6236993119));

#7714=EDGE_CURVE('',#7708,#7668,#7711,.T.);
#7715=ORIENTED_EDGE('',*,*,#7714,.T.);
#7716=EDGE_LOOP('',(#7675,#7682,#7689,#7696,#7703,#7710,#7715));
#7717=FACE_OUTER_BOUND('',#7716,.T.);
#7718=ADVANCED_FACE('',(#7717),#7662,.T.);
#7719=COLOUR_RGB('',0.39,0.39,0.39);
#7720=FILL_AREA_STYLE_COLOUR('',#7719);
#7721=FILL_AREA_STYLE('',(#7720));
#7722=SURFACE_STYLE_FILL_AREA(#7721);
#7723=SURFACE_STYLE_TRANSPARENT(0.00);
#7724=SURFACE_STYLE_RENDERING_WITH_PROPERTIES(.NORMAL_SHADING.,#7719,(#7723));
#7725=SURFACE_SIDE_STYLE('',(#7722, #7724));
#7726=SURFACE_STYLE_USAGE(.BOTH.,#7725);
#7727=PRESENTATION_STYLE_ASSIGNMENT((#7726));
#7728=STYLED_ITEM('',(#7727),#7718);

#7729=(
BOUNDED_SURFACE()
B_SPLINE_SURFACE(1,1,((#7730,#7731),(#7732,#7733)),.UNSPECIFIED.,.F.,.F.,.F.)
B_SPLINE_SURFACE_WITH_KNOTS((2,2),(2,2),(0.000,1.000),(0.000,1.000),.UNSPECIFIED.)
GEOMETRIC_REPRESENTATION_ITEM()
RATIONAL_B_SPLINE_SURFACE(((1.0000000000,1.0000000000),(1.0000000000,1.0000000000)))
REPRESENTATION_ITEM('')
SURFACE()
);
#7730=CARTESIAN_POINT('',(54.7570208901,-0.9732153151,12.4373824898));
#7731=CARTESIAN_POINT('',(51.9465230323,-0.9732153151,12.4373824898));
#7732=CARTESIAN_POINT('',(54.7570208901,-4.8639581294,14.6720276672));
#7733=CARTESIAN_POINT('',(51.9465230323,-4.8639581294,14.6720276672));

#7734=CARTESIAN_POINT('',(54.7570208901,-0.9732153151,12.4373824898));
#7735=VERTEX_POINT('',#7734);
#7736=(
BOUNDED_CURVE()
B_SPLINE_CURVE(1,(#7737,#7738),.UNSPECIFIED.,.F.,.F.)
B_SPLINE_CURVE_WITH_KNOTS((2,2),(0.000,1.000),.UNSPECIFIED.)
CURVE()
GEOMETRIC_REPRESENTATION_ITEM()
RATIONAL_B_SPLINE_CURVE((1.0000000000,1.0000000000))
REPRESENTATION_ITEM('')
);
#7737=CARTESIAN_POINT('',(54.7570208901,-0.9732153151,12.4373824898));
#7738=CARTESIAN_POINT('',(51.9465230323,-0.9732153151,12.4373824898));

#7739=CARTESIAN_POINT('',(51.9465230323,-0.9732153151,12.4373824898));
#7740=VERTEX_POINT('',#7739);
#7741=EDGE_CURVE('',#7735,#7740,#7736,.T.);
#7742=ORIENTED_EDGE('',*,*,#7741,.T.);
#7743=(
BOUNDED_CURVE()
B_SPLINE_CURVE(1,(#7744,#7745),.UNSPECIFIED.,.F.,.F.)
B_SPLINE_CURVE_WITH_KNOTS((2,2),(0.000,1.000),.UNSPECIFIED.)
CURVE()
GEOMETRIC_REPRESENTATION_ITEM()
RATIONAL_B_SPLINE_CURVE((1.0000000000,1.0000000000))
REPRESENTATION_ITEM('')
);
#7744=CARTESIAN_POINT('',(51.9465230323,-0.9732153151,12.4373824898));
#7745=CARTESIAN_POINT('',(51.9465230323,-4.8639581294,14.6720276672));

#7746=CARTESIAN_POINT('',(51.9465230323,-4.8639581294,14.6720276672));
#7747=VERTEX_POINT('',#7746);
#7748=EDGE_CURVE('',#7740,#7747,#7743,.T.);
#7749=ORIENTED_EDGE('',*,*,#7748,.T.);
#7750=(
BOUNDED_CURVE()
B_SPLINE_CURVE(1,(#7751,#7752),.UNSPECIFIED.,.F.,.F.)
B_SPLINE_CURVE_WITH_KNOTS((2,2),(0.000,1.000),.UNSPECIFIED.)
CURVE()
GEOMETRIC_REPRESENTATION_ITEM()
RATIONAL_B_SPLINE_CURVE((1.0000000000,1.0000000000))
REPRESENTATION_ITEM('')
);
#7751=CARTESIAN_POINT('',(51.9465230323,-4.8639581294,14.6720276672));
#7752=CARTESIAN_POINT('',(54.7570208901,-4.8639581294,14.6720276672));

#7753=CARTESIAN_POINT('',(54.7570208901,-4.8639581294,14.6720276672));
#7754=VERTEX_POINT('',#7753);
#7755=EDGE_CURVE('',#7747,#7754,#7750,.T.);
#7756=ORIENTED_EDGE('',*,*,#7755,.T.);
#7757=(
BOUNDED_CURVE()
B_SPLINE_CURVE(1,(#7758,#7759),.UNSPECIFIED.,.F.,.F.)
B_SPLINE_CURVE_WITH_KNOTS((2,2),(0.000,1.000),.UNSPECIFIED.)
CURVE()
GEOMETRIC_REPRESENTATION_ITEM()
RATIONAL_B_SPLINE_CURVE((1.0000000000,1.0000000000))
REPRESENTATION_ITEM('')
);
#7758=CARTESIAN_POINT('',(54.7570208901,-4.8639581294,14.6720276672));
#7759=CARTESIAN_POINT('',(54.7570208901,-0.9732153151,12.4373824898));

#7760=EDGE_CURVE('',#7754,#7735,#7757,.T.);
#7761=ORIENTED_EDGE('',*,*,#7760,.T.);
#7762=EDGE_LOOP('',(#7742,#7749,#7756,#7761));
#7763=FACE_OUTER_BOUND('',#7762,.T.);
#7764=ADVANCED_FACE('',(#7763),#7729,.T.);
#7765=COLOUR_RGB('',0.39,0.39,0.39);
#7766=FILL_AREA_STYLE_COLOUR('',#7765);
#7767=FILL_AREA_STYLE('',(#7766));
#7768=SURFACE_STYLE_FILL_AREA(#7767);
#7769=SURFACE_STYLE_TRANSPARENT(0.00);
#7770=SURFACE_STYLE_RENDERING_WITH_PROPERTIES(.NORMAL_SHADING.,#7765,(#7769));
#7771=SURFACE_SIDE_STYLE('',(#7768, #7770));
#7772=SURFACE_STYLE_USAGE(.BOTH.,#7771);
#7773=PRESENTATION_STYLE_ASSIGNMENT((#7772));
#7774=STYLED_ITEM('',(#7773),#7764);

#7775=(
BOUNDED_SURFACE()
B_SPLINE_SURFACE(1,1,((#7776,#7777),(#7778,#7779)),.UNSPECIFIED.,.F.,.F.,.F.)
B_SPLINE_SURFACE_WITH_KNOTS((2,2),(2,2),(0.000,1.000),(0.000,1.000),.UNSPECIFIED.)
GEOMETRIC_REPRESENTATION_ITEM()
RATIONAL_B_SPLINE_SURFACE(((1.0000000000,1.0000000000),(1.0000000000,1.0000000000)))
REPRESENTATION_ITEM('')
SURFACE()
);
#7776=CARTESIAN_POINT('',(54.7570208901,-4.8639581294,14.6720276672));
#7777=CARTESIAN_POINT('',(51.9465230323,-4.8639581294,14.6720276672));
#7778=CARTESIAN_POINT('',(54.7570208901,-4.8639581294,15.6236993119));
#7779=CARTESIAN_POINT('',(51.9465230323,-4.8639581294,15.6236993119));

#7780=CARTESIAN_POINT('',(54.7570208901,-4.8639581294,14.6720276672));
#7781=VERTEX_POINT('',#7780);
#7782=(
BOUNDED_CURVE()
B_SPLINE_CURVE(1,(#7783,#7784),.UNSPECIFIED.,.F.,.F.)
B_SPLINE_CURVE_WITH_KNOTS((2,2),(0.000,1.000),.UNSPECIFIED.)
CURVE()
GEOMETRIC_REPRESENTATION_ITEM()
RATIONAL_B_SPLINE_CURVE((1.0000000000,1.0000000000))
REPRESENTATION_ITEM('')
);
#7783=CARTESIAN_POINT('',(54.7570208901,-4.8639581294,14.6720276672));
#7784=CARTESIAN_POINT('',(51.9465230323,-4.8639581294,14.6720276672));

#7785=CARTESIAN_POINT('',(51.9465230323,-4.8639581294,14.6720276672));
#7786=VERTEX_POINT('',#7785);
#7787=EDGE_CURVE('',#7781,#7786,#7782,.T.);
#7788=ORIENTED_EDGE('',*,*,#7787,.T.);
#7789=(
BOUNDED_CURVE()
B_SPLINE_CURVE(1,(#7790,#7791),.UNSPECIFIED.,.F.,.F.)
B_SPLINE_CURVE_WITH_KNOTS((2,2),(0.000,1.000),.UNSPECIFIED.)
CURVE()
GEOMETRIC_REPRESENTATION_ITEM()
RATIONAL_B_SPLINE_CURVE((1.0000000000,1.0000000000))
REPRESENTATION_ITEM('')
);
#7790=CARTESIAN_POINT('',(51.9465230323,-4.8639581294,14.6720276672));
#7791=CARTESIAN_POINT('',(51.9465230323,-4.8639581294,15.6236993119));

#7792=CARTESIAN_POINT('',(51.9465230323,-4.8639581294,15.6236993119));
#7793=VERTEX_POINT('',#7792);
#7794=EDGE_CURVE('',#7786,#7793,#7789,.T.);
#7795=ORIENTED_EDGE('',*,*,#7794,.T.);
#7796=(
BOUNDED_CURVE()
B_SPLINE_CURVE(1,(#7797,#7798),.UNSPECIFIED.,.F.,.F.)
B_SPLINE_CURVE_WITH_KNOTS((2,2),(0.000,1.000),.UNSPECIFIED.)
CURVE()
GEOMETRIC_REPRESENTATION_ITEM()
RATIONAL_B_SPLINE_CURVE((1.0000000000,1.0000000000))
REPRESENTATION_ITEM('')
);
#7797=CARTESIAN_POINT('',(51.9465230323,-4.8639581294,15.6236993119));
#7798=CARTESIAN_POINT('',(54.7570208901,-4.8639581294,15.6236993119));

#7799=CARTESIAN_POINT('',(54.7570208901,-4.8639581294,15.6236993119));
#7800=VERTEX_POINT('',#7799);
#7801=EDGE_CURVE('',#7793,#7800,#7796,.T.);
#7802=ORIENTED_EDGE('',*,*,#7801,.T.);
#7803=(
BOUNDED_CURVE()
B_SPLINE_CURVE(1,(#7804,#7805),.UNSPECIFIED.,.F.,.F.)
B_SPLINE_CURVE_WITH_KNOTS((2,2),(0.000,1.000),.UNSPECIFIED.)
CURVE()
GEOMETRIC_REPRESENTATION_ITEM()
RATIONAL_B_SPLINE_CURVE((1.0000000000,1.0000000000))
REPRESENTATION_ITEM('')
);
#7804=CARTESIAN_POINT('',(54.7570208901,-4.8639581294,15.6236993119));
#7805=CARTESIAN_POINT('',(54.7570208901,-4.8639581294,14.6720276672));

#7806=EDGE_CURVE('',#7800,#7781,#7803,.T.);
#7807=ORIENTED_EDGE('',*,*,#7806,.T.);
#7808=EDGE_LOOP('',(#7788,#7795,#7802,#7807));
#7809=FACE_OUTER_BOUND('',#7808,.T.);
#7810=ADVANCED_FACE('',(#7809),#7775,.T.);
#7811=COLOUR_RGB('',0.39,0.39,0.39);
#7812=FILL_AREA_STYLE_COLOUR('',#7811);
#7813=FILL_AREA_STYLE('',(#7812));
#7814=SURFACE_STYLE_FILL_AREA(#7813);
#7815=SURFACE_STYLE_TRANSPARENT(0.00);
#7816=SURFACE_STYLE_RENDERING_WITH_PROPERTIES(.NORMAL_SHADING.,#7811,(#7815));
#7817=SURFACE_SIDE_STYLE('',(#7814, #7816));
#7818=SURFACE_STYLE_USAGE(.BOTH.,#7817);
#7819=PRESENTATION_STYLE_ASSIGNMENT((#7818));
#7820=STYLED_ITEM('',(#7819),#7810);

#7821=(
BOUNDED_SURFACE()
B_SPLINE_SURFACE(1,1,((#7822,#7823),(#7824,#7825)),.UNSPECIFIED.,.F.,.F.,.F.)
B_SPLINE_SURFACE_WITH_KNOTS((2,2),(2,2),(0.000,1.000),(0.000,1.000),.UNSPECIFIED.)
GEOMETRIC_REPRESENTATION_ITEM()
RATIONAL_B_SPLINE_SURFACE(((1.0000000000,1.0000000000),(1.0000000000,1.0000000000)))
REPRESENTATION_ITEM('')
SURFACE()
);
#7822=CARTESIAN_POINT('',(54.7570208901,-4.8639581294,15.6236993119));
#7823=CARTESIAN_POINT('',(51.9465230323,-4.8639581294,15.6236993119));
#7824=CARTESIAN_POINT('',(54.7570208901,-0.9732153151,17.8583446388));
#7825=CARTESIAN_POINT('',(51.9465230323,-0.9732153151,17.8583446388));

#7826=CARTESIAN_POINT('',(54.7570208901,-4.8639581294,15.6236993119));
#7827=VERTEX_POINT('',#7826);
#7828=(
BOUNDED_CURVE()
B_SPLINE_CURVE(1,(#7829,#7830),.UNSPECIFIED.,.F.,.F.)
B_SPLINE_CURVE_WITH_KNOTS((2,2),(0.000,1.000),.UNSPECIFIED.)
CURVE()
GEOMETRIC_REPRESENTATION_ITEM()
RATIONAL_B_SPLINE_CURVE((1.0000000000,1.0000000000))
REPRESENTATION_ITEM('')
);
#7829=CARTESIAN_POINT('',(54.7570208901,-4.8639581294,15.6236993119));
#7830=CARTESIAN_POINT('',(51.9465230323,-4.8639581294,15.6236993119));

#7831=CARTESIAN_POINT('',(51.9465230323,-4.8639581294,15.6236993119));
#7832=VERTEX_POINT('',#7831);
#7833=EDGE_CURVE('',#7827,#7832,#7828,.T.);
#7834=ORIENTED_EDGE('',*,*,#7833,.T.);
#7835=(
BOUNDED_CURVE()
B_SPLINE_CURVE(1,(#7836,#7837),.UNSPECIFIED.,.F.,.F.)
B_SPLINE_CURVE_WITH_KNOTS((2,2),(0.000,1.000),.UNSPECIFIED.)
CURVE()
GEOMETRIC_REPRESENTATION_ITEM()
RATIONAL_B_SPLINE_CURVE((1.0000000000,1.0000000000))
REPRESENTATION_ITEM('')
);
#7836=CARTESIAN_POINT('',(51.9465230323,-4.8639581294,15.6236993119));
#7837=CARTESIAN_POINT('',(51.9465230323,-0.9732153151,17.8583446388));

#7838=CARTESIAN_POINT('',(51.9465230323,-0.9732153151,17.8583446388));
#7839=VERTEX_POINT('',#7838);
#7840=EDGE_CURVE('',#7832,#7839,#7835,.T.);
#7841=ORIENTED_EDGE('',*,*,#7840,.T.);
#7842=(
BOUNDED_CURVE()
B_SPLINE_CURVE(1,(#7843,#7844),.UNSPECIFIED.,.F.,.F.)
B_SPLINE_CURVE_WITH_KNOTS((2,2),(0.000,1.000),.UNSPECIFIED.)
CURVE()
GEOMETRIC_REPRESENTATION_ITEM()
RATIONAL_B_SPLINE_CURVE((1.0000000000,1.0000000000))
REPRESENTATION_ITEM('')
);
#7843=CARTESIAN_POINT('',(51.9465230323,-0.9732153151,17.8583446388));
#7844=CARTESIAN_POINT('',(54.7570208901,-0.9732153151,17.8583446388));

#7845=CARTESIAN_POINT('',(54.7570208901,-0.9732153151,17.8583446388));
#7846=VERTEX_POINT('',#7845);
#7847=EDGE_CURVE('',#7839,#7846,#7842,.T.);
#7848=ORIENTED_EDGE('',*,*,#7847,.T.);
#7849=(
BOUNDED_CURVE()
B_SPLINE_CURVE(1,(#7850,#7851),.UNSPECIFIED.,.F.,.F.)
B_SPLINE_CURVE_WITH_KNOTS((2,2),(0.000,1.000),.UNSPECIFIED.)
CURVE()
GEOMETRIC_REPRESENTATION_ITEM()
RATIONAL_B_SPLINE_CURVE((1.0000000000,1.0000000000))
REPRESENTATION_ITEM('')
);
#7850=CARTESIAN_POINT('',(54.7570208901,-0.9732153151,17.8583446388));
#7851=CARTESIAN_POINT('',(54.7570208901,-4.8639581294,15.6236993119));

#7852=EDGE_CURVE('',#7846,#7827,#7849,.T.);
#7853=ORIENTED_EDGE('',*,*,#7852,.T.);
#7854=EDGE_LOOP('',(#7834,#7841,#7848,#7853));
#7855=FACE_OUTER_BOUND('',#7854,.T.);
#7856=ADVANCED_FACE('',(#7855),#7821,.T.);
#7857=COLOUR_RGB('',0.39,0.39,0.39);
#7858=FILL_AREA_STYLE_COLOUR('',#7857);
#7859=FILL_AREA_STYLE('',(#7858));
#7860=SURFACE_STYLE_FILL_AREA(#7859);
#7861=SURFACE_STYLE_TRANSPARENT(0.00);
#7862=SURFACE_STYLE_RENDERING_WITH_PROPERTIES(.NORMAL_SHADING.,#7857,(#7861));
#7863=SURFACE_SIDE_STYLE('',(#7860, #7862));
#7864=SURFACE_STYLE_USAGE(.BOTH.,#7863);
#7865=PRESENTATION_STYLE_ASSIGNMENT((#7864));
#7866=STYLED_ITEM('',(#7865),#7856);

#7867=(
BOUNDED_SURFACE()
B_SPLINE_SURFACE(1,1,((#7868,#7869),(#7870,#7871)),.UNSPECIFIED.,.F.,.F.,.F.)
B_SPLINE_SURFACE_WITH_KNOTS((2,2),(2,2),(0.000,1.000),(0.000,1.000),.UNSPECIFIED.)
GEOMETRIC_REPRESENTATION_ITEM()
RATIONAL_B_SPLINE_SURFACE(((1.0000000000,1.0000000000),(1.0000000000,1.0000000000)))
REPRESENTATION_ITEM('')
SURFACE()
);
#7868=CARTESIAN_POINT('',(54.7570208901,-0.9732153151,17.8583446388));
#7869=CARTESIAN_POINT('',(51.9465230323,-0.9732153151,17.8583446388));
#7870=CARTESIAN_POINT('',(54.7570208901,-0.9732153151,16.2721973854));
#7871=CARTESIAN_POINT('',(51.9465230323,-0.9732153151,16.2721973854));

#7872=CARTESIAN_POINT('',(54.7570208901,-0.9732153151,17.8583446388));
#7873=VERTEX_POINT('',#7872);
#7874=(
BOUNDED_CURVE()
B_SPLINE_CURVE(1,(#7875,#7876),.UNSPECIFIED.,.F.,.F.)
B_SPLINE_CURVE_WITH_KNOTS((2,2),(0.000,1.000),.UNSPECIFIED.)
CURVE()
GEOMETRIC_REPRESENTATION_ITEM()
RATIONAL_B_SPLINE_CURVE((1.0000000000,1.0000000000))
REPRESENTATION_ITEM('')
);
#7875=CARTESIAN_POINT('',(54.7570208901,-0.9732153151,17.8583446388));
#7876=CARTESIAN_POINT('',(51.9465230323,-0.9732153151,17.8583446388));

#7877=CARTESIAN_POINT('',(51.9465230323,-0.9732153151,17.8583446388));
#7878=VERTEX_POINT('',#7877);
#7879=EDGE_CURVE('',#7873,#7878,#7874,.T.);
#7880=ORIENTED_EDGE('',*,*,#7879,.T.);
#7881=(
BOUNDED_CURVE()
B_SPLINE_CURVE(1,(#7882,#7883),.UNSPECIFIED.,.F.,.F.)
B_SPLINE_CURVE_WITH_KNOTS((2,2),(0.000,1.000),.UNSPECIFIED.)
CURVE()
GEOMETRIC_REPRESENTATION_ITEM()
RATIONAL_B_SPLINE_CURVE((1.0000000000,1.0000000000))
REPRESENTATION_ITEM('')
);
#7882=CARTESIAN_POINT('',(51.9465230323,-0.9732153151,17.8583446388));
#7883=CARTESIAN_POINT('',(51.9465230323,-0.9732153151,16.2721973854));

#7884=CARTESIAN_POINT('',(51.9465230323,-0.9732153151,16.2721973854));
#7885=VERTEX_POINT('',#7884);
#7886=EDGE_CURVE('',#7878,#7885,#7881,.T.);
#7887=ORIENTED_EDGE('',*,*,#7886,.T.);
#7888=(
BOUNDED_CURVE()
B_SPLINE_CURVE(1,(#7889,#7890),.UNSPECIFIED.,.F.,.F.)
B_SPLINE_CURVE_WITH_KNOTS((2,2),(0.000,1.000),.UNSPECIFIED.)
CURVE()
GEOMETRIC_REPRESENTATION_ITEM()
RATIONAL_B_SPLINE_CURVE((1.0000000000,1.0000000000))
REPRESENTATION_ITEM('')
);
#7889=CARTESIAN_POINT('',(51.9465230323,-0.9732153151,16.2721973854));
#7890=CARTESIAN_POINT('',(54.7570208901,-0.9732153151,16.2721973854));

#7891=CARTESIAN_POINT('',(54.7570208901,-0.9732153151,16.2721973854));
#7892=VERTEX_POINT('',#7891);
#7893=EDGE_CURVE('',#7885,#7892,#7888,.T.);
#7894=ORIENTED_EDGE('',*,*,#7893,.T.);
#7895=(
BOUNDED_CURVE()
B_SPLINE_CURVE(1,(#7896,#7897),.UNSPECIFIED.,.F.,.F.)
B_SPLINE_CURVE_WITH_KNOTS((2,2),(0.000,1.000),.UNSPECIFIED.)
CURVE()
GEOMETRIC_REPRESENTATION_ITEM()
RATIONAL_B_SPLINE_CURVE((1.0000000000,1.0000000000))
REPRESENTATION_ITEM('')
);
#7896=CARTESIAN_POINT('',(54.7570208901,-0.9732153151,16.2721973854));
#7897=CARTESIAN_POINT('',(54.7570208901,-0.9732153151,17.8583446388));

#7898=EDGE_CURVE('',#7892,#7873,#7895,.T.);
#7899=ORIENTED_EDGE('',*,*,#7898,.T.);
#7900=EDGE_LOOP('',(#7880,#7887,#7894,#7899));
#7901=FACE_OUTER_BOUND('',#7900,.T.);
#7902=ADVANCED_FACE('',(#7901),#7867,.T.);
#7903=COLOUR_RGB('',0.39,0.39,0.39);
#7904=FILL_AREA_STYLE_COLOUR('',#7903);
#7905=FILL_AREA_STYLE('',(#7904));
#7906=SURFACE_STYLE_FILL_AREA(#7905);
#7907=SURFACE_STYLE_TRANSPARENT(0.00);
#7908=SURFACE_STYLE_RENDERING_WITH_PROPERTIES(.NORMAL_SHADING.,#7903,(#7907));
#7909=SURFACE_SIDE_STYLE('',(#7906, #7908));
#7910=SURFACE_STYLE_USAGE(.BOTH.,#7909);
#7911=PRESENTATION_STYLE_ASSIGNMENT((#7910));
#7912=STYLED_ITEM('',(#7911),#7902);

#7913=(
BOUNDED_SURFACE()
B_SPLINE_SURFACE(1,1,((#7914,#7915),(#7916,#7917)),.UNSPECIFIED.,.F.,.F.,.F.)
B_SPLINE_SURFACE_WITH_KNOTS((2,2),(2,2),(0.000,1.000),(0.000,1.000),.UNSPECIFIED.)
GEOMETRIC_REPRESENTATION_ITEM()
RATIONAL_B_SPLINE_SURFACE(((1.0000000000,1.0000000000),(1.0000000000,1.0000000000)))
REPRESENTATION_ITEM('')
SURFACE()
);
#7914=CARTESIAN_POINT('',(54.7570208901,-0.9732153151,16.2721973854));
#7915=CARTESIAN_POINT('',(51.9465230323,-0.9732153151,16.2721973854));
#7916=CARTESIAN_POINT('',(54.7570208901,-2.9978476511,15.1479044606));
#7917=CARTESIAN_POINT('',(51.9465230323,-2.9978476511,15.1479044606));

#7918=CARTESIAN_POINT('',(54.7570208901,-0.9732153151,16.2721973854));
#7919=VERTEX_POINT('',#7918);
#7920=(
BOUNDED_CURVE()
B_SPLINE_CURVE(1,(#7921,#7922),.UNSPECIFIED.,.F.,.F.)
B_SPLINE_CURVE_WITH_KNOTS((2,2),(0.000,1.000),.UNSPECIFIED.)
CURVE()
GEOMETRIC_REPRESENTATION_ITEM()
RATIONAL_B_SPLINE_CURVE((1.0000000000,1.0000000000))
REPRESENTATION_ITEM('')
);
#7921=CARTESIAN_POINT('',(54.7570208901,-0.9732153151,16.2721973854));
#7922=CARTESIAN_POINT('',(51.9465230323,-0.9732153151,16.2721973854));

#7923=CARTESIAN_POINT('',(51.9465230323,-0.9732153151,16.2721973854));
#7924=VERTEX_POINT('',#7923);
#7925=EDGE_CURVE('',#7919,#7924,#7920,.T.);
#7926=ORIENTED_EDGE('',*,*,#7925,.T.);
#7927=(
BOUNDED_CURVE()
B_SPLINE_CURVE(1,(#7928,#7929),.UNSPECIFIED.,.F.,.F.)
B_SPLINE_CURVE_WITH_KNOTS((2,2),(0.000,1.000),.UNSPECIFIED.)
CURVE()
GEOMETRIC_REPRESENTATION_ITEM()
RATIONAL_B_SPLINE_CURVE((1.0000000000,1.0000000000))
REPRESENTATION_ITEM('')
);
#7928=CARTESIAN_POINT('',(51.9465230323,-0.9732153151,16.2721973854));
#7929=CARTESIAN_POINT('',(51.9465230323,-2.9978476511,15.1479044606));

#7930=CARTESIAN_POINT('',(51.9465230323,-2.9978476511,15.1479044606));
#7931=VERTEX_POINT('',#7930);
#7932=EDGE_CURVE('',#7924,#7931,#7927,.T.);
#7933=ORIENTED_EDGE('',*,*,#7932,.T.);
#7934=(
BOUNDED_CURVE()
B_SPLINE_CURVE(1,(#7935,#7936),.UNSPECIFIED.,.F.,.F.)
B_SPLINE_CURVE_WITH_KNOTS((2,2),(0.000,1.000),.UNSPECIFIED.)
CURVE()
GEOMETRIC_REPRESENTATION_ITEM()
RATIONAL_B_SPLINE_CURVE((1.0000000000,1.0000000000))
REPRESENTATION_ITEM('')
);
#7935=CARTESIAN_POINT('',(51.9465230323,-2.9978476511,15.1479044606));
#7936=CARTESIAN_POINT('',(54.7570208901,-2.9978476511,15.1479044606));

#7937=CARTESIAN_POINT('',(54.7570208901,-2.9978476511,15.1479044606));
#7938=VERTEX_POINT('',#7937);
#7939=EDGE_CURVE('',#7931,#7938,#7934,.T.);
#7940=ORIENTED_EDGE('',*,*,#7939,.T.);
#7941=(
BOUNDED_CURVE()
B_SPLINE_CURVE(1,(#7942,#7943),.UNSPECIFIED.,.F.,.F.)
B_SPLINE_CURVE_WITH_KNOTS((2,2),(0.000,1.000),.UNSPECIFIED.)
CURVE()
GEOMETRIC_REPRESENTATION_ITEM()
RATIONAL_B_SPLINE_CURVE((1.0000000000,1.0000000000))
REPRESENTATION_ITEM('')
);
#7942=CARTESIAN_POINT('',(54.7570208901,-2.9978476511,15.1479044606));
#7943=CARTESIAN_POINT('',(54.7570208901,-0.9732153151,16.2721973854));

#7944=EDGE_CURVE('',#7938,#7919,#7941,.T.);
#7945=ORIENTED_EDGE('',*,*,#7944,.T.);
#7946=EDGE_LOOP('',(#7926,#7933,#7940,#7945));
#7947=FACE_OUTER_BOUND('',#7946,.T.);
#7948=ADVANCED_FACE('',(#7947),#7913,.T.);
#7949=COLOUR_RGB('',0.39,0.39,0.39);
#7950=FILL_AREA_STYLE_COLOUR('',#7949);
#7951=FILL_AREA_STYLE('',(#7950));
#7952=SURFACE_STYLE_FILL_AREA(#7951);
#7953=SURFACE_STYLE_TRANSPARENT(0.00);
#7954=SURFACE_STYLE_RENDERING_WITH_PROPERTIES(.NORMAL_SHADING.,#7949,(#7953));
#7955=SURFACE_SIDE_STYLE('',(#7952, #7954));
#7956=SURFACE_STYLE_USAGE(.BOTH.,#7955);
#7957=PRESENTATION_STYLE_ASSIGNMENT((#7956));
#7958=STYLED_ITEM('',(#7957),#7948);

#7959=(
BOUNDED_SURFACE()
B_SPLINE_SURFACE(1,1,((#7960,#7961),(#7962,#7963)),.UNSPECIFIED.,.F.,.F.,.F.)
B_SPLINE_SURFACE_WITH_KNOTS((2,2),(2,2),(0.000,1.000),(0.000,1.000),.UNSPECIFIED.)
GEOMETRIC_REPRESENTATION_ITEM()
RATIONAL_B_SPLINE_SURFACE(((1.0000000000,1.0000000000),(1.0000000000,1.0000000000)))
REPRESENTATION_ITEM('')
SURFACE()
);
#7960=CARTESIAN_POINT('',(54.7570208901,-2.9978476511,15.1479044606));
#7961=CARTESIAN_POINT('',(51.9465230323,-2.9978476511,15.1479044606));
#7962=CARTESIAN_POINT('',(54.7570208901,-0.9732153151,14.0235293943));
#7963=CARTESIAN_POINT('',(51.9465230323,-0.9732153151,14.0235293943));

#7964=CARTESIAN_POINT('',(54.7570208901,-2.9978476511,15.1479044606));
#7965=VERTEX_POINT('',#7964);
#7966=(
BOUNDED_CURVE()
B_SPLINE_CURVE(1,(#7967,#7968),.UNSPECIFIED.,.F.,.F.)
B_SPLINE_CURVE_WITH_KNOTS((2,2),(0.000,1.000),.UNSPECIFIED.)
CURVE()
GEOMETRIC_REPRESENTATION_ITEM()
RATIONAL_B_SPLINE_CURVE((1.0000000000,1.0000000000))
REPRESENTATION_ITEM('')
);
#7967=CARTESIAN_POINT('',(54.7570208901,-2.9978476511,15.1479044606));
#7968=CARTESIAN_POINT('',(51.9465230323,-2.9978476511,15.1479044606));

#7969=CARTESIAN_POINT('',(51.9465230323,-2.9978476511,15.1479044606));
#7970=VERTEX_POINT('',#7969);
#7971=EDGE_CURVE('',#7965,#7970,#7966,.T.);
#7972=ORIENTED_EDGE('',*,*,#7971,.T.);
#7973=(
BOUNDED_CURVE()
B_SPLINE_CURVE(1,(#7974,#7975),.UNSPECIFIED.,.F.,.F.)
B_SPLINE_CURVE_WITH_KNOTS((2,2),(0.000,1.000),.UNSPECIFIED.)
CURVE()
GEOMETRIC_REPRESENTATION_ITEM()
RATIONAL_B_SPLINE_CURVE((1.0000000000,1.0000000000))
REPRESENTATION_ITEM('')
);
#7974=CARTESIAN_POINT('',(51.9465230323,-2.9978476511,15.1479044606));
#7975=CARTESIAN_POINT('',(51.9465230323,-0.9732153151,14.0235293943));

#7976=CARTESIAN_POINT('',(51.9465230323,-0.9732153151,14.0235293943));
#7977=VERTEX_POINT('',#7976);
#7978=EDGE_CURVE('',#7970,#7977,#7973,.T.);
#7979=ORIENTED_EDGE('',*,*,#7978,.T.);
#7980=(
BOUNDED_CURVE()
B_SPLINE_CURVE(1,(#7981,#7982),.UNSPECIFIED.,.F.,.F.)
B_SPLINE_CURVE_WITH_KNOTS((2,2),(0.000,1.000),.UNSPECIFIED.)
CURVE()
GEOMETRIC_REPRESENTATION_ITEM()
RATIONAL_B_SPLINE_CURVE((1.0000000000,1.0000000000))
REPRESENTATION_ITEM('')
);
#7981=CARTESIAN_POINT('',(51.9465230323,-0.9732153151,14.0235293943));
#7982=CARTESIAN_POINT('',(54.7570208901,-0.9732153151,14.0235293943));

#7983=CARTESIAN_POINT('',(54.7570208901,-0.9732153151,14.0235293943));
#7984=VERTEX_POINT('',#7983);
#7985=EDGE_CURVE('',#7977,#7984,#7980,.T.);
#7986=ORIENTED_EDGE('',*,*,#7985,.T.);
#7987=(
BOUNDED_CURVE()
B_SPLINE_CURVE(1,(#7988,#7989),.UNSPECIFIED.,.F.,.F.)
B_SPLINE_CURVE_WITH_KNOTS((2,2),(0.000,1.000),.UNSPECIFIED.)
CURVE()
GEOMETRIC_REPRESENTATION_ITEM()
RATIONAL_B_SPLINE_CURVE((1.0000000000,1.0000000000))
REPRESENTATION_ITEM('')
);
#7988=CARTESIAN_POINT('',(54.7570208901,-0.9732153151,14.0235293943));
#7989=CARTESIAN_POINT('',(54.7570208901,-2.9978476511,15.1479044606));

#7990=EDGE_CURVE('',#7984,#7965,#7987,.T.);
#7991=ORIENTED_EDGE('',*,*,#7990,.T.);
#7992=EDGE_LOOP('',(#7972,#7979,#7986,#7991));
#7993=FACE_OUTER_BOUND('',#7992,.T.);
#7994=ADVANCED_FACE('',(#7993),#7959,.T.);
#7995=COLOUR_RGB('',0.39,0.39,0.39);
#7996=FILL_AREA_STYLE_COLOUR('',#7995);
#7997=FILL_AREA_STYLE('',(#7996));
#7998=SURFACE_STYLE_FILL_AREA(#7997);
#7999=SURFACE_STYLE_TRANSPARENT(0.00);
#8000=SURFACE_STYLE_RENDERING_WITH_PROPERTIES(.NORMAL_SHADING.,#7995,(#7999));
#8001=SURFACE_SIDE_STYLE('',(#7998, #8000));
#8002=SURFACE_STYLE_USAGE(.BOTH.,#8001);
#8003=PRESENTATION_STYLE_ASSIGNMENT((#8002));
#8004=STYLED_ITEM('',(#8003),#7994);

#8005=(
BOUNDED_SURFACE()
B_SPLINE_SURFACE(1,1,((#8006,#8007),(#8008,#8009)),.UNSPECIFIED.,.F.,.F.,.F.)
B_SPLINE_SURFACE_WITH_KNOTS((2,2),(2,2),(0.000,1.000),(0.000,1.000),.UNSPECIFIED.)
GEOMETRIC_REPRESENTATION_ITEM()
RATIONAL_B_SPLINE_SURFACE(((1.0000000000,1.0000000000),(1.0000000000,1.0000000000)))
REPRESENTATION_ITEM('')
SURFACE()
);
#8006=CARTESIAN_POINT('',(54.7570208901,-0.9732153151,14.0235293943));
#8007=CARTESIAN_POINT('',(51.9465230323,-0.9732153151,14.0235293943));
#8008=CARTESIAN_POINT('',(54.7570208901,-0.9732153151,12.4373824898));
#8009=CARTESIAN_POINT('',(51.9465230323,-0.9732153151,12.4373824898));

#8010=CARTESIAN_POINT('',(54.7570208901,-0.9732153151,14.0235293943));
#8011=VERTEX_POINT('',#8010);
#8012=(
BOUNDED_CURVE()
B_SPLINE_CURVE(1,(#8013,#8014),.UNSPECIFIED.,.F.,.F.)
B_SPLINE_CURVE_WITH_KNOTS((2,2),(0.000,1.000),.UNSPECIFIED.)
CURVE()
GEOMETRIC_REPRESENTATION_ITEM()
RATIONAL_B_SPLINE_CURVE((1.0000000000,1.0000000000))
REPRESENTATION_ITEM('')
);
#8013=CARTESIAN_POINT('',(54.7570208901,-0.9732153151,14.0235293943));
#8014=CARTESIAN_POINT('',(51.9465230323,-0.9732153151,14.0235293943));

#8015=CARTESIAN_POINT('',(51.9465230323,-0.9732153151,14.0235293943));
#8016=VERTEX_POINT('',#8015);
#8017=EDGE_CURVE('',#8011,#8016,#8012,.T.);
#8018=ORIENTED_EDGE('',*,*,#8017,.T.);
#8019=(
BOUNDED_CURVE()
B_SPLINE_CURVE(1,(#8020,#8021),.UNSPECIFIED.,.F.,.F.)
B_SPLINE_CURVE_WITH_KNOTS((2,2),(0.000,1.000),.UNSPECIFIED.)
CURVE()
GEOMETRIC_REPRESENTATION_ITEM()
RATIONAL_B_SPLINE_CURVE((1.0000000000,1.0000000000))
REPRESENTATION_ITEM('')
);
#8020=CARTESIAN_POINT('',(51.9465230323,-0.9732153151,14.0235293943));
#8021=CARTESIAN_POINT('',(51.9465230323,-0.9732153151,12.4373824898));

#8022=CARTESIAN_POINT('',(51.9465230323,-0.9732153151,12.4373824898));
#8023=VERTEX_POINT('',#8022);
#8024=EDGE_CURVE('',#8016,#8023,#8019,.T.);
#8025=ORIENTED_EDGE('',*,*,#8024,.T.);
#8026=(
BOUNDED_CURVE()
B_SPLINE_CURVE(1,(#8027,#8028),.UNSPECIFIED.,.F.,.F.)
B_SPLINE_CURVE_WITH_KNOTS((2,2),(0.000,1.000),.UNSPECIFIED.)
CURVE()
GEOMETRIC_REPRESENTATION_ITEM()
RATIONAL_B_SPLINE_CURVE((1.0000000000,1.0000000000))
REPRESENTATION_ITEM('')
);
#8027=CARTESIAN_POINT('',(51.9465230323,-0.9732153151,12.4373824898));
#8028=CARTESIAN_POINT('',(54.7570208901,-0.9732153151,12.4373824898));

#8029=CARTESIAN_POINT('',(54.7570208901,-0.9732153151,12.4373824898));
#8030=VERTEX_POINT('',#8029);
#8031=EDGE_CURVE('',#8023,#8030,#8026,.T.);
#8032=ORIENTED_EDGE('',*,*,#8031,.T.);
#8033=(
BOUNDED_CURVE()
B_SPLINE_CURVE(1,(#8034,#8035),.UNSPECIFIED.,.F.,.F.)
B_SPLINE_CURVE_WITH_KNOTS((2,2),(0.000,1.000),.UNSPECIFIED.)
CURVE()
GEOMETRIC_REPRESENTATION_ITEM()
RATIONAL_B_SPLINE_CURVE((1.0000000000,1.0000000000))
REPRESENTATION_ITEM('')
);
#8034=CARTESIAN_POINT('',(54.7570208901,-0.9732153151,12.4373824898));
#8035=CARTESIAN_POINT('',(54.7570208901,-0.9732153151,14.0235293943));

#8036=EDGE_CURVE('',#8030,#8011,#8033,.T.);
#8037=ORIENTED_EDGE('',*,*,#8036,.T.);
#8038=EDGE_LOOP('',(#8018,#8025,#8032,#8037));
#8039=FACE_OUTER_BOUND('',#8038,.T.);
#8040=ADVANCED_FACE('',(#8039),#8005,.T.);
#8041=COLOUR_RGB('',0.39,0.39,0.39);
#8042=FILL_AREA_STYLE_COLOUR('',#8041);
#8043=FILL_AREA_STYLE('',(#8042));
#8044=SURFACE_STYLE_FILL_AREA(#8043);
#8045=SURFACE_STYLE_TRANSPARENT(0.00);
#8046=SURFACE_STYLE_RENDERING_WITH_PROPERTIES(.NORMAL_SHADING.,#8041,(#8045));
#8047=SURFACE_SIDE_STYLE('',(#8044, #8046));
#8048=SURFACE_STYLE_USAGE(.BOTH.,#8047);
#8049=PRESENTATION_STYLE_ASSIGNMENT((#8048));
#8050=STYLED_ITEM('',(#8049),#8040);

#8051=(
BOUNDED_SURFACE()
B_SPLINE_SURFACE(1,1,((#8052,#8053),(#8054,#8055)),.UNSPECIFIED.,.F.,.F.,.F.)
B_SPLINE_SURFACE_WITH_KNOTS((2,2),(2,2),(0.000,1.000),(0.000,1.000),.UNSPECIFIED.)
GEOMETRIC_REPRESENTATION_ITEM()
RATIONAL_B_SPLINE_SURFACE(((1.0000000000,1.0000000000),(1.0000000000,1.0000000000)))
REPRESENTATION_ITEM('')
SURFACE()
);
#8052=CARTESIAN_POINT('',(54.7565230323,-34.4830205647,45.3799521717));
#8053=CARTESIAN_POINT('',(54.7565230323,-10.3065173549,45.3799521717));
#8054=CARTESIAN_POINT('',(54.7565230323,-34.4830205647,25.2705728189));
#8055=CARTESIAN_POINT('',(54.7565230323,-10.3065173549,25.2705728189));

#8056=CARTESIAN_POINT('',(54.7565230323,-32.0838977170,25.2705728189));
#8057=VERTEX_POINT('',#8056);
#8058=(
BOUNDED_CURVE()
B_SPLINE_CURVE(2,(#8059,#8060,#8061),.UNSPECIFIED.,.F.,.F.)
B_SPLINE_CURVE_WITH_KNOTS((3,3),(0.000,1.000),.UNSPECIFIED.)
CURVE()
GEOMETRIC_REPRESENTATION_ITEM()
RATIONAL_B_SPLINE_CURVE((1.0000000000,0.7071067812,1.0000000000))
REPRESENTATION_ITEM('')
);
#8059=CARTESIAN_POINT('',(54.7565230323,-32.0838977170,25.2705728189));
#8060=CARTESIAN_POINT('',(54.7565230323,-34.4830205645,25.2705728189));
#8061=CARTESIAN_POINT('',(54.7565230323,-34.4830205647,27.6696956665));

#8062=CARTESIAN_POINT('',(54.7565230323,-34.4830205647,27.6696956665));
#8063=VERTEX_POINT('',#8062);
#8064=EDGE_CURVE('',#8057,#8063,#8058,.T.);
#8065=ORIENTED_EDGE('',*,*,#8064,.T.);
#8066=(
BOUNDED_CURVE()
B_SPLINE_CURVE(1,(#8067,#8068),.UNSPECIFIED.,.F.,.F.)
B_SPLINE_CURVE_WITH_KNOTS((2,2),(0.000,1.000),.UNSPECIFIED.)
CURVE()
GEOMETRIC_REPRESENTATION_ITEM()
RATIONAL_B_SPLINE_CURVE((1.0000000000,1.0000000000))
REPRESENTATION_ITEM('')
);
#8067=CARTESIAN_POINT('',(54.7565230323,-34.4830205647,27.6696956666));
#8068=CARTESIAN_POINT('',(54.7565230323,-34.4830205647,42.9808293240));

#8069=CARTESIAN_POINT('',(54.7565230323,-34.4830205647,42.9808293240));
#8070=VERTEX_POINT('',#8069);
#8071=EDGE_CURVE('',#8063,#8070,#8066,.T.);
#8072=ORIENTED_EDGE('',*,*,#8071,.T.);
#8073=(
BOUNDED_CURVE()
B_SPLINE_CURVE(2,(#8074,#8075,#8076),.UNSPECIFIED.,.F.,.F.)
B_SPLINE_CURVE_WITH_KNOTS((3,3),(0.000,1.000),.UNSPECIFIED.)
CURVE()
GEOMETRIC_REPRESENTATION_ITEM()
RATIONAL_B_SPLINE_CURVE((1.0000000000,0.7071067812,1.0000000000))
REPRESENTATION_ITEM('')
);
#8074=CARTESIAN_POINT('',(54.7565230323,-34.4830205647,42.9808293240));
#8075=CARTESIAN_POINT('',(54.7565230323,-34.4830205647,45.3799521716));
#8076=CARTESIAN_POINT('',(54.7565230323,-32.0838977171,45.3799521717));

#8077=CARTESIAN_POINT('',(54.7565230323,-32.0838977171,45.3799521717));
#8078=VERTEX_POINT('',#8077);
#8079=EDGE_CURVE('',#8070,#8078,#8073,.T.);
#8080=ORIENTED_EDGE('',*,*,#8079,.T.);
#8081=(
BOUNDED_CURVE()
B_SPLINE_CURVE(1,(#8082,#8083),.UNSPECIFIED.,.F.,.F.)
B_SPLINE_CURVE_WITH_KNOTS((2,2),(0.000,1.000),.UNSPECIFIED.)
CURVE()
GEOMETRIC_REPRESENTATION_ITEM()
RATIONAL_B_SPLINE_CURVE((1.0000000000,1.0000000000))
REPRESENTATION_ITEM('')
);
#8082=CARTESIAN_POINT('',(54.7565230323,-32.0838977170,45.3799521717));
#8083=CARTESIAN_POINT('',(54.7565230323,-12.7056402026,45.3799521717));

#8084=CARTESIAN_POINT('',(54.7565230323,-12.7056402026,45.3799521717));
#8085=VERTEX_POINT('',#8084);
#8086=EDGE_CURVE('',#8078,#8085,#8081,.T.);
#8087=ORIENTED_EDGE('',*,*,#8086,.T.);
#8088=(
BOUNDED_CURVE()
B_SPLINE_CURVE(2,(#8089,#8090,#8091),.UNSPECIFIED.,.F.,.F.)
B_SPLINE_CURVE_WITH_KNOTS((3,3),(0.000,1.000),.UNSPECIFIED.)
CURVE()
GEOMETRIC_REPRESENTATION_ITEM()
RATIONAL_B_SPLINE_CURVE((1.0000000000,0.7071067812,1.0000000000))
REPRESENTATION_ITEM('')
);
#8089=CARTESIAN_POINT('',(54.7565230323,-12.7056402026,45.3799521717));
#8090=CARTESIAN_POINT('',(54.7565230323,-10.3065173550,45.3799521717));
#8091=CARTESIAN_POINT('',(54.7565230323,-10.3065173549,42.9808293241));

#8092=CARTESIAN_POINT('',(54.7565230323,-10.3065173549,42.9808293241));
#8093=VERTEX_POINT('',#8092);
#8094=EDGE_CURVE('',#8085,#8093,#8088,.T.);
#8095=ORIENTED_EDGE('',*,*,#8094,.T.);
#8096=(
BOUNDED_CURVE()
B_SPLINE_CURVE(1,(#8097,#8098),.UNSPECIFIED.,.F.,.F.)
B_SPLINE_CURVE_WITH_KNOTS((2,2),(0.000,1.000),.UNSPECIFIED.)
CURVE()
GEOMETRIC_REPRESENTATION_ITEM()
RATIONAL_B_SPLINE_CURVE((1.0000000000,1.0000000000))
REPRESENTATION_ITEM('')
);
#8097=CARTESIAN_POINT('',(54.7565230323,-10.3065173549,42.9808293240));
#8098=CARTESIAN_POINT('',(54.7565230323,-10.3065173549,27.6696956666));

#8099=CARTESIAN_POINT('',(54.7565230323,-10.3065173549,27.6696956666));
#8100=VERTEX_POINT('',#8099);
#8101=EDGE_CURVE('',#8093,#8100,#8096,.T.);
#8102=ORIENTED_EDGE('',*,*,#8101,.T.);
#8103=(
BOUNDED_CURVE()
B_SPLINE_CURVE(2,(#8104,#8105,#8106),.UNSPECIFIED.,.F.,.F.)
B_SPLINE_CURVE_WITH_KNOTS((3,3),(0.000,1.000),.UNSPECIFIED.)
CURVE()
GEOMETRIC_REPRESENTATION_ITEM()
RATIONAL_B_SPLINE_CURVE((1.0000000000,0.7071067812,1.0000000000))
REPRESENTATION_ITEM('')
);
#8104=CARTESIAN_POINT('',(54.7565230323,-10.3065173549,27.6696956666));
#8105=CARTESIAN_POINT('',(54.7565230323,-10.3065173549,25.2705728190));
#8106=CARTESIAN_POINT('',(54.7565230323,-12.7056402025,25.2705728189));

#8107=CARTESIAN_POINT('',(54.7565230323,-12.7056402025,25.2705728189));
#8108=VERTEX_POINT('',#8107);
#8109=EDGE_CURVE('',#8100,#8108,#8103,.T.);
#8110=ORIENTED_EDGE('',*,*,#8109,.T.);
#8111=(
BOUNDED_CURVE()
B_SPLINE_CURVE(1,(#8112,#8113),.UNSPECIFIED.,.F.,.F.)
B_SPLINE_CURVE_WITH_KNOTS((2,2),(0.000,1.000),.UNSPECIFIED.)
CURVE()
GEOMETRIC_REPRESENTATION_ITEM()
RATIONAL_B_SPLINE_CURVE((1.0000000000,1.0000000000))
REPRESENTATION_ITEM('')
);
#8112=CARTESIAN_POINT('',(54.7565230323,-12.7056402026,25.2705728189));
#8113=CARTESIAN_POINT('',(54.7565230323,-32.0838977170,25.2705728189));

#8114=EDGE_CURVE('',#8108,#8057,#8111,.T.);
#8115=ORIENTED_EDGE('',*,*,#8114,.T.);
#8116=EDGE_LOOP('',(#8065,#8072,#8080,#8087,#8095,#8102,#8110,#8115));
#8117=FACE_OUTER_BOUND('',#8116,.T.);
#8118=CARTESIAN_POINT('',(54.7565230323,-11.8028844528,43.1967520407));
#8119=VERTEX_POINT('',#8118);
#8120=(
BOUNDED_CURVE()
B_SPLINE_CURVE(2,(#8121,#8122,#8123),.UNSPECIFIED.,.F.,.F.)
B_SPLINE_CURVE_WITH_KNOTS((3,3),(0.000,1.000),.UNSPECIFIED.)
CURVE()
GEOMETRIC_REPRESENTATION_ITEM()
RATIONAL_B_SPLINE_CURVE((1.0000000000,0.7071067812,1.0000000000))
REPRESENTATION_ITEM('')
);
#8121=CARTESIAN_POINT('',(54.7565230323,-11.8028844528,43.1967520407));
#8122=CARTESIAN_POINT('',(54.7565230323,-11.8028844528,44.2180096616));
#8123=CARTESIAN_POINT('',(54.7565230323,-12.8241420737,44.2180096617));

#8124=CARTESIAN_POINT('',(54.7565230323,-12.8241420737,44.2180096617));
#8125=VERTEX_POINT('',#8124);
#8126=EDGE_CURVE('',#8119,#8125,#8120,.T.);
#8127=ORIENTED_EDGE('',*,*,#8126,.T.);
#8128=(
BOUNDED_CURVE()
B_SPLINE_CURVE(1,(#8129,#8130),.UNSPECIFIED.,.F.,.F.)
B_SPLINE_CURVE_WITH_KNOTS((2,2),(0.000,1.000),.UNSPECIFIED.)
CURVE()
GEOMETRIC_REPRESENTATION_ITEM()
RATIONAL_B_SPLINE_CURVE((1.0000000000,1.0000000000))
REPRESENTATION_ITEM('')
);
#8129=CARTESIAN_POINT('',(54.7565230323,-12.8241420737,44.2180096617));
#8130=CARTESIAN_POINT('',(54.7565230323,-32.0540501724,44.2180096617));

#8131=CARTESIAN_POINT('',(54.7565230323,-32.0540501724,44.2180096617));
#8132=VERTEX_POINT('',#8131);
#8133=EDGE_CURVE('',#8125,#8132,#8128,.T.);
#8134=ORIENTED_EDGE('',*,*,#8133,.T.);
#8135=(
BOUNDED_CURVE()
B_SPLINE_CURVE(2,(#8136,#8137,#8138),.UNSPECIFIED.,.F.,.F.)
B_SPLINE_CURVE_WITH_KNOTS((3,3),(0.000,1.000),.UNSPECIFIED.)
CURVE()
GEOMETRIC_REPRESENTATION_ITEM()
RATIONAL_B_SPLINE_CURVE((1.0000000000,0.7071067812,1.0000000000))
REPRESENTATION_ITEM('')
);
#8136=CARTESIAN_POINT('',(54.7565230323,-32.0540501724,44.2180096617));
#8137=CARTESIAN_POINT('',(54.7565230323,-33.0711313083,44.2180096617));
#8138=CARTESIAN_POINT('',(54.7565230323,-33.0711313084,43.2009285257));

#8139=CARTESIAN_POINT('',(54.7565230323,-33.0711313084,43.2009285257));
#8140=VERTEX_POINT('',#8139);
#8141=EDGE_CURVE('',#8132,#8140,#8135,.T.);
#8142=ORIENTED_EDGE('',*,*,#8141,.T.);
#8143=(
BOUNDED_CURVE()
B_SPLINE_CURVE(1,(#8144,#8145),.UNSPECIFIED.,.F.,.F.)
B_SPLINE_CURVE_WITH_KNOTS((2,2),(0.000,1.000),.UNSPECIFIED.)
CURVE()
GEOMETRIC_REPRESENTATION_ITEM()
RATIONAL_B_SPLINE_CURVE((1.0000000000,1.0000000000))
REPRESENTATION_ITEM('')
);
#8144=CARTESIAN_POINT('',(54.7565230323,-33.0711313084,43.2009285257));
#8145=CARTESIAN_POINT('',(54.7565230323,-33.0711313084,27.7354256278));

#8146=CARTESIAN_POINT('',(54.7565230323,-33.0711313084,27.7354256278));
#8147=VERTEX_POINT('',#8146);
#8148=EDGE_CURVE('',#8140,#8147,#8143,.T.);
#8149=ORIENTED_EDGE('',*,*,#8148,.T.);
#8150=(
BOUNDED_CURVE()
B_SPLINE_CURVE(2,(#8151,#8152,#8153),.UNSPECIFIED.,.F.,.F.)
B_SPLINE_CURVE_WITH_KNOTS((3,3),(0.000,1.000),.UNSPECIFIED.)
CURVE()
GEOMETRIC_REPRESENTATION_ITEM()
RATIONAL_B_SPLINE_CURVE((1.0000000000,0.7071067812,1.0000000000))
REPRESENTATION_ITEM('')
);
#8151=CARTESIAN_POINT('',(54.7565230323,-33.0711313084,27.7354256278));
#8152=CARTESIAN_POINT('',(54.7565230323,-33.0711313084,26.7238538554));
#8153=CARTESIAN_POINT('',(54.7565230323,-32.0595595359,26.7238538553));

#8154=CARTESIAN_POINT('',(54.7565230323,-32.0595595359,26.7238538553));
#8155=VERTEX_POINT('',#8154);
#8156=EDGE_CURVE('',#8147,#8155,#8150,.T.);
#8157=ORIENTED_EDGE('',*,*,#8156,.T.);
#8158=(
BOUNDED_CURVE()
B_SPLINE_CURVE(1,(#8159,#8160),.UNSPECIFIED.,.F.,.F.)
B_SPLINE_CURVE_WITH_KNOTS((2,2),(0.000,1.000),.UNSPECIFIED.)
CURVE()
GEOMETRIC_REPRESENTATION_ITEM()
RATIONAL_B_SPLINE_CURVE((1.0000000000,1.0000000000))
REPRESENTATION_ITEM('')
);
#8159=CARTESIAN_POINT('',(54.7565230323,-32.0595595359,26.7238538553));
#8160=CARTESIAN_POINT('',(54.7565230323,-12.8167224582,26.7238538553));

#8161=CARTESIAN_POINT('',(54.7565230323,-12.8167224582,26.7238538553));
#8162=VERTEX_POINT('',#8161);
#8163=EDGE_CURVE('',#8155,#8162,#8158,.T.);
#8164=ORIENTED_EDGE('',*,*,#8163,.T.);
#8165=(
BOUNDED_CURVE()
B_SPLINE_CURVE(2,(#8166,#8167,#8168),.UNSPECIFIED.,.F.,.F.)
B_SPLINE_CURVE_WITH_KNOTS((3,3),(0.000,1.000),.UNSPECIFIED.)
CURVE()
GEOMETRIC_REPRESENTATION_ITEM()
RATIONAL_B_SPLINE_CURVE((1.0000000000,0.7071067812,1.0000000000))
REPRESENTATION_ITEM('')
);
#8166=CARTESIAN_POINT('',(54.7565230323,-12.8167224582,26.7238538553));
#8167=CARTESIAN_POINT('',(54.7565230323,-11.8028844528,26.7238538553));
#8168=CARTESIAN_POINT('',(54.7565230323,-11.8028844528,27.7376918607));

#8169=CARTESIAN_POINT('',(54.7565230323,-11.8028844528,27.7376918607));
#8170=VERTEX_POINT('',#8169);
#8171=EDGE_CURVE('',#8162,#8170,#8165,.T.);
#8172=ORIENTED_EDGE('',*,*,#8171,.T.);
#8173=(
BOUNDED_CURVE()
B_SPLINE_CURVE(1,(#8174,#8175),.UNSPECIFIED.,.F.,.F.)
B_SPLINE_CURVE_WITH_KNOTS((2,2),(0.000,1.000),.UNSPECIFIED.)
CURVE()
GEOMETRIC_REPRESENTATION_ITEM()
RATIONAL_B_SPLINE_CURVE((1.0000000000,1.0000000000))
REPRESENTATION_ITEM('')
);
#8174=CARTESIAN_POINT('',(54.7565230323,-11.8028844528,27.7376918607));
#8175=CARTESIAN_POINT('',(54.7565230323,-11.8028844528,43.1967520407));

#8176=EDGE_CURVE('',#8170,#8119,#8173,.T.);
#8177=ORIENTED_EDGE('',*,*,#8176,.T.);
#8178=EDGE_LOOP('',(#8127,#8134,#8142,#8149,#8157,#8164,#8172,#8177));
#8179=FACE_BOUND('',#8178,.T.);
#8180=ADVANCED_FACE('',(#8117,#8179),#8051,.T.);
#8181=COLOUR_RGB('',0.39,0.39,0.39);
#8182=FILL_AREA_STYLE_COLOUR('',#8181);
#8183=FILL_AREA_STYLE('',(#8182));
#8184=SURFACE_STYLE_FILL_AREA(#8183);
#8185=SURFACE_STYLE_TRANSPARENT(0.00);
#8186=SURFACE_STYLE_RENDERING_WITH_PROPERTIES(.NORMAL_SHADING.,#8181,(#8185));
#8187=SURFACE_SIDE_STYLE('',(#8184, #8186));
#8188=SURFACE_STYLE_USAGE(.BOTH.,#8187);
#8189=PRESENTATION_STYLE_ASSIGNMENT((#8188));
#8190=STYLED_ITEM('',(#8189),#8180);

#8191=(
BOUNDED_SURFACE()
B_SPLINE_SURFACE(1,1,((#8192,#8193),(#8194,#8195)),.UNSPECIFIED.,.F.,.F.,.F.)
B_SPLINE_SURFACE_WITH_KNOTS((2,2),(2,2),(0.000,1.000),(0.000,1.000),.UNSPECIFIED.)
GEOMETRIC_REPRESENTATION_ITEM()
RATIONAL_B_SPLINE_SURFACE(((1.0000000000,1.0000000000),(1.0000000000,1.0000000000)))
REPRESENTATION_ITEM('')
SURFACE()
);
#8192=CARTESIAN_POINT('',(54.7565230323,-32.0838977170,45.3799521717));
#8193=CARTESIAN_POINT('',(51.9465230323,-32.0838977170,45.3799521717));
#8194=CARTESIAN_POINT('',(54.7565230323,-12.7056402026,45.3799521717));
#8195=CARTESIAN_POINT('',(51.9465230323,-12.7056402026,45.3799521717));

#8196=CARTESIAN_POINT('',(51.9465230323,-32.0838977170,45.3799521717));
#8197=VERTEX_POINT('',#8196);
#8198=(
BOUNDED_CURVE()
B_SPLINE_CURVE(1,(#8199,#8200),.UNSPECIFIED.,.F.,.F.)
B_SPLINE_CURVE_WITH_KNOTS((2,2),(0.000,1.000),.UNSPECIFIED.)
CURVE()
GEOMETRIC_REPRESENTATION_ITEM()
RATIONAL_B_SPLINE_CURVE((1.0000000000,1.0000000000))
REPRESENTATION_ITEM('')
);
#8199=CARTESIAN_POINT('',(51.9465230323,-32.0838977170,45.3799521717));
#8200=CARTESIAN_POINT('',(51.9465230323,-12.7056402026,45.3799521717));

#8201=CARTESIAN_POINT('',(51.9465230323,-12.7056402026,45.3799521717));
#8202=VERTEX_POINT('',#8201);
#8203=EDGE_CURVE('',#8197,#8202,#8198,.T.);
#8204=ORIENTED_EDGE('',*,*,#8203,.T.);
#8205=(
BOUNDED_CURVE()
B_SPLINE_CURVE(1,(#8206,#8207),.UNSPECIFIED.,.F.,.F.)
B_SPLINE_CURVE_WITH_KNOTS((2,2),(0.000,1.000),.UNSPECIFIED.)
CURVE()
GEOMETRIC_REPRESENTATION_ITEM()
RATIONAL_B_SPLINE_CURVE((1.0000000000,1.0000000000))
REPRESENTATION_ITEM('')
);
#8206=CARTESIAN_POINT('',(51.9465230323,-12.7056402026,45.3799521717));
#8207=CARTESIAN_POINT('',(54.7565230323,-12.7056402026,45.3799521717));

#8208=CARTESIAN_POINT('',(54.7565230323,-12.7056402026,45.3799521717));
#8209=VERTEX_POINT('',#8208);
#8210=EDGE_CURVE('',#8202,#8209,#8205,.T.);
#8211=ORIENTED_EDGE('',*,*,#8210,.T.);
#8212=(
BOUNDED_CURVE()
B_SPLINE_CURVE(1,(#8213,#8214),.UNSPECIFIED.,.F.,.F.)
B_SPLINE_CURVE_WITH_KNOTS((2,2),(0.000,1.000),.UNSPECIFIED.)
CURVE()
GEOMETRIC_REPRESENTATION_ITEM()
RATIONAL_B_SPLINE_CURVE((1.0000000000,1.0000000000))
REPRESENTATION_ITEM('')
);
#8213=CARTESIAN_POINT('',(54.7565230323,-12.7056402026,45.3799521717));
#8214=CARTESIAN_POINT('',(54.7565230323,-32.0838977170,45.3799521717));

#8215=CARTESIAN_POINT('',(54.7565230323,-32.0838977170,45.3799521717));
#8216=VERTEX_POINT('',#8215);
#8217=EDGE_CURVE('',#8209,#8216,#8212,.T.);
#8218=ORIENTED_EDGE('',*,*,#8217,.T.);
#8219=(
BOUNDED_CURVE()
B_SPLINE_CURVE(1,(#8220,#8221),.UNSPECIFIED.,.F.,.F.)
B_SPLINE_CURVE_WITH_KNOTS((2,2),(0.000,1.000),.UNSPECIFIED.)
CURVE()
GEOMETRIC_REPRESENTATION_ITEM()
RATIONAL_B_SPLINE_CURVE((1.0000000000,1.0000000000))
REPRESENTATION_ITEM('')
);
#8220=CARTESIAN_POINT('',(54.7565230323,-32.0838977170,45.3799521717));
#8221=CARTESIAN_POINT('',(51.9465230323,-32.0838977170,45.3799521717));

#8222=EDGE_CURVE('',#8216,#8197,#8219,.T.);
#8223=ORIENTED_EDGE('',*,*,#8222,.T.);
#8224=EDGE_LOOP('',(#8204,#8211,#8218,#8223));
#8225=FACE_OUTER_BOUND('',#8224,.T.);
#8226=ADVANCED_FACE('',(#8225),#8191,.T.);
#8227=COLOUR_RGB('',0.39,0.39,0.39);
#8228=FILL_AREA_STYLE_COLOUR('',#8227);
#8229=FILL_AREA_STYLE('',(#8228));
#8230=SURFACE_STYLE_FILL_AREA(#8229);
#8231=SURFACE_STYLE_TRANSPARENT(0.00);
#8232=SURFACE_STYLE_RENDERING_WITH_PROPERTIES(.NORMAL_SHADING.,#8227,(#8231));
#8233=SURFACE_SIDE_STYLE('',(#8230, #8232));
#8234=SURFACE_STYLE_USAGE(.BOTH.,#8233);
#8235=PRESENTATION_STYLE_ASSIGNMENT((#8234));
#8236=STYLED_ITEM('',(#8235),#8226);

#8237=(
BOUNDED_SURFACE()
B_SPLINE_SURFACE(2,1,((#8238,#8239),(#8240,#8241),(#8242,#8243)),.UNSPECIFIED.,.F.,.F.,.F.)
B_SPLINE_SURFACE_WITH_KNOTS((3,3),(2,2),(0.000,1.000),(0.000,1.000),.UNSPECIFIED.)
GEOMETRIC_REPRESENTATION_ITEM()
RATIONAL_B_SPLINE_SURFACE(((1.0000000000,1.0000000000),(0.7071067812,0.7071067812),(1.0000000000,1.0000000000)))
REPRESENTATION_ITEM('')
SURFACE()
);
#8238=CARTESIAN_POINT('',(54.7565230323,-12.7056402026,45.3799521717));
#8239=CARTESIAN_POINT('',(51.9465230323,-12.7056402026,45.3799521717));
#8240=CARTESIAN_POINT('',(54.7565230323,-10.3065173549,45.3799521717));
#8241=CARTESIAN_POINT('',(51.9465230323,-10.3065173549,45.3799521717));
#8242=CARTESIAN_POINT('',(54.7565230323,-10.3065173549,42.9808293240));
#8243=CARTESIAN_POINT('',(51.9465230323,-10.3065173549,42.9808293240));

#8244=CARTESIAN_POINT('',(51.9465230323,-12.7056402026,45.3799521717));
#8245=VERTEX_POINT('',#8244);
#8246=(
BOUNDED_CURVE()
B_SPLINE_CURVE(2,(#8247,#8248,#8249),.UNSPECIFIED.,.F.,.F.)
B_SPLINE_CURVE_WITH_KNOTS((3,3),(0.000,1.000),.UNSPECIFIED.)
CURVE()
GEOMETRIC_REPRESENTATION_ITEM()
RATIONAL_B_SPLINE_CURVE((1.0000000000,0.7071067812,1.0000000000))
REPRESENTATION_ITEM('')
);
#8247=CARTESIAN_POINT('',(51.9465230323,-12.7056402026,45.3799521717));
#8248=CARTESIAN_POINT('',(51.9465230323,-10.3065173550,45.3799521717));
#8249=CARTESIAN_POINT('',(51.9465230323,-10.3065173549,42.9808293241));

#8250=CARTESIAN_POINT('',(51.9465230323,-10.3065173549,42.9808293241));
#8251=VERTEX_POINT('',#8250);
#8252=EDGE_CURVE('',#8245,#8251,#8246,.T.);
#8253=ORIENTED_EDGE('',*,*,#8252,.T.);
#8254=(
BOUNDED_CURVE()
B_SPLINE_CURVE(1,(#8255,#8256),.UNSPECIFIED.,.F.,.F.)
B_SPLINE_CURVE_WITH_KNOTS((2,2),(0.000,1.000),.UNSPECIFIED.)
CURVE()
GEOMETRIC_REPRESENTATION_ITEM()
RATIONAL_B_SPLINE_CURVE((1.0000000000,1.0000000000))
REPRESENTATION_ITEM('')
);
#8255=CARTESIAN_POINT('',(51.9465230323,-10.3065173549,42.9808293240));
#8256=CARTESIAN_POINT('',(54.7565230323,-10.3065173549,42.9808293240));

#8257=CARTESIAN_POINT('',(54.7565230323,-10.3065173549,42.9808293240));
#8258=VERTEX_POINT('',#8257);
#8259=EDGE_CURVE('',#8251,#8258,#8254,.T.);
#8260=ORIENTED_EDGE('',*,*,#8259,.T.);
#8261=(
BOUNDED_CURVE()
B_SPLINE_CURVE(2,(#8262,#8263,#8264),.UNSPECIFIED.,.F.,.F.)
B_SPLINE_CURVE_WITH_KNOTS((3,3),(0.000,1.000),.UNSPECIFIED.)
CURVE()
GEOMETRIC_REPRESENTATION_ITEM()
RATIONAL_B_SPLINE_CURVE((1.0000000000,0.7071067812,1.0000000000))
REPRESENTATION_ITEM('')
);
#8262=CARTESIAN_POINT('',(54.7565230323,-10.3065173549,42.9808293241));
#8263=CARTESIAN_POINT('',(54.7565230323,-10.3065173550,45.3799521717));
#8264=CARTESIAN_POINT('',(54.7565230323,-12.7056402026,45.3799521717));

#8265=CARTESIAN_POINT('',(54.7565230323,-12.7056402026,45.3799521717));
#8266=VERTEX_POINT('',#8265);
#8267=EDGE_CURVE('',#8258,#8266,#8261,.T.);
#8268=ORIENTED_EDGE('',*,*,#8267,.T.);
#8269=(
BOUNDED_CURVE()
B_SPLINE_CURVE(1,(#8270,#8271),.UNSPECIFIED.,.F.,.F.)
B_SPLINE_CURVE_WITH_KNOTS((2,2),(0.000,1.000),.UNSPECIFIED.)
CURVE()
GEOMETRIC_REPRESENTATION_ITEM()
RATIONAL_B_SPLINE_CURVE((1.0000000000,1.0000000000))
REPRESENTATION_ITEM('')
);
#8270=CARTESIAN_POINT('',(54.7565230323,-12.7056402026,45.3799521717));
#8271=CARTESIAN_POINT('',(51.9465230323,-12.7056402026,45.3799521717));

#8272=EDGE_CURVE('',#8266,#8245,#8269,.T.);
#8273=ORIENTED_EDGE('',*,*,#8272,.T.);
#8274=EDGE_LOOP('',(#8253,#8260,#8268,#8273));
#8275=FACE_OUTER_BOUND('',#8274,.T.);
#8276=ADVANCED_FACE('',(#8275),#8237,.T.);
#8277=COLOUR_RGB('',0.39,0.39,0.39);
#8278=FILL_AREA_STYLE_COLOUR('',#8277);
#8279=FILL_AREA_STYLE('',(#8278));
#8280=SURFACE_STYLE_FILL_AREA(#8279);
#8281=SURFACE_STYLE_TRANSPARENT(0.00);
#8282=SURFACE_STYLE_RENDERING_WITH_PROPERTIES(.NORMAL_SHADING.,#8277,(#8281));
#8283=SURFACE_SIDE_STYLE('',(#8280, #8282));
#8284=SURFACE_STYLE_USAGE(.BOTH.,#8283);
#8285=PRESENTATION_STYLE_ASSIGNMENT((#8284));
#8286=STYLED_ITEM('',(#8285),#8276);

#8287=(
BOUNDED_SURFACE()
B_SPLINE_SURFACE(1,1,((#8288,#8289),(#8290,#8291)),.UNSPECIFIED.,.F.,.F.,.F.)
B_SPLINE_SURFACE_WITH_KNOTS((2,2),(2,2),(0.000,1.000),(0.000,1.000),.UNSPECIFIED.)
GEOMETRIC_REPRESENTATION_ITEM()
RATIONAL_B_SPLINE_SURFACE(((1.0000000000,1.0000000000),(1.0000000000,1.0000000000)))
REPRESENTATION_ITEM('')
SURFACE()
);
#8288=CARTESIAN_POINT('',(54.7565230323,-10.3065173549,42.9808293240));
#8289=CARTESIAN_POINT('',(51.9465230323,-10.3065173549,42.9808293240));
#8290=CARTESIAN_POINT('',(54.7565230323,-10.3065173549,27.6696956666));
#8291=CARTESIAN_POINT('',(51.9465230323,-10.3065173549,27.6696956666));

#8292=CARTESIAN_POINT('',(51.9465230323,-10.3065173549,42.9808293240));
#8293=VERTEX_POINT('',#8292);
#8294=(
BOUNDED_CURVE()
B_SPLINE_CURVE(1,(#8295,#8296),.UNSPECIFIED.,.F.,.F.)
B_SPLINE_CURVE_WITH_KNOTS((2,2),(0.000,1.000),.UNSPECIFIED.)
CURVE()
GEOMETRIC_REPRESENTATION_ITEM()
RATIONAL_B_SPLINE_CURVE((1.0000000000,1.0000000000))
REPRESENTATION_ITEM('')
);
#8295=CARTESIAN_POINT('',(51.9465230323,-10.3065173549,42.9808293240));
#8296=CARTESIAN_POINT('',(51.9465230323,-10.3065173549,27.6696956666));

#8297=CARTESIAN_POINT('',(51.9465230323,-10.3065173549,27.6696956666));
#8298=VERTEX_POINT('',#8297);
#8299=EDGE_CURVE('',#8293,#8298,#8294,.T.);
#8300=ORIENTED_EDGE('',*,*,#8299,.T.);
#8301=(
BOUNDED_CURVE()
B_SPLINE_CURVE(1,(#8302,#8303),.UNSPECIFIED.,.F.,.F.)
B_SPLINE_CURVE_WITH_KNOTS((2,2),(0.000,1.000),.UNSPECIFIED.)
CURVE()
GEOMETRIC_REPRESENTATION_ITEM()
RATIONAL_B_SPLINE_CURVE((1.0000000000,1.0000000000))
REPRESENTATION_ITEM('')
);
#8302=CARTESIAN_POINT('',(51.9465230323,-10.3065173549,27.6696956666));
#8303=CARTESIAN_POINT('',(54.7565230323,-10.3065173549,27.6696956666));

#8304=CARTESIAN_POINT('',(54.7565230323,-10.3065173549,27.6696956666));
#8305=VERTEX_POINT('',#8304);
#8306=EDGE_CURVE('',#8298,#8305,#8301,.T.);
#8307=ORIENTED_EDGE('',*,*,#8306,.T.);
#8308=(
BOUNDED_CURVE()
B_SPLINE_CURVE(1,(#8309,#8310),.UNSPECIFIED.,.F.,.F.)
B_SPLINE_CURVE_WITH_KNOTS((2,2),(0.000,1.000),.UNSPECIFIED.)
CURVE()
GEOMETRIC_REPRESENTATION_ITEM()
RATIONAL_B_SPLINE_CURVE((1.0000000000,1.0000000000))
REPRESENTATION_ITEM('')
);
#8309=CARTESIAN_POINT('',(54.7565230323,-10.3065173549,27.6696956666));
#8310=CARTESIAN_POINT('',(54.7565230323,-10.3065173549,42.9808293240));

#8311=CARTESIAN_POINT('',(54.7565230323,-10.3065173549,42.9808293240));
#8312=VERTEX_POINT('',#8311);
#8313=EDGE_CURVE('',#8305,#8312,#8308,.T.);
#8314=ORIENTED_EDGE('',*,*,#8313,.T.);
#8315=(
BOUNDED_CURVE()
B_SPLINE_CURVE(1,(#8316,#8317),.UNSPECIFIED.,.F.,.F.)
B_SPLINE_CURVE_WITH_KNOTS((2,2),(0.000,1.000),.UNSPECIFIED.)
CURVE()
GEOMETRIC_REPRESENTATION_ITEM()
RATIONAL_B_SPLINE_CURVE((1.0000000000,1.0000000000))
REPRESENTATION_ITEM('')
);
#8316=CARTESIAN_POINT('',(54.7565230323,-10.3065173549,42.9808293240));
#8317=CARTESIAN_POINT('',(51.9465230323,-10.3065173549,42.9808293240));

#8318=EDGE_CURVE('',#8312,#8293,#8315,.T.);
#8319=ORIENTED_EDGE('',*,*,#8318,.T.);
#8320=EDGE_LOOP('',(#8300,#8307,#8314,#8319));
#8321=FACE_OUTER_BOUND('',#8320,.T.);
#8322=ADVANCED_FACE('',(#8321),#8287,.T.);
#8323=COLOUR_RGB('',0.39,0.39,0.39);
#8324=FILL_AREA_STYLE_COLOUR('',#8323);
#8325=FILL_AREA_STYLE('',(#8324));
#8326=SURFACE_STYLE_FILL_AREA(#8325);
#8327=SURFACE_STYLE_TRANSPARENT(0.00);
#8328=SURFACE_STYLE_RENDERING_WITH_PROPERTIES(.NORMAL_SHADING.,#8323,(#8327));
#8329=SURFACE_SIDE_STYLE('',(#8326, #8328));
#8330=SURFACE_STYLE_USAGE(.BOTH.,#8329);
#8331=PRESENTATION_STYLE_ASSIGNMENT((#8330));
#8332=STYLED_ITEM('',(#8331),#8322);

#8333=(
BOUNDED_SURFACE()
B_SPLINE_SURFACE(2,1,((#8334,#8335),(#8336,#8337),(#8338,#8339)),.UNSPECIFIED.,.F.,.F.,.F.)
B_SPLINE_SURFACE_WITH_KNOTS((3,3),(2,2),(0.000,1.000),(0.000,1.000),.UNSPECIFIED.)
GEOMETRIC_REPRESENTATION_ITEM()
RATIONAL_B_SPLINE_SURFACE(((1.0000000000,1.0000000000),(0.7071067812,0.7071067812),(1.0000000000,1.0000000000)))
REPRESENTATION_ITEM('')
SURFACE()
);
#8334=CARTESIAN_POINT('',(54.7565230323,-10.3065173549,27.6696956666));
#8335=CARTESIAN_POINT('',(51.9465230323,-10.3065173549,27.6696956666));
#8336=CARTESIAN_POINT('',(54.7565230323,-10.3065173549,25.2705728189));
#8337=CARTESIAN_POINT('',(51.9465230323,-10.3065173549,25.2705728189));
#8338=CARTESIAN_POINT('',(54.7565230323,-12.7056402026,25.2705728189));
#8339=CARTESIAN_POINT('',(51.9465230323,-12.7056402026,25.2705728189));

#8340=CARTESIAN_POINT('',(51.9465230323,-10.3065173549,27.6696956666));
#8341=VERTEX_POINT('',#8340);
#8342=(
BOUNDED_CURVE()
B_SPLINE_CURVE(2,(#8343,#8344,#8345),.UNSPECIFIED.,.F.,.F.)
B_SPLINE_CURVE_WITH_KNOTS((3,3),(0.000,1.000),.UNSPECIFIED.)
CURVE()
GEOMETRIC_REPRESENTATION_ITEM()
RATIONAL_B_SPLINE_CURVE((1.0000000000,0.7071067812,1.0000000000))
REPRESENTATION_ITEM('')
);
#8343=CARTESIAN_POINT('',(51.9465230323,-10.3065173549,27.6696956666));
#8344=CARTESIAN_POINT('',(51.9465230323,-10.3065173549,25.2705728190));
#8345=CARTESIAN_POINT('',(51.9465230323,-12.7056402025,25.2705728189));

#8346=CARTESIAN_POINT('',(51.9465230323,-12.7056402025,25.2705728189));
#8347=VERTEX_POINT('',#8346);
#8348=EDGE_CURVE('',#8341,#8347,#8342,.T.);
#8349=ORIENTED_EDGE('',*,*,#8348,.T.);
#8350=(
BOUNDED_CURVE()
B_SPLINE_CURVE(1,(#8351,#8352),.UNSPECIFIED.,.F.,.F.)
B_SPLINE_CURVE_WITH_KNOTS((2,2),(0.000,1.000),.UNSPECIFIED.)
CURVE()
GEOMETRIC_REPRESENTATION_ITEM()
RATIONAL_B_SPLINE_CURVE((1.0000000000,1.0000000000))
REPRESENTATION_ITEM('')
);
#8351=CARTESIAN_POINT('',(51.9465230323,-12.7056402026,25.2705728189));
#8352=CARTESIAN_POINT('',(54.7565230323,-12.7056402026,25.2705728189));

#8353=CARTESIAN_POINT('',(54.7565230323,-12.7056402026,25.2705728189));
#8354=VERTEX_POINT('',#8353);
#8355=EDGE_CURVE('',#8347,#8354,#8350,.T.);
#8356=ORIENTED_EDGE('',*,*,#8355,.T.);
#8357=(
BOUNDED_CURVE()
B_SPLINE_CURVE(2,(#8358,#8359,#8360),.UNSPECIFIED.,.F.,.F.)
B_SPLINE_CURVE_WITH_KNOTS((3,3),(0.000,1.000),.UNSPECIFIED.)
CURVE()
GEOMETRIC_REPRESENTATION_ITEM()
RATIONAL_B_SPLINE_CURVE((1.0000000000,0.7071067812,1.0000000000))
REPRESENTATION_ITEM('')
);
#8358=CARTESIAN_POINT('',(54.7565230323,-12.7056402025,25.2705728189));
#8359=CARTESIAN_POINT('',(54.7565230323,-10.3065173549,25.2705728190));
#8360=CARTESIAN_POINT('',(54.7565230323,-10.3065173549,27.6696956666));

#8361=CARTESIAN_POINT('',(54.7565230323,-10.3065173549,27.6696956666));
#8362=VERTEX_POINT('',#8361);
#8363=EDGE_CURVE('',#8354,#8362,#8357,.T.);
#8364=ORIENTED_EDGE('',*,*,#8363,.T.);
#8365=(
BOUNDED_CURVE()
B_SPLINE_CURVE(1,(#8366,#8367),.UNSPECIFIED.,.F.,.F.)
B_SPLINE_CURVE_WITH_KNOTS((2,2),(0.000,1.000),.UNSPECIFIED.)
CURVE()
GEOMETRIC_REPRESENTATION_ITEM()
RATIONAL_B_SPLINE_CURVE((1.0000000000,1.0000000000))
REPRESENTATION_ITEM('')
);
#8366=CARTESIAN_POINT('',(54.7565230323,-10.3065173549,27.6696956666));
#8367=CARTESIAN_POINT('',(51.9465230323,-10.3065173549,27.6696956666));

#8368=EDGE_CURVE('',#8362,#8341,#8365,.T.);
#8369=ORIENTED_EDGE('',*,*,#8368,.T.);
#8370=EDGE_LOOP('',(#8349,#8356,#8364,#8369));
#8371=FACE_OUTER_BOUND('',#8370,.T.);
#8372=ADVANCED_FACE('',(#8371),#8333,.T.);
#8373=COLOUR_RGB('',0.39,0.39,0.39);
#8374=FILL_AREA_STYLE_COLOUR('',#8373);
#8375=FILL_AREA_STYLE('',(#8374));
#8376=SURFACE_STYLE_FILL_AREA(#8375);
#8377=SURFACE_STYLE_TRANSPARENT(0.00);
#8378=SURFACE_STYLE_RENDERING_WITH_PROPERTIES(.NORMAL_SHADING.,#8373,(#8377));
#8379=SURFACE_SIDE_STYLE('',(#8376, #8378));
#8380=SURFACE_STYLE_USAGE(.BOTH.,#8379);
#8381=PRESENTATION_STYLE_ASSIGNMENT((#8380));
#8382=STYLED_ITEM('',(#8381),#8372);

#8383=(
BOUNDED_SURFACE()
B_SPLINE_SURFACE(1,1,((#8384,#8385),(#8386,#8387)),.UNSPECIFIED.,.F.,.F.,.F.)
B_SPLINE_SURFACE_WITH_KNOTS((2,2),(2,2),(0.000,1.000),(0.000,1.000),.UNSPECIFIED.)
GEOMETRIC_REPRESENTATION_ITEM()
RATIONAL_B_SPLINE_SURFACE(((1.0000000000,1.0000000000),(1.0000000000,1.0000000000)))
REPRESENTATION_ITEM('')
SURFACE()
);
#8384=CARTESIAN_POINT('',(54.7565230323,-12.7056402026,25.2705728189));
#8385=CARTESIAN_POINT('',(51.9465230323,-12.7056402026,25.2705728189));
#8386=CARTESIAN_POINT('',(54.7565230323,-32.0838977170,25.2705728189));
#8387=CARTESIAN_POINT('',(51.9465230323,-32.0838977170,25.2705728189));

#8388=CARTESIAN_POINT('',(51.9465230323,-12.7056402026,25.2705728189));
#8389=VERTEX_POINT('',#8388);
#8390=(
BOUNDED_CURVE()
B_SPLINE_CURVE(1,(#8391,#8392),.UNSPECIFIED.,.F.,.F.)
B_SPLINE_CURVE_WITH_KNOTS((2,2),(0.000,1.000),.UNSPECIFIED.)
CURVE()
GEOMETRIC_REPRESENTATION_ITEM()
RATIONAL_B_SPLINE_CURVE((1.0000000000,1.0000000000))
REPRESENTATION_ITEM('')
);
#8391=CARTESIAN_POINT('',(51.9465230323,-12.7056402026,25.2705728189));
#8392=CARTESIAN_POINT('',(51.9465230323,-32.0838977170,25.2705728189));

#8393=CARTESIAN_POINT('',(51.9465230323,-32.0838977170,25.2705728189));
#8394=VERTEX_POINT('',#8393);
#8395=EDGE_CURVE('',#8389,#8394,#8390,.T.);
#8396=ORIENTED_EDGE('',*,*,#8395,.T.);
#8397=(
BOUNDED_CURVE()
B_SPLINE_CURVE(1,(#8398,#8399),.UNSPECIFIED.,.F.,.F.)
B_SPLINE_CURVE_WITH_KNOTS((2,2),(0.000,1.000),.UNSPECIFIED.)
CURVE()
GEOMETRIC_REPRESENTATION_ITEM()
RATIONAL_B_SPLINE_CURVE((1.0000000000,1.0000000000))
REPRESENTATION_ITEM('')
);
#8398=CARTESIAN_POINT('',(51.9465230323,-32.0838977170,25.2705728189));
#8399=CARTESIAN_POINT('',(54.7565230323,-32.0838977170,25.2705728189));

#8400=CARTESIAN_POINT('',(54.7565230323,-32.0838977170,25.2705728189));
#8401=VERTEX_POINT('',#8400);
#8402=EDGE_CURVE('',#8394,#8401,#8397,.T.);
#8403=ORIENTED_EDGE('',*,*,#8402,.T.);
#8404=(
BOUNDED_CURVE()
B_SPLINE_CURVE(1,(#8405,#8406),.UNSPECIFIED.,.F.,.F.)
B_SPLINE_CURVE_WITH_KNOTS((2,2),(0.000,1.000),.UNSPECIFIED.)
CURVE()
GEOMETRIC_REPRESENTATION_ITEM()
RATIONAL_B_SPLINE_CURVE((1.0000000000,1.0000000000))
REPRESENTATION_ITEM('')
);
#8405=CARTESIAN_POINT('',(54.7565230323,-32.0838977170,25.2705728189));
#8406=CARTESIAN_POINT('',(54.7565230323,-12.7056402026,25.2705728189));

#8407=CARTESIAN_POINT('',(54.7565230323,-12.7056402026,25.2705728189));
#8408=VERTEX_POINT('',#8407);
#8409=EDGE_CURVE('',#8401,#8408,#8404,.T.);
#8410=ORIENTED_EDGE('',*,*,#8409,.T.);
#8411=(
BOUNDED_CURVE()
B_SPLINE_CURVE(1,(#8412,#8413),.UNSPECIFIED.,.F.,.F.)
B_SPLINE_CURVE_WITH_KNOTS((2,2),(0.000,1.000),.UNSPECIFIED.)
CURVE()
GEOMETRIC_REPRESENTATION_ITEM()
RATIONAL_B_SPLINE_CURVE((1.0000000000,1.0000000000))
REPRESENTATION_ITEM('')
);
#8412=CARTESIAN_POINT('',(54.7565230323,-12.7056402026,25.2705728189));
#8413=CARTESIAN_POINT('',(51.9465230323,-12.7056402026,25.2705728189));

#8414=EDGE_CURVE('',#8408,#8389,#8411,.T.);
#8415=ORIENTED_EDGE('',*,*,#8414,.T.);
#8416=EDGE_LOOP('',(#8396,#8403,#8410,#8415));
#8417=FACE_OUTER_BOUND('',#8416,.T.);
#8418=ADVANCED_FACE('',(#8417),#8383,.T.);
#8419=COLOUR_RGB('',0.39,0.39,0.39);
#8420=FILL_AREA_STYLE_COLOUR('',#8419);
#8421=FILL_AREA_STYLE('',(#8420));
#8422=SURFACE_STYLE_FILL_AREA(#8421);
#8423=SURFACE_STYLE_TRANSPARENT(0.00);
#8424=SURFACE_STYLE_RENDERING_WITH_PROPERTIES(.NORMAL_SHADING.,#8419,(#8423));
#8425=SURFACE_SIDE_STYLE('',(#8422, #8424));
#8426=SURFACE_STYLE_USAGE(.BOTH.,#8425);
#8427=PRESENTATION_STYLE_ASSIGNMENT((#8426));
#8428=STYLED_ITEM('',(#8427),#8418);

#8429=(
BOUNDED_SURFACE()
B_SPLINE_SURFACE(2,1,((#8430,#8431),(#8432,#8433),(#8434,#8435)),.UNSPECIFIED.,.F.,.F.,.F.)
B_SPLINE_SURFACE_WITH_KNOTS((3,3),(2,2),(0.000,1.000),(0.000,1.000),.UNSPECIFIED.)
GEOMETRIC_REPRESENTATION_ITEM()
RATIONAL_B_SPLINE_SURFACE(((1.0000000000,1.0000000000),(0.7071067812,0.7071067812),(1.0000000000,1.0000000000)))
REPRESENTATION_ITEM('')
SURFACE()
);
#8430=CARTESIAN_POINT('',(54.7565230323,-32.0838977170,25.2705728189));
#8431=CARTESIAN_POINT('',(51.9465230323,-32.0838977170,25.2705728189));
#8432=CARTESIAN_POINT('',(54.7565230323,-34.4830205647,25.2705728189));
#8433=CARTESIAN_POINT('',(51.9465230323,-34.4830205647,25.2705728189));
#8434=CARTESIAN_POINT('',(54.7565230323,-34.4830205647,27.6696956666));
#8435=CARTESIAN_POINT('',(51.9465230323,-34.4830205647,27.6696956666));

#8436=CARTESIAN_POINT('',(51.9465230323,-32.0838977170,25.2705728189));
#8437=VERTEX_POINT('',#8436);
#8438=(
BOUNDED_CURVE()
B_SPLINE_CURVE(2,(#8439,#8440,#8441),.UNSPECIFIED.,.F.,.F.)
B_SPLINE_CURVE_WITH_KNOTS((3,3),(0.000,1.000),.UNSPECIFIED.)
CURVE()
GEOMETRIC_REPRESENTATION_ITEM()
RATIONAL_B_SPLINE_CURVE((1.0000000000,0.7071067812,1.0000000000))
REPRESENTATION_ITEM('')
);
#8439=CARTESIAN_POINT('',(51.9465230323,-32.0838977170,25.2705728189));
#8440=CARTESIAN_POINT('',(51.9465230323,-34.4830205645,25.2705728189));
#8441=CARTESIAN_POINT('',(51.9465230323,-34.4830205647,27.6696956665));

#8442=CARTESIAN_POINT('',(51.9465230323,-34.4830205647,27.6696956665));
#8443=VERTEX_POINT('',#8442);
#8444=EDGE_CURVE('',#8437,#8443,#8438,.T.);
#8445=ORIENTED_EDGE('',*,*,#8444,.T.);
#8446=(
BOUNDED_CURVE()
B_SPLINE_CURVE(1,(#8447,#8448),.UNSPECIFIED.,.F.,.F.)
B_SPLINE_CURVE_WITH_KNOTS((2,2),(0.000,1.000),.UNSPECIFIED.)
CURVE()
GEOMETRIC_REPRESENTATION_ITEM()
RATIONAL_B_SPLINE_CURVE((1.0000000000,1.0000000000))
REPRESENTATION_ITEM('')
);
#8447=CARTESIAN_POINT('',(51.9465230323,-34.4830205647,27.6696956666));
#8448=CARTESIAN_POINT('',(54.7565230323,-34.4830205647,27.6696956666));

#8449=CARTESIAN_POINT('',(54.7565230323,-34.4830205647,27.6696956666));
#8450=VERTEX_POINT('',#8449);
#8451=EDGE_CURVE('',#8443,#8450,#8446,.T.);
#8452=ORIENTED_EDGE('',*,*,#8451,.T.);
#8453=(
BOUNDED_CURVE()
B_SPLINE_CURVE(2,(#8454,#8455,#8456),.UNSPECIFIED.,.F.,.F.)
B_SPLINE_CURVE_WITH_KNOTS((3,3),(0.000,1.000),.UNSPECIFIED.)
CURVE()
GEOMETRIC_REPRESENTATION_ITEM()
RATIONAL_B_SPLINE_CURVE((1.0000000000,0.7071067812,1.0000000000))
REPRESENTATION_ITEM('')
);
#8454=CARTESIAN_POINT('',(54.7565230323,-34.4830205647,27.6696956665));
#8455=CARTESIAN_POINT('',(54.7565230323,-34.4830205645,25.2705728189));
#8456=CARTESIAN_POINT('',(54.7565230323,-32.0838977170,25.2705728189));

#8457=CARTESIAN_POINT('',(54.7565230323,-32.0838977170,25.2705728189));
#8458=VERTEX_POINT('',#8457);
#8459=EDGE_CURVE('',#8450,#8458,#8453,.T.);
#8460=ORIENTED_EDGE('',*,*,#8459,.T.);
#8461=(
BOUNDED_CURVE()
B_SPLINE_CURVE(1,(#8462,#8463),.UNSPECIFIED.,.F.,.F.)
B_SPLINE_CURVE_WITH_KNOTS((2,2),(0.000,1.000),.UNSPECIFIED.)
CURVE()
GEOMETRIC_REPRESENTATION_ITEM()
RATIONAL_B_SPLINE_CURVE((1.0000000000,1.0000000000))
REPRESENTATION_ITEM('')
);
#8462=CARTESIAN_POINT('',(54.7565230323,-32.0838977170,25.2705728189));
#8463=CARTESIAN_POINT('',(51.9465230323,-32.0838977170,25.2705728189));

#8464=EDGE_CURVE('',#8458,#8437,#8461,.T.);
#8465=ORIENTED_EDGE('',*,*,#8464,.T.);
#8466=EDGE_LOOP('',(#8445,#8452,#8460,#8465));
#8467=FACE_OUTER_BOUND('',#8466,.T.);
#8468=ADVANCED_FACE('',(#8467),#8429,.T.);
#8469=COLOUR_RGB('',0.39,0.39,0.39);
#8470=FILL_AREA_STYLE_COLOUR('',#8469);
#8471=FILL_AREA_STYLE('',(#8470));
#8472=SURFACE_STYLE_FILL_AREA(#8471);
#8473=SURFACE_STYLE_TRANSPARENT(0.00);
#8474=SURFACE_STYLE_RENDERING_WITH_PROPERTIES(.NORMAL_SHADING.,#8469,(#8473));
#8475=SURFACE_SIDE_STYLE('',(#8472, #8474));
#8476=SURFACE_STYLE_USAGE(.BOTH.,#8475);
#8477=PRESENTATION_STYLE_ASSIGNMENT((#8476));
#8478=STYLED_ITEM('',(#8477),#8468);

#8479=(
BOUNDED_SURFACE()
B_SPLINE_SURFACE(1,1,((#8480,#8481),(#8482,#8483)),.UNSPECIFIED.,.F.,.F.,.F.)
B_SPLINE_SURFACE_WITH_KNOTS((2,2),(2,2),(0.000,1.000),(0.000,1.000),.UNSPECIFIED.)
GEOMETRIC_REPRESENTATION_ITEM()
RATIONAL_B_SPLINE_SURFACE(((1.0000000000,1.0000000000),(1.0000000000,1.0000000000)))
REPRESENTATION_ITEM('')
SURFACE()
);
#8480=CARTESIAN_POINT('',(54.7565230323,-34.4830205647,27.6696956666));
#8481=CARTESIAN_POINT('',(51.9465230323,-34.4830205647,27.6696956666));
#8482=CARTESIAN_POINT('',(54.7565230323,-34.4830205647,42.9808293240));
#8483=CARTESIAN_POINT('',(51.9465230323,-34.4830205647,42.9808293240));

#8484=CARTESIAN_POINT('',(51.9465230323,-34.4830205647,27.6696956666));
#8485=VERTEX_POINT('',#8484);
#8486=(
BOUNDED_CURVE()
B_SPLINE_CURVE(1,(#8487,#8488),.UNSPECIFIED.,.F.,.F.)
B_SPLINE_CURVE_WITH_KNOTS((2,2),(0.000,1.000),.UNSPECIFIED.)
CURVE()
GEOMETRIC_REPRESENTATION_ITEM()
RATIONAL_B_SPLINE_CURVE((1.0000000000,1.0000000000))
REPRESENTATION_ITEM('')
);
#8487=CARTESIAN_POINT('',(51.9465230323,-34.4830205647,27.6696956666));
#8488=CARTESIAN_POINT('',(51.9465230323,-34.4830205647,42.9808293240));

#8489=CARTESIAN_POINT('',(51.9465230323,-34.4830205647,42.9808293240));
#8490=VERTEX_POINT('',#8489);
#8491=EDGE_CURVE('',#8485,#8490,#8486,.T.);
#8492=ORIENTED_EDGE('',*,*,#8491,.T.);
#8493=(
BOUNDED_CURVE()
B_SPLINE_CURVE(1,(#8494,#8495),.UNSPECIFIED.,.F.,.F.)
B_SPLINE_CURVE_WITH_KNOTS((2,2),(0.000,1.000),.UNSPECIFIED.)
CURVE()
GEOMETRIC_REPRESENTATION_ITEM()
RATIONAL_B_SPLINE_CURVE((1.0000000000,1.0000000000))
REPRESENTATION_ITEM('')
);
#8494=CARTESIAN_POINT('',(51.9465230323,-34.4830205647,42.9808293240));
#8495=CARTESIAN_POINT('',(54.7565230323,-34.4830205647,42.9808293240));

#8496=CARTESIAN_POINT('',(54.7565230323,-34.4830205647,42.9808293240));
#8497=VERTEX_POINT('',#8496);
#8498=EDGE_CURVE('',#8490,#8497,#8493,.T.);
#8499=ORIENTED_EDGE('',*,*,#8498,.T.);
#8500=(
BOUNDED_CURVE()
B_SPLINE_CURVE(1,(#8501,#8502),.UNSPECIFIED.,.F.,.F.)
B_SPLINE_CURVE_WITH_KNOTS((2,2),(0.000,1.000),.UNSPECIFIED.)
CURVE()
GEOMETRIC_REPRESENTATION_ITEM()
RATIONAL_B_SPLINE_CURVE((1.0000000000,1.0000000000))
REPRESENTATION_ITEM('')
);
#8501=CARTESIAN_POINT('',(54.7565230323,-34.4830205647,42.9808293240));
#8502=CARTESIAN_POINT('',(54.7565230323,-34.4830205647,27.6696956666));

#8503=CARTESIAN_POINT('',(54.7565230323,-34.4830205647,27.6696956666));
#8504=VERTEX_POINT('',#8503);
#8505=EDGE_CURVE('',#8497,#8504,#8500,.T.);
#8506=ORIENTED_EDGE('',*,*,#8505,.T.);
#8507=(
BOUNDED_CURVE()
B_SPLINE_CURVE(1,(#8508,#8509),.UNSPECIFIED.,.F.,.F.)
B_SPLINE_CURVE_WITH_KNOTS((2,2),(0.000,1.000),.UNSPECIFIED.)
CURVE()
GEOMETRIC_REPRESENTATION_ITEM()
RATIONAL_B_SPLINE_CURVE((1.0000000000,1.0000000000))
REPRESENTATION_ITEM('')
);
#8508=CARTESIAN_POINT('',(54.7565230323,-34.4830205647,27.6696956666));
#8509=CARTESIAN_POINT('',(51.9465230323,-34.4830205647,27.6696956666));

#8510=EDGE_CURVE('',#8504,#8485,#8507,.T.);
#8511=ORIENTED_EDGE('',*,*,#8510,.T.);
#8512=EDGE_LOOP('',(#8492,#8499,#8506,#8511));
#8513=FACE_OUTER_BOUND('',#8512,.T.);
#8514=ADVANCED_FACE('',(#8513),#8479,.T.);
#8515=COLOUR_RGB('',0.39,0.39,0.39);
#8516=FILL_AREA_STYLE_COLOUR('',#8515);
#8517=FILL_AREA_STYLE('',(#8516));
#8518=SURFACE_STYLE_FILL_AREA(#8517);
#8519=SURFACE_STYLE_TRANSPARENT(0.00);
#8520=SURFACE_STYLE_RENDERING_WITH_PROPERTIES(.NORMAL_SHADING.,#8515,(#8519));
#8521=SURFACE_SIDE_STYLE('',(#8518, #8520));
#8522=SURFACE_STYLE_USAGE(.BOTH.,#8521);
#8523=PRESENTATION_STYLE_ASSIGNMENT((#8522));
#8524=STYLED_ITEM('',(#8523),#8514);

#8525=(
BOUNDED_SURFACE()
B_SPLINE_SURFACE(2,1,((#8526,#8527),(#8528,#8529),(#8530,#8531)),.UNSPECIFIED.,.F.,.F.,.F.)
B_SPLINE_SURFACE_WITH_KNOTS((3,3),(2,2),(0.000,1.000),(0.000,1.000),.UNSPECIFIED.)
GEOMETRIC_REPRESENTATION_ITEM()
RATIONAL_B_SPLINE_SURFACE(((1.0000000000,1.0000000000),(0.7071067812,0.7071067812),(1.0000000000,1.0000000000)))
REPRESENTATION_ITEM('')
SURFACE()
);
#8526=CARTESIAN_POINT('',(54.7565230323,-34.4830205647,42.9808293240));
#8527=CARTESIAN_POINT('',(51.9465230323,-34.4830205647,42.9808293240));
#8528=CARTESIAN_POINT('',(54.7565230323,-34.4830205647,45.3799521717));
#8529=CARTESIAN_POINT('',(51.9465230323,-34.4830205647,45.3799521717));
#8530=CARTESIAN_POINT('',(54.7565230323,-32.0838977170,45.3799521717));
#8531=CARTESIAN_POINT('',(51.9465230323,-32.0838977170,45.3799521717));

#8532=CARTESIAN_POINT('',(51.9465230323,-34.4830205647,42.9808293240));
#8533=VERTEX_POINT('',#8532);
#8534=(
BOUNDED_CURVE()
B_SPLINE_CURVE(2,(#8535,#8536,#8537),.UNSPECIFIED.,.F.,.F.)
B_SPLINE_CURVE_WITH_KNOTS((3,3),(0.000,1.000),.UNSPECIFIED.)
CURVE()
GEOMETRIC_REPRESENTATION_ITEM()
RATIONAL_B_SPLINE_CURVE((1.0000000000,0.7071067812,1.0000000000))
REPRESENTATION_ITEM('')
);
#8535=CARTESIAN_POINT('',(51.9465230323,-34.4830205647,42.9808293240));
#8536=CARTESIAN_POINT('',(51.9465230323,-34.4830205647,45.3799521716));
#8537=CARTESIAN_POINT('',(51.9465230323,-32.0838977171,45.3799521717));

#8538=CARTESIAN_POINT('',(51.9465230323,-32.0838977171,45.3799521717));
#8539=VERTEX_POINT('',#8538);
#8540=EDGE_CURVE('',#8533,#8539,#8534,.T.);
#8541=ORIENTED_EDGE('',*,*,#8540,.T.);
#8542=(
BOUNDED_CURVE()
B_SPLINE_CURVE(1,(#8543,#8544),.UNSPECIFIED.,.F.,.F.)
B_SPLINE_CURVE_WITH_KNOTS((2,2),(0.000,1.000),.UNSPECIFIED.)
CURVE()
GEOMETRIC_REPRESENTATION_ITEM()
RATIONAL_B_SPLINE_CURVE((1.0000000000,1.0000000000))
REPRESENTATION_ITEM('')
);
#8543=CARTESIAN_POINT('',(51.9465230323,-32.0838977170,45.3799521717));
#8544=CARTESIAN_POINT('',(54.7565230323,-32.0838977170,45.3799521717));

#8545=CARTESIAN_POINT('',(54.7565230323,-32.0838977170,45.3799521717));
#8546=VERTEX_POINT('',#8545);
#8547=EDGE_CURVE('',#8539,#8546,#8542,.T.);
#8548=ORIENTED_EDGE('',*,*,#8547,.T.);
#8549=(
BOUNDED_CURVE()
B_SPLINE_CURVE(2,(#8550,#8551,#8552),.UNSPECIFIED.,.F.,.F.)
B_SPLINE_CURVE_WITH_KNOTS((3,3),(0.000,1.000),.UNSPECIFIED.)
CURVE()
GEOMETRIC_REPRESENTATION_ITEM()
RATIONAL_B_SPLINE_CURVE((1.0000000000,0.7071067812,1.0000000000))
REPRESENTATION_ITEM('')
);
#8550=CARTESIAN_POINT('',(54.7565230323,-32.0838977171,45.3799521717));
#8551=CARTESIAN_POINT('',(54.7565230323,-34.4830205647,45.3799521716));
#8552=CARTESIAN_POINT('',(54.7565230323,-34.4830205647,42.9808293240));

#8553=CARTESIAN_POINT('',(54.7565230323,-34.4830205647,42.9808293240));
#8554=VERTEX_POINT('',#8553);
#8555=EDGE_CURVE('',#8546,#8554,#8549,.T.);
#8556=ORIENTED_EDGE('',*,*,#8555,.T.);
#8557=(
BOUNDED_CURVE()
B_SPLINE_CURVE(1,(#8558,#8559),.UNSPECIFIED.,.F.,.F.)
B_SPLINE_CURVE_WITH_KNOTS((2,2),(0.000,1.000),.UNSPECIFIED.)
CURVE()
GEOMETRIC_REPRESENTATION_ITEM()
RATIONAL_B_SPLINE_CURVE((1.0000000000,1.0000000000))
REPRESENTATION_ITEM('')
);
#8558=CARTESIAN_POINT('',(54.7565230323,-34.4830205647,42.9808293240));
#8559=CARTESIAN_POINT('',(51.9465230323,-34.4830205647,42.9808293240));

#8560=EDGE_CURVE('',#8554,#8533,#8557,.T.);
#8561=ORIENTED_EDGE('',*,*,#8560,.T.);
#8562=EDGE_LOOP('',(#8541,#8548,#8556,#8561));
#8563=FACE_OUTER_BOUND('',#8562,.T.);
#8564=ADVANCED_FACE('',(#8563),#8525,.T.);
#8565=COLOUR_RGB('',0.39,0.39,0.39);
#8566=FILL_AREA_STYLE_COLOUR('',#8565);
#8567=FILL_AREA_STYLE('',(#8566));
#8568=SURFACE_STYLE_FILL_AREA(#8567);
#8569=SURFACE_STYLE_TRANSPARENT(0.00);
#8570=SURFACE_STYLE_RENDERING_WITH_PROPERTIES(.NORMAL_SHADING.,#8565,(#8569));
#8571=SURFACE_SIDE_STYLE('',(#8568, #8570));
#8572=SURFACE_STYLE_USAGE(.BOTH.,#8571);
#8573=PRESENTATION_STYLE_ASSIGNMENT((#8572));
#8574=STYLED_ITEM('',(#8573),#8564);

#8575=(
BOUNDED_SURFACE()
B_SPLINE_SURFACE(2,1,((#8576,#8577),(#8578,#8579),(#8580,#8581)),.UNSPECIFIED.,.F.,.F.,.F.)
B_SPLINE_SURFACE_WITH_KNOTS((3,3),(2,2),(0.000,1.000),(0.000,1.000),.UNSPECIFIED.)
GEOMETRIC_REPRESENTATION_ITEM()
RATIONAL_B_SPLINE_SURFACE(((1.0000000000,1.0000000000),(0.7071067812,0.7071067812),(1.0000000000,1.0000000000)))
REPRESENTATION_ITEM('')
SURFACE()
);
#8576=CARTESIAN_POINT('',(54.7565230323,-32.0540501724,44.2180096617));
#8577=CARTESIAN_POINT('',(51.9465230323,-32.0540501724,44.2180096617));
#8578=CARTESIAN_POINT('',(54.7565230323,-33.0711313084,44.2180096617));
#8579=CARTESIAN_POINT('',(51.9465230323,-33.0711313084,44.2180096617));
#8580=CARTESIAN_POINT('',(54.7565230323,-33.0711313084,43.2009285257));
#8581=CARTESIAN_POINT('',(51.9465230323,-33.0711313084,43.2009285257));

#8582=CARTESIAN_POINT('',(54.7565230323,-32.0540501724,44.2180096617));
#8583=VERTEX_POINT('',#8582);
#8584=(
BOUNDED_CURVE()
B_SPLINE_CURVE(1,(#8585,#8586),.UNSPECIFIED.,.F.,.F.)
B_SPLINE_CURVE_WITH_KNOTS((2,2),(0.000,1.000),.UNSPECIFIED.)
CURVE()
GEOMETRIC_REPRESENTATION_ITEM()
RATIONAL_B_SPLINE_CURVE((1.0000000000,1.0000000000))
REPRESENTATION_ITEM('')
);
#8585=CARTESIAN_POINT('',(54.7565230323,-32.0540501724,44.2180096617));
#8586=CARTESIAN_POINT('',(51.9465230323,-32.0540501724,44.2180096617));

#8587=CARTESIAN_POINT('',(51.9465230323,-32.0540501724,44.2180096617));
#8588=VERTEX_POINT('',#8587);
#8589=EDGE_CURVE('',#8583,#8588,#8584,.T.);
#8590=ORIENTED_EDGE('',*,*,#8589,.T.);
#8591=(
BOUNDED_CURVE()
B_SPLINE_CURVE(2,(#8592,#8593,#8594),.UNSPECIFIED.,.F.,.F.)
B_SPLINE_CURVE_WITH_KNOTS((3,3),(0.000,1.000),.UNSPECIFIED.)
CURVE()
GEOMETRIC_REPRESENTATION_ITEM()
RATIONAL_B_SPLINE_CURVE((1.0000000000,0.7071067812,1.0000000000))
REPRESENTATION_ITEM('')
);
#8592=CARTESIAN_POINT('',(51.9465230323,-32.0540501724,44.2180096617));
#8593=CARTESIAN_POINT('',(51.9465230323,-33.0711313083,44.2180096617));
#8594=CARTESIAN_POINT('',(51.9465230323,-33.0711313084,43.2009285257));

#8595=CARTESIAN_POINT('',(51.9465230323,-33.0711313084,43.2009285257));
#8596=VERTEX_POINT('',#8595);
#8597=EDGE_CURVE('',#8588,#8596,#8591,.T.);
#8598=ORIENTED_EDGE('',*,*,#8597,.T.);
#8599=(
BOUNDED_CURVE()
B_SPLINE_CURVE(1,(#8600,#8601),.UNSPECIFIED.,.F.,.F.)
B_SPLINE_CURVE_WITH_KNOTS((2,2),(0.000,1.000),.UNSPECIFIED.)
CURVE()
GEOMETRIC_REPRESENTATION_ITEM()
RATIONAL_B_SPLINE_CURVE((1.0000000000,1.0000000000))
REPRESENTATION_ITEM('')
);
#8600=CARTESIAN_POINT('',(51.9465230323,-33.0711313084,43.2009285257));
#8601=CARTESIAN_POINT('',(54.7565230323,-33.0711313084,43.2009285257));

#8602=CARTESIAN_POINT('',(54.7565230323,-33.0711313084,43.2009285257));
#8603=VERTEX_POINT('',#8602);
#8604=EDGE_CURVE('',#8596,#8603,#8599,.T.);
#8605=ORIENTED_EDGE('',*,*,#8604,.T.);
#8606=(
BOUNDED_CURVE()
B_SPLINE_CURVE(2,(#8607,#8608,#8609),.UNSPECIFIED.,.F.,.F.)
B_SPLINE_CURVE_WITH_KNOTS((3,3),(0.000,1.000),.UNSPECIFIED.)
CURVE()
GEOMETRIC_REPRESENTATION_ITEM()
RATIONAL_B_SPLINE_CURVE((1.0000000000,0.7071067812,1.0000000000))
REPRESENTATION_ITEM('')
);
#8607=CARTESIAN_POINT('',(54.7565230323,-33.0711313084,43.2009285257));
#8608=CARTESIAN_POINT('',(54.7565230323,-33.0711313083,44.2180096617));
#8609=CARTESIAN_POINT('',(54.7565230323,-32.0540501724,44.2180096617));

#8610=EDGE_CURVE('',#8603,#8583,#8606,.T.);
#8611=ORIENTED_EDGE('',*,*,#8610,.T.);
#8612=EDGE_LOOP('',(#8590,#8598,#8605,#8611));
#8613=FACE_OUTER_BOUND('',#8612,.T.);
#8614=ADVANCED_FACE('',(#8613),#8575,.T.);
#8615=COLOUR_RGB('',0.39,0.39,0.39);
#8616=FILL_AREA_STYLE_COLOUR('',#8615);
#8617=FILL_AREA_STYLE('',(#8616));
#8618=SURFACE_STYLE_FILL_AREA(#8617);
#8619=SURFACE_STYLE_TRANSPARENT(0.00);
#8620=SURFACE_STYLE_RENDERING_WITH_PROPERTIES(.NORMAL_SHADING.,#8615,(#8619));
#8621=SURFACE_SIDE_STYLE('',(#8618, #8620));
#8622=SURFACE_STYLE_USAGE(.BOTH.,#8621);
#8623=PRESENTATION_STYLE_ASSIGNMENT((#8622));
#8624=STYLED_ITEM('',(#8623),#8614);

#8625=(
BOUNDED_SURFACE()
B_SPLINE_SURFACE(1,1,((#8626,#8627),(#8628,#8629)),.UNSPECIFIED.,.F.,.F.,.F.)
B_SPLINE_SURFACE_WITH_KNOTS((2,2),(2,2),(0.000,1.000),(0.000,1.000),.UNSPECIFIED.)
GEOMETRIC_REPRESENTATION_ITEM()
RATIONAL_B_SPLINE_SURFACE(((1.0000000000,1.0000000000),(1.0000000000,1.0000000000)))
REPRESENTATION_ITEM('')
SURFACE()
);
#8626=CARTESIAN_POINT('',(54.7565230323,-33.0711313084,43.2009285257));
#8627=CARTESIAN_POINT('',(51.9465230323,-33.0711313084,43.2009285257));
#8628=CARTESIAN_POINT('',(54.7565230323,-33.0711313084,27.7354256278));
#8629=CARTESIAN_POINT('',(51.9465230323,-33.0711313084,27.7354256278));

#8630=CARTESIAN_POINT('',(54.7565230323,-33.0711313084,43.2009285257));
#8631=VERTEX_POINT('',#8630);
#8632=(
BOUNDED_CURVE()
B_SPLINE_CURVE(1,(#8633,#8634),.UNSPECIFIED.,.F.,.F.)
B_SPLINE_CURVE_WITH_KNOTS((2,2),(0.000,1.000),.UNSPECIFIED.)
CURVE()
GEOMETRIC_REPRESENTATION_ITEM()
RATIONAL_B_SPLINE_CURVE((1.0000000000,1.0000000000))
REPRESENTATION_ITEM('')
);
#8633=CARTESIAN_POINT('',(54.7565230323,-33.0711313084,43.2009285257));
#8634=CARTESIAN_POINT('',(51.9465230323,-33.0711313084,43.2009285257));

#8635=CARTESIAN_POINT('',(51.9465230323,-33.0711313084,43.2009285257));
#8636=VERTEX_POINT('',#8635);
#8637=EDGE_CURVE('',#8631,#8636,#8632,.T.);
#8638=ORIENTED_EDGE('',*,*,#8637,.T.);
#8639=(
BOUNDED_CURVE()
B_SPLINE_CURVE(1,(#8640,#8641),.UNSPECIFIED.,.F.,.F.)
B_SPLINE_CURVE_WITH_KNOTS((2,2),(0.000,1.000),.UNSPECIFIED.)
CURVE()
GEOMETRIC_REPRESENTATION_ITEM()
RATIONAL_B_SPLINE_CURVE((1.0000000000,1.0000000000))
REPRESENTATION_ITEM('')
);
#8640=CARTESIAN_POINT('',(51.9465230323,-33.0711313084,43.2009285257));
#8641=CARTESIAN_POINT('',(51.9465230323,-33.0711313084,27.7354256278));

#8642=CARTESIAN_POINT('',(51.9465230323,-33.0711313084,27.7354256278));
#8643=VERTEX_POINT('',#8642);
#8644=EDGE_CURVE('',#8636,#8643,#8639,.T.);
#8645=ORIENTED_EDGE('',*,*,#8644,.T.);
#8646=(
BOUNDED_CURVE()
B_SPLINE_CURVE(1,(#8647,#8648),.UNSPECIFIED.,.F.,.F.)
B_SPLINE_CURVE_WITH_KNOTS((2,2),(0.000,1.000),.UNSPECIFIED.)
CURVE()
GEOMETRIC_REPRESENTATION_ITEM()
RATIONAL_B_SPLINE_CURVE((1.0000000000,1.0000000000))
REPRESENTATION_ITEM('')
);
#8647=CARTESIAN_POINT('',(51.9465230323,-33.0711313084,27.7354256278));
#8648=CARTESIAN_POINT('',(54.7565230323,-33.0711313084,27.7354256278));

#8649=CARTESIAN_POINT('',(54.7565230323,-33.0711313084,27.7354256278));
#8650=VERTEX_POINT('',#8649);
#8651=EDGE_CURVE('',#8643,#8650,#8646,.T.);
#8652=ORIENTED_EDGE('',*,*,#8651,.T.);
#8653=(
BOUNDED_CURVE()
B_SPLINE_CURVE(1,(#8654,#8655),.UNSPECIFIED.,.F.,.F.)
B_SPLINE_CURVE_WITH_KNOTS((2,2),(0.000,1.000),.UNSPECIFIED.)
CURVE()
GEOMETRIC_REPRESENTATION_ITEM()
RATIONAL_B_SPLINE_CURVE((1.0000000000,1.0000000000))
REPRESENTATION_ITEM('')
);
#8654=CARTESIAN_POINT('',(54.7565230323,-33.0711313084,27.7354256278));
#8655=CARTESIAN_POINT('',(54.7565230323,-33.0711313084,43.2009285257));

#8656=EDGE_CURVE('',#8650,#8631,#8653,.T.);
#8657=ORIENTED_EDGE('',*,*,#8656,.T.);
#8658=EDGE_LOOP('',(#8638,#8645,#8652,#8657));
#8659=FACE_OUTER_BOUND('',#8658,.T.);
#8660=ADVANCED_FACE('',(#8659),#8625,.T.);
#8661=COLOUR_RGB('',0.39,0.39,0.39);
#8662=FILL_AREA_STYLE_COLOUR('',#8661);
#8663=FILL_AREA_STYLE('',(#8662));
#8664=SURFACE_STYLE_FILL_AREA(#8663);
#8665=SURFACE_STYLE_TRANSPARENT(0.00);
#8666=SURFACE_STYLE_RENDERING_WITH_PROPERTIES(.NORMAL_SHADING.,#8661,(#8665));
#8667=SURFACE_SIDE_STYLE('',(#8664, #8666));
#8668=SURFACE_STYLE_USAGE(.BOTH.,#8667);
#8669=PRESENTATION_STYLE_ASSIGNMENT((#8668));
#8670=STYLED_ITEM('',(#8669),#8660);

#8671=(
BOUNDED_SURFACE()
B_SPLINE_SURFACE(2,1,((#8672,#8673),(#8674,#8675),(#8676,#8677)),.UNSPECIFIED.,.F.,.F.,.F.)
B_SPLINE_SURFACE_WITH_KNOTS((3,3),(2,2),(0.000,1.000),(0.000,1.000),.UNSPECIFIED.)
GEOMETRIC_REPRESENTATION_ITEM()
RATIONAL_B_SPLINE_SURFACE(((1.0000000000,1.0000000000),(0.7071067812,0.7071067812),(1.0000000000,1.0000000000)))
REPRESENTATION_ITEM('')
SURFACE()
);
#8672=CARTESIAN_POINT('',(54.7565230323,-33.0711313084,27.7354256278));
#8673=CARTESIAN_POINT('',(51.9465230323,-33.0711313084,27.7354256278));
#8674=CARTESIAN_POINT('',(54.7565230323,-33.0711313084,26.7238538553));
#8675=CARTESIAN_POINT('',(51.9465230323,-33.0711313084,26.7238538553));
#8676=CARTESIAN_POINT('',(54.7565230323,-32.0595595359,26.7238538553));
#8677=CARTESIAN_POINT('',(51.9465230323,-32.0595595359,26.7238538553));

#8678=CARTESIAN_POINT('',(54.7565230323,-33.0711313084,27.7354256278));
#8679=VERTEX_POINT('',#8678);
#8680=(
BOUNDED_CURVE()
B_SPLINE_CURVE(1,(#8681,#8682),.UNSPECIFIED.,.F.,.F.)
B_SPLINE_CURVE_WITH_KNOTS((2,2),(0.000,1.000),.UNSPECIFIED.)
CURVE()
GEOMETRIC_REPRESENTATION_ITEM()
RATIONAL_B_SPLINE_CURVE((1.0000000000,1.0000000000))
REPRESENTATION_ITEM('')
);
#8681=CARTESIAN_POINT('',(54.7565230323,-33.0711313084,27.7354256278));
#8682=CARTESIAN_POINT('',(51.9465230323,-33.0711313084,27.7354256278));

#8683=CARTESIAN_POINT('',(51.9465230323,-33.0711313084,27.7354256278));
#8684=VERTEX_POINT('',#8683);
#8685=EDGE_CURVE('',#8679,#8684,#8680,.T.);
#8686=ORIENTED_EDGE('',*,*,#8685,.T.);
#8687=(
BOUNDED_CURVE()
B_SPLINE_CURVE(2,(#8688,#8689,#8690),.UNSPECIFIED.,.F.,.F.)
B_SPLINE_CURVE_WITH_KNOTS((3,3),(0.000,1.000),.UNSPECIFIED.)
CURVE()
GEOMETRIC_REPRESENTATION_ITEM()
RATIONAL_B_SPLINE_CURVE((1.0000000000,0.7071067812,1.0000000000))
REPRESENTATION_ITEM('')
);
#8688=CARTESIAN_POINT('',(51.9465230323,-33.0711313084,27.7354256278));
#8689=CARTESIAN_POINT('',(51.9465230323,-33.0711313084,26.7238538554));
#8690=CARTESIAN_POINT('',(51.9465230323,-32.0595595359,26.7238538553));

#8691=CARTESIAN_POINT('',(51.9465230323,-32.0595595359,26.7238538553));
#8692=VERTEX_POINT('',#8691);
#8693=EDGE_CURVE('',#8684,#8692,#8687,.T.);
#8694=ORIENTED_EDGE('',*,*,#8693,.T.);
#8695=(
BOUNDED_CURVE()
B_SPLINE_CURVE(1,(#8696,#8697),.UNSPECIFIED.,.F.,.F.)
B_SPLINE_CURVE_WITH_KNOTS((2,2),(0.000,1.000),.UNSPECIFIED.)
CURVE()
GEOMETRIC_REPRESENTATION_ITEM()
RATIONAL_B_SPLINE_CURVE((1.0000000000,1.0000000000))
REPRESENTATION_ITEM('')
);
#8696=CARTESIAN_POINT('',(51.9465230323,-32.0595595359,26.7238538553));
#8697=CARTESIAN_POINT('',(54.7565230323,-32.0595595359,26.7238538553));

#8698=CARTESIAN_POINT('',(54.7565230323,-32.0595595359,26.7238538553));
#8699=VERTEX_POINT('',#8698);
#8700=EDGE_CURVE('',#8692,#8699,#8695,.T.);
#8701=ORIENTED_EDGE('',*,*,#8700,.T.);
#8702=(
BOUNDED_CURVE()
B_SPLINE_CURVE(2,(#8703,#8704,#8705),.UNSPECIFIED.,.F.,.F.)
B_SPLINE_CURVE_WITH_KNOTS((3,3),(0.000,1.000),.UNSPECIFIED.)
CURVE()
GEOMETRIC_REPRESENTATION_ITEM()
RATIONAL_B_SPLINE_CURVE((1.0000000000,0.7071067812,1.0000000000))
REPRESENTATION_ITEM('')
);
#8703=CARTESIAN_POINT('',(54.7565230323,-32.0595595359,26.7238538553));
#8704=CARTESIAN_POINT('',(54.7565230323,-33.0711313084,26.7238538554));
#8705=CARTESIAN_POINT('',(54.7565230323,-33.0711313084,27.7354256278));

#8706=EDGE_CURVE('',#8699,#8679,#8702,.T.);
#8707=ORIENTED_EDGE('',*,*,#8706,.T.);
#8708=EDGE_LOOP('',(#8686,#8694,#8701,#8707));
#8709=FACE_OUTER_BOUND('',#8708,.T.);
#8710=ADVANCED_FACE('',(#8709),#8671,.T.);
#8711=COLOUR_RGB('',0.39,0.39,0.39);
#8712=FILL_AREA_STYLE_COLOUR('',#8711);
#8713=FILL_AREA_STYLE('',(#8712));
#8714=SURFACE_STYLE_FILL_AREA(#8713);
#8715=SURFACE_STYLE_TRANSPARENT(0.00);
#8716=SURFACE_STYLE_RENDERING_WITH_PROPERTIES(.NORMAL_SHADING.,#8711,(#8715));
#8717=SURFACE_SIDE_STYLE('',(#8714, #8716));
#8718=SURFACE_STYLE_USAGE(.BOTH.,#8717);
#8719=PRESENTATION_STYLE_ASSIGNMENT((#8718));
#8720=STYLED_ITEM('',(#8719),#8710);

#8721=(
BOUNDED_SURFACE()
B_SPLINE_SURFACE(1,1,((#8722,#8723),(#8724,#8725)),.UNSPECIFIED.,.F.,.F.,.F.)
B_SPLINE_SURFACE_WITH_KNOTS((2,2),(2,2),(0.000,1.000),(0.000,1.000),.UNSPECIFIED.)
GEOMETRIC_REPRESENTATION_ITEM()
RATIONAL_B_SPLINE_SURFACE(((1.0000000000,1.0000000000),(1.0000000000,1.0000000000)))
REPRESENTATION_ITEM('')
SURFACE()
);
#8722=CARTESIAN_POINT('',(54.7565230323,-32.0595595359,26.7238538553));
#8723=CARTESIAN_POINT('',(51.9465230323,-32.0595595359,26.7238538553));
#8724=CARTESIAN_POINT('',(54.7565230323,-12.8167224582,26.7238538553));
#8725=CARTESIAN_POINT('',(51.9465230323,-12.8167224582,26.7238538553));

#8726=CARTESIAN_POINT('',(54.7565230323,-32.0595595359,26.7238538553));
#8727=VERTEX_POINT('',#8726);
#8728=(
BOUNDED_CURVE()
B_SPLINE_CURVE(1,(#8729,#8730),.UNSPECIFIED.,.F.,.F.)
B_SPLINE_CURVE_WITH_KNOTS((2,2),(0.000,1.000),.UNSPECIFIED.)
CURVE()
GEOMETRIC_REPRESENTATION_ITEM()
RATIONAL_B_SPLINE_CURVE((1.0000000000,1.0000000000))
REPRESENTATION_ITEM('')
);
#8729=CARTESIAN_POINT('',(54.7565230323,-32.0595595359,26.7238538553));
#8730=CARTESIAN_POINT('',(51.9465230323,-32.0595595359,26.7238538553));

#8731=CARTESIAN_POINT('',(51.9465230323,-32.0595595359,26.7238538553));
#8732=VERTEX_POINT('',#8731);
#8733=EDGE_CURVE('',#8727,#8732,#8728,.T.);
#8734=ORIENTED_EDGE('',*,*,#8733,.T.);
#8735=(
BOUNDED_CURVE()
B_SPLINE_CURVE(1,(#8736,#8737),.UNSPECIFIED.,.F.,.F.)
B_SPLINE_CURVE_WITH_KNOTS((2,2),(0.000,1.000),.UNSPECIFIED.)
CURVE()
GEOMETRIC_REPRESENTATION_ITEM()
RATIONAL_B_SPLINE_CURVE((1.0000000000,1.0000000000))
REPRESENTATION_ITEM('')
);
#8736=CARTESIAN_POINT('',(51.9465230323,-32.0595595359,26.7238538553));
#8737=CARTESIAN_POINT('',(51.9465230323,-12.8167224582,26.7238538553));

#8738=CARTESIAN_POINT('',(51.9465230323,-12.8167224582,26.7238538553));
#8739=VERTEX_POINT('',#8738);
#8740=EDGE_CURVE('',#8732,#8739,#8735,.T.);
#8741=ORIENTED_EDGE('',*,*,#8740,.T.);
#8742=(
BOUNDED_CURVE()
B_SPLINE_CURVE(1,(#8743,#8744),.UNSPECIFIED.,.F.,.F.)
B_SPLINE_CURVE_WITH_KNOTS((2,2),(0.000,1.000),.UNSPECIFIED.)
CURVE()
GEOMETRIC_REPRESENTATION_ITEM()
RATIONAL_B_SPLINE_CURVE((1.0000000000,1.0000000000))
REPRESENTATION_ITEM('')
);
#8743=CARTESIAN_POINT('',(51.9465230323,-12.8167224582,26.7238538553));
#8744=CARTESIAN_POINT('',(54.7565230323,-12.8167224582,26.7238538553));

#8745=CARTESIAN_POINT('',(54.7565230323,-12.8167224582,26.7238538553));
#8746=VERTEX_POINT('',#8745);
#8747=EDGE_CURVE('',#8739,#8746,#8742,.T.);
#8748=ORIENTED_EDGE('',*,*,#8747,.T.);
#8749=(
BOUNDED_CURVE()
B_SPLINE_CURVE(1,(#8750,#8751),.UNSPECIFIED.,.F.,.F.)
B_SPLINE_CURVE_WITH_KNOTS((2,2),(0.000,1.000),.UNSPECIFIED.)
CURVE()
GEOMETRIC_REPRESENTATION_ITEM()
RATIONAL_B_SPLINE_CURVE((1.0000000000,1.0000000000))
REPRESENTATION_ITEM('')
);
#8750=CARTESIAN_POINT('',(54.7565230323,-12.8167224582,26.7238538553));
#8751=CARTESIAN_POINT('',(54.7565230323,-32.0595595359,26.7238538553));

#8752=EDGE_CURVE('',#8746,#8727,#8749,.T.);
#8753=ORIENTED_EDGE('',*,*,#8752,.T.);
#8754=EDGE_LOOP('',(#8734,#8741,#8748,#8753));
#8755=FACE_OUTER_BOUND('',#8754,.T.);
#8756=ADVANCED_FACE('',(#8755),#8721,.T.);
#8757=COLOUR_RGB('',0.39,0.39,0.39);
#8758=FILL_AREA_STYLE_COLOUR('',#8757);
#8759=FILL_AREA_STYLE('',(#8758));
#8760=SURFACE_STYLE_FILL_AREA(#8759);
#8761=SURFACE_STYLE_TRANSPARENT(0.00);
#8762=SURFACE_STYLE_RENDERING_WITH_PROPERTIES(.NORMAL_SHADING.,#8757,(#8761));
#8763=SURFACE_SIDE_STYLE('',(#8760, #8762));
#8764=SURFACE_STYLE_USAGE(.BOTH.,#8763);
#8765=PRESENTATION_STYLE_ASSIGNMENT((#8764));
#8766=STYLED_ITEM('',(#8765),#8756);

#8767=(
BOUNDED_SURFACE()
B_SPLINE_SURFACE(2,1,((#8768,#8769),(#8770,#8771),(#8772,#8773)),.UNSPECIFIED.,.F.,.F.,.F.)
B_SPLINE_SURFACE_WITH_KNOTS((3,3),(2,2),(0.000,1.000),(0.000,1.000),.UNSPECIFIED.)
GEOMETRIC_REPRESENTATION_ITEM()
RATIONAL_B_SPLINE_SURFACE(((1.0000000000,1.0000000000),(0.7071067812,0.7071067812),(1.0000000000,1.0000000000)))
REPRESENTATION_ITEM('')
SURFACE()
);
#8768=CARTESIAN_POINT('',(54.7565230323,-12.8167224582,26.7238538553));
#8769=CARTESIAN_POINT('',(51.9465230323,-12.8167224582,26.7238538553));
#8770=CARTESIAN_POINT('',(54.7565230323,-11.8028844528,26.7238538553));
#8771=CARTESIAN_POINT('',(51.9465230323,-11.8028844528,26.7238538553));
#8772=CARTESIAN_POINT('',(54.7565230323,-11.8028844528,27.7376918607));
#8773=CARTESIAN_POINT('',(51.9465230323,-11.8028844528,27.7376918607));

#8774=CARTESIAN_POINT('',(54.7565230323,-12.8167224582,26.7238538553));
#8775=VERTEX_POINT('',#8774);
#8776=(
BOUNDED_CURVE()
B_SPLINE_CURVE(1,(#8777,#8778),.UNSPECIFIED.,.F.,.F.)
B_SPLINE_CURVE_WITH_KNOTS((2,2),(0.000,1.000),.UNSPECIFIED.)
CURVE()
GEOMETRIC_REPRESENTATION_ITEM()
RATIONAL_B_SPLINE_CURVE((1.0000000000,1.0000000000))
REPRESENTATION_ITEM('')
);
#8777=CARTESIAN_POINT('',(54.7565230323,-12.8167224582,26.7238538553));
#8778=CARTESIAN_POINT('',(51.9465230323,-12.8167224582,26.7238538553));

#8779=CARTESIAN_POINT('',(51.9465230323,-12.8167224582,26.7238538553));
#8780=VERTEX_POINT('',#8779);
#8781=EDGE_CURVE('',#8775,#8780,#8776,.T.);
#8782=ORIENTED_EDGE('',*,*,#8781,.T.);
#8783=(
BOUNDED_CURVE()
B_SPLINE_CURVE(2,(#8784,#8785,#8786),.UNSPECIFIED.,.F.,.F.)
B_SPLINE_CURVE_WITH_KNOTS((3,3),(0.000,1.000),.UNSPECIFIED.)
CURVE()
GEOMETRIC_REPRESENTATION_ITEM()
RATIONAL_B_SPLINE_CURVE((1.0000000000,0.7071067812,1.0000000000))
REPRESENTATION_ITEM('')
);
#8784=CARTESIAN_POINT('',(51.9465230323,-12.8167224582,26.7238538553));
#8785=CARTESIAN_POINT('',(51.9465230323,-11.8028844528,26.7238538553));
#8786=CARTESIAN_POINT('',(51.9465230323,-11.8028844528,27.7376918607));

#8787=CARTESIAN_POINT('',(51.9465230323,-11.8028844528,27.7376918607));
#8788=VERTEX_POINT('',#8787);
#8789=EDGE_CURVE('',#8780,#8788,#8783,.T.);
#8790=ORIENTED_EDGE('',*,*,#8789,.T.);
#8791=(
BOUNDED_CURVE()
B_SPLINE_CURVE(1,(#8792,#8793),.UNSPECIFIED.,.F.,.F.)
B_SPLINE_CURVE_WITH_KNOTS((2,2),(0.000,1.000),.UNSPECIFIED.)
CURVE()
GEOMETRIC_REPRESENTATION_ITEM()
RATIONAL_B_SPLINE_CURVE((1.0000000000,1.0000000000))
REPRESENTATION_ITEM('')
);
#8792=CARTESIAN_POINT('',(51.9465230323,-11.8028844528,27.7376918607));
#8793=CARTESIAN_POINT('',(54.7565230323,-11.8028844528,27.7376918607));

#8794=CARTESIAN_POINT('',(54.7565230323,-11.8028844528,27.7376918607));
#8795=VERTEX_POINT('',#8794);
#8796=EDGE_CURVE('',#8788,#8795,#8791,.T.);
#8797=ORIENTED_EDGE('',*,*,#8796,.T.);
#8798=(
BOUNDED_CURVE()
B_SPLINE_CURVE(2,(#8799,#8800,#8801),.UNSPECIFIED.,.F.,.F.)
B_SPLINE_CURVE_WITH_KNOTS((3,3),(0.000,1.000),.UNSPECIFIED.)
CURVE()
GEOMETRIC_REPRESENTATION_ITEM()
RATIONAL_B_SPLINE_CURVE((1.0000000000,0.7071067812,1.0000000000))
REPRESENTATION_ITEM('')
);
#8799=CARTESIAN_POINT('',(54.7565230323,-11.8028844528,27.7376918607));
#8800=CARTESIAN_POINT('',(54.7565230323,-11.8028844528,26.7238538553));
#8801=CARTESIAN_POINT('',(54.7565230323,-12.8167224582,26.7238538553));

#8802=EDGE_CURVE('',#8795,#8775,#8798,.T.);
#8803=ORIENTED_EDGE('',*,*,#8802,.T.);
#8804=EDGE_LOOP('',(#8782,#8790,#8797,#8803));
#8805=FACE_OUTER_BOUND('',#8804,.T.);
#8806=ADVANCED_FACE('',(#8805),#8767,.T.);
#8807=COLOUR_RGB('',0.39,0.39,0.39);
#8808=FILL_AREA_STYLE_COLOUR('',#8807);
#8809=FILL_AREA_STYLE('',(#8808));
#8810=SURFACE_STYLE_FILL_AREA(#8809);
#8811=SURFACE_STYLE_TRANSPARENT(0.00);
#8812=SURFACE_STYLE_RENDERING_WITH_PROPERTIES(.NORMAL_SHADING.,#8807,(#8811));
#8813=SURFACE_SIDE_STYLE('',(#8810, #8812));
#8814=SURFACE_STYLE_USAGE(.BOTH.,#8813);
#8815=PRESENTATION_STYLE_ASSIGNMENT((#8814));
#8816=STYLED_ITEM('',(#8815),#8806);

#8817=(
BOUNDED_SURFACE()
B_SPLINE_SURFACE(1,1,((#8818,#8819),(#8820,#8821)),.UNSPECIFIED.,.F.,.F.,.F.)
B_SPLINE_SURFACE_WITH_KNOTS((2,2),(2,2),(0.000,1.000),(0.000,1.000),.UNSPECIFIED.)
GEOMETRIC_REPRESENTATION_ITEM()
RATIONAL_B_SPLINE_SURFACE(((1.0000000000,1.0000000000),(1.0000000000,1.0000000000)))
REPRESENTATION_ITEM('')
SURFACE()
);
#8818=CARTESIAN_POINT('',(54.7565230323,-11.8028844528,27.7376918607));
#8819=CARTESIAN_POINT('',(51.9465230323,-11.8028844528,27.7376918607));
#8820=CARTESIAN_POINT('',(54.7565230323,-11.8028844528,43.1967520407));
#8821=CARTESIAN_POINT('',(51.9465230323,-11.8028844528,43.1967520407));

#8822=CARTESIAN_POINT('',(54.7565230323,-11.8028844528,27.7376918607));
#8823=VERTEX_POINT('',#8822);
#8824=(
BOUNDED_CURVE()
B_SPLINE_CURVE(1,(#8825,#8826),.UNSPECIFIED.,.F.,.F.)
B_SPLINE_CURVE_WITH_KNOTS((2,2),(0.000,1.000),.UNSPECIFIED.)
CURVE()
GEOMETRIC_REPRESENTATION_ITEM()
RATIONAL_B_SPLINE_CURVE((1.0000000000,1.0000000000))
REPRESENTATION_ITEM('')
);
#8825=CARTESIAN_POINT('',(54.7565230323,-11.8028844528,27.7376918607));
#8826=CARTESIAN_POINT('',(51.9465230323,-11.8028844528,27.7376918607));

#8827=CARTESIAN_POINT('',(51.9465230323,-11.8028844528,27.7376918607));
#8828=VERTEX_POINT('',#8827);
#8829=EDGE_CURVE('',#8823,#8828,#8824,.T.);
#8830=ORIENTED_EDGE('',*,*,#8829,.T.);
#8831=(
BOUNDED_CURVE()
B_SPLINE_CURVE(1,(#8832,#8833),.UNSPECIFIED.,.F.,.F.)
B_SPLINE_CURVE_WITH_KNOTS((2,2),(0.000,1.000),.UNSPECIFIED.)
CURVE()
GEOMETRIC_REPRESENTATION_ITEM()
RATIONAL_B_SPLINE_CURVE((1.0000000000,1.0000000000))
REPRESENTATION_ITEM('')
);
#8832=CARTESIAN_POINT('',(51.9465230323,-11.8028844528,27.7376918607));
#8833=CARTESIAN_POINT('',(51.9465230323,-11.8028844528,43.1967520407));

#8834=CARTESIAN_POINT('',(51.9465230323,-11.8028844528,43.1967520407));
#8835=VERTEX_POINT('',#8834);
#8836=EDGE_CURVE('',#8828,#8835,#8831,.T.);
#8837=ORIENTED_EDGE('',*,*,#8836,.T.);
#8838=(
BOUNDED_CURVE()
B_SPLINE_CURVE(1,(#8839,#8840),.UNSPECIFIED.,.F.,.F.)
B_SPLINE_CURVE_WITH_KNOTS((2,2),(0.000,1.000),.UNSPECIFIED.)
CURVE()
GEOMETRIC_REPRESENTATION_ITEM()
RATIONAL_B_SPLINE_CURVE((1.0000000000,1.0000000000))
REPRESENTATION_ITEM('')
);
#8839=CARTESIAN_POINT('',(51.9465230323,-11.8028844528,43.1967520407));
#8840=CARTESIAN_POINT('',(54.7565230323,-11.8028844528,43.1967520407));

#8841=CARTESIAN_POINT('',(54.7565230323,-11.8028844528,43.1967520407));
#8842=VERTEX_POINT('',#8841);
#8843=EDGE_CURVE('',#8835,#8842,#8838,.T.);
#8844=ORIENTED_EDGE('',*,*,#8843,.T.);
#8845=(
BOUNDED_CURVE()
B_SPLINE_CURVE(1,(#8846,#8847),.UNSPECIFIED.,.F.,.F.)
B_SPLINE_CURVE_WITH_KNOTS((2,2),(0.000,1.000),.UNSPECIFIED.)
CURVE()
GEOMETRIC_REPRESENTATION_ITEM()
RATIONAL_B_SPLINE_CURVE((1.0000000000,1.0000000000))
REPRESENTATION_ITEM('')
);
#8846=CARTESIAN_POINT('',(54.7565230323,-11.8028844528,43.1967520407));
#8847=CARTESIAN_POINT('',(54.7565230323,-11.8028844528,27.7376918607));

#8848=EDGE_CURVE('',#8842,#8823,#8845,.T.);
#8849=ORIENTED_EDGE('',*,*,#8848,.T.);
#8850=EDGE_LOOP('',(#8830,#8837,#8844,#8849));
#8851=FACE_OUTER_BOUND('',#8850,.T.);
#8852=ADVANCED_FACE('',(#8851),#8817,.T.);
#8853=COLOUR_RGB('',0.39,0.39,0.39);
#8854=FILL_AREA_STYLE_COLOUR('',#8853);
#8855=FILL_AREA_STYLE('',(#8854));
#8856=SURFACE_STYLE_FILL_AREA(#8855);
#8857=SURFACE_STYLE_TRANSPARENT(0.00);
#8858=SURFACE_STYLE_RENDERING_WITH_PROPERTIES(.NORMAL_SHADING.,#8853,(#8857));
#8859=SURFACE_SIDE_STYLE('',(#8856, #8858));
#8860=SURFACE_STYLE_USAGE(.BOTH.,#8859);
#8861=PRESENTATION_STYLE_ASSIGNMENT((#8860));
#8862=STYLED_ITEM('',(#8861),#8852);

#8863=(
BOUNDED_SURFACE()
B_SPLINE_SURFACE(2,1,((#8864,#8865),(#8866,#8867),(#8868,#8869)),.UNSPECIFIED.,.F.,.F.,.F.)
B_SPLINE_SURFACE_WITH_KNOTS((3,3),(2,2),(0.000,1.000),(0.000,1.000),.UNSPECIFIED.)
GEOMETRIC_REPRESENTATION_ITEM()
RATIONAL_B_SPLINE_SURFACE(((1.0000000000,1.0000000000),(0.7071067812,0.7071067812),(1.0000000000,1.0000000000)))
REPRESENTATION_ITEM('')
SURFACE()
);
#8864=CARTESIAN_POINT('',(54.7565230323,-11.8028844528,43.1967520407));
#8865=CARTESIAN_POINT('',(51.9465230323,-11.8028844528,43.1967520407));
#8866=CARTESIAN_POINT('',(54.7565230323,-11.8028844528,44.2180096617));
#8867=CARTESIAN_POINT('',(51.9465230323,-11.8028844528,44.2180096617));
#8868=CARTESIAN_POINT('',(54.7565230323,-12.8241420737,44.2180096617));
#8869=CARTESIAN_POINT('',(51.9465230323,-12.8241420737,44.2180096617));

#8870=CARTESIAN_POINT('',(51.9465230323,-11.8028844528,43.1967520407));
#8871=VERTEX_POINT('',#8870);
#8872=(
BOUNDED_CURVE()
B_SPLINE_CURVE(2,(#8873,#8874,#8875),.UNSPECIFIED.,.F.,.F.)
B_SPLINE_CURVE_WITH_KNOTS((3,3),(0.000,1.000),.UNSPECIFIED.)
CURVE()
GEOMETRIC_REPRESENTATION_ITEM()
RATIONAL_B_SPLINE_CURVE((1.0000000000,0.7071067812,1.0000000000))
REPRESENTATION_ITEM('')
);
#8873=CARTESIAN_POINT('',(51.9465230323,-11.8028844528,43.1967520407));
#8874=CARTESIAN_POINT('',(51.9465230323,-11.8028844528,44.2180096616));
#8875=CARTESIAN_POINT('',(51.9465230323,-12.8241420737,44.2180096617));

#8876=CARTESIAN_POINT('',(51.9465230323,-12.8241420737,44.2180096617));
#8877=VERTEX_POINT('',#8876);
#8878=EDGE_CURVE('',#8871,#8877,#8872,.T.);
#8879=ORIENTED_EDGE('',*,*,#8878,.T.);
#8880=(
BOUNDED_CURVE()
B_SPLINE_CURVE(1,(#8881,#8882),.UNSPECIFIED.,.F.,.F.)
B_SPLINE_CURVE_WITH_KNOTS((2,2),(0.000,1.000),.UNSPECIFIED.)
CURVE()
GEOMETRIC_REPRESENTATION_ITEM()
RATIONAL_B_SPLINE_CURVE((1.0000000000,1.0000000000))
REPRESENTATION_ITEM('')
);
#8881=CARTESIAN_POINT('',(51.9465230323,-12.8241420737,44.2180096617));
#8882=CARTESIAN_POINT('',(54.7565230323,-12.8241420737,44.2180096617));

#8883=CARTESIAN_POINT('',(54.7565230323,-12.8241420737,44.2180096617));
#8884=VERTEX_POINT('',#8883);
#8885=EDGE_CURVE('',#8877,#8884,#8880,.T.);
#8886=ORIENTED_EDGE('',*,*,#8885,.T.);
#8887=(
BOUNDED_CURVE()
B_SPLINE_CURVE(2,(#8888,#8889,#8890),.UNSPECIFIED.,.F.,.F.)
B_SPLINE_CURVE_WITH_KNOTS((3,3),(0.000,1.000),.UNSPECIFIED.)
CURVE()
GEOMETRIC_REPRESENTATION_ITEM()
RATIONAL_B_SPLINE_CURVE((1.0000000000,0.7071067812,1.0000000000))
REPRESENTATION_ITEM('')
);
#8888=CARTESIAN_POINT('',(54.7565230323,-12.8241420737,44.2180096617));
#8889=CARTESIAN_POINT('',(54.7565230323,-11.8028844528,44.2180096616));
#8890=CARTESIAN_POINT('',(54.7565230323,-11.8028844528,43.1967520407));

#8891=CARTESIAN_POINT('',(54.7565230323,-11.8028844528,43.1967520407));
#8892=VERTEX_POINT('',#8891);
#8893=EDGE_CURVE('',#8884,#8892,#8887,.T.);
#8894=ORIENTED_EDGE('',*,*,#8893,.T.);
#8895=(
BOUNDED_CURVE()
B_SPLINE_CURVE(1,(#8896,#8897),.UNSPECIFIED.,.F.,.F.)
B_SPLINE_CURVE_WITH_KNOTS((2,2),(0.000,1.000),.UNSPECIFIED.)
CURVE()
GEOMETRIC_REPRESENTATION_ITEM()
RATIONAL_B_SPLINE_CURVE((1.0000000000,1.0000000000))
REPRESENTATION_ITEM('')
);
#8896=CARTESIAN_POINT('',(54.7565230323,-11.8028844528,43.1967520407));
#8897=CARTESIAN_POINT('',(51.9465230323,-11.8028844528,43.1967520407));

#8898=EDGE_CURVE('',#8892,#8871,#8895,.T.);
#8899=ORIENTED_EDGE('',*,*,#8898,.T.);
#8900=EDGE_LOOP('',(#8879,#8886,#8894,#8899));
#8901=FACE_OUTER_BOUND('',#8900,.T.);
#8902=ADVANCED_FACE('',(#8901),#8863,.T.);
#8903=COLOUR_RGB('',0.39,0.39,0.39);
#8904=FILL_AREA_STYLE_COLOUR('',#8903);
#8905=FILL_AREA_STYLE('',(#8904));
#8906=SURFACE_STYLE_FILL_AREA(#8905);
#8907=SURFACE_STYLE_TRANSPARENT(0.00);
#8908=SURFACE_STYLE_RENDERING_WITH_PROPERTIES(.NORMAL_SHADING.,#8903,(#8907));
#8909=SURFACE_SIDE_STYLE('',(#8906, #8908));
#8910=SURFACE_STYLE_USAGE(.BOTH.,#8909);
#8911=PRESENTATION_STYLE_ASSIGNMENT((#8910));
#8912=STYLED_ITEM('',(#8911),#8902);

#8913=(
BOUNDED_SURFACE()
B_SPLINE_SURFACE(1,1,((#8914,#8915),(#8916,#8917)),.UNSPECIFIED.,.F.,.F.,.F.)
B_SPLINE_SURFACE_WITH_KNOTS((2,2),(2,2),(0.000,1.000),(0.000,1.000),.UNSPECIFIED.)
GEOMETRIC_REPRESENTATION_ITEM()
RATIONAL_B_SPLINE_SURFACE(((1.0000000000,1.0000000000),(1.0000000000,1.0000000000)))
REPRESENTATION_ITEM('')
SURFACE()
);
#8914=CARTESIAN_POINT('',(54.7565230323,-12.8241420737,44.2180096617));
#8915=CARTESIAN_POINT('',(51.9465230323,-12.8241420737,44.2180096617));
#8916=CARTESIAN_POINT('',(54.7565230323,-32.0540501724,44.2180096617));
#8917=CARTESIAN_POINT('',(51.9465230323,-32.0540501724,44.2180096617));

#8918=CARTESIAN_POINT('',(51.9465230323,-12.8241420737,44.2180096617));
#8919=VERTEX_POINT('',#8918);
#8920=(
BOUNDED_CURVE()
B_SPLINE_CURVE(1,(#8921,#8922),.UNSPECIFIED.,.F.,.F.)
B_SPLINE_CURVE_WITH_KNOTS((2,2),(0.000,1.000),.UNSPECIFIED.)
CURVE()
GEOMETRIC_REPRESENTATION_ITEM()
RATIONAL_B_SPLINE_CURVE((1.0000000000,1.0000000000))
REPRESENTATION_ITEM('')
);
#8921=CARTESIAN_POINT('',(51.9465230323,-12.8241420737,44.2180096617));
#8922=CARTESIAN_POINT('',(51.9465230323,-32.0540501724,44.2180096617));

#8923=CARTESIAN_POINT('',(51.9465230323,-32.0540501724,44.2180096617));
#8924=VERTEX_POINT('',#8923);
#8925=EDGE_CURVE('',#8919,#8924,#8920,.T.);
#8926=ORIENTED_EDGE('',*,*,#8925,.T.);
#8927=(
BOUNDED_CURVE()
B_SPLINE_CURVE(1,(#8928,#8929),.UNSPECIFIED.,.F.,.F.)
B_SPLINE_CURVE_WITH_KNOTS((2,2),(0.000,1.000),.UNSPECIFIED.)
CURVE()
GEOMETRIC_REPRESENTATION_ITEM()
RATIONAL_B_SPLINE_CURVE((1.0000000000,1.0000000000))
REPRESENTATION_ITEM('')
);
#8928=CARTESIAN_POINT('',(51.9465230323,-32.0540501724,44.2180096617));
#8929=CARTESIAN_POINT('',(54.7565230323,-32.0540501724,44.2180096617));

#8930=CARTESIAN_POINT('',(54.7565230323,-32.0540501724,44.2180096617));
#8931=VERTEX_POINT('',#8930);
#8932=EDGE_CURVE('',#8924,#8931,#8927,.T.);
#8933=ORIENTED_EDGE('',*,*,#8932,.T.);
#8934=(
BOUNDED_CURVE()
B_SPLINE_CURVE(1,(#8935,#8936),.UNSPECIFIED.,.F.,.F.)
B_SPLINE_CURVE_WITH_KNOTS((2,2),(0.000,1.000),.UNSPECIFIED.)
CURVE()
GEOMETRIC_REPRESENTATION_ITEM()
RATIONAL_B_SPLINE_CURVE((1.0000000000,1.0000000000))
REPRESENTATION_ITEM('')
);
#8935=CARTESIAN_POINT('',(54.7565230323,-32.0540501724,44.2180096617));
#8936=CARTESIAN_POINT('',(54.7565230323,-12.8241420737,44.2180096617));

#8937=CARTESIAN_POINT('',(54.7565230323,-12.8241420737,44.2180096617));
#8938=VERTEX_POINT('',#8937);
#8939=EDGE_CURVE('',#8931,#8938,#8934,.T.);
#8940=ORIENTED_EDGE('',*,*,#8939,.T.);
#8941=(
BOUNDED_CURVE()
B_SPLINE_CURVE(1,(#8942,#8943),.UNSPECIFIED.,.F.,.F.)
B_SPLINE_CURVE_WITH_KNOTS((2,2),(0.000,1.000),.UNSPECIFIED.)
CURVE()
GEOMETRIC_REPRESENTATION_ITEM()
RATIONAL_B_SPLINE_CURVE((1.0000000000,1.0000000000))
REPRESENTATION_ITEM('')
);
#8942=CARTESIAN_POINT('',(54.7565230323,-12.8241420737,44.2180096617));
#8943=CARTESIAN_POINT('',(51.9465230323,-12.8241420737,44.2180096617));

#8944=EDGE_CURVE('',#8938,#8919,#8941,.T.);
#8945=ORIENTED_EDGE('',*,*,#8944,.T.);
#8946=EDGE_LOOP('',(#8926,#8933,#8940,#8945));
#8947=FACE_OUTER_BOUND('',#8946,.T.);
#8948=ADVANCED_FACE('',(#8947),#8913,.T.);
#8949=COLOUR_RGB('',0.39,0.39,0.39);
#8950=FILL_AREA_STYLE_COLOUR('',#8949);
#8951=FILL_AREA_STYLE('',(#8950));
#8952=SURFACE_STYLE_FILL_AREA(#8951);
#8953=SURFACE_STYLE_TRANSPARENT(0.00);
#8954=SURFACE_STYLE_RENDERING_WITH_PROPERTIES(.NORMAL_SHADING.,#8949,(#8953));
#8955=SURFACE_SIDE_STYLE('',(#8952, #8954));
#8956=SURFACE_STYLE_USAGE(.BOTH.,#8955);
#8957=PRESENTATION_STYLE_ASSIGNMENT((#8956));
#8958=STYLED_ITEM('',(#8957),#8948);

#8959=(
BOUNDED_SURFACE()
B_SPLINE_SURFACE(1,1,((#8960,#8961),(#8962,#8963)),.UNSPECIFIED.,.F.,.F.,.F.)
B_SPLINE_SURFACE_WITH_KNOTS((2,2),(2,2),(0.000,1.000),(0.000,1.000),.UNSPECIFIED.)
GEOMETRIC_REPRESENTATION_ITEM()
RATIONAL_B_SPLINE_SURFACE(((1.0000000000,1.0000000000),(1.0000000000,1.0000000000)))
REPRESENTATION_ITEM('')
SURFACE()
);
#8960=CARTESIAN_POINT('',(-3.9465230323,3.4218750000,57.4374545819));
#8961=CARTESIAN_POINT('',(51.9465230323,3.4218750000,57.4374545819));
#8962=CARTESIAN_POINT('',(-3.9465230323,-51.2921875000,57.4374545819));
#8963=CARTESIAN_POINT('',(51.9465230323,-51.2921875000,57.4374545819));

#8964=CARTESIAN_POINT('',(-3.9465230323,-51.2921875000,57.4374545819));
#8965=VERTEX_POINT('',#8964);
#8966=(
BOUNDED_CURVE()
B_SPLINE_CURVE(1,(#8967,#8968),.UNSPECIFIED.,.F.,.F.)
B_SPLINE_CURVE_WITH_KNOTS((2,2),(0.000,1.000),.UNSPECIFIED.)
CURVE()
GEOMETRIC_REPRESENTATION_ITEM()
RATIONAL_B_SPLINE_CURVE((1.0000000000,1.0000000000))
REPRESENTATION_ITEM('')
);
#8967=CARTESIAN_POINT('',(-3.9465230323,-51.2921875000,57.4374545819));
#8968=CARTESIAN_POINT('',(-3.9465230323,3.4218750000,57.4374545819));

#8969=CARTESIAN_POINT('',(-3.9465230323,3.4218750000,57.4374545819));
#8970=VERTEX_POINT('',#8969);
#8971=EDGE_CURVE('',#8965,#8970,#8966,.T.);
#8972=ORIENTED_EDGE('',*,*,#8971,.T.);
#8973=(
BOUNDED_CURVE()
B_SPLINE_CURVE(1,(#8974,#8975),.UNSPECIFIED.,.F.,.F.)
B_SPLINE_CURVE_WITH_KNOTS((2,2),(0.000,1.000),.UNSPECIFIED.)
CURVE()
GEOMETRIC_REPRESENTATION_ITEM()
RATIONAL_B_SPLINE_CURVE((1.0000000000,1.0000000000))
REPRESENTATION_ITEM('')
);
#8974=CARTESIAN_POINT('',(-3.9465230323,3.4218750000,57.4374545819));
#8975=CARTESIAN_POINT('',(51.9465230323,3.4218750000,57.4374545819));

#8976=CARTESIAN_POINT('',(51.9465230323,3.4218750000,57.4374545819));
#8977=VERTEX_POINT('',#8976);
#8978=EDGE_CURVE('',#8970,#8977,#8973,.T.);
#8979=ORIENTED_EDGE('',*,*,#8978,.T.);
#8980=(
BOUNDED_CURVE()
B_SPLINE_CURVE(1,(#8981,#8982),.UNSPECIFIED.,.F.,.F.)
B_SPLINE_CURVE_WITH_KNOTS((2,2),(0.000,1.000),.UNSPECIFIED.)
CURVE()
GEOMETRIC_REPRESENTATION_ITEM()
RATIONAL_B_SPLINE_CURVE((1.0000000000,1.0000000000))
REPRESENTATION_ITEM('')
);
#8981=CARTESIAN_POINT('',(51.9465230323,3.4218750000,57.4374545819));
#8982=CARTESIAN_POINT('',(51.9465230323,-51.2921875000,57.4374545819));

#8983=CARTESIAN_POINT('',(51.9465230323,-51.2921875000,57.4374545819));
#8984=VERTEX_POINT('',#8983);
#8985=EDGE_CURVE('',#8977,#8984,#8980,.T.);
#8986=ORIENTED_EDGE('',*,*,#8985,.T.);
#8987=(
BOUNDED_CURVE()
B_SPLINE_CURVE(1,(#8988,#8989),.UNSPECIFIED.,.F.,.F.)
B_SPLINE_CURVE_WITH_KNOTS((2,2),(0.000,1.000),.UNSPECIFIED.)
CURVE()
GEOMETRIC_REPRESENTATION_ITEM()
RATIONAL_B_SPLINE_CURVE((1.0000000000,1.0000000000))
REPRESENTATION_ITEM('')
);
#8988=CARTESIAN_POINT('',(51.9465230323,-51.2921875000,57.4374545819));
#8989=CARTESIAN_POINT('',(-3.9465230323,-51.2921875000,57.4374545819));

#8990=EDGE_CURVE('',#8984,#8965,#8987,.T.);
#8991=ORIENTED_EDGE('',*,*,#8990,.T.);
#8992=EDGE_LOOP('',(#8972,#8979,#8986,#8991));
#8993=FACE_OUTER_BOUND('',#8992,.T.);
#8994=CARTESIAN_POINT('',(24.3477375241,-21.0733528545,57.4374545819));
#8995=VERTEX_POINT('',#8994);
#8996=(
BOUNDED_CURVE()
B_SPLINE_CURVE(2,(#8997,#8998,#8999),.UNSPECIFIED.,.F.,.F.)
B_SPLINE_CURVE_WITH_KNOTS((3,3),(0.000,1.000),.UNSPECIFIED.)
CURVE()
GEOMETRIC_REPRESENTATION_ITEM()
RATIONAL_B_SPLINE_CURVE((1.0000000000,0.7071067812,1.0000000000))
REPRESENTATION_ITEM('')
);
#8997=CARTESIAN_POINT('',(24.3477375239,-21.0733528545,57.4374545819));
#8998=CARTESIAN_POINT('',(19.4977375241,-21.0733528545,57.4374545819));
#8999=CARTESIAN_POINT('',(19.4977375239,-25.9233528543,57.4374545819));

#9000=CARTESIAN_POINT('',(19.4977375239,-25.9233528543,57.4374545819));
#9001=VERTEX_POINT('',#9000);
#9002=EDGE_CURVE('',#8995,#9001,#8996,.T.);
#9003=ORIENTED_EDGE('',*,*,#9002,.T.);
#9004=(
BOUNDED_CURVE()
B_SPLINE_CURVE(2,(#9005,#9006,#9007),.UNSPECIFIED.,.F.,.F.)
B_SPLINE_CURVE_WITH_KNOTS((3,3),(0.000,1.000),.UNSPECIFIED.)
CURVE()
GEOMETRIC_REPRESENTATION_ITEM()
RATIONAL_B_SPLINE_CURVE((1.0000000000,0.7071067812,1.0000000000))
REPRESENTATION_ITEM('')
);
#9005=CARTESIAN_POINT('',(19.4977375239,-25.9233528545,57.4374545819));
#9006=CARTESIAN_POINT('',(19.4977375239,-30.7733528543,57.4374545819));
#9007=CARTESIAN_POINT('',(24.3477375236,-30.7733528545,57.4374545819));

#9008=CARTESIAN_POINT('',(24.3477375236,-30.7733528545,57.4374545819));
#9009=VERTEX_POINT('',#9008);
#9010=EDGE_CURVE('',#9001,#9009,#9004,.T.);
#9011=ORIENTED_EDGE('',*,*,#9010,.T.);
#9012=(
BOUNDED_CURVE()
B_SPLINE_CURVE(2,(#9013,#9014,#9015),.UNSPECIFIED.,.F.,.F.)
B_SPLINE_CURVE_WITH_KNOTS((3,3),(0.000,1.000),.UNSPECIFIED.)
CURVE()
GEOMETRIC_REPRESENTATION_ITEM()
RATIONAL_B_SPLINE_CURVE((1.0000000000,0.7071067812,1.0000000000))
REPRESENTATION_ITEM('')
);
#9013=CARTESIAN_POINT('',(24.3477375239,-30.7733528545,57.4374545819));
#9014=CARTESIAN_POINT('',(29.1977375236,-30.7733528545,57.4374545819));
#9015=CARTESIAN_POINT('',(29.1977375239,-25.9233528548,57.4374545819));

#9016=CARTESIAN_POINT('',(29.1977375239,-25.9233528548,57.4374545819));
#9017=VERTEX_POINT('',#9016);
#9018=EDGE_CURVE('',#9009,#9017,#9012,.T.);
#9019=ORIENTED_EDGE('',*,*,#9018,.T.);
#9020=(
BOUNDED_CURVE()
B_SPLINE_CURVE(2,(#9021,#9022,#9023),.UNSPECIFIED.,.F.,.F.)
B_SPLINE_CURVE_WITH_KNOTS((3,3),(0.000,1.000),.UNSPECIFIED.)
CURVE()
GEOMETRIC_REPRESENTATION_ITEM()
RATIONAL_B_SPLINE_CURVE((1.0000000000,0.7071067812,1.0000000000))
REPRESENTATION_ITEM('')
);
#9021=CARTESIAN_POINT('',(29.1977375239,-25.9233528545,57.4374545819));
#9022=CARTESIAN_POINT('',(29.1977375239,-21.0733528548,57.4374545819));
#9023=CARTESIAN_POINT('',(24.3477375241,-21.0733528545,57.4374545819));

#9024=EDGE_CURVE('',#9017,#8995,#9020,.T.);
#9025=ORIENTED_EDGE('',*,*,#9024,.T.);
#9026=EDGE_LOOP('',(#9003,#9011,#9019,#9025));
#9027=FACE_BOUND('',#9026,.T.);
#9028=ADVANCED_FACE('',(#8993,#9027),#8959,.T.);
#9029=COLOUR_RGB('',0.39,0.39,0.39);
#9030=FILL_AREA_STYLE_COLOUR('',#9029);
#9031=FILL_AREA_STYLE('',(#9030));
#9032=SURFACE_STYLE_FILL_AREA(#9031);
#9033=SURFACE_STYLE_TRANSPARENT(0.00);
#9034=SURFACE_STYLE_RENDERING_WITH_PROPERTIES(.NORMAL_SHADING.,#9029,(#9033));
#9035=SURFACE_SIDE_STYLE('',(#9032, #9034));
#9036=SURFACE_STYLE_USAGE(.BOTH.,#9035);
#9037=PRESENTATION_STYLE_ASSIGNMENT((#9036));
#9038=STYLED_ITEM('',(#9037),#9028);

#9039=(
BOUNDED_SURFACE()
B_SPLINE_SURFACE(1,1,((#9040,#9041),(#9042,#9043)),.UNSPECIFIED.,.F.,.F.,.F.)
B_SPLINE_SURFACE_WITH_KNOTS((2,2),(2,2),(0.000,1.000),(0.000,1.000),.UNSPECIFIED.)
GEOMETRIC_REPRESENTATION_ITEM()
RATIONAL_B_SPLINE_SURFACE(((1.0000000000,1.0000000000),(1.0000000000,1.0000000000)))
REPRESENTATION_ITEM('')
SURFACE()
);
#9040=CARTESIAN_POINT('',(51.9465230323,3.4218750000,55.8900000000));
#9041=CARTESIAN_POINT('',(-3.9465230323,3.4218750000,55.8900000000));
#9042=CARTESIAN_POINT('',(51.9465230323,-51.2921875000,55.8900000000));
#9043=CARTESIAN_POINT('',(-3.9465230323,-51.2921875000,55.8900000000));

#9044=CARTESIAN_POINT('',(48.0000000000,-48.0000000000,55.8900000000));
#9045=VERTEX_POINT('',#9044);
#9046=(
BOUNDED_CURVE()
B_SPLINE_CURVE(1,(#9047,#9048),.UNSPECIFIED.,.F.,.F.)
B_SPLINE_CURVE_WITH_KNOTS((2,2),(0.000,1.000),.UNSPECIFIED.)
CURVE()
GEOMETRIC_REPRESENTATION_ITEM()
RATIONAL_B_SPLINE_CURVE((1.0000000000,1.0000000000))
REPRESENTATION_ITEM('')
);
#9047=CARTESIAN_POINT('',(48.0000000000,-48.0000000000,55.8900000000));
#9048=CARTESIAN_POINT('',(48.0000000000,0.0000000000,55.8900000000));

#9049=CARTESIAN_POINT('',(48.0000000000,0.0000000000,55.8900000000));
#9050=VERTEX_POINT('',#9049);
#9051=EDGE_CURVE('',#9045,#9050,#9046,.T.);
#9052=ORIENTED_EDGE('',*,*,#9051,.T.);
#9053=(
BOUNDED_CURVE()
B_SPLINE_CURVE(1,(#9054,#9055),.UNSPECIFIED.,.F.,.F.)
B_SPLINE_CURVE_WITH_KNOTS((2,2),(0.000,1.000),.UNSPECIFIED.)
CURVE()
GEOMETRIC_REPRESENTATION_ITEM()
RATIONAL_B_SPLINE_CURVE((1.0000000000,1.0000000000))
REPRESENTATION_ITEM('')
);
#9054=CARTESIAN_POINT('',(48.0000000000,0.0000000000,55.8900000000));
#9055=CARTESIAN_POINT('',(0.0000000000,0.0000000000,55.8900000000));

#9056=CARTESIAN_POINT('',(0.0000000000,0.0000000000,55.8900000000));
#9057=VERTEX_POINT('',#9056);
#9058=EDGE_CURVE('',#9050,#9057,#9053,.T.);
#9059=ORIENTED_EDGE('',*,*,#9058,.T.);
#9060=(
BOUNDED_CURVE()
B_SPLINE_CURVE(1,(#9061,#9062),.UNSPECIFIED.,.F.,.F.)
B_SPLINE_CURVE_WITH_KNOTS((2,2),(0.000,1.000),.UNSPECIFIED.)
CURVE()
GEOMETRIC_REPRESENTATION_ITEM()
RATIONAL_B_SPLINE_CURVE((1.0000000000,1.0000000000))
REPRESENTATION_ITEM('')
);
#9061=CARTESIAN_POINT('',(0.0000000000,0.0000000000,55.8900000000));
#9062=CARTESIAN_POINT('',(0.0000000000,-48.0000000000,55.8900000000));

#9063=CARTESIAN_POINT('',(0.0000000000,-48.0000000000,55.8900000000));
#9064=VERTEX_POINT('',#9063);
#9065=EDGE_CURVE('',#9057,#9064,#9060,.T.);
#9066=ORIENTED_EDGE('',*,*,#9065,.T.);
#9067=(
BOUNDED_CURVE()
B_SPLINE_CURVE(1,(#9068,#9069),.UNSPECIFIED.,.F.,.F.)
B_SPLINE_CURVE_WITH_KNOTS((2,2),(0.000,1.000),.UNSPECIFIED.)
CURVE()
GEOMETRIC_REPRESENTATION_ITEM()
RATIONAL_B_SPLINE_CURVE((1.0000000000,1.0000000000))
REPRESENTATION_ITEM('')
);
#9068=CARTESIAN_POINT('',(0.0000000000,-48.0000000000,55.8900000000));
#9069=CARTESIAN_POINT('',(48.0000000000,-48.0000000000,55.8900000000));

#9070=EDGE_CURVE('',#9064,#9045,#9067,.T.);
#9071=ORIENTED_EDGE('',*,*,#9070,.T.);
#9072=EDGE_LOOP('',(#9052,#9059,#9066,#9071));
#9073=FACE_OUTER_BOUND('',#9072,.T.);
#9074=CARTESIAN_POINT('',(24.3477375239,-30.7733528545,55.8900000000));
#9075=VERTEX_POINT('',#9074);
#9076=(
BOUNDED_CURVE()
B_SPLINE_CURVE(2,(#9077,#9078,#9079),.UNSPECIFIED.,.F.,.F.)
B_SPLINE_CURVE_WITH_KNOTS((3,3),(0.000,1.000),.UNSPECIFIED.)
CURVE()
GEOMETRIC_REPRESENTATION_ITEM()
RATIONAL_B_SPLINE_CURVE((1.0000000000,0.7071067812,1.0000000000))
REPRESENTATION_ITEM('')
);
#9077=CARTESIAN_POINT('',(24.3477375236,-30.7733528545,55.8900000000));
#9078=CARTESIAN_POINT('',(19.4977375239,-30.7733528543,55.8900000000));
#9079=CARTESIAN_POINT('',(19.4977375239,-25.9233528545,55.8900000000));

#9080=CARTESIAN_POINT('',(19.4977375239,-25.9233528545,55.8900000000));
#9081=VERTEX_POINT('',#9080);
#9082=EDGE_CURVE('',#9075,#9081,#9076,.T.);
#9083=ORIENTED_EDGE('',*,*,#9082,.T.);
#9084=(
BOUNDED_CURVE()
B_SPLINE_CURVE(2,(#9085,#9086,#9087),.UNSPECIFIED.,.F.,.F.)
B_SPLINE_CURVE_WITH_KNOTS((3,3),(0.000,1.000),.UNSPECIFIED.)
CURVE()
GEOMETRIC_REPRESENTATION_ITEM()
RATIONAL_B_SPLINE_CURVE((1.0000000000,0.7071067812,1.0000000000))
REPRESENTATION_ITEM('')
);
#9085=CARTESIAN_POINT('',(19.4977375239,-25.9233528543,55.8900000000));
#9086=CARTESIAN_POINT('',(19.4977375241,-21.0733528545,55.8900000000));
#9087=CARTESIAN_POINT('',(24.3477375239,-21.0733528545,55.8900000000));

#9088=CARTESIAN_POINT('',(24.3477375239,-21.0733528545,55.8900000000));
#9089=VERTEX_POINT('',#9088);
#9090=EDGE_CURVE('',#9081,#9089,#9084,.T.);
#9091=ORIENTED_EDGE('',*,*,#9090,.T.);
#9092=(
BOUNDED_CURVE()
B_SPLINE_CURVE(2,(#9093,#9094,#9095),.UNSPECIFIED.,.F.,.F.)
B_SPLINE_CURVE_WITH_KNOTS((3,3),(0.000,1.000),.UNSPECIFIED.)
CURVE()
GEOMETRIC_REPRESENTATION_ITEM()
RATIONAL_B_SPLINE_CURVE((1.0000000000,0.7071067812,1.0000000000))
REPRESENTATION_ITEM('')
);
#9093=CARTESIAN_POINT('',(24.3477375241,-21.0733528545,55.8900000000));
#9094=CARTESIAN_POINT('',(29.1977375239,-21.0733528548,55.8900000000));
#9095=CARTESIAN_POINT('',(29.1977375239,-25.9233528545,55.8900000000));

#9096=CARTESIAN_POINT('',(29.1977375239,-25.9233528545,55.8900000000));
#9097=VERTEX_POINT('',#9096);
#9098=EDGE_CURVE('',#9089,#9097,#9092,.T.);
#9099=ORIENTED_EDGE('',*,*,#9098,.T.);
#9100=(
BOUNDED_CURVE()
B_SPLINE_CURVE(2,(#9101,#9102,#9103),.UNSPECIFIED.,.F.,.F.)
B_SPLINE_CURVE_WITH_KNOTS((3,3),(0.000,1.000),.UNSPECIFIED.)
CURVE()
GEOMETRIC_REPRESENTATION_ITEM()
RATIONAL_B_SPLINE_CURVE((1.0000000000,0.7071067812,1.0000000000))
REPRESENTATION_ITEM('')
);
#9101=CARTESIAN_POINT('',(29.1977375239,-25.9233528548,55.8900000000));
#9102=CARTESIAN_POINT('',(29.1977375236,-30.7733528545,55.8900000000));
#9103=CARTESIAN_POINT('',(24.3477375239,-30.7733528545,55.8900000000));

#9104=EDGE_CURVE('',#9097,#9075,#9100,.T.);
#9105=ORIENTED_EDGE('',*,*,#9104,.T.);
#9106=EDGE_LOOP('',(#9083,#9091,#9099,#9105));
#9107=FACE_BOUND('',#9106,.T.);
#9108=ADVANCED_FACE('',(#9073,#9107),#9039,.T.);
#9109=COLOUR_RGB('',0.39,0.39,0.39);
#9110=FILL_AREA_STYLE_COLOUR('',#9109);
#9111=FILL_AREA_STYLE('',(#9110));
#9112=SURFACE_STYLE_FILL_AREA(#9111);
#9113=SURFACE_STYLE_TRANSPARENT(0.00);
#9114=SURFACE_STYLE_RENDERING_WITH_PROPERTIES(.NORMAL_SHADING.,#9109,(#9113));
#9115=SURFACE_SIDE_STYLE('',(#9112, #9114));
#9116=SURFACE_STYLE_USAGE(.BOTH.,#9115);
#9117=PRESENTATION_STYLE_ASSIGNMENT((#9116));
#9118=STYLED_ITEM('',(#9117),#9108);

#9119=(
BOUNDED_SURFACE()
B_SPLINE_SURFACE(2,1,((#9120,#9121),(#9122,#9123),(#9124,#9125)),.UNSPECIFIED.,.F.,.F.,.F.)
B_SPLINE_SURFACE_WITH_KNOTS((3,3),(2,2),(0.000,1.000),(0.000,1.000),.UNSPECIFIED.)
GEOMETRIC_REPRESENTATION_ITEM()
RATIONAL_B_SPLINE_SURFACE(((1.0000000000,1.0000000000),(0.7071067812,0.7071067812),(1.0000000000,1.0000000000)))
REPRESENTATION_ITEM('')
SURFACE()
);
#9120=CARTESIAN_POINT('',(19.4977375239,-25.9233528545,57.4374545819));
#9121=CARTESIAN_POINT('',(19.4977375239,-25.9233528545,55.8900000000));
#9122=CARTESIAN_POINT('',(19.4977375239,-30.7733528545,57.4374545819));
#9123=CARTESIAN_POINT('',(19.4977375239,-30.7733528545,55.8900000000));
#9124=CARTESIAN_POINT('',(24.3477375239,-30.7733528545,57.4374545819));
#9125=CARTESIAN_POINT('',(24.3477375239,-30.7733528545,55.8900000000));

#9126=CARTESIAN_POINT('',(19.4977375239,-25.9233528545,55.8900000000));
#9127=VERTEX_POINT('',#9126);
#9128=(
BOUNDED_CURVE()
B_SPLINE_CURVE(2,(#9129,#9130,#9131),.UNSPECIFIED.,.F.,.F.)
B_SPLINE_CURVE_WITH_KNOTS((3,3),(0.000,1.000),.UNSPECIFIED.)
CURVE()
GEOMETRIC_REPRESENTATION_ITEM()
RATIONAL_B_SPLINE_CURVE((1.0000000000,0.7071067812,1.0000000000))
REPRESENTATION_ITEM('')
);
#9129=CARTESIAN_POINT('',(19.4977375239,-25.9233528545,55.8900000000));
#9130=CARTESIAN_POINT('',(19.4977375239,-30.7733528543,55.8900000000));
#9131=CARTESIAN_POINT('',(24.3477375236,-30.7733528545,55.8900000000));

#9132=CARTESIAN_POINT('',(24.3477375236,-30.7733528545,55.8900000000));
#9133=VERTEX_POINT('',#9132);
#9134=EDGE_CURVE('',#9127,#9133,#9128,.T.);
#9135=ORIENTED_EDGE('',*,*,#9134,.T.);
#9136=(
BOUNDED_CURVE()
B_SPLINE_CURVE(1,(#9137,#9138),.UNSPECIFIED.,.F.,.F.)
B_SPLINE_CURVE_WITH_KNOTS((2,2),(0.000,1.000),.UNSPECIFIED.)
CURVE()
GEOMETRIC_REPRESENTATION_ITEM()
RATIONAL_B_SPLINE_CURVE((1.0000000000,1.0000000000))
REPRESENTATION_ITEM('')
);
#9137=CARTESIAN_POINT('',(24.3477375239,-30.7733528545,55.8900000000));
#9138=CARTESIAN_POINT('',(24.3477375239,-30.7733528545,57.4374545819));

#9139=CARTESIAN_POINT('',(24.3477375239,-30.7733528545,57.4374545819));
#9140=VERTEX_POINT('',#9139);
#9141=EDGE_CURVE('',#9133,#9140,#9136,.T.);
#9142=ORIENTED_EDGE('',*,*,#9141,.T.);
#9143=(
BOUNDED_CURVE()
B_SPLINE_CURVE(2,(#9144,#9145,#9146),.UNSPECIFIED.,.F.,.F.)
B_SPLINE_CURVE_WITH_KNOTS((3,3),(0.000,1.000),.UNSPECIFIED.)
CURVE()
GEOMETRIC_REPRESENTATION_ITEM()
RATIONAL_B_SPLINE_CURVE((1.0000000000,0.7071067812,1.0000000000))
REPRESENTATION_ITEM('')
);
#9144=CARTESIAN_POINT('',(24.3477375236,-30.7733528545,57.4374545819));
#9145=CARTESIAN_POINT('',(19.4977375239,-30.7733528543,57.4374545819));
#9146=CARTESIAN_POINT('',(19.4977375239,-25.9233528545,57.4374545819));

#9147=CARTESIAN_POINT('',(19.4977375239,-25.9233528545,57.4374545819));
#9148=VERTEX_POINT('',#9147);
#9149=EDGE_CURVE('',#9140,#9148,#9143,.T.);
#9150=ORIENTED_EDGE('',*,*,#9149,.T.);
#9151=(
BOUNDED_CURVE()
B_SPLINE_CURVE(1,(#9152,#9153),.UNSPECIFIED.,.F.,.F.)
B_SPLINE_CURVE_WITH_KNOTS((2,2),(0.000,1.000),.UNSPECIFIED.)
CURVE()
GEOMETRIC_REPRESENTATION_ITEM()
RATIONAL_B_SPLINE_CURVE((1.0000000000,1.0000000000))
REPRESENTATION_ITEM('')
);
#9152=CARTESIAN_POINT('',(19.4977375239,-25.9233528545,57.4374545819));
#9153=CARTESIAN_POINT('',(19.4977375239,-25.9233528545,55.8900000000));

#9154=EDGE_CURVE('',#9148,#9127,#9151,.T.);
#9155=ORIENTED_EDGE('',*,*,#9154,.T.);
#9156=EDGE_LOOP('',(#9135,#9142,#9150,#9155));
#9157=FACE_OUTER_BOUND('',#9156,.T.);
#9158=ADVANCED_FACE('',(#9157),#9119,.T.);
#9159=COLOUR_RGB('',0.39,0.39,0.39);
#9160=FILL_AREA_STYLE_COLOUR('',#9159);
#9161=FILL_AREA_STYLE('',(#9160));
#9162=SURFACE_STYLE_FILL_AREA(#9161);
#9163=SURFACE_STYLE_TRANSPARENT(0.00);
#9164=SURFACE_STYLE_RENDERING_WITH_PROPERTIES(.NORMAL_SHADING.,#9159,(#9163));
#9165=SURFACE_SIDE_STYLE('',(#9162, #9164));
#9166=SURFACE_STYLE_USAGE(.BOTH.,#9165);
#9167=PRESENTATION_STYLE_ASSIGNMENT((#9166));
#9168=STYLED_ITEM('',(#9167),#9158);

#9169=(
BOUNDED_SURFACE()
B_SPLINE_SURFACE(2,1,((#9170,#9171),(#9172,#9173),(#9174,#9175)),.UNSPECIFIED.,.F.,.F.,.F.)
B_SPLINE_SURFACE_WITH_KNOTS((3,3),(2,2),(0.000,1.000),(0.000,1.000),.UNSPECIFIED.)
GEOMETRIC_REPRESENTATION_ITEM()
RATIONAL_B_SPLINE_SURFACE(((1.0000000000,1.0000000000),(0.7071067812,0.7071067812),(1.0000000000,1.0000000000)))
REPRESENTATION_ITEM('')
SURFACE()
);
#9170=CARTESIAN_POINT('',(24.3477375239,-30.7733528545,57.4374545819));
#9171=CARTESIAN_POINT('',(24.3477375239,-30.7733528545,55.8900000000));
#9172=CARTESIAN_POINT('',(29.1977375239,-30.7733528545,57.4374545819));
#9173=CARTESIAN_POINT('',(29.1977375239,-30.7733528545,55.8900000000));
#9174=CARTESIAN_POINT('',(29.1977375239,-25.9233528545,57.4374545819));
#9175=CARTESIAN_POINT('',(29.1977375239,-25.9233528545,55.8900000000));

#9176=CARTESIAN_POINT('',(24.3477375239,-30.7733528545,55.8900000000));
#9177=VERTEX_POINT('',#9176);
#9178=(
BOUNDED_CURVE()
B_SPLINE_CURVE(2,(#9179,#9180,#9181),.UNSPECIFIED.,.F.,.F.)
B_SPLINE_CURVE_WITH_KNOTS((3,3),(0.000,1.000),.UNSPECIFIED.)
CURVE()
GEOMETRIC_REPRESENTATION_ITEM()
RATIONAL_B_SPLINE_CURVE((1.0000000000,0.7071067812,1.0000000000))
REPRESENTATION_ITEM('')
);
#9179=CARTESIAN_POINT('',(24.3477375239,-30.7733528545,55.8900000000));
#9180=CARTESIAN_POINT('',(29.1977375236,-30.7733528545,55.8900000000));
#9181=CARTESIAN_POINT('',(29.1977375239,-25.9233528548,55.8900000000));

#9182=CARTESIAN_POINT('',(29.1977375239,-25.9233528548,55.8900000000));
#9183=VERTEX_POINT('',#9182);
#9184=EDGE_CURVE('',#9177,#9183,#9178,.T.);
#9185=ORIENTED_EDGE('',*,*,#9184,.T.);
#9186=(
BOUNDED_CURVE()
B_SPLINE_CURVE(1,(#9187,#9188),.UNSPECIFIED.,.F.,.F.)
B_SPLINE_CURVE_WITH_KNOTS((2,2),(0.000,1.000),.UNSPECIFIED.)
CURVE()
GEOMETRIC_REPRESENTATION_ITEM()
RATIONAL_B_SPLINE_CURVE((1.0000000000,1.0000000000))
REPRESENTATION_ITEM('')
);
#9187=CARTESIAN_POINT('',(29.1977375239,-25.9233528545,55.8900000000));
#9188=CARTESIAN_POINT('',(29.1977375239,-25.9233528545,57.4374545819));

#9189=CARTESIAN_POINT('',(29.1977375239,-25.9233528545,57.4374545819));
#9190=VERTEX_POINT('',#9189);
#9191=EDGE_CURVE('',#9183,#9190,#9186,.T.);
#9192=ORIENTED_EDGE('',*,*,#9191,.T.);
#9193=(
BOUNDED_CURVE()
B_SPLINE_CURVE(2,(#9194,#9195,#9196),.UNSPECIFIED.,.F.,.F.)
B_SPLINE_CURVE_WITH_KNOTS((3,3),(0.000,1.000),.UNSPECIFIED.)
CURVE()
GEOMETRIC_REPRESENTATION_ITEM()
RATIONAL_B_SPLINE_CURVE((1.0000000000,0.7071067812,1.0000000000))
REPRESENTATION_ITEM('')
);
#9194=CARTESIAN_POINT('',(29.1977375239,-25.9233528548,57.4374545819));
#9195=CARTESIAN_POINT('',(29.1977375236,-30.7733528545,57.4374545819));
#9196=CARTESIAN_POINT('',(24.3477375239,-30.7733528545,57.4374545819));

#9197=CARTESIAN_POINT('',(24.3477375239,-30.7733528545,57.4374545819));
#9198=VERTEX_POINT('',#9197);
#9199=EDGE_CURVE('',#9190,#9198,#9193,.T.);
#9200=ORIENTED_EDGE('',*,*,#9199,.T.);
#9201=(
BOUNDED_CURVE()
B_SPLINE_CURVE(1,(#9202,#9203),.UNSPECIFIED.,.F.,.F.)
B_SPLINE_CURVE_WITH_KNOTS((2,2),(0.000,1.000),.UNSPECIFIED.)
CURVE()
GEOMETRIC_REPRESENTATION_ITEM()
RATIONAL_B_SPLINE_CURVE((1.0000000000,1.0000000000))
REPRESENTATION_ITEM('')
);
#9202=CARTESIAN_POINT('',(24.3477375239,-30.7733528545,57.4374545819));
#9203=CARTESIAN_POINT('',(24.3477375239,-30.7733528545,55.8900000000));

#9204=EDGE_CURVE('',#9198,#9177,#9201,.T.);
#9205=ORIENTED_EDGE('',*,*,#9204,.T.);
#9206=EDGE_LOOP('',(#9185,#9192,#9200,#9205));
#9207=FACE_OUTER_BOUND('',#9206,.T.);
#9208=ADVANCED_FACE('',(#9207),#9169,.T.);
#9209=COLOUR_RGB('',0.39,0.39,0.39);
#9210=FILL_AREA_STYLE_COLOUR('',#9209);
#9211=FILL_AREA_STYLE('',(#9210));
#9212=SURFACE_STYLE_FILL_AREA(#9211);
#9213=SURFACE_STYLE_TRANSPARENT(0.00);
#9214=SURFACE_STYLE_RENDERING_WITH_PROPERTIES(.NORMAL_SHADING.,#9209,(#9213));
#9215=SURFACE_SIDE_STYLE('',(#9212, #9214));
#9216=SURFACE_STYLE_USAGE(.BOTH.,#9215);
#9217=PRESENTATION_STYLE_ASSIGNMENT((#9216));
#9218=STYLED_ITEM('',(#9217),#9208);

#9219=(
BOUNDED_SURFACE()
B_SPLINE_SURFACE(2,1,((#9220,#9221),(#9222,#9223),(#9224,#9225)),.UNSPECIFIED.,.F.,.F.,.F.)
B_SPLINE_SURFACE_WITH_KNOTS((3,3),(2,2),(0.000,1.000),(0.000,1.000),.UNSPECIFIED.)
GEOMETRIC_REPRESENTATION_ITEM()
RATIONAL_B_SPLINE_SURFACE(((1.0000000000,1.0000000000),(0.7071067812,0.7071067812),(1.0000000000,1.0000000000)))
REPRESENTATION_ITEM('')
SURFACE()
);
#9220=CARTESIAN_POINT('',(29.1977375239,-25.9233528545,57.4374545819));
#9221=CARTESIAN_POINT('',(29.1977375239,-25.9233528545,55.8900000000));
#9222=CARTESIAN_POINT('',(29.1977375239,-21.0733528545,57.4374545819));
#9223=CARTESIAN_POINT('',(29.1977375239,-21.0733528545,55.8900000000));
#9224=CARTESIAN_POINT('',(24.3477375239,-21.0733528545,57.4374545819));
#9225=CARTESIAN_POINT('',(24.3477375239,-21.0733528545,55.8900000000));

#9226=CARTESIAN_POINT('',(29.1977375239,-25.9233528545,55.8900000000));
#9227=VERTEX_POINT('',#9226);
#9228=(
BOUNDED_CURVE()
B_SPLINE_CURVE(2,(#9229,#9230,#9231),.UNSPECIFIED.,.F.,.F.)
B_SPLINE_CURVE_WITH_KNOTS((3,3),(0.000,1.000),.UNSPECIFIED.)
CURVE()
GEOMETRIC_REPRESENTATION_ITEM()
RATIONAL_B_SPLINE_CURVE((1.0000000000,0.7071067812,1.0000000000))
REPRESENTATION_ITEM('')
);
#9229=CARTESIAN_POINT('',(29.1977375239,-25.9233528545,55.8900000000));
#9230=CARTESIAN_POINT('',(29.1977375239,-21.0733528548,55.8900000000));
#9231=CARTESIAN_POINT('',(24.3477375241,-21.0733528545,55.8900000000));

#9232=CARTESIAN_POINT('',(24.3477375241,-21.0733528545,55.8900000000));
#9233=VERTEX_POINT('',#9232);
#9234=EDGE_CURVE('',#9227,#9233,#9228,.T.);
#9235=ORIENTED_EDGE('',*,*,#9234,.T.);
#9236=(
BOUNDED_CURVE()
B_SPLINE_CURVE(1,(#9237,#9238),.UNSPECIFIED.,.F.,.F.)
B_SPLINE_CURVE_WITH_KNOTS((2,2),(0.000,1.000),.UNSPECIFIED.)
CURVE()
GEOMETRIC_REPRESENTATION_ITEM()
RATIONAL_B_SPLINE_CURVE((1.0000000000,1.0000000000))
REPRESENTATION_ITEM('')
);
#9237=CARTESIAN_POINT('',(24.3477375239,-21.0733528545,55.8900000000));
#9238=CARTESIAN_POINT('',(24.3477375239,-21.0733528545,57.4374545819));

#9239=CARTESIAN_POINT('',(24.3477375239,-21.0733528545,57.4374545819));
#9240=VERTEX_POINT('',#9239);
#9241=EDGE_CURVE('',#9233,#9240,#9236,.T.);
#9242=ORIENTED_EDGE('',*,*,#9241,.T.);
#9243=(
BOUNDED_CURVE()
B_SPLINE_CURVE(2,(#9244,#9245,#9246),.UNSPECIFIED.,.F.,.F.)
B_SPLINE_CURVE_WITH_KNOTS((3,3),(0.000,1.000),.UNSPECIFIED.)
CURVE()
GEOMETRIC_REPRESENTATION_ITEM()
RATIONAL_B_SPLINE_CURVE((1.0000000000,0.7071067812,1.0000000000))
REPRESENTATION_ITEM('')
);
#9244=CARTESIAN_POINT('',(24.3477375241,-21.0733528545,57.4374545819));
#9245=CARTESIAN_POINT('',(29.1977375239,-21.0733528548,57.4374545819));
#9246=CARTESIAN_POINT('',(29.1977375239,-25.9233528545,57.4374545819));

#9247=CARTESIAN_POINT('',(29.1977375239,-25.9233528545,57.4374545819));
#9248=VERTEX_POINT('',#9247);
#9249=EDGE_CURVE('',#9240,#9248,#9243,.T.);
#9250=ORIENTED_EDGE('',*,*,#9249,.T.);
#9251=(
BOUNDED_CURVE()
B_SPLINE_CURVE(1,(#9252,#9253),.UNSPECIFIED.,.F.,.F.)
B_SPLINE_CURVE_WITH_KNOTS((2,2),(0.000,1.000),.UNSPECIFIED.)
CURVE()
GEOMETRIC_REPRESENTATION_ITEM()
RATIONAL_B_SPLINE_CURVE((1.0000000000,1.0000000000))
REPRESENTATION_ITEM('')
);
#9252=CARTESIAN_POINT('',(29.1977375239,-25.9233528545,57.4374545819));
#9253=CARTESIAN_POINT('',(29.1977375239,-25.9233528545,55.8900000000));

#9254=EDGE_CURVE('',#9248,#9227,#9251,.T.);
#9255=ORIENTED_EDGE('',*,*,#9254,.T.);
#9256=EDGE_LOOP('',(#9235,#9242,#9250,#9255));
#9257=FACE_OUTER_BOUND('',#9256,.T.);
#9258=ADVANCED_FACE('',(#9257),#9219,.T.);
#9259=COLOUR_RGB('',0.39,0.39,0.39);
#9260=FILL_AREA_STYLE_COLOUR('',#9259);
#9261=FILL_AREA_STYLE('',(#9260));
#9262=SURFACE_STYLE_FILL_AREA(#9261);
#9263=SURFACE_STYLE_TRANSPARENT(0.00);
#9264=SURFACE_STYLE_RENDERING_WITH_PROPERTIES(.NORMAL_SHADING.,#9259,(#9263));
#9265=SURFACE_SIDE_STYLE('',(#9262, #9264));
#9266=SURFACE_STYLE_USAGE(.BOTH.,#9265);
#9267=PRESENTATION_STYLE_ASSIGNMENT((#9266));
#9268=STYLED_ITEM('',(#9267),#9258);

#9269=(
BOUNDED_SURFACE()
B_SPLINE_SURFACE(2,1,((#9270,#9271),(#9272,#9273),(#9274,#9275)),.UNSPECIFIED.,.F.,.F.,.F.)
B_SPLINE_SURFACE_WITH_KNOTS((3,3),(2,2),(0.000,1.000),(0.000,1.000),.UNSPECIFIED.)
GEOMETRIC_REPRESENTATION_ITEM()
RATIONAL_B_SPLINE_SURFACE(((1.0000000000,1.0000000000),(0.7071067812,0.7071067812),(1.0000000000,1.0000000000)))
REPRESENTATION_ITEM('')
SURFACE()
);
#9270=CARTESIAN_POINT('',(24.3477375239,-21.0733528545,57.4374545819));
#9271=CARTESIAN_POINT('',(24.3477375239,-21.0733528545,55.8900000000));
#9272=CARTESIAN_POINT('',(19.4977375239,-21.0733528545,57.4374545819));
#9273=CARTESIAN_POINT('',(19.4977375239,-21.0733528545,55.8900000000));
#9274=CARTESIAN_POINT('',(19.4977375239,-25.9233528545,57.4374545819));
#9275=CARTESIAN_POINT('',(19.4977375239,-25.9233528545,55.8900000000));

#9276=CARTESIAN_POINT('',(24.3477375239,-21.0733528545,55.8900000000));
#9277=VERTEX_POINT('',#9276);
#9278=(
BOUNDED_CURVE()
B_SPLINE_CURVE(2,(#9279,#9280,#9281),.UNSPECIFIED.,.F.,.F.)
B_SPLINE_CURVE_WITH_KNOTS((3,3),(0.000,1.000),.UNSPECIFIED.)
CURVE()
GEOMETRIC_REPRESENTATION_ITEM()
RATIONAL_B_SPLINE_CURVE((1.0000000000,0.7071067812,1.0000000000))
REPRESENTATION_ITEM('')
);
#9279=CARTESIAN_POINT('',(24.3477375239,-21.0733528545,55.8900000000));
#9280=CARTESIAN_POINT('',(19.4977375241,-21.0733528545,55.8900000000));
#9281=CARTESIAN_POINT('',(19.4977375239,-25.9233528543,55.8900000000));

#9282=CARTESIAN_POINT('',(19.4977375239,-25.9233528543,55.8900000000));
#9283=VERTEX_POINT('',#9282);
#9284=EDGE_CURVE('',#9277,#9283,#9278,.T.);
#9285=ORIENTED_EDGE('',*,*,#9284,.T.);
#9286=(
BOUNDED_CURVE()
B_SPLINE_CURVE(1,(#9287,#9288),.UNSPECIFIED.,.F.,.F.)
B_SPLINE_CURVE_WITH_KNOTS((2,2),(0.000,1.000),.UNSPECIFIED.)
CURVE()
GEOMETRIC_REPRESENTATION_ITEM()
RATIONAL_B_SPLINE_CURVE((1.0000000000,1.0000000000))
REPRESENTATION_ITEM('')
);
#9287=CARTESIAN_POINT('',(19.4977375239,-25.9233528545,55.8900000000));
#9288=CARTESIAN_POINT('',(19.4977375239,-25.9233528545,57.4374545819));

#9289=CARTESIAN_POINT('',(19.4977375239,-25.9233528545,57.4374545819));
#9290=VERTEX_POINT('',#9289);
#9291=EDGE_CURVE('',#9283,#9290,#9286,.T.);
#9292=ORIENTED_EDGE('',*,*,#9291,.T.);
#9293=(
BOUNDED_CURVE()
B_SPLINE_CURVE(2,(#9294,#9295,#9296),.UNSPECIFIED.,.F.,.F.)
B_SPLINE_CURVE_WITH_KNOTS((3,3),(0.000,1.000),.UNSPECIFIED.)
CURVE()
GEOMETRIC_REPRESENTATION_ITEM()
RATIONAL_B_SPLINE_CURVE((1.0000000000,0.7071067812,1.0000000000))
REPRESENTATION_ITEM('')
);
#9294=CARTESIAN_POINT('',(19.4977375239,-25.9233528543,57.4374545819));
#9295=CARTESIAN_POINT('',(19.4977375241,-21.0733528545,57.4374545819));
#9296=CARTESIAN_POINT('',(24.3477375239,-21.0733528545,57.4374545819));

#9297=CARTESIAN_POINT('',(24.3477375239,-21.0733528545,57.4374545819));
#9298=VERTEX_POINT('',#9297);
#9299=EDGE_CURVE('',#9290,#9298,#9293,.T.);
#9300=ORIENTED_EDGE('',*,*,#9299,.T.);
#9301=(
BOUNDED_CURVE()
B_SPLINE_CURVE(1,(#9302,#9303),.UNSPECIFIED.,.F.,.F.)
B_SPLINE_CURVE_WITH_KNOTS((2,2),(0.000,1.000),.UNSPECIFIED.)
CURVE()
GEOMETRIC_REPRESENTATION_ITEM()
RATIONAL_B_SPLINE_CURVE((1.0000000000,1.0000000000))
REPRESENTATION_ITEM('')
);
#9302=CARTESIAN_POINT('',(24.3477375239,-21.0733528545,57.4374545819));
#9303=CARTESIAN_POINT('',(24.3477375239,-21.0733528545,55.8900000000));

#9304=EDGE_CURVE('',#9298,#9277,#9301,.T.);
#9305=ORIENTED_EDGE('',*,*,#9304,.T.);
#9306=EDGE_LOOP('',(#9285,#9292,#9300,#9305));
#9307=FACE_OUTER_BOUND('',#9306,.T.);
#9308=ADVANCED_FACE('',(#9307),#9269,.T.);
#9309=COLOUR_RGB('',0.39,0.39,0.39);
#9310=FILL_AREA_STYLE_COLOUR('',#9309);
#9311=FILL_AREA_STYLE('',(#9310));
#9312=SURFACE_STYLE_FILL_AREA(#9311);
#9313=SURFACE_STYLE_TRANSPARENT(0.00);
#9314=SURFACE_STYLE_RENDERING_WITH_PROPERTIES(.NORMAL_SHADING.,#9309,(#9313));
#9315=SURFACE_SIDE_STYLE('',(#9312, #9314));
#9316=SURFACE_STYLE_USAGE(.BOTH.,#9315);
#9317=PRESENTATION_STYLE_ASSIGNMENT((#9316));
#9318=STYLED_ITEM('',(#9317),#9308);

#9319=CLOSED_SHELL('',(#263,#399,#473,#530,#1362,#1470,#1516,#1624,#1670,#1716,#1762,#1808,#1858,#1904,#1954,#2000,#2050,#2096,#2146,#2192,#2242,#2288,#2338,#2384,#2434,#2480,#2530,#2597,#2643,#2689,#2735,#2781,#2827,#2873,#2919,#3017,#3071,#3117,#3163,#3209,#3263,#3309,#3355,#3409,#3463,#3509,#3611,#3657,#3703,#3749,#3795,#3841,#3887,#3933,#3979,#4025,#4071,#4117,#4163,#4265,#4311,#4357,#4403,#4449,#4495,#4541,#4587,#4633,#4679,#4725,#4771,#4817,#4863,#4909,#4955,#5001,#5047,#5223,#5269,#5323,#5377,#5431,#5485,#5539,#5593,#5647,#5701,#5747,#5801,#5855,#5909,#5963,#6017,#6071,#6125,#6179,#6275,#6329,#6375,#6421,#6467,#6521,#6575,#6621,#6667,#6713,#6767,#6869,#6915,#6961,#7007,#7053,#7099,#7145,#7191,#7237,#7283,#7329,#7375,#7421,#7467,#7513,#7559,#7605,#7651,#7718,#7764,#7810,#7856,#7902,#7948,#7994,#8040,#8180,#8226,#8276,#8322,#8372,#8418,#8468,#8514,#8564,#8614,#8660,#8710,#8756,#8806,#8852,#8902,#8948,#9028,#9108,#9158,#9208,#9258,#9308));
#9320=MANIFOLD_SOLID_BREP('brep',#9319);
#9321=ADVANCED_BREP_SHAPE_REPRESENTATION('',(#9320,#170),#168);
#9322=SHAPE_REPRESENTATION_RELATIONSHIP($,$,#169,#9321);

ENDSEC;

END-ISO-10303-21;
