ISO-10303-21;
HEADER;
FILE_DESCRIPTION(('Designed by EasyEDA Pro'),'2;1');
FILE_NAME('Open CASCADE Shape Model','2026-05-21T23:38:03',('Author'),(
    'Open CASCADE'),'Open CASCADE STEP processor 7.8','Open CASCADE 7.8'
  ,'Unknown');
FILE_SCHEMA(('AUTOMOTIVE_DESIGN { 1 0 10303 214 1 1 1 1 }'));
ENDSEC;
DATA;
#1 = APPLICATION_PROTOCOL_DEFINITION('international standard',
  'automotive_design',2000,#2);
#2 = APPLICATION_CONTEXT(
  'core data for automotive mechanical design processes');
#3 = SHAPE_DEFINITION_REPRESENTATION(#4,#10);
#4 = PRODUCT_DEFINITION_SHAPE('','',#5);
#5 = PRODUCT_DEFINITION('design','',#6,#9);
#6 = PRODUCT_DEFINITION_FORMATION('','',#7);
#7 = PRODUCT('EasyEDA PCB Model~TWu6','EasyEDA PCB Model~TWu6','',(#8));
#8 = PRODUCT_CONTEXT('',#2,'mechanical');
#9 = PRODUCT_DEFINITION_CONTEXT('part definition',#2,'design');
#10 = SHAPE_REPRESENTATION('',(#11,#15,#19,#23,#27,#31,#35,#39,#43,#47),
  #51);
#11 = AXIS2_PLACEMENT_3D('',#12,#13,#14);
#12 = CARTESIAN_POINT('',(0.,0.,0.));
#13 = DIRECTION('',(0.,0.,1.));
#14 = DIRECTION('',(1.,0.,-0.));
#15 = AXIS2_PLACEMENT_3D('',#16,#17,#18);
#16 = CARTESIAN_POINT('',(0.,0.,0.));
#17 = DIRECTION('',(0.,0.,1.));
#18 = DIRECTION('',(1.,0.,-0.));
#19 = AXIS2_PLACEMENT_3D('',#20,#21,#22);
#20 = CARTESIAN_POINT('',(0.,0.,1.610028244856));
#21 = DIRECTION('',(0.,0.,1.));
#22 = DIRECTION('',(1.,0.,-0.));
#23 = AXIS2_PLACEMENT_3D('',#24,#25,#26);
#24 = CARTESIAN_POINT('',(0.,0.,-1.E-02));
#25 = DIRECTION('',(0.,0.,1.));
#26 = DIRECTION('',(1.,0.,-0.));
#27 = AXIS2_PLACEMENT_3D('',#28,#29,#30);
#28 = CARTESIAN_POINT('',(0.,0.,1.620028244856));
#29 = DIRECTION('',(0.,0.,1.));
#30 = DIRECTION('',(1.,0.,-0.));
#31 = AXIS2_PLACEMENT_3D('',#32,#33,#34);
#32 = CARTESIAN_POINT('',(0.,0.,-2.E-02));
#33 = DIRECTION('',(0.,0.,1.));
#34 = DIRECTION('',(1.,0.,-0.));
#35 = AXIS2_PLACEMENT_3D('',#36,#37,#38);
#36 = CARTESIAN_POINT('',(0.,0.,0.));
#37 = DIRECTION('',(0.,0.,1.));
#38 = DIRECTION('',(1.,0.,-0.));
#39 = AXIS2_PLACEMENT_3D('',#40,#41,#42);
#40 = CARTESIAN_POINT('',(0.,0.,0.));
#41 = DIRECTION('',(0.,0.,1.));
#42 = DIRECTION('',(1.,0.,-0.));
#43 = AXIS2_PLACEMENT_3D('',#44,#45,#46);
#44 = CARTESIAN_POINT('',(57.785115570231,-123.0632461264,1.600028244856
    ));
#45 = DIRECTION('',(0.,0.,1.));
#46 = DIRECTION('',(1.,0.,0.));
#47 = AXIS2_PLACEMENT_3D('',#48,#49,#50);
#48 = CARTESIAN_POINT('',(71.501143002286,-119.6342392684,1.600028244856
    ));
#49 = DIRECTION('',(0.,0.,1.));
#50 = DIRECTION('',(1.,0.,0.));
#51 = ( GEOMETRIC_REPRESENTATION_CONTEXT(3) 
GLOBAL_UNCERTAINTY_ASSIGNED_CONTEXT((#55)) GLOBAL_UNIT_ASSIGNED_CONTEXT(
(#52,#53,#54)) REPRESENTATION_CONTEXT('Context #1',
  '3D Context with UNIT and UNCERTAINTY') );
#52 = ( LENGTH_UNIT() NAMED_UNIT(*) SI_UNIT(.MILLI.,.METRE.) );
#53 = ( NAMED_UNIT(*) PLANE_ANGLE_UNIT() SI_UNIT($,.RADIAN.) );
#54 = ( NAMED_UNIT(*) SI_UNIT($,.STERADIAN.) SOLID_ANGLE_UNIT() );
#55 = UNCERTAINTY_MEASURE_WITH_UNIT(LENGTH_MEASURE(1.E-06),#52,
  'distance_accuracy_value','confusion accuracy');
#56 = PRODUCT_RELATED_PRODUCT_CATEGORY('part',$,(#7));
#57 = SHAPE_DEFINITION_REPRESENTATION(#58,#64);
#58 = PRODUCT_DEFINITION_SHAPE('','',#59);
#59 = PRODUCT_DEFINITION('design','',#60,#63);
#60 = PRODUCT_DEFINITION_FORMATION('','',#61);
#61 = PRODUCT('Board~TWu6','Board~TWu6','',(#62));
#62 = PRODUCT_CONTEXT('',#2,'mechanical');
#63 = PRODUCT_DEFINITION_CONTEXT('part definition',#2,'design');
#64 = ADVANCED_BREP_SHAPE_REPRESENTATION('',(#11,#65),#3027);
#65 = MANIFOLD_SOLID_BREP('',#66);
#66 = CLOSED_SHELL('',(#67,#107,#138,#169,#191,#233,#257,#299,#323,#365,
    #389,#431,#455,#497,#521,#563,#587,#629,#653,#695,#719,#761,#785,
    #827,#851,#893,#917,#959,#983,#1025,#1049,#1091,#1115,#1157,#1181,
    #1223,#1247,#1289,#1313,#1355,#1379,#1421,#1445,#1487,#1511,#1553,
    #1577,#1619,#1643,#1685,#1709,#1751,#1775,#1817,#1841,#1883,#1907,
    #1949,#1973,#2015,#2039,#2081,#2105,#2147,#2171,#2213,#2237,#2279,
    #2303,#2345,#2369,#2411,#2435,#2477,#2501,#2543,#2567,#2609,#2633,
    #2675,#2699,#2863));
#67 = ADVANCED_FACE('',(#68),#102,.T.);
#68 = FACE_BOUND('',#69,.T.);
#69 = EDGE_LOOP('',(#70,#80,#88,#96));
#70 = ORIENTED_EDGE('',*,*,#71,.T.);
#71 = EDGE_CURVE('',#72,#74,#76,.T.);
#72 = VERTEX_POINT('',#73);
#73 = CARTESIAN_POINT('',(35.572771145542,-111.5189230378,0.));
#74 = VERTEX_POINT('',#75);
#75 = CARTESIAN_POINT('',(35.572771145542,-111.5189230378,1.600028244856
    ));
#76 = LINE('',#77,#78);
#77 = CARTESIAN_POINT('',(35.572771145542,-111.5189230378,0.));
#78 = VECTOR('',#79,1.);
#79 = DIRECTION('',(0.,0.,1.));
#80 = ORIENTED_EDGE('',*,*,#81,.T.);
#81 = EDGE_CURVE('',#74,#82,#84,.T.);
#82 = VERTEX_POINT('',#83);
#83 = CARTESIAN_POINT('',(81.521463042926,-111.5189230378,1.600028244856
    ));
#84 = LINE('',#85,#86);
#85 = CARTESIAN_POINT('',(35.572771145542,-111.5189230378,1.600028244856
    ));
#86 = VECTOR('',#87,1.);
#87 = DIRECTION('',(1.,0.,0.));
#88 = ORIENTED_EDGE('',*,*,#89,.F.);
#89 = EDGE_CURVE('',#90,#82,#92,.T.);
#90 = VERTEX_POINT('',#91);
#91 = CARTESIAN_POINT('',(81.521463042926,-111.5189230378,0.));
#92 = LINE('',#93,#94);
#93 = CARTESIAN_POINT('',(81.521463042926,-111.5189230378,0.));
#94 = VECTOR('',#95,1.);
#95 = DIRECTION('',(0.,0.,1.));
#96 = ORIENTED_EDGE('',*,*,#97,.F.);
#97 = EDGE_CURVE('',#72,#90,#98,.T.);
#98 = LINE('',#99,#100);
#99 = CARTESIAN_POINT('',(35.572771145542,-111.5189230378,0.));
#100 = VECTOR('',#101,1.);
#101 = DIRECTION('',(1.,0.,0.));
#102 = PLANE('',#103);
#103 = AXIS2_PLACEMENT_3D('',#104,#105,#106);
#104 = CARTESIAN_POINT('',(35.572771145542,-111.5189230378,0.));
#105 = DIRECTION('',(0.,1.,0.));
#106 = DIRECTION('',(1.,0.,0.));
#107 = ADVANCED_FACE('',(#108),#133,.T.);
#108 = FACE_BOUND('',#109,.T.);
#109 = EDGE_LOOP('',(#110,#111,#119,#127));
#110 = ORIENTED_EDGE('',*,*,#89,.T.);
#111 = ORIENTED_EDGE('',*,*,#112,.T.);
#112 = EDGE_CURVE('',#82,#113,#115,.T.);
#113 = VERTEX_POINT('',#114);
#114 = CARTESIAN_POINT('',(81.521463042926,-157.7216154432,
    1.600028244856));
#115 = LINE('',#116,#117);
#116 = CARTESIAN_POINT('',(81.521463042926,-111.5189230378,
    1.600028244856));
#117 = VECTOR('',#118,1.);
#118 = DIRECTION('',(0.,-1.,0.));
#119 = ORIENTED_EDGE('',*,*,#120,.F.);
#120 = EDGE_CURVE('',#121,#113,#123,.T.);
#121 = VERTEX_POINT('',#122);
#122 = CARTESIAN_POINT('',(81.521463042926,-157.7216154432,0.));
#123 = LINE('',#124,#125);
#124 = CARTESIAN_POINT('',(81.521463042926,-157.7216154432,0.));
#125 = VECTOR('',#126,1.);
#126 = DIRECTION('',(0.,0.,1.));
#127 = ORIENTED_EDGE('',*,*,#128,.F.);
#128 = EDGE_CURVE('',#90,#121,#129,.T.);
#129 = LINE('',#130,#131);
#130 = CARTESIAN_POINT('',(81.521463042926,-111.5189230378,0.));
#131 = VECTOR('',#132,1.);
#132 = DIRECTION('',(0.,-1.,0.));
#133 = PLANE('',#134);
#134 = AXIS2_PLACEMENT_3D('',#135,#136,#137);
#135 = CARTESIAN_POINT('',(81.521463042926,-111.5189230378,0.));
#136 = DIRECTION('',(1.,0.,-0.));
#137 = DIRECTION('',(0.,-1.,0.));
#138 = ADVANCED_FACE('',(#139),#164,.T.);
#139 = FACE_BOUND('',#140,.T.);
#140 = EDGE_LOOP('',(#141,#142,#150,#158));
#141 = ORIENTED_EDGE('',*,*,#120,.T.);
#142 = ORIENTED_EDGE('',*,*,#143,.T.);
#143 = EDGE_CURVE('',#113,#144,#146,.T.);
#144 = VERTEX_POINT('',#145);
#145 = CARTESIAN_POINT('',(35.572771145542,-157.7216154432,
    1.600028244856));
#146 = LINE('',#147,#148);
#147 = CARTESIAN_POINT('',(81.521463042926,-157.7216154432,
    1.600028244856));
#148 = VECTOR('',#149,1.);
#149 = DIRECTION('',(-1.,0.,0.));
#150 = ORIENTED_EDGE('',*,*,#151,.F.);
#151 = EDGE_CURVE('',#152,#144,#154,.T.);
#152 = VERTEX_POINT('',#153);
#153 = CARTESIAN_POINT('',(35.572771145542,-157.7216154432,0.));
#154 = LINE('',#155,#156);
#155 = CARTESIAN_POINT('',(35.572771145542,-157.7216154432,0.));
#156 = VECTOR('',#157,1.);
#157 = DIRECTION('',(0.,0.,1.));
#158 = ORIENTED_EDGE('',*,*,#159,.F.);
#159 = EDGE_CURVE('',#121,#152,#160,.T.);
#160 = LINE('',#161,#162);
#161 = CARTESIAN_POINT('',(81.521463042926,-157.7216154432,0.));
#162 = VECTOR('',#163,1.);
#163 = DIRECTION('',(-1.,0.,0.));
#164 = PLANE('',#165);
#165 = AXIS2_PLACEMENT_3D('',#166,#167,#168);
#166 = CARTESIAN_POINT('',(81.521463042926,-157.7216154432,0.));
#167 = DIRECTION('',(0.,-1.,0.));
#168 = DIRECTION('',(-1.,0.,0.));
#169 = ADVANCED_FACE('',(#170),#186,.T.);
#170 = FACE_BOUND('',#171,.T.);
#171 = EDGE_LOOP('',(#172,#173,#179,#180));
#172 = ORIENTED_EDGE('',*,*,#151,.T.);
#173 = ORIENTED_EDGE('',*,*,#174,.T.);
#174 = EDGE_CURVE('',#144,#74,#175,.T.);
#175 = LINE('',#176,#177);
#176 = CARTESIAN_POINT('',(35.572771145542,-157.7216154432,
    1.600028244856));
#177 = VECTOR('',#178,1.);
#178 = DIRECTION('',(0.,1.,0.));
#179 = ORIENTED_EDGE('',*,*,#71,.F.);
#180 = ORIENTED_EDGE('',*,*,#181,.F.);
#181 = EDGE_CURVE('',#152,#72,#182,.T.);
#182 = LINE('',#183,#184);
#183 = CARTESIAN_POINT('',(35.572771145542,-157.7216154432,0.));
#184 = VECTOR('',#185,1.);
#185 = DIRECTION('',(0.,1.,0.));
#186 = PLANE('',#187);
#187 = AXIS2_PLACEMENT_3D('',#188,#189,#190);
#188 = CARTESIAN_POINT('',(35.572771145542,-157.7216154432,0.));
#189 = DIRECTION('',(-1.,0.,0.));
#190 = DIRECTION('',(0.,1.,0.));
#191 = ADVANCED_FACE('',(#192),#228,.F.);
#192 = FACE_BOUND('',#193,.T.);
#193 = EDGE_LOOP('',(#194,#204,#213,#221));
#194 = ORIENTED_EDGE('',*,*,#195,.T.);
#195 = EDGE_CURVE('',#196,#198,#200,.T.);
#196 = VERTEX_POINT('',#197);
#197 = CARTESIAN_POINT('',(48.378130556261,-156.0754381508,0.));
#198 = VERTEX_POINT('',#199);
#199 = CARTESIAN_POINT('',(48.378130556261,-156.0754381508,
    1.600028244856));
#200 = LINE('',#201,#202);
#201 = CARTESIAN_POINT('',(48.378130556261,-156.0754381508,0.));
#202 = VECTOR('',#203,1.);
#203 = DIRECTION('',(0.,0.,1.));
#204 = ORIENTED_EDGE('',*,*,#205,.T.);
#205 = EDGE_CURVE('',#198,#206,#208,.T.);
#206 = VERTEX_POINT('',#207);
#207 = CARTESIAN_POINT('',(46.178130556261,-156.0754381508,
    1.600028244856));
#208 = CIRCLE('',#209,1.1);
#209 = AXIS2_PLACEMENT_3D('',#210,#211,#212);
#210 = CARTESIAN_POINT('',(47.278130556261,-156.0754381508,
    1.600028244856));
#211 = DIRECTION('',(0.,0.,1.));
#212 = DIRECTION('',(1.,1.110223024625E-16,-0.));
#213 = ORIENTED_EDGE('',*,*,#214,.F.);
#214 = EDGE_CURVE('',#215,#206,#217,.T.);
#215 = VERTEX_POINT('',#216);
#216 = CARTESIAN_POINT('',(46.178130556261,-156.0754381508,0.));
#217 = LINE('',#218,#219);
#218 = CARTESIAN_POINT('',(46.178130556261,-156.0754381508,0.));
#219 = VECTOR('',#220,1.);
#220 = DIRECTION('',(0.,0.,1.));
#221 = ORIENTED_EDGE('',*,*,#222,.F.);
#222 = EDGE_CURVE('',#196,#215,#223,.T.);
#223 = CIRCLE('',#224,1.1);
#224 = AXIS2_PLACEMENT_3D('',#225,#226,#227);
#225 = CARTESIAN_POINT('',(47.278130556261,-156.0754381508,0.));
#226 = DIRECTION('',(0.,0.,1.));
#227 = DIRECTION('',(1.,1.110223024625E-16,-0.));
#228 = CYLINDRICAL_SURFACE('',#229,1.1);
#229 = AXIS2_PLACEMENT_3D('',#230,#231,#232);
#230 = CARTESIAN_POINT('',(47.278130556261,-156.0754381508,0.));
#231 = DIRECTION('',(-0.,-0.,-1.));
#232 = DIRECTION('',(1.,1.110223024625E-16,-0.));
#233 = ADVANCED_FACE('',(#234),#252,.F.);
#234 = FACE_BOUND('',#235,.T.);
#235 = EDGE_LOOP('',(#236,#237,#244,#245));
#236 = ORIENTED_EDGE('',*,*,#214,.T.);
#237 = ORIENTED_EDGE('',*,*,#238,.T.);
#238 = EDGE_CURVE('',#206,#198,#239,.T.);
#239 = CIRCLE('',#240,1.1);
#240 = AXIS2_PLACEMENT_3D('',#241,#242,#243);
#241 = CARTESIAN_POINT('',(47.278130556261,-156.0754381508,
    1.600028244856));
#242 = DIRECTION('',(0.,0.,1.));
#243 = DIRECTION('',(-1.,-1.110223024625E-16,0.));
#244 = ORIENTED_EDGE('',*,*,#195,.F.);
#245 = ORIENTED_EDGE('',*,*,#246,.F.);
#246 = EDGE_CURVE('',#215,#196,#247,.T.);
#247 = CIRCLE('',#248,1.1);
#248 = AXIS2_PLACEMENT_3D('',#249,#250,#251);
#249 = CARTESIAN_POINT('',(47.278130556261,-156.0754381508,0.));
#250 = DIRECTION('',(0.,0.,1.));
#251 = DIRECTION('',(-1.,-1.110223024625E-16,0.));
#252 = CYLINDRICAL_SURFACE('',#253,1.1);
#253 = AXIS2_PLACEMENT_3D('',#254,#255,#256);
#254 = CARTESIAN_POINT('',(47.278130556261,-156.0754381508,0.));
#255 = DIRECTION('',(-0.,-0.,-1.));
#256 = DIRECTION('',(-1.,-1.110223024625E-16,0.));
#257 = ADVANCED_FACE('',(#258),#294,.F.);
#258 = FACE_BOUND('',#259,.T.);
#259 = EDGE_LOOP('',(#260,#270,#279,#287));
#260 = ORIENTED_EDGE('',*,*,#261,.T.);
#261 = EDGE_CURVE('',#262,#264,#266,.T.);
#262 = VERTEX_POINT('',#263);
#263 = CARTESIAN_POINT('',(50.037846075692,-136.1442214884,0.));
#264 = VERTEX_POINT('',#265);
#265 = CARTESIAN_POINT('',(50.037846075692,-136.1442214884,
    1.600028244856));
#266 = LINE('',#267,#268);
#267 = CARTESIAN_POINT('',(50.037846075692,-136.1442214884,0.));
#268 = VECTOR('',#269,1.);
#269 = DIRECTION('',(0.,0.,1.));
#270 = ORIENTED_EDGE('',*,*,#271,.T.);
#271 = EDGE_CURVE('',#264,#272,#274,.T.);
#272 = VERTEX_POINT('',#273);
#273 = CARTESIAN_POINT('',(48.767843535687,-136.1442214884,
    1.600028244856));
#274 = CIRCLE('',#275,0.635001270003);
#275 = AXIS2_PLACEMENT_3D('',#276,#277,#278);
#276 = CARTESIAN_POINT('',(49.40284480569,-136.1442214884,1.600028244856
    ));
#277 = DIRECTION('',(0.,0.,1.));
#278 = DIRECTION('',(1.,1.110223024625E-16,-0.));
#279 = ORIENTED_EDGE('',*,*,#280,.F.);
#280 = EDGE_CURVE('',#281,#272,#283,.T.);
#281 = VERTEX_POINT('',#282);
#282 = CARTESIAN_POINT('',(48.767843535687,-136.1442214884,0.));
#283 = LINE('',#284,#285);
#284 = CARTESIAN_POINT('',(48.767843535687,-136.1442214884,0.));
#285 = VECTOR('',#286,1.);
#286 = DIRECTION('',(0.,0.,1.));
#287 = ORIENTED_EDGE('',*,*,#288,.F.);
#288 = EDGE_CURVE('',#262,#281,#289,.T.);
#289 = CIRCLE('',#290,0.635001270003);
#290 = AXIS2_PLACEMENT_3D('',#291,#292,#293);
#291 = CARTESIAN_POINT('',(49.40284480569,-136.1442214884,0.));
#292 = DIRECTION('',(0.,0.,1.));
#293 = DIRECTION('',(1.,1.110223024625E-16,-0.));
#294 = CYLINDRICAL_SURFACE('',#295,0.635001270003);
#295 = AXIS2_PLACEMENT_3D('',#296,#297,#298);
#296 = CARTESIAN_POINT('',(49.40284480569,-136.1442214884,0.));
#297 = DIRECTION('',(-0.,-0.,-1.));
#298 = DIRECTION('',(1.,1.110223024625E-16,-0.));
#299 = ADVANCED_FACE('',(#300),#318,.F.);
#300 = FACE_BOUND('',#301,.T.);
#301 = EDGE_LOOP('',(#302,#303,#310,#311));
#302 = ORIENTED_EDGE('',*,*,#280,.T.);
#303 = ORIENTED_EDGE('',*,*,#304,.T.);
#304 = EDGE_CURVE('',#272,#264,#305,.T.);
#305 = CIRCLE('',#306,0.635001270003);
#306 = AXIS2_PLACEMENT_3D('',#307,#308,#309);
#307 = CARTESIAN_POINT('',(49.40284480569,-136.1442214884,1.600028244856
    ));
#308 = DIRECTION('',(0.,0.,1.));
#309 = DIRECTION('',(-1.,-1.110223024625E-16,0.));
#310 = ORIENTED_EDGE('',*,*,#261,.F.);
#311 = ORIENTED_EDGE('',*,*,#312,.F.);
#312 = EDGE_CURVE('',#281,#262,#313,.T.);
#313 = CIRCLE('',#314,0.635001270003);
#314 = AXIS2_PLACEMENT_3D('',#315,#316,#317);
#315 = CARTESIAN_POINT('',(49.40284480569,-136.1442214884,0.));
#316 = DIRECTION('',(0.,0.,1.));
#317 = DIRECTION('',(-1.,-1.110223024625E-16,0.));
#318 = CYLINDRICAL_SURFACE('',#319,0.635001270003);
#319 = AXIS2_PLACEMENT_3D('',#320,#321,#322);
#320 = CARTESIAN_POINT('',(49.40284480569,-136.1442214884,0.));
#321 = DIRECTION('',(-0.,-0.,-1.));
#322 = DIRECTION('',(-1.,-1.110223024625E-16,0.));
#323 = ADVANCED_FACE('',(#324),#360,.F.);
#324 = FACE_BOUND('',#325,.T.);
#325 = EDGE_LOOP('',(#326,#336,#345,#353));
#326 = ORIENTED_EDGE('',*,*,#327,.T.);
#327 = EDGE_CURVE('',#328,#330,#332,.T.);
#328 = VERTEX_POINT('',#329);
#329 = CARTESIAN_POINT('',(50.800101600203,-113.1633223266,0.));
#330 = VERTEX_POINT('',#331);
#331 = CARTESIAN_POINT('',(50.800101600203,-113.1633223266,
    1.600028244856));
#332 = LINE('',#333,#334);
#333 = CARTESIAN_POINT('',(50.800101600203,-113.1633223266,0.));
#334 = VECTOR('',#335,1.);
#335 = DIRECTION('',(0.,0.,1.));
#336 = ORIENTED_EDGE('',*,*,#337,.T.);
#337 = EDGE_CURVE('',#330,#338,#340,.T.);
#338 = VERTEX_POINT('',#339);
#339 = CARTESIAN_POINT('',(49.530099060198,-113.1633223266,
    1.600028244856));
#340 = CIRCLE('',#341,0.635001270003);
#341 = AXIS2_PLACEMENT_3D('',#342,#343,#344);
#342 = CARTESIAN_POINT('',(50.165100330201,-113.1633223266,
    1.600028244856));
#343 = DIRECTION('',(0.,0.,1.));
#344 = DIRECTION('',(1.,1.110223024625E-16,-0.));
#345 = ORIENTED_EDGE('',*,*,#346,.F.);
#346 = EDGE_CURVE('',#347,#338,#349,.T.);
#347 = VERTEX_POINT('',#348);
#348 = CARTESIAN_POINT('',(49.530099060198,-113.1633223266,0.));
#349 = LINE('',#350,#351);
#350 = CARTESIAN_POINT('',(49.530099060198,-113.1633223266,0.));
#351 = VECTOR('',#352,1.);
#352 = DIRECTION('',(0.,0.,1.));
#353 = ORIENTED_EDGE('',*,*,#354,.F.);
#354 = EDGE_CURVE('',#328,#347,#355,.T.);
#355 = CIRCLE('',#356,0.635001270003);
#356 = AXIS2_PLACEMENT_3D('',#357,#358,#359);
#357 = CARTESIAN_POINT('',(50.165100330201,-113.1633223266,0.));
#358 = DIRECTION('',(0.,0.,1.));
#359 = DIRECTION('',(1.,1.110223024625E-16,-0.));
#360 = CYLINDRICAL_SURFACE('',#361,0.635001270003);
#361 = AXIS2_PLACEMENT_3D('',#362,#363,#364);
#362 = CARTESIAN_POINT('',(50.165100330201,-113.1633223266,0.));
#363 = DIRECTION('',(-0.,-0.,-1.));
#364 = DIRECTION('',(1.,1.110223024625E-16,-0.));
#365 = ADVANCED_FACE('',(#366),#384,.F.);
#366 = FACE_BOUND('',#367,.T.);
#367 = EDGE_LOOP('',(#368,#369,#376,#377));
#368 = ORIENTED_EDGE('',*,*,#346,.T.);
#369 = ORIENTED_EDGE('',*,*,#370,.T.);
#370 = EDGE_CURVE('',#338,#330,#371,.T.);
#371 = CIRCLE('',#372,0.635001270003);
#372 = AXIS2_PLACEMENT_3D('',#373,#374,#375);
#373 = CARTESIAN_POINT('',(50.165100330201,-113.1633223266,
    1.600028244856));
#374 = DIRECTION('',(0.,0.,1.));
#375 = DIRECTION('',(-1.,-1.110223024625E-16,0.));
#376 = ORIENTED_EDGE('',*,*,#327,.F.);
#377 = ORIENTED_EDGE('',*,*,#378,.F.);
#378 = EDGE_CURVE('',#347,#328,#379,.T.);
#379 = CIRCLE('',#380,0.635001270003);
#380 = AXIS2_PLACEMENT_3D('',#381,#382,#383);
#381 = CARTESIAN_POINT('',(50.165100330201,-113.1633223266,0.));
#382 = DIRECTION('',(0.,0.,1.));
#383 = DIRECTION('',(-1.,-1.110223024625E-16,0.));
#384 = CYLINDRICAL_SURFACE('',#385,0.635001270003);
#385 = AXIS2_PLACEMENT_3D('',#386,#387,#388);
#386 = CARTESIAN_POINT('',(50.165100330201,-113.1633223266,0.));
#387 = DIRECTION('',(-0.,-0.,-1.));
#388 = DIRECTION('',(-1.,-1.110223024625E-16,0.));
#389 = ADVANCED_FACE('',(#390),#426,.F.);
#390 = FACE_BOUND('',#391,.T.);
#391 = EDGE_LOOP('',(#392,#402,#411,#419));
#392 = ORIENTED_EDGE('',*,*,#393,.T.);
#393 = EDGE_CURVE('',#394,#396,#398,.T.);
#394 = VERTEX_POINT('',#395);
#395 = CARTESIAN_POINT('',(50.800101600203,-115.7033274066,0.));
#396 = VERTEX_POINT('',#397);
#397 = CARTESIAN_POINT('',(50.800101600203,-115.7033274066,
    1.600028244856));
#398 = LINE('',#399,#400);
#399 = CARTESIAN_POINT('',(50.800101600203,-115.7033274066,0.));
#400 = VECTOR('',#401,1.);
#401 = DIRECTION('',(0.,0.,1.));
#402 = ORIENTED_EDGE('',*,*,#403,.T.);
#403 = EDGE_CURVE('',#396,#404,#406,.T.);
#404 = VERTEX_POINT('',#405);
#405 = CARTESIAN_POINT('',(49.530099060198,-115.7033274066,
    1.600028244856));
#406 = CIRCLE('',#407,0.635001270003);
#407 = AXIS2_PLACEMENT_3D('',#408,#409,#410);
#408 = CARTESIAN_POINT('',(50.165100330201,-115.7033274066,
    1.600028244856));
#409 = DIRECTION('',(0.,0.,1.));
#410 = DIRECTION('',(1.,1.110223024625E-16,-0.));
#411 = ORIENTED_EDGE('',*,*,#412,.F.);
#412 = EDGE_CURVE('',#413,#404,#415,.T.);
#413 = VERTEX_POINT('',#414);
#414 = CARTESIAN_POINT('',(49.530099060198,-115.7033274066,0.));
#415 = LINE('',#416,#417);
#416 = CARTESIAN_POINT('',(49.530099060198,-115.7033274066,0.));
#417 = VECTOR('',#418,1.);
#418 = DIRECTION('',(0.,0.,1.));
#419 = ORIENTED_EDGE('',*,*,#420,.F.);
#420 = EDGE_CURVE('',#394,#413,#421,.T.);
#421 = CIRCLE('',#422,0.635001270003);
#422 = AXIS2_PLACEMENT_3D('',#423,#424,#425);
#423 = CARTESIAN_POINT('',(50.165100330201,-115.7033274066,0.));
#424 = DIRECTION('',(0.,0.,1.));
#425 = DIRECTION('',(1.,1.110223024625E-16,-0.));
#426 = CYLINDRICAL_SURFACE('',#427,0.635001270003);
#427 = AXIS2_PLACEMENT_3D('',#428,#429,#430);
#428 = CARTESIAN_POINT('',(50.165100330201,-115.7033274066,0.));
#429 = DIRECTION('',(-0.,-0.,-1.));
#430 = DIRECTION('',(1.,1.110223024625E-16,-0.));
#431 = ADVANCED_FACE('',(#432),#450,.F.);
#432 = FACE_BOUND('',#433,.T.);
#433 = EDGE_LOOP('',(#434,#435,#442,#443));
#434 = ORIENTED_EDGE('',*,*,#412,.T.);
#435 = ORIENTED_EDGE('',*,*,#436,.T.);
#436 = EDGE_CURVE('',#404,#396,#437,.T.);
#437 = CIRCLE('',#438,0.635001270003);
#438 = AXIS2_PLACEMENT_3D('',#439,#440,#441);
#439 = CARTESIAN_POINT('',(50.165100330201,-115.7033274066,
    1.600028244856));
#440 = DIRECTION('',(0.,0.,1.));
#441 = DIRECTION('',(-1.,-1.110223024625E-16,0.));
#442 = ORIENTED_EDGE('',*,*,#393,.F.);
#443 = ORIENTED_EDGE('',*,*,#444,.F.);
#444 = EDGE_CURVE('',#413,#394,#445,.T.);
#445 = CIRCLE('',#446,0.635001270003);
#446 = AXIS2_PLACEMENT_3D('',#447,#448,#449);
#447 = CARTESIAN_POINT('',(50.165100330201,-115.7033274066,0.));
#448 = DIRECTION('',(0.,0.,1.));
#449 = DIRECTION('',(-1.,-1.110223024625E-16,0.));
#450 = CYLINDRICAL_SURFACE('',#451,0.635001270003);
#451 = AXIS2_PLACEMENT_3D('',#452,#453,#454);
#452 = CARTESIAN_POINT('',(50.165100330201,-115.7033274066,0.));
#453 = DIRECTION('',(-0.,-0.,-1.));
#454 = DIRECTION('',(-1.,-1.110223024625E-16,0.));
#455 = ADVANCED_FACE('',(#456),#492,.F.);
#456 = FACE_BOUND('',#457,.T.);
#457 = EDGE_LOOP('',(#458,#468,#477,#485));
#458 = ORIENTED_EDGE('',*,*,#459,.T.);
#459 = EDGE_CURVE('',#460,#462,#464,.T.);
#460 = VERTEX_POINT('',#461);
#461 = CARTESIAN_POINT('',(50.800101600203,-118.2433324866,0.));
#462 = VERTEX_POINT('',#463);
#463 = CARTESIAN_POINT('',(50.800101600203,-118.2433324866,
    1.600028244856));
#464 = LINE('',#465,#466);
#465 = CARTESIAN_POINT('',(50.800101600203,-118.2433324866,0.));
#466 = VECTOR('',#467,1.);
#467 = DIRECTION('',(0.,0.,1.));
#468 = ORIENTED_EDGE('',*,*,#469,.T.);
#469 = EDGE_CURVE('',#462,#470,#472,.T.);
#470 = VERTEX_POINT('',#471);
#471 = CARTESIAN_POINT('',(49.530099060198,-118.2433324866,
    1.600028244856));
#472 = CIRCLE('',#473,0.635001270003);
#473 = AXIS2_PLACEMENT_3D('',#474,#475,#476);
#474 = CARTESIAN_POINT('',(50.165100330201,-118.2433324866,
    1.600028244856));
#475 = DIRECTION('',(0.,0.,1.));
#476 = DIRECTION('',(1.,1.110223024625E-16,-0.));
#477 = ORIENTED_EDGE('',*,*,#478,.F.);
#478 = EDGE_CURVE('',#479,#470,#481,.T.);
#479 = VERTEX_POINT('',#480);
#480 = CARTESIAN_POINT('',(49.530099060198,-118.2433324866,0.));
#481 = LINE('',#482,#483);
#482 = CARTESIAN_POINT('',(49.530099060198,-118.2433324866,0.));
#483 = VECTOR('',#484,1.);
#484 = DIRECTION('',(0.,0.,1.));
#485 = ORIENTED_EDGE('',*,*,#486,.F.);
#486 = EDGE_CURVE('',#460,#479,#487,.T.);
#487 = CIRCLE('',#488,0.635001270003);
#488 = AXIS2_PLACEMENT_3D('',#489,#490,#491);
#489 = CARTESIAN_POINT('',(50.165100330201,-118.2433324866,0.));
#490 = DIRECTION('',(0.,0.,1.));
#491 = DIRECTION('',(1.,1.110223024625E-16,-0.));
#492 = CYLINDRICAL_SURFACE('',#493,0.635001270003);
#493 = AXIS2_PLACEMENT_3D('',#494,#495,#496);
#494 = CARTESIAN_POINT('',(50.165100330201,-118.2433324866,0.));
#495 = DIRECTION('',(-0.,-0.,-1.));
#496 = DIRECTION('',(1.,1.110223024625E-16,-0.));
#497 = ADVANCED_FACE('',(#498),#516,.F.);
#498 = FACE_BOUND('',#499,.T.);
#499 = EDGE_LOOP('',(#500,#501,#508,#509));
#500 = ORIENTED_EDGE('',*,*,#478,.T.);
#501 = ORIENTED_EDGE('',*,*,#502,.T.);
#502 = EDGE_CURVE('',#470,#462,#503,.T.);
#503 = CIRCLE('',#504,0.635001270003);
#504 = AXIS2_PLACEMENT_3D('',#505,#506,#507);
#505 = CARTESIAN_POINT('',(50.165100330201,-118.2433324866,
    1.600028244856));
#506 = DIRECTION('',(0.,0.,1.));
#507 = DIRECTION('',(-1.,-1.110223024625E-16,0.));
#508 = ORIENTED_EDGE('',*,*,#459,.F.);
#509 = ORIENTED_EDGE('',*,*,#510,.F.);
#510 = EDGE_CURVE('',#479,#460,#511,.T.);
#511 = CIRCLE('',#512,0.635001270003);
#512 = AXIS2_PLACEMENT_3D('',#513,#514,#515);
#513 = CARTESIAN_POINT('',(50.165100330201,-118.2433324866,0.));
#514 = DIRECTION('',(0.,0.,1.));
#515 = DIRECTION('',(-1.,-1.110223024625E-16,0.));
#516 = CYLINDRICAL_SURFACE('',#517,0.635001270003);
#517 = AXIS2_PLACEMENT_3D('',#518,#519,#520);
#518 = CARTESIAN_POINT('',(50.165100330201,-118.2433324866,0.));
#519 = DIRECTION('',(-0.,-0.,-1.));
#520 = DIRECTION('',(-1.,-1.110223024625E-16,0.));
#521 = ADVANCED_FACE('',(#522),#558,.F.);
#522 = FACE_BOUND('',#523,.T.);
#523 = EDGE_LOOP('',(#524,#534,#543,#551));
#524 = ORIENTED_EDGE('',*,*,#525,.T.);
#525 = EDGE_CURVE('',#526,#528,#530,.T.);
#526 = VERTEX_POINT('',#527);
#527 = CARTESIAN_POINT('',(50.800101600203,-120.7833375666,0.));
#528 = VERTEX_POINT('',#529);
#529 = CARTESIAN_POINT('',(50.800101600203,-120.7833375666,
    1.600028244856));
#530 = LINE('',#531,#532);
#531 = CARTESIAN_POINT('',(50.800101600203,-120.7833375666,0.));
#532 = VECTOR('',#533,1.);
#533 = DIRECTION('',(0.,0.,1.));
#534 = ORIENTED_EDGE('',*,*,#535,.T.);
#535 = EDGE_CURVE('',#528,#536,#538,.T.);
#536 = VERTEX_POINT('',#537);
#537 = CARTESIAN_POINT('',(49.530099060198,-120.7833375666,
    1.600028244856));
#538 = CIRCLE('',#539,0.635001270003);
#539 = AXIS2_PLACEMENT_3D('',#540,#541,#542);
#540 = CARTESIAN_POINT('',(50.165100330201,-120.7833375666,
    1.600028244856));
#541 = DIRECTION('',(0.,0.,1.));
#542 = DIRECTION('',(1.,1.110223024625E-16,-0.));
#543 = ORIENTED_EDGE('',*,*,#544,.F.);
#544 = EDGE_CURVE('',#545,#536,#547,.T.);
#545 = VERTEX_POINT('',#546);
#546 = CARTESIAN_POINT('',(49.530099060198,-120.7833375666,0.));
#547 = LINE('',#548,#549);
#548 = CARTESIAN_POINT('',(49.530099060198,-120.7833375666,0.));
#549 = VECTOR('',#550,1.);
#550 = DIRECTION('',(0.,0.,1.));
#551 = ORIENTED_EDGE('',*,*,#552,.F.);
#552 = EDGE_CURVE('',#526,#545,#553,.T.);
#553 = CIRCLE('',#554,0.635001270003);
#554 = AXIS2_PLACEMENT_3D('',#555,#556,#557);
#555 = CARTESIAN_POINT('',(50.165100330201,-120.7833375666,0.));
#556 = DIRECTION('',(0.,0.,1.));
#557 = DIRECTION('',(1.,1.110223024625E-16,-0.));
#558 = CYLINDRICAL_SURFACE('',#559,0.635001270003);
#559 = AXIS2_PLACEMENT_3D('',#560,#561,#562);
#560 = CARTESIAN_POINT('',(50.165100330201,-120.7833375666,0.));
#561 = DIRECTION('',(-0.,-0.,-1.));
#562 = DIRECTION('',(1.,1.110223024625E-16,-0.));
#563 = ADVANCED_FACE('',(#564),#582,.F.);
#564 = FACE_BOUND('',#565,.T.);
#565 = EDGE_LOOP('',(#566,#567,#574,#575));
#566 = ORIENTED_EDGE('',*,*,#544,.T.);
#567 = ORIENTED_EDGE('',*,*,#568,.T.);
#568 = EDGE_CURVE('',#536,#528,#569,.T.);
#569 = CIRCLE('',#570,0.635001270003);
#570 = AXIS2_PLACEMENT_3D('',#571,#572,#573);
#571 = CARTESIAN_POINT('',(50.165100330201,-120.7833375666,
    1.600028244856));
#572 = DIRECTION('',(0.,0.,1.));
#573 = DIRECTION('',(-1.,-1.110223024625E-16,0.));
#574 = ORIENTED_EDGE('',*,*,#525,.F.);
#575 = ORIENTED_EDGE('',*,*,#576,.F.);
#576 = EDGE_CURVE('',#545,#526,#577,.T.);
#577 = CIRCLE('',#578,0.635001270003);
#578 = AXIS2_PLACEMENT_3D('',#579,#580,#581);
#579 = CARTESIAN_POINT('',(50.165100330201,-120.7833375666,0.));
#580 = DIRECTION('',(0.,0.,1.));
#581 = DIRECTION('',(-1.,-1.110223024625E-16,0.));
#582 = CYLINDRICAL_SURFACE('',#583,0.635001270003);
#583 = AXIS2_PLACEMENT_3D('',#584,#585,#586);
#584 = CARTESIAN_POINT('',(50.165100330201,-120.7833375666,0.));
#585 = DIRECTION('',(-0.,-0.,-1.));
#586 = DIRECTION('',(-1.,-1.110223024625E-16,0.));
#587 = ADVANCED_FACE('',(#588),#624,.F.);
#588 = FACE_BOUND('',#589,.T.);
#589 = EDGE_LOOP('',(#590,#600,#609,#617));
#590 = ORIENTED_EDGE('',*,*,#591,.T.);
#591 = EDGE_CURVE('',#592,#594,#596,.T.);
#592 = VERTEX_POINT('',#593);
#593 = CARTESIAN_POINT('',(50.800101600203,-123.3233426466,0.));
#594 = VERTEX_POINT('',#595);
#595 = CARTESIAN_POINT('',(50.800101600203,-123.3233426466,
    1.600028244856));
#596 = LINE('',#597,#598);
#597 = CARTESIAN_POINT('',(50.800101600203,-123.3233426466,0.));
#598 = VECTOR('',#599,1.);
#599 = DIRECTION('',(0.,0.,1.));
#600 = ORIENTED_EDGE('',*,*,#601,.T.);
#601 = EDGE_CURVE('',#594,#602,#604,.T.);
#602 = VERTEX_POINT('',#603);
#603 = CARTESIAN_POINT('',(49.530099060198,-123.3233426466,
    1.600028244856));
#604 = CIRCLE('',#605,0.635001270003);
#605 = AXIS2_PLACEMENT_3D('',#606,#607,#608);
#606 = CARTESIAN_POINT('',(50.165100330201,-123.3233426466,
    1.600028244856));
#607 = DIRECTION('',(0.,0.,1.));
#608 = DIRECTION('',(1.,1.110223024625E-16,-0.));
#609 = ORIENTED_EDGE('',*,*,#610,.F.);
#610 = EDGE_CURVE('',#611,#602,#613,.T.);
#611 = VERTEX_POINT('',#612);
#612 = CARTESIAN_POINT('',(49.530099060198,-123.3233426466,0.));
#613 = LINE('',#614,#615);
#614 = CARTESIAN_POINT('',(49.530099060198,-123.3233426466,0.));
#615 = VECTOR('',#616,1.);
#616 = DIRECTION('',(0.,0.,1.));
#617 = ORIENTED_EDGE('',*,*,#618,.F.);
#618 = EDGE_CURVE('',#592,#611,#619,.T.);
#619 = CIRCLE('',#620,0.635001270003);
#620 = AXIS2_PLACEMENT_3D('',#621,#622,#623);
#621 = CARTESIAN_POINT('',(50.165100330201,-123.3233426466,0.));
#622 = DIRECTION('',(0.,0.,1.));
#623 = DIRECTION('',(1.,1.110223024625E-16,-0.));
#624 = CYLINDRICAL_SURFACE('',#625,0.635001270003);
#625 = AXIS2_PLACEMENT_3D('',#626,#627,#628);
#626 = CARTESIAN_POINT('',(50.165100330201,-123.3233426466,0.));
#627 = DIRECTION('',(-0.,-0.,-1.));
#628 = DIRECTION('',(1.,1.110223024625E-16,-0.));
#629 = ADVANCED_FACE('',(#630),#648,.F.);
#630 = FACE_BOUND('',#631,.T.);
#631 = EDGE_LOOP('',(#632,#633,#640,#641));
#632 = ORIENTED_EDGE('',*,*,#610,.T.);
#633 = ORIENTED_EDGE('',*,*,#634,.T.);
#634 = EDGE_CURVE('',#602,#594,#635,.T.);
#635 = CIRCLE('',#636,0.635001270003);
#636 = AXIS2_PLACEMENT_3D('',#637,#638,#639);
#637 = CARTESIAN_POINT('',(50.165100330201,-123.3233426466,
    1.600028244856));
#638 = DIRECTION('',(0.,0.,1.));
#639 = DIRECTION('',(-1.,-1.110223024625E-16,0.));
#640 = ORIENTED_EDGE('',*,*,#591,.F.);
#641 = ORIENTED_EDGE('',*,*,#642,.F.);
#642 = EDGE_CURVE('',#611,#592,#643,.T.);
#643 = CIRCLE('',#644,0.635001270003);
#644 = AXIS2_PLACEMENT_3D('',#645,#646,#647);
#645 = CARTESIAN_POINT('',(50.165100330201,-123.3233426466,0.));
#646 = DIRECTION('',(0.,0.,1.));
#647 = DIRECTION('',(-1.,-1.110223024625E-16,0.));
#648 = CYLINDRICAL_SURFACE('',#649,0.635001270003);
#649 = AXIS2_PLACEMENT_3D('',#650,#651,#652);
#650 = CARTESIAN_POINT('',(50.165100330201,-123.3233426466,0.));
#651 = DIRECTION('',(-0.,-0.,-1.));
#652 = DIRECTION('',(-1.,-1.110223024625E-16,0.));
#653 = ADVANCED_FACE('',(#654),#690,.F.);
#654 = FACE_BOUND('',#655,.T.);
#655 = EDGE_LOOP('',(#656,#666,#675,#683));
#656 = ORIENTED_EDGE('',*,*,#657,.T.);
#657 = EDGE_CURVE('',#658,#660,#662,.T.);
#658 = VERTEX_POINT('',#659);
#659 = CARTESIAN_POINT('',(50.800101600203,-125.8633477266,0.));
#660 = VERTEX_POINT('',#661);
#661 = CARTESIAN_POINT('',(50.800101600203,-125.8633477266,
    1.600028244856));
#662 = LINE('',#663,#664);
#663 = CARTESIAN_POINT('',(50.800101600203,-125.8633477266,0.));
#664 = VECTOR('',#665,1.);
#665 = DIRECTION('',(0.,0.,1.));
#666 = ORIENTED_EDGE('',*,*,#667,.T.);
#667 = EDGE_CURVE('',#660,#668,#670,.T.);
#668 = VERTEX_POINT('',#669);
#669 = CARTESIAN_POINT('',(49.530099060198,-125.8633477266,
    1.600028244856));
#670 = CIRCLE('',#671,0.635001270003);
#671 = AXIS2_PLACEMENT_3D('',#672,#673,#674);
#672 = CARTESIAN_POINT('',(50.165100330201,-125.8633477266,
    1.600028244856));
#673 = DIRECTION('',(0.,0.,1.));
#674 = DIRECTION('',(1.,1.110223024625E-16,-0.));
#675 = ORIENTED_EDGE('',*,*,#676,.F.);
#676 = EDGE_CURVE('',#677,#668,#679,.T.);
#677 = VERTEX_POINT('',#678);
#678 = CARTESIAN_POINT('',(49.530099060198,-125.8633477266,0.));
#679 = LINE('',#680,#681);
#680 = CARTESIAN_POINT('',(49.530099060198,-125.8633477266,0.));
#681 = VECTOR('',#682,1.);
#682 = DIRECTION('',(0.,0.,1.));
#683 = ORIENTED_EDGE('',*,*,#684,.F.);
#684 = EDGE_CURVE('',#658,#677,#685,.T.);
#685 = CIRCLE('',#686,0.635001270003);
#686 = AXIS2_PLACEMENT_3D('',#687,#688,#689);
#687 = CARTESIAN_POINT('',(50.165100330201,-125.8633477266,0.));
#688 = DIRECTION('',(0.,0.,1.));
#689 = DIRECTION('',(1.,1.110223024625E-16,-0.));
#690 = CYLINDRICAL_SURFACE('',#691,0.635001270003);
#691 = AXIS2_PLACEMENT_3D('',#692,#693,#694);
#692 = CARTESIAN_POINT('',(50.165100330201,-125.8633477266,0.));
#693 = DIRECTION('',(-0.,-0.,-1.));
#694 = DIRECTION('',(1.,1.110223024625E-16,-0.));
#695 = ADVANCED_FACE('',(#696),#714,.F.);
#696 = FACE_BOUND('',#697,.T.);
#697 = EDGE_LOOP('',(#698,#699,#706,#707));
#698 = ORIENTED_EDGE('',*,*,#676,.T.);
#699 = ORIENTED_EDGE('',*,*,#700,.T.);
#700 = EDGE_CURVE('',#668,#660,#701,.T.);
#701 = CIRCLE('',#702,0.635001270003);
#702 = AXIS2_PLACEMENT_3D('',#703,#704,#705);
#703 = CARTESIAN_POINT('',(50.165100330201,-125.8633477266,
    1.600028244856));
#704 = DIRECTION('',(0.,0.,1.));
#705 = DIRECTION('',(-1.,-1.110223024625E-16,0.));
#706 = ORIENTED_EDGE('',*,*,#657,.F.);
#707 = ORIENTED_EDGE('',*,*,#708,.F.);
#708 = EDGE_CURVE('',#677,#658,#709,.T.);
#709 = CIRCLE('',#710,0.635001270003);
#710 = AXIS2_PLACEMENT_3D('',#711,#712,#713);
#711 = CARTESIAN_POINT('',(50.165100330201,-125.8633477266,0.));
#712 = DIRECTION('',(0.,0.,1.));
#713 = DIRECTION('',(-1.,-1.110223024625E-16,0.));
#714 = CYLINDRICAL_SURFACE('',#715,0.635001270003);
#715 = AXIS2_PLACEMENT_3D('',#716,#717,#718);
#716 = CARTESIAN_POINT('',(50.165100330201,-125.8633477266,0.));
#717 = DIRECTION('',(-0.,-0.,-1.));
#718 = DIRECTION('',(-1.,-1.110223024625E-16,0.));
#719 = ADVANCED_FACE('',(#720),#756,.F.);
#720 = FACE_BOUND('',#721,.T.);
#721 = EDGE_LOOP('',(#722,#732,#741,#749));
#722 = ORIENTED_EDGE('',*,*,#723,.T.);
#723 = EDGE_CURVE('',#724,#726,#728,.T.);
#724 = VERTEX_POINT('',#725);
#725 = CARTESIAN_POINT('',(50.800101600203,-128.4033528067,0.));
#726 = VERTEX_POINT('',#727);
#727 = CARTESIAN_POINT('',(50.800101600203,-128.4033528067,
    1.600028244856));
#728 = LINE('',#729,#730);
#729 = CARTESIAN_POINT('',(50.800101600203,-128.4033528067,0.));
#730 = VECTOR('',#731,1.);
#731 = DIRECTION('',(0.,0.,1.));
#732 = ORIENTED_EDGE('',*,*,#733,.T.);
#733 = EDGE_CURVE('',#726,#734,#736,.T.);
#734 = VERTEX_POINT('',#735);
#735 = CARTESIAN_POINT('',(49.530099060198,-128.4033528067,
    1.600028244856));
#736 = CIRCLE('',#737,0.635001270003);
#737 = AXIS2_PLACEMENT_3D('',#738,#739,#740);
#738 = CARTESIAN_POINT('',(50.165100330201,-128.4033528067,
    1.600028244856));
#739 = DIRECTION('',(0.,0.,1.));
#740 = DIRECTION('',(1.,1.110223024625E-16,-0.));
#741 = ORIENTED_EDGE('',*,*,#742,.F.);
#742 = EDGE_CURVE('',#743,#734,#745,.T.);
#743 = VERTEX_POINT('',#744);
#744 = CARTESIAN_POINT('',(49.530099060198,-128.4033528067,0.));
#745 = LINE('',#746,#747);
#746 = CARTESIAN_POINT('',(49.530099060198,-128.4033528067,0.));
#747 = VECTOR('',#748,1.);
#748 = DIRECTION('',(0.,0.,1.));
#749 = ORIENTED_EDGE('',*,*,#750,.F.);
#750 = EDGE_CURVE('',#724,#743,#751,.T.);
#751 = CIRCLE('',#752,0.635001270003);
#752 = AXIS2_PLACEMENT_3D('',#753,#754,#755);
#753 = CARTESIAN_POINT('',(50.165100330201,-128.4033528067,0.));
#754 = DIRECTION('',(0.,0.,1.));
#755 = DIRECTION('',(1.,1.110223024625E-16,-0.));
#756 = CYLINDRICAL_SURFACE('',#757,0.635001270003);
#757 = AXIS2_PLACEMENT_3D('',#758,#759,#760);
#758 = CARTESIAN_POINT('',(50.165100330201,-128.4033528067,0.));
#759 = DIRECTION('',(-0.,-0.,-1.));
#760 = DIRECTION('',(1.,1.110223024625E-16,-0.));
#761 = ADVANCED_FACE('',(#762),#780,.F.);
#762 = FACE_BOUND('',#763,.T.);
#763 = EDGE_LOOP('',(#764,#765,#772,#773));
#764 = ORIENTED_EDGE('',*,*,#742,.T.);
#765 = ORIENTED_EDGE('',*,*,#766,.T.);
#766 = EDGE_CURVE('',#734,#726,#767,.T.);
#767 = CIRCLE('',#768,0.635001270003);
#768 = AXIS2_PLACEMENT_3D('',#769,#770,#771);
#769 = CARTESIAN_POINT('',(50.165100330201,-128.4033528067,
    1.600028244856));
#770 = DIRECTION('',(0.,0.,1.));
#771 = DIRECTION('',(-1.,-1.110223024625E-16,0.));
#772 = ORIENTED_EDGE('',*,*,#723,.F.);
#773 = ORIENTED_EDGE('',*,*,#774,.F.);
#774 = EDGE_CURVE('',#743,#724,#775,.T.);
#775 = CIRCLE('',#776,0.635001270003);
#776 = AXIS2_PLACEMENT_3D('',#777,#778,#779);
#777 = CARTESIAN_POINT('',(50.165100330201,-128.4033528067,0.));
#778 = DIRECTION('',(0.,0.,1.));
#779 = DIRECTION('',(-1.,-1.110223024625E-16,0.));
#780 = CYLINDRICAL_SURFACE('',#781,0.635001270003);
#781 = AXIS2_PLACEMENT_3D('',#782,#783,#784);
#782 = CARTESIAN_POINT('',(50.165100330201,-128.4033528067,0.));
#783 = DIRECTION('',(-0.,-0.,-1.));
#784 = DIRECTION('',(-1.,-1.110223024625E-16,0.));
#785 = ADVANCED_FACE('',(#786),#822,.F.);
#786 = FACE_BOUND('',#787,.T.);
#787 = EDGE_LOOP('',(#788,#798,#807,#815));
#788 = ORIENTED_EDGE('',*,*,#789,.T.);
#789 = EDGE_CURVE('',#790,#792,#794,.T.);
#790 = VERTEX_POINT('',#791);
#791 = CARTESIAN_POINT('',(50.800101600203,-130.9433578867,0.));
#792 = VERTEX_POINT('',#793);
#793 = CARTESIAN_POINT('',(50.800101600203,-130.9433578867,
    1.600028244856));
#794 = LINE('',#795,#796);
#795 = CARTESIAN_POINT('',(50.800101600203,-130.9433578867,0.));
#796 = VECTOR('',#797,1.);
#797 = DIRECTION('',(0.,0.,1.));
#798 = ORIENTED_EDGE('',*,*,#799,.T.);
#799 = EDGE_CURVE('',#792,#800,#802,.T.);
#800 = VERTEX_POINT('',#801);
#801 = CARTESIAN_POINT('',(49.530099060198,-130.9433578867,
    1.600028244856));
#802 = CIRCLE('',#803,0.635001270003);
#803 = AXIS2_PLACEMENT_3D('',#804,#805,#806);
#804 = CARTESIAN_POINT('',(50.165100330201,-130.9433578867,
    1.600028244856));
#805 = DIRECTION('',(0.,0.,1.));
#806 = DIRECTION('',(1.,1.110223024625E-16,-0.));
#807 = ORIENTED_EDGE('',*,*,#808,.F.);
#808 = EDGE_CURVE('',#809,#800,#811,.T.);
#809 = VERTEX_POINT('',#810);
#810 = CARTESIAN_POINT('',(49.530099060198,-130.9433578867,0.));
#811 = LINE('',#812,#813);
#812 = CARTESIAN_POINT('',(49.530099060198,-130.9433578867,0.));
#813 = VECTOR('',#814,1.);
#814 = DIRECTION('',(0.,0.,1.));
#815 = ORIENTED_EDGE('',*,*,#816,.F.);
#816 = EDGE_CURVE('',#790,#809,#817,.T.);
#817 = CIRCLE('',#818,0.635001270003);
#818 = AXIS2_PLACEMENT_3D('',#819,#820,#821);
#819 = CARTESIAN_POINT('',(50.165100330201,-130.9433578867,0.));
#820 = DIRECTION('',(0.,0.,1.));
#821 = DIRECTION('',(1.,1.110223024625E-16,-0.));
#822 = CYLINDRICAL_SURFACE('',#823,0.635001270003);
#823 = AXIS2_PLACEMENT_3D('',#824,#825,#826);
#824 = CARTESIAN_POINT('',(50.165100330201,-130.9433578867,0.));
#825 = DIRECTION('',(-0.,-0.,-1.));
#826 = DIRECTION('',(1.,1.110223024625E-16,-0.));
#827 = ADVANCED_FACE('',(#828),#846,.F.);
#828 = FACE_BOUND('',#829,.T.);
#829 = EDGE_LOOP('',(#830,#831,#838,#839));
#830 = ORIENTED_EDGE('',*,*,#808,.T.);
#831 = ORIENTED_EDGE('',*,*,#832,.T.);
#832 = EDGE_CURVE('',#800,#792,#833,.T.);
#833 = CIRCLE('',#834,0.635001270003);
#834 = AXIS2_PLACEMENT_3D('',#835,#836,#837);
#835 = CARTESIAN_POINT('',(50.165100330201,-130.9433578867,
    1.600028244856));
#836 = DIRECTION('',(0.,0.,1.));
#837 = DIRECTION('',(-1.,-1.110223024625E-16,0.));
#838 = ORIENTED_EDGE('',*,*,#789,.F.);
#839 = ORIENTED_EDGE('',*,*,#840,.F.);
#840 = EDGE_CURVE('',#809,#790,#841,.T.);
#841 = CIRCLE('',#842,0.635001270003);
#842 = AXIS2_PLACEMENT_3D('',#843,#844,#845);
#843 = CARTESIAN_POINT('',(50.165100330201,-130.9433578867,0.));
#844 = DIRECTION('',(0.,0.,1.));
#845 = DIRECTION('',(-1.,-1.110223024625E-16,0.));
#846 = CYLINDRICAL_SURFACE('',#847,0.635001270003);
#847 = AXIS2_PLACEMENT_3D('',#848,#849,#850);
#848 = CARTESIAN_POINT('',(50.165100330201,-130.9433578867,0.));
#849 = DIRECTION('',(-0.,-0.,-1.));
#850 = DIRECTION('',(-1.,-1.110223024625E-16,0.));
#851 = ADVANCED_FACE('',(#852),#888,.F.);
#852 = FACE_BOUND('',#853,.T.);
#853 = EDGE_LOOP('',(#854,#864,#873,#881));
#854 = ORIENTED_EDGE('',*,*,#855,.T.);
#855 = EDGE_CURVE('',#856,#858,#860,.T.);
#856 = VERTEX_POINT('',#857);
#857 = CARTESIAN_POINT('',(51.808051816104,-155.5752603505,0.));
#858 = VERTEX_POINT('',#859);
#859 = CARTESIAN_POINT('',(51.808051816104,-155.5752603505,
    1.600028244856));
#860 = LINE('',#861,#862);
#861 = CARTESIAN_POINT('',(51.808051816104,-155.5752603505,0.));
#862 = VECTOR('',#863,1.);
#863 = DIRECTION('',(0.,0.,1.));
#864 = ORIENTED_EDGE('',*,*,#865,.T.);
#865 = EDGE_CURVE('',#858,#866,#868,.T.);
#866 = VERTEX_POINT('',#867);
#867 = CARTESIAN_POINT('',(50.808051816104,-155.5752603505,
    1.600028244856));
#868 = CIRCLE('',#869,0.5);
#869 = AXIS2_PLACEMENT_3D('',#870,#871,#872);
#870 = CARTESIAN_POINT('',(51.308051816104,-155.5752603505,
    1.600028244856));
#871 = DIRECTION('',(0.,0.,1.));
#872 = DIRECTION('',(1.,1.110223024625E-16,-0.));
#873 = ORIENTED_EDGE('',*,*,#874,.F.);
#874 = EDGE_CURVE('',#875,#866,#877,.T.);
#875 = VERTEX_POINT('',#876);
#876 = CARTESIAN_POINT('',(50.808051816104,-155.5752603505,0.));
#877 = LINE('',#878,#879);
#878 = CARTESIAN_POINT('',(50.808051816104,-155.5752603505,0.));
#879 = VECTOR('',#880,1.);
#880 = DIRECTION('',(0.,0.,1.));
#881 = ORIENTED_EDGE('',*,*,#882,.F.);
#882 = EDGE_CURVE('',#856,#875,#883,.T.);
#883 = CIRCLE('',#884,0.5);
#884 = AXIS2_PLACEMENT_3D('',#885,#886,#887);
#885 = CARTESIAN_POINT('',(51.308051816104,-155.5752603505,0.));
#886 = DIRECTION('',(0.,0.,1.));
#887 = DIRECTION('',(1.,1.110223024625E-16,-0.));
#888 = CYLINDRICAL_SURFACE('',#889,0.5);
#889 = AXIS2_PLACEMENT_3D('',#890,#891,#892);
#890 = CARTESIAN_POINT('',(51.308051816104,-155.5752603505,0.));
#891 = DIRECTION('',(-0.,-0.,-1.));
#892 = DIRECTION('',(1.,1.110223024625E-16,-0.));
#893 = ADVANCED_FACE('',(#894),#912,.F.);
#894 = FACE_BOUND('',#895,.T.);
#895 = EDGE_LOOP('',(#896,#897,#904,#905));
#896 = ORIENTED_EDGE('',*,*,#874,.T.);
#897 = ORIENTED_EDGE('',*,*,#898,.T.);
#898 = EDGE_CURVE('',#866,#858,#899,.T.);
#899 = CIRCLE('',#900,0.5);
#900 = AXIS2_PLACEMENT_3D('',#901,#902,#903);
#901 = CARTESIAN_POINT('',(51.308051816104,-155.5752603505,
    1.600028244856));
#902 = DIRECTION('',(0.,0.,1.));
#903 = DIRECTION('',(-1.,-1.110223024625E-16,0.));
#904 = ORIENTED_EDGE('',*,*,#855,.F.);
#905 = ORIENTED_EDGE('',*,*,#906,.F.);
#906 = EDGE_CURVE('',#875,#856,#907,.T.);
#907 = CIRCLE('',#908,0.5);
#908 = AXIS2_PLACEMENT_3D('',#909,#910,#911);
#909 = CARTESIAN_POINT('',(51.308051816104,-155.5752603505,0.));
#910 = DIRECTION('',(0.,0.,1.));
#911 = DIRECTION('',(-1.,-1.110223024625E-16,0.));
#912 = CYLINDRICAL_SURFACE('',#913,0.5);
#913 = AXIS2_PLACEMENT_3D('',#914,#915,#916);
#914 = CARTESIAN_POINT('',(51.308051816104,-155.5752603505,0.));
#915 = DIRECTION('',(-0.,-0.,-1.));
#916 = DIRECTION('',(-1.,-1.110223024625E-16,0.));
#917 = ADVANCED_FACE('',(#918),#954,.F.);
#918 = FACE_BOUND('',#919,.T.);
#919 = EDGE_LOOP('',(#920,#930,#939,#947));
#920 = ORIENTED_EDGE('',*,*,#921,.T.);
#921 = EDGE_CURVE('',#922,#924,#926,.T.);
#922 = VERTEX_POINT('',#923);
#923 = CARTESIAN_POINT('',(52.577851155702,-136.1443484886,0.));
#924 = VERTEX_POINT('',#925);
#925 = CARTESIAN_POINT('',(52.577851155702,-136.1443484886,
    1.600028244856));
#926 = LINE('',#927,#928);
#927 = CARTESIAN_POINT('',(52.577851155702,-136.1443484886,0.));
#928 = VECTOR('',#929,1.);
#929 = DIRECTION('',(0.,0.,1.));
#930 = ORIENTED_EDGE('',*,*,#931,.T.);
#931 = EDGE_CURVE('',#924,#932,#934,.T.);
#932 = VERTEX_POINT('',#933);
#933 = CARTESIAN_POINT('',(51.307848615697,-136.1443484886,
    1.600028244856));
#934 = CIRCLE('',#935,0.635001270003);
#935 = AXIS2_PLACEMENT_3D('',#936,#937,#938);
#936 = CARTESIAN_POINT('',(51.9428498857,-136.1443484886,1.600028244856)
  );
#937 = DIRECTION('',(0.,0.,1.));
#938 = DIRECTION('',(1.,1.110223024625E-16,-0.));
#939 = ORIENTED_EDGE('',*,*,#940,.F.);
#940 = EDGE_CURVE('',#941,#932,#943,.T.);
#941 = VERTEX_POINT('',#942);
#942 = CARTESIAN_POINT('',(51.307848615697,-136.1443484886,0.));
#943 = LINE('',#944,#945);
#944 = CARTESIAN_POINT('',(51.307848615697,-136.1443484886,0.));
#945 = VECTOR('',#946,1.);
#946 = DIRECTION('',(0.,0.,1.));
#947 = ORIENTED_EDGE('',*,*,#948,.F.);
#948 = EDGE_CURVE('',#922,#941,#949,.T.);
#949 = CIRCLE('',#950,0.635001270003);
#950 = AXIS2_PLACEMENT_3D('',#951,#952,#953);
#951 = CARTESIAN_POINT('',(51.9428498857,-136.1443484886,0.));
#952 = DIRECTION('',(0.,0.,1.));
#953 = DIRECTION('',(1.,1.110223024625E-16,-0.));
#954 = CYLINDRICAL_SURFACE('',#955,0.635001270003);
#955 = AXIS2_PLACEMENT_3D('',#956,#957,#958);
#956 = CARTESIAN_POINT('',(51.9428498857,-136.1443484886,0.));
#957 = DIRECTION('',(-0.,-0.,-1.));
#958 = DIRECTION('',(1.,1.110223024625E-16,-0.));
#959 = ADVANCED_FACE('',(#960),#978,.F.);
#960 = FACE_BOUND('',#961,.T.);
#961 = EDGE_LOOP('',(#962,#963,#970,#971));
#962 = ORIENTED_EDGE('',*,*,#940,.T.);
#963 = ORIENTED_EDGE('',*,*,#964,.T.);
#964 = EDGE_CURVE('',#932,#924,#965,.T.);
#965 = CIRCLE('',#966,0.635001270003);
#966 = AXIS2_PLACEMENT_3D('',#967,#968,#969);
#967 = CARTESIAN_POINT('',(51.9428498857,-136.1443484886,1.600028244856)
  );
#968 = DIRECTION('',(0.,0.,1.));
#969 = DIRECTION('',(-1.,-1.110223024625E-16,0.));
#970 = ORIENTED_EDGE('',*,*,#921,.F.);
#971 = ORIENTED_EDGE('',*,*,#972,.F.);
#972 = EDGE_CURVE('',#941,#922,#973,.T.);
#973 = CIRCLE('',#974,0.635001270003);
#974 = AXIS2_PLACEMENT_3D('',#975,#976,#977);
#975 = CARTESIAN_POINT('',(51.9428498857,-136.1443484886,0.));
#976 = DIRECTION('',(0.,0.,1.));
#977 = DIRECTION('',(-1.,-1.110223024625E-16,0.));
#978 = CYLINDRICAL_SURFACE('',#979,0.635001270003);
#979 = AXIS2_PLACEMENT_3D('',#980,#981,#982);
#980 = CARTESIAN_POINT('',(51.9428498857,-136.1443484886,0.));
#981 = DIRECTION('',(-0.,-0.,-1.));
#982 = DIRECTION('',(-1.,-1.110223024625E-16,0.));
#983 = ADVANCED_FACE('',(#984),#1020,.F.);
#984 = FACE_BOUND('',#985,.T.);
#985 = EDGE_LOOP('',(#986,#996,#1005,#1013));
#986 = ORIENTED_EDGE('',*,*,#987,.T.);
#987 = EDGE_CURVE('',#988,#990,#992,.T.);
#988 = VERTEX_POINT('',#989);
#989 = CARTESIAN_POINT('',(54.348056896114,-155.5752603505,0.));
#990 = VERTEX_POINT('',#991);
#991 = CARTESIAN_POINT('',(54.348056896114,-155.5752603505,
    1.600028244856));
#992 = LINE('',#993,#994);
#993 = CARTESIAN_POINT('',(54.348056896114,-155.5752603505,0.));
#994 = VECTOR('',#995,1.);
#995 = DIRECTION('',(0.,0.,1.));
#996 = ORIENTED_EDGE('',*,*,#997,.T.);
#997 = EDGE_CURVE('',#990,#998,#1000,.T.);
#998 = VERTEX_POINT('',#999);
#999 = CARTESIAN_POINT('',(53.348056896114,-155.5752603505,
    1.600028244856));
#1000 = CIRCLE('',#1001,0.5);
#1001 = AXIS2_PLACEMENT_3D('',#1002,#1003,#1004);
#1002 = CARTESIAN_POINT('',(53.848056896114,-155.5752603505,
    1.600028244856));
#1003 = DIRECTION('',(0.,0.,1.));
#1004 = DIRECTION('',(1.,1.110223024625E-16,-0.));
#1005 = ORIENTED_EDGE('',*,*,#1006,.F.);
#1006 = EDGE_CURVE('',#1007,#998,#1009,.T.);
#1007 = VERTEX_POINT('',#1008);
#1008 = CARTESIAN_POINT('',(53.348056896114,-155.5752603505,0.));
#1009 = LINE('',#1010,#1011);
#1010 = CARTESIAN_POINT('',(53.348056896114,-155.5752603505,0.));
#1011 = VECTOR('',#1012,1.);
#1012 = DIRECTION('',(0.,0.,1.));
#1013 = ORIENTED_EDGE('',*,*,#1014,.F.);
#1014 = EDGE_CURVE('',#988,#1007,#1015,.T.);
#1015 = CIRCLE('',#1016,0.5);
#1016 = AXIS2_PLACEMENT_3D('',#1017,#1018,#1019);
#1017 = CARTESIAN_POINT('',(53.848056896114,-155.5752603505,0.));
#1018 = DIRECTION('',(0.,0.,1.));
#1019 = DIRECTION('',(1.,1.110223024625E-16,-0.));
#1020 = CYLINDRICAL_SURFACE('',#1021,0.5);
#1021 = AXIS2_PLACEMENT_3D('',#1022,#1023,#1024);
#1022 = CARTESIAN_POINT('',(53.848056896114,-155.5752603505,0.));
#1023 = DIRECTION('',(-0.,-0.,-1.));
#1024 = DIRECTION('',(1.,1.110223024625E-16,-0.));
#1025 = ADVANCED_FACE('',(#1026),#1044,.F.);
#1026 = FACE_BOUND('',#1027,.T.);
#1027 = EDGE_LOOP('',(#1028,#1029,#1036,#1037));
#1028 = ORIENTED_EDGE('',*,*,#1006,.T.);
#1029 = ORIENTED_EDGE('',*,*,#1030,.T.);
#1030 = EDGE_CURVE('',#998,#990,#1031,.T.);
#1031 = CIRCLE('',#1032,0.5);
#1032 = AXIS2_PLACEMENT_3D('',#1033,#1034,#1035);
#1033 = CARTESIAN_POINT('',(53.848056896114,-155.5752603505,
    1.600028244856));
#1034 = DIRECTION('',(0.,0.,1.));
#1035 = DIRECTION('',(-1.,-1.110223024625E-16,0.));
#1036 = ORIENTED_EDGE('',*,*,#987,.F.);
#1037 = ORIENTED_EDGE('',*,*,#1038,.F.);
#1038 = EDGE_CURVE('',#1007,#988,#1039,.T.);
#1039 = CIRCLE('',#1040,0.5);
#1040 = AXIS2_PLACEMENT_3D('',#1041,#1042,#1043);
#1041 = CARTESIAN_POINT('',(53.848056896114,-155.5752603505,0.));
#1042 = DIRECTION('',(0.,0.,1.));
#1043 = DIRECTION('',(-1.,-1.110223024625E-16,0.));
#1044 = CYLINDRICAL_SURFACE('',#1045,0.5);
#1045 = AXIS2_PLACEMENT_3D('',#1046,#1047,#1048);
#1046 = CARTESIAN_POINT('',(53.848056896114,-155.5752603505,0.));
#1047 = DIRECTION('',(-0.,-0.,-1.));
#1048 = DIRECTION('',(-1.,-1.110223024625E-16,0.));
#1049 = ADVANCED_FACE('',(#1050),#1086,.F.);
#1050 = FACE_BOUND('',#1051,.T.);
#1051 = EDGE_LOOP('',(#1052,#1062,#1071,#1079));
#1052 = ORIENTED_EDGE('',*,*,#1053,.T.);
#1053 = EDGE_CURVE('',#1054,#1056,#1058,.T.);
#1054 = VERTEX_POINT('',#1055);
#1055 = CARTESIAN_POINT('',(55.117856235712,-136.1442468884,0.));
#1056 = VERTEX_POINT('',#1057);
#1057 = CARTESIAN_POINT('',(55.117856235712,-136.1442468884,
    1.600028244856));
#1058 = LINE('',#1059,#1060);
#1059 = CARTESIAN_POINT('',(55.117856235712,-136.1442468884,0.));
#1060 = VECTOR('',#1061,1.);
#1061 = DIRECTION('',(0.,0.,1.));
#1062 = ORIENTED_EDGE('',*,*,#1063,.T.);
#1063 = EDGE_CURVE('',#1056,#1064,#1066,.T.);
#1064 = VERTEX_POINT('',#1065);
#1065 = CARTESIAN_POINT('',(53.847853695707,-136.1442468884,
    1.600028244856));
#1066 = CIRCLE('',#1067,0.635001270003);
#1067 = AXIS2_PLACEMENT_3D('',#1068,#1069,#1070);
#1068 = CARTESIAN_POINT('',(54.48285496571,-136.1442468884,
    1.600028244856));
#1069 = DIRECTION('',(0.,0.,1.));
#1070 = DIRECTION('',(1.,1.110223024625E-16,-0.));
#1071 = ORIENTED_EDGE('',*,*,#1072,.F.);
#1072 = EDGE_CURVE('',#1073,#1064,#1075,.T.);
#1073 = VERTEX_POINT('',#1074);
#1074 = CARTESIAN_POINT('',(53.847853695707,-136.1442468884,0.));
#1075 = LINE('',#1076,#1077);
#1076 = CARTESIAN_POINT('',(53.847853695707,-136.1442468884,0.));
#1077 = VECTOR('',#1078,1.);
#1078 = DIRECTION('',(0.,0.,1.));
#1079 = ORIENTED_EDGE('',*,*,#1080,.F.);
#1080 = EDGE_CURVE('',#1054,#1073,#1081,.T.);
#1081 = CIRCLE('',#1082,0.635001270003);
#1082 = AXIS2_PLACEMENT_3D('',#1083,#1084,#1085);
#1083 = CARTESIAN_POINT('',(54.48285496571,-136.1442468884,0.));
#1084 = DIRECTION('',(0.,0.,1.));
#1085 = DIRECTION('',(1.,1.110223024625E-16,-0.));
#1086 = CYLINDRICAL_SURFACE('',#1087,0.635001270003);
#1087 = AXIS2_PLACEMENT_3D('',#1088,#1089,#1090);
#1088 = CARTESIAN_POINT('',(54.48285496571,-136.1442468884,0.));
#1089 = DIRECTION('',(-0.,-0.,-1.));
#1090 = DIRECTION('',(1.,1.110223024625E-16,-0.));
#1091 = ADVANCED_FACE('',(#1092),#1110,.F.);
#1092 = FACE_BOUND('',#1093,.T.);
#1093 = EDGE_LOOP('',(#1094,#1095,#1102,#1103));
#1094 = ORIENTED_EDGE('',*,*,#1072,.T.);
#1095 = ORIENTED_EDGE('',*,*,#1096,.T.);
#1096 = EDGE_CURVE('',#1064,#1056,#1097,.T.);
#1097 = CIRCLE('',#1098,0.635001270003);
#1098 = AXIS2_PLACEMENT_3D('',#1099,#1100,#1101);
#1099 = CARTESIAN_POINT('',(54.48285496571,-136.1442468884,
    1.600028244856));
#1100 = DIRECTION('',(0.,0.,1.));
#1101 = DIRECTION('',(-1.,-1.110223024625E-16,0.));
#1102 = ORIENTED_EDGE('',*,*,#1053,.F.);
#1103 = ORIENTED_EDGE('',*,*,#1104,.F.);
#1104 = EDGE_CURVE('',#1073,#1054,#1105,.T.);
#1105 = CIRCLE('',#1106,0.635001270003);
#1106 = AXIS2_PLACEMENT_3D('',#1107,#1108,#1109);
#1107 = CARTESIAN_POINT('',(54.48285496571,-136.1442468884,0.));
#1108 = DIRECTION('',(0.,0.,1.));
#1109 = DIRECTION('',(-1.,-1.110223024625E-16,0.));
#1110 = CYLINDRICAL_SURFACE('',#1111,0.635001270003);
#1111 = AXIS2_PLACEMENT_3D('',#1112,#1113,#1114);
#1112 = CARTESIAN_POINT('',(54.48285496571,-136.1442468884,0.));
#1113 = DIRECTION('',(-0.,-0.,-1.));
#1114 = DIRECTION('',(-1.,-1.110223024625E-16,0.));
#1115 = ADVANCED_FACE('',(#1116),#1152,.F.);
#1116 = FACE_BOUND('',#1117,.T.);
#1117 = EDGE_LOOP('',(#1118,#1128,#1137,#1145));
#1118 = ORIENTED_EDGE('',*,*,#1119,.T.);
#1119 = EDGE_CURVE('',#1120,#1122,#1124,.T.);
#1120 = VERTEX_POINT('',#1121);
#1121 = CARTESIAN_POINT('',(56.888061976124,-155.5752603505,0.));
#1122 = VERTEX_POINT('',#1123);
#1123 = CARTESIAN_POINT('',(56.888061976124,-155.5752603505,
    1.600028244856));
#1124 = LINE('',#1125,#1126);
#1125 = CARTESIAN_POINT('',(56.888061976124,-155.5752603505,0.));
#1126 = VECTOR('',#1127,1.);
#1127 = DIRECTION('',(0.,0.,1.));
#1128 = ORIENTED_EDGE('',*,*,#1129,.T.);
#1129 = EDGE_CURVE('',#1122,#1130,#1132,.T.);
#1130 = VERTEX_POINT('',#1131);
#1131 = CARTESIAN_POINT('',(55.888061976124,-155.5752603505,
    1.600028244856));
#1132 = CIRCLE('',#1133,0.5);
#1133 = AXIS2_PLACEMENT_3D('',#1134,#1135,#1136);
#1134 = CARTESIAN_POINT('',(56.388061976124,-155.5752603505,
    1.600028244856));
#1135 = DIRECTION('',(0.,0.,1.));
#1136 = DIRECTION('',(1.,1.110223024625E-16,-0.));
#1137 = ORIENTED_EDGE('',*,*,#1138,.F.);
#1138 = EDGE_CURVE('',#1139,#1130,#1141,.T.);
#1139 = VERTEX_POINT('',#1140);
#1140 = CARTESIAN_POINT('',(55.888061976124,-155.5752603505,0.));
#1141 = LINE('',#1142,#1143);
#1142 = CARTESIAN_POINT('',(55.888061976124,-155.5752603505,0.));
#1143 = VECTOR('',#1144,1.);
#1144 = DIRECTION('',(0.,0.,1.));
#1145 = ORIENTED_EDGE('',*,*,#1146,.F.);
#1146 = EDGE_CURVE('',#1120,#1139,#1147,.T.);
#1147 = CIRCLE('',#1148,0.5);
#1148 = AXIS2_PLACEMENT_3D('',#1149,#1150,#1151);
#1149 = CARTESIAN_POINT('',(56.388061976124,-155.5752603505,0.));
#1150 = DIRECTION('',(0.,0.,1.));
#1151 = DIRECTION('',(1.,1.110223024625E-16,-0.));
#1152 = CYLINDRICAL_SURFACE('',#1153,0.5);
#1153 = AXIS2_PLACEMENT_3D('',#1154,#1155,#1156);
#1154 = CARTESIAN_POINT('',(56.388061976124,-155.5752603505,0.));
#1155 = DIRECTION('',(-0.,-0.,-1.));
#1156 = DIRECTION('',(1.,1.110223024625E-16,-0.));
#1157 = ADVANCED_FACE('',(#1158),#1176,.F.);
#1158 = FACE_BOUND('',#1159,.T.);
#1159 = EDGE_LOOP('',(#1160,#1161,#1168,#1169));
#1160 = ORIENTED_EDGE('',*,*,#1138,.T.);
#1161 = ORIENTED_EDGE('',*,*,#1162,.T.);
#1162 = EDGE_CURVE('',#1130,#1122,#1163,.T.);
#1163 = CIRCLE('',#1164,0.5);
#1164 = AXIS2_PLACEMENT_3D('',#1165,#1166,#1167);
#1165 = CARTESIAN_POINT('',(56.388061976124,-155.5752603505,
    1.600028244856));
#1166 = DIRECTION('',(0.,0.,1.));
#1167 = DIRECTION('',(-1.,-1.110223024625E-16,0.));
#1168 = ORIENTED_EDGE('',*,*,#1119,.F.);
#1169 = ORIENTED_EDGE('',*,*,#1170,.F.);
#1170 = EDGE_CURVE('',#1139,#1120,#1171,.T.);
#1171 = CIRCLE('',#1172,0.5);
#1172 = AXIS2_PLACEMENT_3D('',#1173,#1174,#1175);
#1173 = CARTESIAN_POINT('',(56.388061976124,-155.5752603505,0.));
#1174 = DIRECTION('',(0.,0.,1.));
#1175 = DIRECTION('',(-1.,-1.110223024625E-16,0.));
#1176 = CYLINDRICAL_SURFACE('',#1177,0.5);
#1177 = AXIS2_PLACEMENT_3D('',#1178,#1179,#1180);
#1178 = CARTESIAN_POINT('',(56.388061976124,-155.5752603505,0.));
#1179 = DIRECTION('',(-0.,-0.,-1.));
#1180 = DIRECTION('',(-1.,-1.110223024625E-16,0.));
#1181 = ADVANCED_FACE('',(#1182),#1218,.F.);
#1182 = FACE_BOUND('',#1183,.T.);
#1183 = EDGE_LOOP('',(#1184,#1194,#1203,#1211));
#1184 = ORIENTED_EDGE('',*,*,#1185,.T.);
#1185 = EDGE_CURVE('',#1186,#1188,#1190,.T.);
#1186 = VERTEX_POINT('',#1187);
#1187 = CARTESIAN_POINT('',(57.657861315723,-136.1443738887,0.));
#1188 = VERTEX_POINT('',#1189);
#1189 = CARTESIAN_POINT('',(57.657861315723,-136.1443738887,
    1.600028244856));
#1190 = LINE('',#1191,#1192);
#1191 = CARTESIAN_POINT('',(57.657861315723,-136.1443738887,0.));
#1192 = VECTOR('',#1193,1.);
#1193 = DIRECTION('',(0.,0.,1.));
#1194 = ORIENTED_EDGE('',*,*,#1195,.T.);
#1195 = EDGE_CURVE('',#1188,#1196,#1198,.T.);
#1196 = VERTEX_POINT('',#1197);
#1197 = CARTESIAN_POINT('',(56.387858775718,-136.1443738887,
    1.600028244856));
#1198 = CIRCLE('',#1199,0.635001270003);
#1199 = AXIS2_PLACEMENT_3D('',#1200,#1201,#1202);
#1200 = CARTESIAN_POINT('',(57.02286004572,-136.1443738887,
    1.600028244856));
#1201 = DIRECTION('',(0.,0.,1.));
#1202 = DIRECTION('',(1.,1.110223024625E-16,-0.));
#1203 = ORIENTED_EDGE('',*,*,#1204,.F.);
#1204 = EDGE_CURVE('',#1205,#1196,#1207,.T.);
#1205 = VERTEX_POINT('',#1206);
#1206 = CARTESIAN_POINT('',(56.387858775718,-136.1443738887,0.));
#1207 = LINE('',#1208,#1209);
#1208 = CARTESIAN_POINT('',(56.387858775718,-136.1443738887,0.));
#1209 = VECTOR('',#1210,1.);
#1210 = DIRECTION('',(0.,0.,1.));
#1211 = ORIENTED_EDGE('',*,*,#1212,.F.);
#1212 = EDGE_CURVE('',#1186,#1205,#1213,.T.);
#1213 = CIRCLE('',#1214,0.635001270003);
#1214 = AXIS2_PLACEMENT_3D('',#1215,#1216,#1217);
#1215 = CARTESIAN_POINT('',(57.02286004572,-136.1443738887,0.));
#1216 = DIRECTION('',(0.,0.,1.));
#1217 = DIRECTION('',(1.,1.110223024625E-16,-0.));
#1218 = CYLINDRICAL_SURFACE('',#1219,0.635001270003);
#1219 = AXIS2_PLACEMENT_3D('',#1220,#1221,#1222);
#1220 = CARTESIAN_POINT('',(57.02286004572,-136.1443738887,0.));
#1221 = DIRECTION('',(-0.,-0.,-1.));
#1222 = DIRECTION('',(1.,1.110223024625E-16,-0.));
#1223 = ADVANCED_FACE('',(#1224),#1242,.F.);
#1224 = FACE_BOUND('',#1225,.T.);
#1225 = EDGE_LOOP('',(#1226,#1227,#1234,#1235));
#1226 = ORIENTED_EDGE('',*,*,#1204,.T.);
#1227 = ORIENTED_EDGE('',*,*,#1228,.T.);
#1228 = EDGE_CURVE('',#1196,#1188,#1229,.T.);
#1229 = CIRCLE('',#1230,0.635001270003);
#1230 = AXIS2_PLACEMENT_3D('',#1231,#1232,#1233);
#1231 = CARTESIAN_POINT('',(57.02286004572,-136.1443738887,
    1.600028244856));
#1232 = DIRECTION('',(0.,0.,1.));
#1233 = DIRECTION('',(-1.,-1.110223024625E-16,0.));
#1234 = ORIENTED_EDGE('',*,*,#1185,.F.);
#1235 = ORIENTED_EDGE('',*,*,#1236,.F.);
#1236 = EDGE_CURVE('',#1205,#1186,#1237,.T.);
#1237 = CIRCLE('',#1238,0.635001270003);
#1238 = AXIS2_PLACEMENT_3D('',#1239,#1240,#1241);
#1239 = CARTESIAN_POINT('',(57.02286004572,-136.1443738887,0.));
#1240 = DIRECTION('',(0.,0.,1.));
#1241 = DIRECTION('',(-1.,-1.110223024625E-16,0.));
#1242 = CYLINDRICAL_SURFACE('',#1243,0.635001270003);
#1243 = AXIS2_PLACEMENT_3D('',#1244,#1245,#1246);
#1244 = CARTESIAN_POINT('',(57.02286004572,-136.1443738887,0.));
#1245 = DIRECTION('',(-0.,-0.,-1.));
#1246 = DIRECTION('',(-1.,-1.110223024625E-16,0.));
#1247 = ADVANCED_FACE('',(#1248),#1284,.F.);
#1248 = FACE_BOUND('',#1249,.T.);
#1249 = EDGE_LOOP('',(#1250,#1260,#1269,#1277));
#1250 = ORIENTED_EDGE('',*,*,#1251,.T.);
#1251 = EDGE_CURVE('',#1252,#1254,#1256,.T.);
#1252 = VERTEX_POINT('',#1253);
#1253 = CARTESIAN_POINT('',(59.428067056134,-155.5752603505,0.));
#1254 = VERTEX_POINT('',#1255);
#1255 = CARTESIAN_POINT('',(59.428067056134,-155.5752603505,
    1.600028244856));
#1256 = LINE('',#1257,#1258);
#1257 = CARTESIAN_POINT('',(59.428067056134,-155.5752603505,0.));
#1258 = VECTOR('',#1259,1.);
#1259 = DIRECTION('',(0.,0.,1.));
#1260 = ORIENTED_EDGE('',*,*,#1261,.T.);
#1261 = EDGE_CURVE('',#1254,#1262,#1264,.T.);
#1262 = VERTEX_POINT('',#1263);
#1263 = CARTESIAN_POINT('',(58.428067056134,-155.5752603505,
    1.600028244856));
#1264 = CIRCLE('',#1265,0.5);
#1265 = AXIS2_PLACEMENT_3D('',#1266,#1267,#1268);
#1266 = CARTESIAN_POINT('',(58.928067056134,-155.5752603505,
    1.600028244856));
#1267 = DIRECTION('',(0.,0.,1.));
#1268 = DIRECTION('',(1.,1.110223024625E-16,-0.));
#1269 = ORIENTED_EDGE('',*,*,#1270,.F.);
#1270 = EDGE_CURVE('',#1271,#1262,#1273,.T.);
#1271 = VERTEX_POINT('',#1272);
#1272 = CARTESIAN_POINT('',(58.428067056134,-155.5752603505,0.));
#1273 = LINE('',#1274,#1275);
#1274 = CARTESIAN_POINT('',(58.428067056134,-155.5752603505,0.));
#1275 = VECTOR('',#1276,1.);
#1276 = DIRECTION('',(0.,0.,1.));
#1277 = ORIENTED_EDGE('',*,*,#1278,.F.);
#1278 = EDGE_CURVE('',#1252,#1271,#1279,.T.);
#1279 = CIRCLE('',#1280,0.5);
#1280 = AXIS2_PLACEMENT_3D('',#1281,#1282,#1283);
#1281 = CARTESIAN_POINT('',(58.928067056134,-155.5752603505,0.));
#1282 = DIRECTION('',(0.,0.,1.));
#1283 = DIRECTION('',(1.,1.110223024625E-16,-0.));
#1284 = CYLINDRICAL_SURFACE('',#1285,0.5);
#1285 = AXIS2_PLACEMENT_3D('',#1286,#1287,#1288);
#1286 = CARTESIAN_POINT('',(58.928067056134,-155.5752603505,0.));
#1287 = DIRECTION('',(-0.,-0.,-1.));
#1288 = DIRECTION('',(1.,1.110223024625E-16,-0.));
#1289 = ADVANCED_FACE('',(#1290),#1308,.F.);
#1290 = FACE_BOUND('',#1291,.T.);
#1291 = EDGE_LOOP('',(#1292,#1293,#1300,#1301));
#1292 = ORIENTED_EDGE('',*,*,#1270,.T.);
#1293 = ORIENTED_EDGE('',*,*,#1294,.T.);
#1294 = EDGE_CURVE('',#1262,#1254,#1295,.T.);
#1295 = CIRCLE('',#1296,0.5);
#1296 = AXIS2_PLACEMENT_3D('',#1297,#1298,#1299);
#1297 = CARTESIAN_POINT('',(58.928067056134,-155.5752603505,
    1.600028244856));
#1298 = DIRECTION('',(0.,0.,1.));
#1299 = DIRECTION('',(-1.,-1.110223024625E-16,0.));
#1300 = ORIENTED_EDGE('',*,*,#1251,.F.);
#1301 = ORIENTED_EDGE('',*,*,#1302,.F.);
#1302 = EDGE_CURVE('',#1271,#1252,#1303,.T.);
#1303 = CIRCLE('',#1304,0.5);
#1304 = AXIS2_PLACEMENT_3D('',#1305,#1306,#1307);
#1305 = CARTESIAN_POINT('',(58.928067056134,-155.5752603505,0.));
#1306 = DIRECTION('',(0.,0.,1.));
#1307 = DIRECTION('',(-1.,-1.110223024625E-16,0.));
#1308 = CYLINDRICAL_SURFACE('',#1309,0.5);
#1309 = AXIS2_PLACEMENT_3D('',#1310,#1311,#1312);
#1310 = CARTESIAN_POINT('',(58.928067056134,-155.5752603505,0.));
#1311 = DIRECTION('',(-0.,-0.,-1.));
#1312 = DIRECTION('',(-1.,-1.110223024625E-16,0.));
#1313 = ADVANCED_FACE('',(#1314),#1350,.F.);
#1314 = FACE_BOUND('',#1315,.T.);
#1315 = EDGE_LOOP('',(#1316,#1326,#1335,#1343));
#1316 = ORIENTED_EDGE('',*,*,#1317,.T.);
#1317 = EDGE_CURVE('',#1318,#1320,#1322,.T.);
#1318 = VERTEX_POINT('',#1319);
#1319 = CARTESIAN_POINT('',(60.197866395733,-136.1442722885,0.));
#1320 = VERTEX_POINT('',#1321);
#1321 = CARTESIAN_POINT('',(60.197866395733,-136.1442722885,
    1.600028244856));
#1322 = LINE('',#1323,#1324);
#1323 = CARTESIAN_POINT('',(60.197866395733,-136.1442722885,0.));
#1324 = VECTOR('',#1325,1.);
#1325 = DIRECTION('',(0.,0.,1.));
#1326 = ORIENTED_EDGE('',*,*,#1327,.T.);
#1327 = EDGE_CURVE('',#1320,#1328,#1330,.T.);
#1328 = VERTEX_POINT('',#1329);
#1329 = CARTESIAN_POINT('',(58.927863855728,-136.1442722885,
    1.600028244856));
#1330 = CIRCLE('',#1331,0.635001270003);
#1331 = AXIS2_PLACEMENT_3D('',#1332,#1333,#1334);
#1332 = CARTESIAN_POINT('',(59.56286512573,-136.1442722885,
    1.600028244856));
#1333 = DIRECTION('',(0.,0.,1.));
#1334 = DIRECTION('',(1.,1.110223024625E-16,-0.));
#1335 = ORIENTED_EDGE('',*,*,#1336,.F.);
#1336 = EDGE_CURVE('',#1337,#1328,#1339,.T.);
#1337 = VERTEX_POINT('',#1338);
#1338 = CARTESIAN_POINT('',(58.927863855728,-136.1442722885,0.));
#1339 = LINE('',#1340,#1341);
#1340 = CARTESIAN_POINT('',(58.927863855728,-136.1442722885,0.));
#1341 = VECTOR('',#1342,1.);
#1342 = DIRECTION('',(0.,0.,1.));
#1343 = ORIENTED_EDGE('',*,*,#1344,.F.);
#1344 = EDGE_CURVE('',#1318,#1337,#1345,.T.);
#1345 = CIRCLE('',#1346,0.635001270003);
#1346 = AXIS2_PLACEMENT_3D('',#1347,#1348,#1349);
#1347 = CARTESIAN_POINT('',(59.56286512573,-136.1442722885,0.));
#1348 = DIRECTION('',(0.,0.,1.));
#1349 = DIRECTION('',(1.,1.110223024625E-16,-0.));
#1350 = CYLINDRICAL_SURFACE('',#1351,0.635001270003);
#1351 = AXIS2_PLACEMENT_3D('',#1352,#1353,#1354);
#1352 = CARTESIAN_POINT('',(59.56286512573,-136.1442722885,0.));
#1353 = DIRECTION('',(-0.,-0.,-1.));
#1354 = DIRECTION('',(1.,1.110223024625E-16,-0.));
#1355 = ADVANCED_FACE('',(#1356),#1374,.F.);
#1356 = FACE_BOUND('',#1357,.T.);
#1357 = EDGE_LOOP('',(#1358,#1359,#1366,#1367));
#1358 = ORIENTED_EDGE('',*,*,#1336,.T.);
#1359 = ORIENTED_EDGE('',*,*,#1360,.T.);
#1360 = EDGE_CURVE('',#1328,#1320,#1361,.T.);
#1361 = CIRCLE('',#1362,0.635001270003);
#1362 = AXIS2_PLACEMENT_3D('',#1363,#1364,#1365);
#1363 = CARTESIAN_POINT('',(59.56286512573,-136.1442722885,
    1.600028244856));
#1364 = DIRECTION('',(0.,0.,1.));
#1365 = DIRECTION('',(-1.,-1.110223024625E-16,0.));
#1366 = ORIENTED_EDGE('',*,*,#1317,.F.);
#1367 = ORIENTED_EDGE('',*,*,#1368,.F.);
#1368 = EDGE_CURVE('',#1337,#1318,#1369,.T.);
#1369 = CIRCLE('',#1370,0.635001270003);
#1370 = AXIS2_PLACEMENT_3D('',#1371,#1372,#1373);
#1371 = CARTESIAN_POINT('',(59.56286512573,-136.1442722885,0.));
#1372 = DIRECTION('',(0.,0.,1.));
#1373 = DIRECTION('',(-1.,-1.110223024625E-16,0.));
#1374 = CYLINDRICAL_SURFACE('',#1375,0.635001270003);
#1375 = AXIS2_PLACEMENT_3D('',#1376,#1377,#1378);
#1376 = CARTESIAN_POINT('',(59.56286512573,-136.1442722885,0.));
#1377 = DIRECTION('',(-0.,-0.,-1.));
#1378 = DIRECTION('',(-1.,-1.110223024625E-16,0.));
#1379 = ADVANCED_FACE('',(#1380),#1416,.F.);
#1380 = FACE_BOUND('',#1381,.T.);
#1381 = EDGE_LOOP('',(#1382,#1392,#1401,#1409));
#1382 = ORIENTED_EDGE('',*,*,#1383,.T.);
#1383 = EDGE_CURVE('',#1384,#1386,#1388,.T.);
#1384 = VERTEX_POINT('',#1385);
#1385 = CARTESIAN_POINT('',(61.968122936246,-155.5753111506,0.));
#1386 = VERTEX_POINT('',#1387);
#1387 = CARTESIAN_POINT('',(61.968122936246,-155.5753111506,
    1.600028244856));
#1388 = LINE('',#1389,#1390);
#1389 = CARTESIAN_POINT('',(61.968122936246,-155.5753111506,0.));
#1390 = VECTOR('',#1391,1.);
#1391 = DIRECTION('',(0.,0.,1.));
#1392 = ORIENTED_EDGE('',*,*,#1393,.T.);
#1393 = EDGE_CURVE('',#1386,#1394,#1396,.T.);
#1394 = VERTEX_POINT('',#1395);
#1395 = CARTESIAN_POINT('',(60.968122936246,-155.5753111506,
    1.600028244856));
#1396 = CIRCLE('',#1397,0.5);
#1397 = AXIS2_PLACEMENT_3D('',#1398,#1399,#1400);
#1398 = CARTESIAN_POINT('',(61.468122936246,-155.5753111506,
    1.600028244856));
#1399 = DIRECTION('',(0.,0.,1.));
#1400 = DIRECTION('',(1.,1.110223024625E-16,-0.));
#1401 = ORIENTED_EDGE('',*,*,#1402,.F.);
#1402 = EDGE_CURVE('',#1403,#1394,#1405,.T.);
#1403 = VERTEX_POINT('',#1404);
#1404 = CARTESIAN_POINT('',(60.968122936246,-155.5753111506,0.));
#1405 = LINE('',#1406,#1407);
#1406 = CARTESIAN_POINT('',(60.968122936246,-155.5753111506,0.));
#1407 = VECTOR('',#1408,1.);
#1408 = DIRECTION('',(0.,0.,1.));
#1409 = ORIENTED_EDGE('',*,*,#1410,.F.);
#1410 = EDGE_CURVE('',#1384,#1403,#1411,.T.);
#1411 = CIRCLE('',#1412,0.5);
#1412 = AXIS2_PLACEMENT_3D('',#1413,#1414,#1415);
#1413 = CARTESIAN_POINT('',(61.468122936246,-155.5753111506,0.));
#1414 = DIRECTION('',(0.,0.,1.));
#1415 = DIRECTION('',(1.,1.110223024625E-16,-0.));
#1416 = CYLINDRICAL_SURFACE('',#1417,0.5);
#1417 = AXIS2_PLACEMENT_3D('',#1418,#1419,#1420);
#1418 = CARTESIAN_POINT('',(61.468122936246,-155.5753111506,0.));
#1419 = DIRECTION('',(-0.,-0.,-1.));
#1420 = DIRECTION('',(1.,1.110223024625E-16,-0.));
#1421 = ADVANCED_FACE('',(#1422),#1440,.F.);
#1422 = FACE_BOUND('',#1423,.T.);
#1423 = EDGE_LOOP('',(#1424,#1425,#1432,#1433));
#1424 = ORIENTED_EDGE('',*,*,#1402,.T.);
#1425 = ORIENTED_EDGE('',*,*,#1426,.T.);
#1426 = EDGE_CURVE('',#1394,#1386,#1427,.T.);
#1427 = CIRCLE('',#1428,0.5);
#1428 = AXIS2_PLACEMENT_3D('',#1429,#1430,#1431);
#1429 = CARTESIAN_POINT('',(61.468122936246,-155.5753111506,
    1.600028244856));
#1430 = DIRECTION('',(0.,0.,1.));
#1431 = DIRECTION('',(-1.,-1.110223024625E-16,0.));
#1432 = ORIENTED_EDGE('',*,*,#1383,.F.);
#1433 = ORIENTED_EDGE('',*,*,#1434,.F.);
#1434 = EDGE_CURVE('',#1403,#1384,#1435,.T.);
#1435 = CIRCLE('',#1436,0.5);
#1436 = AXIS2_PLACEMENT_3D('',#1437,#1438,#1439);
#1437 = CARTESIAN_POINT('',(61.468122936246,-155.5753111506,0.));
#1438 = DIRECTION('',(0.,0.,1.));
#1439 = DIRECTION('',(-1.,-1.110223024625E-16,0.));
#1440 = CYLINDRICAL_SURFACE('',#1441,0.5);
#1441 = AXIS2_PLACEMENT_3D('',#1442,#1443,#1444);
#1442 = CARTESIAN_POINT('',(61.468122936246,-155.5753111506,0.));
#1443 = DIRECTION('',(-0.,-0.,-1.));
#1444 = DIRECTION('',(-1.,-1.110223024625E-16,0.));
#1445 = ADVANCED_FACE('',(#1446),#1482,.F.);
#1446 = FACE_BOUND('',#1447,.T.);
#1447 = EDGE_LOOP('',(#1448,#1458,#1467,#1475));
#1448 = ORIENTED_EDGE('',*,*,#1449,.T.);
#1449 = EDGE_CURVE('',#1450,#1452,#1454,.T.);
#1450 = VERTEX_POINT('',#1451);
#1451 = CARTESIAN_POINT('',(62.737871475743,-136.1441198882,0.));
#1452 = VERTEX_POINT('',#1453);
#1453 = CARTESIAN_POINT('',(62.737871475743,-136.1441198882,
    1.600028244856));
#1454 = LINE('',#1455,#1456);
#1455 = CARTESIAN_POINT('',(62.737871475743,-136.1441198882,0.));
#1456 = VECTOR('',#1457,1.);
#1457 = DIRECTION('',(0.,0.,1.));
#1458 = ORIENTED_EDGE('',*,*,#1459,.T.);
#1459 = EDGE_CURVE('',#1452,#1460,#1462,.T.);
#1460 = VERTEX_POINT('',#1461);
#1461 = CARTESIAN_POINT('',(61.467868935738,-136.1441198882,
    1.600028244856));
#1462 = CIRCLE('',#1463,0.635001270003);
#1463 = AXIS2_PLACEMENT_3D('',#1464,#1465,#1466);
#1464 = CARTESIAN_POINT('',(62.10287020574,-136.1441198882,
    1.600028244856));
#1465 = DIRECTION('',(0.,0.,1.));
#1466 = DIRECTION('',(1.,1.110223024625E-16,-0.));
#1467 = ORIENTED_EDGE('',*,*,#1468,.F.);
#1468 = EDGE_CURVE('',#1469,#1460,#1471,.T.);
#1469 = VERTEX_POINT('',#1470);
#1470 = CARTESIAN_POINT('',(61.467868935738,-136.1441198882,0.));
#1471 = LINE('',#1472,#1473);
#1472 = CARTESIAN_POINT('',(61.467868935738,-136.1441198882,0.));
#1473 = VECTOR('',#1474,1.);
#1474 = DIRECTION('',(0.,0.,1.));
#1475 = ORIENTED_EDGE('',*,*,#1476,.F.);
#1476 = EDGE_CURVE('',#1450,#1469,#1477,.T.);
#1477 = CIRCLE('',#1478,0.635001270003);
#1478 = AXIS2_PLACEMENT_3D('',#1479,#1480,#1481);
#1479 = CARTESIAN_POINT('',(62.10287020574,-136.1441198882,0.));
#1480 = DIRECTION('',(0.,0.,1.));
#1481 = DIRECTION('',(1.,1.110223024625E-16,-0.));
#1482 = CYLINDRICAL_SURFACE('',#1483,0.635001270003);
#1483 = AXIS2_PLACEMENT_3D('',#1484,#1485,#1486);
#1484 = CARTESIAN_POINT('',(62.10287020574,-136.1441198882,0.));
#1485 = DIRECTION('',(-0.,-0.,-1.));
#1486 = DIRECTION('',(1.,1.110223024625E-16,-0.));
#1487 = ADVANCED_FACE('',(#1488),#1506,.F.);
#1488 = FACE_BOUND('',#1489,.T.);
#1489 = EDGE_LOOP('',(#1490,#1491,#1498,#1499));
#1490 = ORIENTED_EDGE('',*,*,#1468,.T.);
#1491 = ORIENTED_EDGE('',*,*,#1492,.T.);
#1492 = EDGE_CURVE('',#1460,#1452,#1493,.T.);
#1493 = CIRCLE('',#1494,0.635001270003);
#1494 = AXIS2_PLACEMENT_3D('',#1495,#1496,#1497);
#1495 = CARTESIAN_POINT('',(62.10287020574,-136.1441198882,
    1.600028244856));
#1496 = DIRECTION('',(0.,0.,1.));
#1497 = DIRECTION('',(-1.,-1.110223024625E-16,0.));
#1498 = ORIENTED_EDGE('',*,*,#1449,.F.);
#1499 = ORIENTED_EDGE('',*,*,#1500,.F.);
#1500 = EDGE_CURVE('',#1469,#1450,#1501,.T.);
#1501 = CIRCLE('',#1502,0.635001270003);
#1502 = AXIS2_PLACEMENT_3D('',#1503,#1504,#1505);
#1503 = CARTESIAN_POINT('',(62.10287020574,-136.1441198882,0.));
#1504 = DIRECTION('',(0.,0.,1.));
#1505 = DIRECTION('',(-1.,-1.110223024625E-16,0.));
#1506 = CYLINDRICAL_SURFACE('',#1507,0.635001270003);
#1507 = AXIS2_PLACEMENT_3D('',#1508,#1509,#1510);
#1508 = CARTESIAN_POINT('',(62.10287020574,-136.1441198882,0.));
#1509 = DIRECTION('',(-0.,-0.,-1.));
#1510 = DIRECTION('',(-1.,-1.110223024625E-16,0.));
#1511 = ADVANCED_FACE('',(#1512),#1548,.F.);
#1512 = FACE_BOUND('',#1513,.T.);
#1513 = EDGE_LOOP('',(#1514,#1524,#1533,#1541));
#1514 = ORIENTED_EDGE('',*,*,#1515,.T.);
#1515 = EDGE_CURVE('',#1516,#1518,#1520,.T.);
#1516 = VERTEX_POINT('',#1517);
#1517 = CARTESIAN_POINT('',(64.508128016256,-155.5753111506,0.));
#1518 = VERTEX_POINT('',#1519);
#1519 = CARTESIAN_POINT('',(64.508128016256,-155.5753111506,
    1.600028244856));
#1520 = LINE('',#1521,#1522);
#1521 = CARTESIAN_POINT('',(64.508128016256,-155.5753111506,0.));
#1522 = VECTOR('',#1523,1.);
#1523 = DIRECTION('',(0.,0.,1.));
#1524 = ORIENTED_EDGE('',*,*,#1525,.T.);
#1525 = EDGE_CURVE('',#1518,#1526,#1528,.T.);
#1526 = VERTEX_POINT('',#1527);
#1527 = CARTESIAN_POINT('',(63.508128016256,-155.5753111506,
    1.600028244856));
#1528 = CIRCLE('',#1529,0.5);
#1529 = AXIS2_PLACEMENT_3D('',#1530,#1531,#1532);
#1530 = CARTESIAN_POINT('',(64.008128016256,-155.5753111506,
    1.600028244856));
#1531 = DIRECTION('',(0.,0.,1.));
#1532 = DIRECTION('',(1.,1.110223024625E-16,-0.));
#1533 = ORIENTED_EDGE('',*,*,#1534,.F.);
#1534 = EDGE_CURVE('',#1535,#1526,#1537,.T.);
#1535 = VERTEX_POINT('',#1536);
#1536 = CARTESIAN_POINT('',(63.508128016256,-155.5753111506,0.));
#1537 = LINE('',#1538,#1539);
#1538 = CARTESIAN_POINT('',(63.508128016256,-155.5753111506,0.));
#1539 = VECTOR('',#1540,1.);
#1540 = DIRECTION('',(0.,0.,1.));
#1541 = ORIENTED_EDGE('',*,*,#1542,.F.);
#1542 = EDGE_CURVE('',#1516,#1535,#1543,.T.);
#1543 = CIRCLE('',#1544,0.5);
#1544 = AXIS2_PLACEMENT_3D('',#1545,#1546,#1547);
#1545 = CARTESIAN_POINT('',(64.008128016256,-155.5753111506,0.));
#1546 = DIRECTION('',(0.,0.,1.));
#1547 = DIRECTION('',(1.,1.110223024625E-16,-0.));
#1548 = CYLINDRICAL_SURFACE('',#1549,0.5);
#1549 = AXIS2_PLACEMENT_3D('',#1550,#1551,#1552);
#1550 = CARTESIAN_POINT('',(64.008128016256,-155.5753111506,0.));
#1551 = DIRECTION('',(-0.,-0.,-1.));
#1552 = DIRECTION('',(1.,1.110223024625E-16,-0.));
#1553 = ADVANCED_FACE('',(#1554),#1572,.F.);
#1554 = FACE_BOUND('',#1555,.T.);
#1555 = EDGE_LOOP('',(#1556,#1557,#1564,#1565));
#1556 = ORIENTED_EDGE('',*,*,#1534,.T.);
#1557 = ORIENTED_EDGE('',*,*,#1558,.T.);
#1558 = EDGE_CURVE('',#1526,#1518,#1559,.T.);
#1559 = CIRCLE('',#1560,0.5);
#1560 = AXIS2_PLACEMENT_3D('',#1561,#1562,#1563);
#1561 = CARTESIAN_POINT('',(64.008128016256,-155.5753111506,
    1.600028244856));
#1562 = DIRECTION('',(0.,0.,1.));
#1563 = DIRECTION('',(-1.,-1.110223024625E-16,0.));
#1564 = ORIENTED_EDGE('',*,*,#1515,.F.);
#1565 = ORIENTED_EDGE('',*,*,#1566,.F.);
#1566 = EDGE_CURVE('',#1535,#1516,#1567,.T.);
#1567 = CIRCLE('',#1568,0.5);
#1568 = AXIS2_PLACEMENT_3D('',#1569,#1570,#1571);
#1569 = CARTESIAN_POINT('',(64.008128016256,-155.5753111506,0.));
#1570 = DIRECTION('',(0.,0.,1.));
#1571 = DIRECTION('',(-1.,-1.110223024625E-16,0.));
#1572 = CYLINDRICAL_SURFACE('',#1573,0.5);
#1573 = AXIS2_PLACEMENT_3D('',#1574,#1575,#1576);
#1574 = CARTESIAN_POINT('',(64.008128016256,-155.5753111506,0.));
#1575 = DIRECTION('',(-0.,-0.,-1.));
#1576 = DIRECTION('',(-1.,-1.110223024625E-16,0.));
#1577 = ADVANCED_FACE('',(#1578),#1614,.F.);
#1578 = FACE_BOUND('',#1579,.T.);
#1579 = EDGE_LOOP('',(#1580,#1590,#1599,#1607));
#1580 = ORIENTED_EDGE('',*,*,#1581,.T.);
#1581 = EDGE_CURVE('',#1582,#1584,#1586,.T.);
#1582 = VERTEX_POINT('',#1583);
#1583 = CARTESIAN_POINT('',(65.277876555753,-136.1442722885,0.));
#1584 = VERTEX_POINT('',#1585);
#1585 = CARTESIAN_POINT('',(65.277876555753,-136.1442722885,
    1.600028244856));
#1586 = LINE('',#1587,#1588);
#1587 = CARTESIAN_POINT('',(65.277876555753,-136.1442722885,0.));
#1588 = VECTOR('',#1589,1.);
#1589 = DIRECTION('',(0.,0.,1.));
#1590 = ORIENTED_EDGE('',*,*,#1591,.T.);
#1591 = EDGE_CURVE('',#1584,#1592,#1594,.T.);
#1592 = VERTEX_POINT('',#1593);
#1593 = CARTESIAN_POINT('',(64.007874015748,-136.1442722885,
    1.600028244856));
#1594 = CIRCLE('',#1595,0.635001270003);
#1595 = AXIS2_PLACEMENT_3D('',#1596,#1597,#1598);
#1596 = CARTESIAN_POINT('',(64.642875285751,-136.1442722885,
    1.600028244856));
#1597 = DIRECTION('',(0.,0.,1.));
#1598 = DIRECTION('',(1.,1.110223024625E-16,-0.));
#1599 = ORIENTED_EDGE('',*,*,#1600,.F.);
#1600 = EDGE_CURVE('',#1601,#1592,#1603,.T.);
#1601 = VERTEX_POINT('',#1602);
#1602 = CARTESIAN_POINT('',(64.007874015748,-136.1442722885,0.));
#1603 = LINE('',#1604,#1605);
#1604 = CARTESIAN_POINT('',(64.007874015748,-136.1442722885,0.));
#1605 = VECTOR('',#1606,1.);
#1606 = DIRECTION('',(0.,0.,1.));
#1607 = ORIENTED_EDGE('',*,*,#1608,.F.);
#1608 = EDGE_CURVE('',#1582,#1601,#1609,.T.);
#1609 = CIRCLE('',#1610,0.635001270003);
#1610 = AXIS2_PLACEMENT_3D('',#1611,#1612,#1613);
#1611 = CARTESIAN_POINT('',(64.642875285751,-136.1442722885,0.));
#1612 = DIRECTION('',(0.,0.,1.));
#1613 = DIRECTION('',(1.,1.110223024625E-16,-0.));
#1614 = CYLINDRICAL_SURFACE('',#1615,0.635001270003);
#1615 = AXIS2_PLACEMENT_3D('',#1616,#1617,#1618);
#1616 = CARTESIAN_POINT('',(64.642875285751,-136.1442722885,0.));
#1617 = DIRECTION('',(-0.,-0.,-1.));
#1618 = DIRECTION('',(1.,1.110223024625E-16,-0.));
#1619 = ADVANCED_FACE('',(#1620),#1638,.F.);
#1620 = FACE_BOUND('',#1621,.T.);
#1621 = EDGE_LOOP('',(#1622,#1623,#1630,#1631));
#1622 = ORIENTED_EDGE('',*,*,#1600,.T.);
#1623 = ORIENTED_EDGE('',*,*,#1624,.T.);
#1624 = EDGE_CURVE('',#1592,#1584,#1625,.T.);
#1625 = CIRCLE('',#1626,0.635001270003);
#1626 = AXIS2_PLACEMENT_3D('',#1627,#1628,#1629);
#1627 = CARTESIAN_POINT('',(64.642875285751,-136.1442722885,
    1.600028244856));
#1628 = DIRECTION('',(0.,0.,1.));
#1629 = DIRECTION('',(-1.,-1.110223024625E-16,0.));
#1630 = ORIENTED_EDGE('',*,*,#1581,.F.);
#1631 = ORIENTED_EDGE('',*,*,#1632,.F.);
#1632 = EDGE_CURVE('',#1601,#1582,#1633,.T.);
#1633 = CIRCLE('',#1634,0.635001270003);
#1634 = AXIS2_PLACEMENT_3D('',#1635,#1636,#1637);
#1635 = CARTESIAN_POINT('',(64.642875285751,-136.1442722885,0.));
#1636 = DIRECTION('',(0.,0.,1.));
#1637 = DIRECTION('',(-1.,-1.110223024625E-16,0.));
#1638 = CYLINDRICAL_SURFACE('',#1639,0.635001270003);
#1639 = AXIS2_PLACEMENT_3D('',#1640,#1641,#1642);
#1640 = CARTESIAN_POINT('',(64.642875285751,-136.1442722885,0.));
#1641 = DIRECTION('',(-0.,-0.,-1.));
#1642 = DIRECTION('',(-1.,-1.110223024625E-16,0.));
#1643 = ADVANCED_FACE('',(#1644),#1680,.F.);
#1644 = FACE_BOUND('',#1645,.T.);
#1645 = EDGE_LOOP('',(#1646,#1656,#1665,#1673));
#1646 = ORIENTED_EDGE('',*,*,#1647,.T.);
#1647 = EDGE_CURVE('',#1648,#1650,#1652,.T.);
#1648 = VERTEX_POINT('',#1649);
#1649 = CARTESIAN_POINT('',(65.407670815342,-130.3083566167,0.));
#1650 = VERTEX_POINT('',#1651);
#1651 = CARTESIAN_POINT('',(65.407670815342,-130.3083566167,
    1.600028244856));
#1652 = LINE('',#1653,#1654);
#1653 = CARTESIAN_POINT('',(65.407670815342,-130.3083566167,0.));
#1654 = VECTOR('',#1655,1.);
#1655 = DIRECTION('',(0.,0.,1.));
#1656 = ORIENTED_EDGE('',*,*,#1657,.T.);
#1657 = EDGE_CURVE('',#1650,#1658,#1660,.T.);
#1658 = VERTEX_POINT('',#1659);
#1659 = CARTESIAN_POINT('',(65.402590805182,-131.5783591567,
    1.600028244856));
#1660 = CIRCLE('',#1661,0.635006349992);
#1661 = AXIS2_PLACEMENT_3D('',#1662,#1663,#1664);
#1662 = CARTESIAN_POINT('',(65.405130810262,-130.9433578867,
    1.600028244856));
#1663 = DIRECTION('',(0.,0.,1.));
#1664 = DIRECTION('',(3.999968000379E-03,0.999992000096,-0.));
#1665 = ORIENTED_EDGE('',*,*,#1666,.F.);
#1666 = EDGE_CURVE('',#1667,#1658,#1669,.T.);
#1667 = VERTEX_POINT('',#1668);
#1668 = CARTESIAN_POINT('',(65.402590805182,-131.5783591567,0.));
#1669 = LINE('',#1670,#1671);
#1670 = CARTESIAN_POINT('',(65.402590805182,-131.5783591567,0.));
#1671 = VECTOR('',#1672,1.);
#1672 = DIRECTION('',(0.,0.,1.));
#1673 = ORIENTED_EDGE('',*,*,#1674,.F.);
#1674 = EDGE_CURVE('',#1648,#1667,#1675,.T.);
#1675 = CIRCLE('',#1676,0.635006349992);
#1676 = AXIS2_PLACEMENT_3D('',#1677,#1678,#1679);
#1677 = CARTESIAN_POINT('',(65.405130810262,-130.9433578867,0.));
#1678 = DIRECTION('',(0.,0.,1.));
#1679 = DIRECTION('',(3.999968000379E-03,0.999992000096,-0.));
#1680 = CYLINDRICAL_SURFACE('',#1681,0.635006349992);
#1681 = AXIS2_PLACEMENT_3D('',#1682,#1683,#1684);
#1682 = CARTESIAN_POINT('',(65.405130810262,-130.9433578867,0.));
#1683 = DIRECTION('',(-0.,-0.,-1.));
#1684 = DIRECTION('',(3.999968000379E-03,0.999992000096,-0.));
#1685 = ADVANCED_FACE('',(#1686),#1704,.F.);
#1686 = FACE_BOUND('',#1687,.T.);
#1687 = EDGE_LOOP('',(#1688,#1689,#1696,#1697));
#1688 = ORIENTED_EDGE('',*,*,#1666,.T.);
#1689 = ORIENTED_EDGE('',*,*,#1690,.T.);
#1690 = EDGE_CURVE('',#1658,#1650,#1691,.T.);
#1691 = CIRCLE('',#1692,0.635006349992);
#1692 = AXIS2_PLACEMENT_3D('',#1693,#1694,#1695);
#1693 = CARTESIAN_POINT('',(65.405130810262,-130.9433578867,
    1.600028244856));
#1694 = DIRECTION('',(0.,0.,1.));
#1695 = DIRECTION('',(-3.999968000379E-03,-0.999992000096,0.));
#1696 = ORIENTED_EDGE('',*,*,#1647,.F.);
#1697 = ORIENTED_EDGE('',*,*,#1698,.F.);
#1698 = EDGE_CURVE('',#1667,#1648,#1699,.T.);
#1699 = CIRCLE('',#1700,0.635006349992);
#1700 = AXIS2_PLACEMENT_3D('',#1701,#1702,#1703);
#1701 = CARTESIAN_POINT('',(65.405130810262,-130.9433578867,0.));
#1702 = DIRECTION('',(0.,0.,1.));
#1703 = DIRECTION('',(-3.999968000379E-03,-0.999992000096,0.));
#1704 = CYLINDRICAL_SURFACE('',#1705,0.635006349992);
#1705 = AXIS2_PLACEMENT_3D('',#1706,#1707,#1708);
#1706 = CARTESIAN_POINT('',(65.405130810262,-130.9433578867,0.));
#1707 = DIRECTION('',(-0.,-0.,-1.));
#1708 = DIRECTION('',(-3.999968000379E-03,-0.999992000096,0.));
#1709 = ADVANCED_FACE('',(#1710),#1746,.F.);
#1710 = FACE_BOUND('',#1711,.T.);
#1711 = EDGE_LOOP('',(#1712,#1722,#1731,#1739));
#1712 = ORIENTED_EDGE('',*,*,#1713,.T.);
#1713 = EDGE_CURVE('',#1714,#1716,#1718,.T.);
#1714 = VERTEX_POINT('',#1715);
#1715 = CARTESIAN_POINT('',(66.040132080264,-113.1633223266,0.));
#1716 = VERTEX_POINT('',#1717);
#1717 = CARTESIAN_POINT('',(66.040132080264,-113.1633223266,
    1.600028244856));
#1718 = LINE('',#1719,#1720);
#1719 = CARTESIAN_POINT('',(66.040132080264,-113.1633223266,0.));
#1720 = VECTOR('',#1721,1.);
#1721 = DIRECTION('',(0.,0.,1.));
#1722 = ORIENTED_EDGE('',*,*,#1723,.T.);
#1723 = EDGE_CURVE('',#1716,#1724,#1726,.T.);
#1724 = VERTEX_POINT('',#1725);
#1725 = CARTESIAN_POINT('',(64.770129540259,-113.1633223266,
    1.600028244856));
#1726 = CIRCLE('',#1727,0.635001270003);
#1727 = AXIS2_PLACEMENT_3D('',#1728,#1729,#1730);
#1728 = CARTESIAN_POINT('',(65.405130810262,-113.1633223266,
    1.600028244856));
#1729 = DIRECTION('',(0.,0.,1.));
#1730 = DIRECTION('',(1.,1.110223024625E-16,-0.));
#1731 = ORIENTED_EDGE('',*,*,#1732,.F.);
#1732 = EDGE_CURVE('',#1733,#1724,#1735,.T.);
#1733 = VERTEX_POINT('',#1734);
#1734 = CARTESIAN_POINT('',(64.770129540259,-113.1633223266,0.));
#1735 = LINE('',#1736,#1737);
#1736 = CARTESIAN_POINT('',(64.770129540259,-113.1633223266,0.));
#1737 = VECTOR('',#1738,1.);
#1738 = DIRECTION('',(0.,0.,1.));
#1739 = ORIENTED_EDGE('',*,*,#1740,.F.);
#1740 = EDGE_CURVE('',#1714,#1733,#1741,.T.);
#1741 = CIRCLE('',#1742,0.635001270003);
#1742 = AXIS2_PLACEMENT_3D('',#1743,#1744,#1745);
#1743 = CARTESIAN_POINT('',(65.405130810262,-113.1633223266,0.));
#1744 = DIRECTION('',(0.,0.,1.));
#1745 = DIRECTION('',(1.,1.110223024625E-16,-0.));
#1746 = CYLINDRICAL_SURFACE('',#1747,0.635001270003);
#1747 = AXIS2_PLACEMENT_3D('',#1748,#1749,#1750);
#1748 = CARTESIAN_POINT('',(65.405130810262,-113.1633223266,0.));
#1749 = DIRECTION('',(-0.,-0.,-1.));
#1750 = DIRECTION('',(1.,1.110223024625E-16,-0.));
#1751 = ADVANCED_FACE('',(#1752),#1770,.F.);
#1752 = FACE_BOUND('',#1753,.T.);
#1753 = EDGE_LOOP('',(#1754,#1755,#1762,#1763));
#1754 = ORIENTED_EDGE('',*,*,#1732,.T.);
#1755 = ORIENTED_EDGE('',*,*,#1756,.T.);
#1756 = EDGE_CURVE('',#1724,#1716,#1757,.T.);
#1757 = CIRCLE('',#1758,0.635001270003);
#1758 = AXIS2_PLACEMENT_3D('',#1759,#1760,#1761);
#1759 = CARTESIAN_POINT('',(65.405130810262,-113.1633223266,
    1.600028244856));
#1760 = DIRECTION('',(0.,0.,1.));
#1761 = DIRECTION('',(-1.,-1.110223024625E-16,0.));
#1762 = ORIENTED_EDGE('',*,*,#1713,.F.);
#1763 = ORIENTED_EDGE('',*,*,#1764,.F.);
#1764 = EDGE_CURVE('',#1733,#1714,#1765,.T.);
#1765 = CIRCLE('',#1766,0.635001270003);
#1766 = AXIS2_PLACEMENT_3D('',#1767,#1768,#1769);
#1767 = CARTESIAN_POINT('',(65.405130810262,-113.1633223266,0.));
#1768 = DIRECTION('',(0.,0.,1.));
#1769 = DIRECTION('',(-1.,-1.110223024625E-16,0.));
#1770 = CYLINDRICAL_SURFACE('',#1771,0.635001270003);
#1771 = AXIS2_PLACEMENT_3D('',#1772,#1773,#1774);
#1772 = CARTESIAN_POINT('',(65.405130810262,-113.1633223266,0.));
#1773 = DIRECTION('',(-0.,-0.,-1.));
#1774 = DIRECTION('',(-1.,-1.110223024625E-16,0.));
#1775 = ADVANCED_FACE('',(#1776),#1812,.F.);
#1776 = FACE_BOUND('',#1777,.T.);
#1777 = EDGE_LOOP('',(#1778,#1788,#1797,#1805));
#1778 = ORIENTED_EDGE('',*,*,#1779,.T.);
#1779 = EDGE_CURVE('',#1780,#1782,#1784,.T.);
#1780 = VERTEX_POINT('',#1781);
#1781 = CARTESIAN_POINT('',(66.040132080264,-115.7033274066,0.));
#1782 = VERTEX_POINT('',#1783);
#1783 = CARTESIAN_POINT('',(66.040132080264,-115.7033274066,
    1.600028244856));
#1784 = LINE('',#1785,#1786);
#1785 = CARTESIAN_POINT('',(66.040132080264,-115.7033274066,0.));
#1786 = VECTOR('',#1787,1.);
#1787 = DIRECTION('',(0.,0.,1.));
#1788 = ORIENTED_EDGE('',*,*,#1789,.T.);
#1789 = EDGE_CURVE('',#1782,#1790,#1792,.T.);
#1790 = VERTEX_POINT('',#1791);
#1791 = CARTESIAN_POINT('',(64.770129540259,-115.7033274066,
    1.600028244856));
#1792 = CIRCLE('',#1793,0.635001270003);
#1793 = AXIS2_PLACEMENT_3D('',#1794,#1795,#1796);
#1794 = CARTESIAN_POINT('',(65.405130810262,-115.7033274066,
    1.600028244856));
#1795 = DIRECTION('',(0.,0.,1.));
#1796 = DIRECTION('',(1.,1.110223024625E-16,-0.));
#1797 = ORIENTED_EDGE('',*,*,#1798,.F.);
#1798 = EDGE_CURVE('',#1799,#1790,#1801,.T.);
#1799 = VERTEX_POINT('',#1800);
#1800 = CARTESIAN_POINT('',(64.770129540259,-115.7033274066,0.));
#1801 = LINE('',#1802,#1803);
#1802 = CARTESIAN_POINT('',(64.770129540259,-115.7033274066,0.));
#1803 = VECTOR('',#1804,1.);
#1804 = DIRECTION('',(0.,0.,1.));
#1805 = ORIENTED_EDGE('',*,*,#1806,.F.);
#1806 = EDGE_CURVE('',#1780,#1799,#1807,.T.);
#1807 = CIRCLE('',#1808,0.635001270003);
#1808 = AXIS2_PLACEMENT_3D('',#1809,#1810,#1811);
#1809 = CARTESIAN_POINT('',(65.405130810262,-115.7033274066,0.));
#1810 = DIRECTION('',(0.,0.,1.));
#1811 = DIRECTION('',(1.,1.110223024625E-16,-0.));
#1812 = CYLINDRICAL_SURFACE('',#1813,0.635001270003);
#1813 = AXIS2_PLACEMENT_3D('',#1814,#1815,#1816);
#1814 = CARTESIAN_POINT('',(65.405130810262,-115.7033274066,0.));
#1815 = DIRECTION('',(-0.,-0.,-1.));
#1816 = DIRECTION('',(1.,1.110223024625E-16,-0.));
#1817 = ADVANCED_FACE('',(#1818),#1836,.F.);
#1818 = FACE_BOUND('',#1819,.T.);
#1819 = EDGE_LOOP('',(#1820,#1821,#1828,#1829));
#1820 = ORIENTED_EDGE('',*,*,#1798,.T.);
#1821 = ORIENTED_EDGE('',*,*,#1822,.T.);
#1822 = EDGE_CURVE('',#1790,#1782,#1823,.T.);
#1823 = CIRCLE('',#1824,0.635001270003);
#1824 = AXIS2_PLACEMENT_3D('',#1825,#1826,#1827);
#1825 = CARTESIAN_POINT('',(65.405130810262,-115.7033274066,
    1.600028244856));
#1826 = DIRECTION('',(0.,0.,1.));
#1827 = DIRECTION('',(-1.,-1.110223024625E-16,0.));
#1828 = ORIENTED_EDGE('',*,*,#1779,.F.);
#1829 = ORIENTED_EDGE('',*,*,#1830,.F.);
#1830 = EDGE_CURVE('',#1799,#1780,#1831,.T.);
#1831 = CIRCLE('',#1832,0.635001270003);
#1832 = AXIS2_PLACEMENT_3D('',#1833,#1834,#1835);
#1833 = CARTESIAN_POINT('',(65.405130810262,-115.7033274066,0.));
#1834 = DIRECTION('',(0.,0.,1.));
#1835 = DIRECTION('',(-1.,-1.110223024625E-16,0.));
#1836 = CYLINDRICAL_SURFACE('',#1837,0.635001270003);
#1837 = AXIS2_PLACEMENT_3D('',#1838,#1839,#1840);
#1838 = CARTESIAN_POINT('',(65.405130810262,-115.7033274066,0.));
#1839 = DIRECTION('',(-0.,-0.,-1.));
#1840 = DIRECTION('',(-1.,-1.110223024625E-16,0.));
#1841 = ADVANCED_FACE('',(#1842),#1878,.F.);
#1842 = FACE_BOUND('',#1843,.T.);
#1843 = EDGE_LOOP('',(#1844,#1854,#1863,#1871));
#1844 = ORIENTED_EDGE('',*,*,#1845,.T.);
#1845 = EDGE_CURVE('',#1846,#1848,#1850,.T.);
#1846 = VERTEX_POINT('',#1847);
#1847 = CARTESIAN_POINT('',(66.040132080264,-118.2433324866,0.));
#1848 = VERTEX_POINT('',#1849);
#1849 = CARTESIAN_POINT('',(66.040132080264,-118.2433324866,
    1.600028244856));
#1850 = LINE('',#1851,#1852);
#1851 = CARTESIAN_POINT('',(66.040132080264,-118.2433324866,0.));
#1852 = VECTOR('',#1853,1.);
#1853 = DIRECTION('',(0.,0.,1.));
#1854 = ORIENTED_EDGE('',*,*,#1855,.T.);
#1855 = EDGE_CURVE('',#1848,#1856,#1858,.T.);
#1856 = VERTEX_POINT('',#1857);
#1857 = CARTESIAN_POINT('',(64.770129540259,-118.2433324866,
    1.600028244856));
#1858 = CIRCLE('',#1859,0.635001270003);
#1859 = AXIS2_PLACEMENT_3D('',#1860,#1861,#1862);
#1860 = CARTESIAN_POINT('',(65.405130810262,-118.2433324866,
    1.600028244856));
#1861 = DIRECTION('',(0.,0.,1.));
#1862 = DIRECTION('',(1.,1.110223024625E-16,-0.));
#1863 = ORIENTED_EDGE('',*,*,#1864,.F.);
#1864 = EDGE_CURVE('',#1865,#1856,#1867,.T.);
#1865 = VERTEX_POINT('',#1866);
#1866 = CARTESIAN_POINT('',(64.770129540259,-118.2433324866,0.));
#1867 = LINE('',#1868,#1869);
#1868 = CARTESIAN_POINT('',(64.770129540259,-118.2433324866,0.));
#1869 = VECTOR('',#1870,1.);
#1870 = DIRECTION('',(0.,0.,1.));
#1871 = ORIENTED_EDGE('',*,*,#1872,.F.);
#1872 = EDGE_CURVE('',#1846,#1865,#1873,.T.);
#1873 = CIRCLE('',#1874,0.635001270003);
#1874 = AXIS2_PLACEMENT_3D('',#1875,#1876,#1877);
#1875 = CARTESIAN_POINT('',(65.405130810262,-118.2433324866,0.));
#1876 = DIRECTION('',(0.,0.,1.));
#1877 = DIRECTION('',(1.,1.110223024625E-16,-0.));
#1878 = CYLINDRICAL_SURFACE('',#1879,0.635001270003);
#1879 = AXIS2_PLACEMENT_3D('',#1880,#1881,#1882);
#1880 = CARTESIAN_POINT('',(65.405130810262,-118.2433324866,0.));
#1881 = DIRECTION('',(-0.,-0.,-1.));
#1882 = DIRECTION('',(1.,1.110223024625E-16,-0.));
#1883 = ADVANCED_FACE('',(#1884),#1902,.F.);
#1884 = FACE_BOUND('',#1885,.T.);
#1885 = EDGE_LOOP('',(#1886,#1887,#1894,#1895));
#1886 = ORIENTED_EDGE('',*,*,#1864,.T.);
#1887 = ORIENTED_EDGE('',*,*,#1888,.T.);
#1888 = EDGE_CURVE('',#1856,#1848,#1889,.T.);
#1889 = CIRCLE('',#1890,0.635001270003);
#1890 = AXIS2_PLACEMENT_3D('',#1891,#1892,#1893);
#1891 = CARTESIAN_POINT('',(65.405130810262,-118.2433324866,
    1.600028244856));
#1892 = DIRECTION('',(0.,0.,1.));
#1893 = DIRECTION('',(-1.,-1.110223024625E-16,0.));
#1894 = ORIENTED_EDGE('',*,*,#1845,.F.);
#1895 = ORIENTED_EDGE('',*,*,#1896,.F.);
#1896 = EDGE_CURVE('',#1865,#1846,#1897,.T.);
#1897 = CIRCLE('',#1898,0.635001270003);
#1898 = AXIS2_PLACEMENT_3D('',#1899,#1900,#1901);
#1899 = CARTESIAN_POINT('',(65.405130810262,-118.2433324866,0.));
#1900 = DIRECTION('',(0.,0.,1.));
#1901 = DIRECTION('',(-1.,-1.110223024625E-16,0.));
#1902 = CYLINDRICAL_SURFACE('',#1903,0.635001270003);
#1903 = AXIS2_PLACEMENT_3D('',#1904,#1905,#1906);
#1904 = CARTESIAN_POINT('',(65.405130810262,-118.2433324866,0.));
#1905 = DIRECTION('',(-0.,-0.,-1.));
#1906 = DIRECTION('',(-1.,-1.110223024625E-16,0.));
#1907 = ADVANCED_FACE('',(#1908),#1944,.F.);
#1908 = FACE_BOUND('',#1909,.T.);
#1909 = EDGE_LOOP('',(#1910,#1920,#1929,#1937));
#1910 = ORIENTED_EDGE('',*,*,#1911,.T.);
#1911 = EDGE_CURVE('',#1912,#1914,#1916,.T.);
#1912 = VERTEX_POINT('',#1913);
#1913 = CARTESIAN_POINT('',(66.040132080264,-123.3233426466,0.));
#1914 = VERTEX_POINT('',#1915);
#1915 = CARTESIAN_POINT('',(66.040132080264,-123.3233426466,
    1.600028244856));
#1916 = LINE('',#1917,#1918);
#1917 = CARTESIAN_POINT('',(66.040132080264,-123.3233426466,0.));
#1918 = VECTOR('',#1919,1.);
#1919 = DIRECTION('',(0.,0.,1.));
#1920 = ORIENTED_EDGE('',*,*,#1921,.T.);
#1921 = EDGE_CURVE('',#1914,#1922,#1924,.T.);
#1922 = VERTEX_POINT('',#1923);
#1923 = CARTESIAN_POINT('',(64.770129540259,-123.3233426466,
    1.600028244856));
#1924 = CIRCLE('',#1925,0.635001270003);
#1925 = AXIS2_PLACEMENT_3D('',#1926,#1927,#1928);
#1926 = CARTESIAN_POINT('',(65.405130810262,-123.3233426466,
    1.600028244856));
#1927 = DIRECTION('',(0.,0.,1.));
#1928 = DIRECTION('',(1.,1.110223024625E-16,-0.));
#1929 = ORIENTED_EDGE('',*,*,#1930,.F.);
#1930 = EDGE_CURVE('',#1931,#1922,#1933,.T.);
#1931 = VERTEX_POINT('',#1932);
#1932 = CARTESIAN_POINT('',(64.770129540259,-123.3233426466,0.));
#1933 = LINE('',#1934,#1935);
#1934 = CARTESIAN_POINT('',(64.770129540259,-123.3233426466,0.));
#1935 = VECTOR('',#1936,1.);
#1936 = DIRECTION('',(0.,0.,1.));
#1937 = ORIENTED_EDGE('',*,*,#1938,.F.);
#1938 = EDGE_CURVE('',#1912,#1931,#1939,.T.);
#1939 = CIRCLE('',#1940,0.635001270003);
#1940 = AXIS2_PLACEMENT_3D('',#1941,#1942,#1943);
#1941 = CARTESIAN_POINT('',(65.405130810262,-123.3233426466,0.));
#1942 = DIRECTION('',(0.,0.,1.));
#1943 = DIRECTION('',(1.,1.110223024625E-16,-0.));
#1944 = CYLINDRICAL_SURFACE('',#1945,0.635001270003);
#1945 = AXIS2_PLACEMENT_3D('',#1946,#1947,#1948);
#1946 = CARTESIAN_POINT('',(65.405130810262,-123.3233426466,0.));
#1947 = DIRECTION('',(-0.,-0.,-1.));
#1948 = DIRECTION('',(1.,1.110223024625E-16,-0.));
#1949 = ADVANCED_FACE('',(#1950),#1968,.F.);
#1950 = FACE_BOUND('',#1951,.T.);
#1951 = EDGE_LOOP('',(#1952,#1953,#1960,#1961));
#1952 = ORIENTED_EDGE('',*,*,#1930,.T.);
#1953 = ORIENTED_EDGE('',*,*,#1954,.T.);
#1954 = EDGE_CURVE('',#1922,#1914,#1955,.T.);
#1955 = CIRCLE('',#1956,0.635001270003);
#1956 = AXIS2_PLACEMENT_3D('',#1957,#1958,#1959);
#1957 = CARTESIAN_POINT('',(65.405130810262,-123.3233426466,
    1.600028244856));
#1958 = DIRECTION('',(0.,0.,1.));
#1959 = DIRECTION('',(-1.,-1.110223024625E-16,0.));
#1960 = ORIENTED_EDGE('',*,*,#1911,.F.);
#1961 = ORIENTED_EDGE('',*,*,#1962,.F.);
#1962 = EDGE_CURVE('',#1931,#1912,#1963,.T.);
#1963 = CIRCLE('',#1964,0.635001270003);
#1964 = AXIS2_PLACEMENT_3D('',#1965,#1966,#1967);
#1965 = CARTESIAN_POINT('',(65.405130810262,-123.3233426466,0.));
#1966 = DIRECTION('',(0.,0.,1.));
#1967 = DIRECTION('',(-1.,-1.110223024625E-16,0.));
#1968 = CYLINDRICAL_SURFACE('',#1969,0.635001270003);
#1969 = AXIS2_PLACEMENT_3D('',#1970,#1971,#1972);
#1970 = CARTESIAN_POINT('',(65.405130810262,-123.3233426466,0.));
#1971 = DIRECTION('',(-0.,-0.,-1.));
#1972 = DIRECTION('',(-1.,-1.110223024625E-16,0.));
#1973 = ADVANCED_FACE('',(#1974),#2010,.F.);
#1974 = FACE_BOUND('',#1975,.T.);
#1975 = EDGE_LOOP('',(#1976,#1986,#1995,#2003));
#1976 = ORIENTED_EDGE('',*,*,#1977,.T.);
#1977 = EDGE_CURVE('',#1978,#1980,#1982,.T.);
#1978 = VERTEX_POINT('',#1979);
#1979 = CARTESIAN_POINT('',(66.040132080264,-120.7833375666,0.));
#1980 = VERTEX_POINT('',#1981);
#1981 = CARTESIAN_POINT('',(66.040132080264,-120.7833375666,
    1.600028244856));
#1982 = LINE('',#1983,#1984);
#1983 = CARTESIAN_POINT('',(66.040132080264,-120.7833375666,0.));
#1984 = VECTOR('',#1985,1.);
#1985 = DIRECTION('',(0.,0.,1.));
#1986 = ORIENTED_EDGE('',*,*,#1987,.T.);
#1987 = EDGE_CURVE('',#1980,#1988,#1990,.T.);
#1988 = VERTEX_POINT('',#1989);
#1989 = CARTESIAN_POINT('',(64.770129540259,-120.7833375666,
    1.600028244856));
#1990 = CIRCLE('',#1991,0.635001270003);
#1991 = AXIS2_PLACEMENT_3D('',#1992,#1993,#1994);
#1992 = CARTESIAN_POINT('',(65.405130810262,-120.7833375666,
    1.600028244856));
#1993 = DIRECTION('',(0.,0.,1.));
#1994 = DIRECTION('',(1.,1.110223024625E-16,-0.));
#1995 = ORIENTED_EDGE('',*,*,#1996,.F.);
#1996 = EDGE_CURVE('',#1997,#1988,#1999,.T.);
#1997 = VERTEX_POINT('',#1998);
#1998 = CARTESIAN_POINT('',(64.770129540259,-120.7833375666,0.));
#1999 = LINE('',#2000,#2001);
#2000 = CARTESIAN_POINT('',(64.770129540259,-120.7833375666,0.));
#2001 = VECTOR('',#2002,1.);
#2002 = DIRECTION('',(0.,0.,1.));
#2003 = ORIENTED_EDGE('',*,*,#2004,.F.);
#2004 = EDGE_CURVE('',#1978,#1997,#2005,.T.);
#2005 = CIRCLE('',#2006,0.635001270003);
#2006 = AXIS2_PLACEMENT_3D('',#2007,#2008,#2009);
#2007 = CARTESIAN_POINT('',(65.405130810262,-120.7833375666,0.));
#2008 = DIRECTION('',(0.,0.,1.));
#2009 = DIRECTION('',(1.,1.110223024625E-16,-0.));
#2010 = CYLINDRICAL_SURFACE('',#2011,0.635001270003);
#2011 = AXIS2_PLACEMENT_3D('',#2012,#2013,#2014);
#2012 = CARTESIAN_POINT('',(65.405130810262,-120.7833375666,0.));
#2013 = DIRECTION('',(-0.,-0.,-1.));
#2014 = DIRECTION('',(1.,1.110223024625E-16,-0.));
#2015 = ADVANCED_FACE('',(#2016),#2034,.F.);
#2016 = FACE_BOUND('',#2017,.T.);
#2017 = EDGE_LOOP('',(#2018,#2019,#2026,#2027));
#2018 = ORIENTED_EDGE('',*,*,#1996,.T.);
#2019 = ORIENTED_EDGE('',*,*,#2020,.T.);
#2020 = EDGE_CURVE('',#1988,#1980,#2021,.T.);
#2021 = CIRCLE('',#2022,0.635001270003);
#2022 = AXIS2_PLACEMENT_3D('',#2023,#2024,#2025);
#2023 = CARTESIAN_POINT('',(65.405130810262,-120.7833375666,
    1.600028244856));
#2024 = DIRECTION('',(0.,0.,1.));
#2025 = DIRECTION('',(-1.,-1.110223024625E-16,0.));
#2026 = ORIENTED_EDGE('',*,*,#1977,.F.);
#2027 = ORIENTED_EDGE('',*,*,#2028,.F.);
#2028 = EDGE_CURVE('',#1997,#1978,#2029,.T.);
#2029 = CIRCLE('',#2030,0.635001270003);
#2030 = AXIS2_PLACEMENT_3D('',#2031,#2032,#2033);
#2031 = CARTESIAN_POINT('',(65.405130810262,-120.7833375666,0.));
#2032 = DIRECTION('',(0.,0.,1.));
#2033 = DIRECTION('',(-1.,-1.110223024625E-16,0.));
#2034 = CYLINDRICAL_SURFACE('',#2035,0.635001270003);
#2035 = AXIS2_PLACEMENT_3D('',#2036,#2037,#2038);
#2036 = CARTESIAN_POINT('',(65.405130810262,-120.7833375666,0.));
#2037 = DIRECTION('',(-0.,-0.,-1.));
#2038 = DIRECTION('',(-1.,-1.110223024625E-16,0.));
#2039 = ADVANCED_FACE('',(#2040),#2076,.F.);
#2040 = FACE_BOUND('',#2041,.T.);
#2041 = EDGE_LOOP('',(#2042,#2052,#2061,#2069));
#2042 = ORIENTED_EDGE('',*,*,#2043,.T.);
#2043 = EDGE_CURVE('',#2044,#2046,#2048,.T.);
#2044 = VERTEX_POINT('',#2045);
#2045 = CARTESIAN_POINT('',(66.040132080264,-128.4033528067,0.));
#2046 = VERTEX_POINT('',#2047);
#2047 = CARTESIAN_POINT('',(66.040132080264,-128.4033528067,
    1.600028244856));
#2048 = LINE('',#2049,#2050);
#2049 = CARTESIAN_POINT('',(66.040132080264,-128.4033528067,0.));
#2050 = VECTOR('',#2051,1.);
#2051 = DIRECTION('',(0.,0.,1.));
#2052 = ORIENTED_EDGE('',*,*,#2053,.T.);
#2053 = EDGE_CURVE('',#2046,#2054,#2056,.T.);
#2054 = VERTEX_POINT('',#2055);
#2055 = CARTESIAN_POINT('',(64.770129540259,-128.4033528067,
    1.600028244856));
#2056 = CIRCLE('',#2057,0.635001270003);
#2057 = AXIS2_PLACEMENT_3D('',#2058,#2059,#2060);
#2058 = CARTESIAN_POINT('',(65.405130810262,-128.4033528067,
    1.600028244856));
#2059 = DIRECTION('',(0.,0.,1.));
#2060 = DIRECTION('',(1.,1.110223024625E-16,-0.));
#2061 = ORIENTED_EDGE('',*,*,#2062,.F.);
#2062 = EDGE_CURVE('',#2063,#2054,#2065,.T.);
#2063 = VERTEX_POINT('',#2064);
#2064 = CARTESIAN_POINT('',(64.770129540259,-128.4033528067,0.));
#2065 = LINE('',#2066,#2067);
#2066 = CARTESIAN_POINT('',(64.770129540259,-128.4033528067,0.));
#2067 = VECTOR('',#2068,1.);
#2068 = DIRECTION('',(0.,0.,1.));
#2069 = ORIENTED_EDGE('',*,*,#2070,.F.);
#2070 = EDGE_CURVE('',#2044,#2063,#2071,.T.);
#2071 = CIRCLE('',#2072,0.635001270003);
#2072 = AXIS2_PLACEMENT_3D('',#2073,#2074,#2075);
#2073 = CARTESIAN_POINT('',(65.405130810262,-128.4033528067,0.));
#2074 = DIRECTION('',(0.,0.,1.));
#2075 = DIRECTION('',(1.,1.110223024625E-16,-0.));
#2076 = CYLINDRICAL_SURFACE('',#2077,0.635001270003);
#2077 = AXIS2_PLACEMENT_3D('',#2078,#2079,#2080);
#2078 = CARTESIAN_POINT('',(65.405130810262,-128.4033528067,0.));
#2079 = DIRECTION('',(-0.,-0.,-1.));
#2080 = DIRECTION('',(1.,1.110223024625E-16,-0.));
#2081 = ADVANCED_FACE('',(#2082),#2100,.F.);
#2082 = FACE_BOUND('',#2083,.T.);
#2083 = EDGE_LOOP('',(#2084,#2085,#2092,#2093));
#2084 = ORIENTED_EDGE('',*,*,#2062,.T.);
#2085 = ORIENTED_EDGE('',*,*,#2086,.T.);
#2086 = EDGE_CURVE('',#2054,#2046,#2087,.T.);
#2087 = CIRCLE('',#2088,0.635001270003);
#2088 = AXIS2_PLACEMENT_3D('',#2089,#2090,#2091);
#2089 = CARTESIAN_POINT('',(65.405130810262,-128.4033528067,
    1.600028244856));
#2090 = DIRECTION('',(0.,0.,1.));
#2091 = DIRECTION('',(-1.,-1.110223024625E-16,0.));
#2092 = ORIENTED_EDGE('',*,*,#2043,.F.);
#2093 = ORIENTED_EDGE('',*,*,#2094,.F.);
#2094 = EDGE_CURVE('',#2063,#2044,#2095,.T.);
#2095 = CIRCLE('',#2096,0.635001270003);
#2096 = AXIS2_PLACEMENT_3D('',#2097,#2098,#2099);
#2097 = CARTESIAN_POINT('',(65.405130810262,-128.4033528067,0.));
#2098 = DIRECTION('',(0.,0.,1.));
#2099 = DIRECTION('',(-1.,-1.110223024625E-16,0.));
#2100 = CYLINDRICAL_SURFACE('',#2101,0.635001270003);
#2101 = AXIS2_PLACEMENT_3D('',#2102,#2103,#2104);
#2102 = CARTESIAN_POINT('',(65.405130810262,-128.4033528067,0.));
#2103 = DIRECTION('',(-0.,-0.,-1.));
#2104 = DIRECTION('',(-1.,-1.110223024625E-16,0.));
#2105 = ADVANCED_FACE('',(#2106),#2142,.F.);
#2106 = FACE_BOUND('',#2107,.T.);
#2107 = EDGE_LOOP('',(#2108,#2118,#2127,#2135));
#2108 = ORIENTED_EDGE('',*,*,#2109,.T.);
#2109 = EDGE_CURVE('',#2110,#2112,#2114,.T.);
#2110 = VERTEX_POINT('',#2111);
#2111 = CARTESIAN_POINT('',(66.040132080264,-125.8633477266,0.));
#2112 = VERTEX_POINT('',#2113);
#2113 = CARTESIAN_POINT('',(66.040132080264,-125.8633477266,
    1.600028244856));
#2114 = LINE('',#2115,#2116);
#2115 = CARTESIAN_POINT('',(66.040132080264,-125.8633477266,0.));
#2116 = VECTOR('',#2117,1.);
#2117 = DIRECTION('',(0.,0.,1.));
#2118 = ORIENTED_EDGE('',*,*,#2119,.T.);
#2119 = EDGE_CURVE('',#2112,#2120,#2122,.T.);
#2120 = VERTEX_POINT('',#2121);
#2121 = CARTESIAN_POINT('',(64.770129540259,-125.8633477266,
    1.600028244856));
#2122 = CIRCLE('',#2123,0.635001270003);
#2123 = AXIS2_PLACEMENT_3D('',#2124,#2125,#2126);
#2124 = CARTESIAN_POINT('',(65.405130810262,-125.8633477266,
    1.600028244856));
#2125 = DIRECTION('',(0.,0.,1.));
#2126 = DIRECTION('',(1.,1.110223024625E-16,-0.));
#2127 = ORIENTED_EDGE('',*,*,#2128,.F.);
#2128 = EDGE_CURVE('',#2129,#2120,#2131,.T.);
#2129 = VERTEX_POINT('',#2130);
#2130 = CARTESIAN_POINT('',(64.770129540259,-125.8633477266,0.));
#2131 = LINE('',#2132,#2133);
#2132 = CARTESIAN_POINT('',(64.770129540259,-125.8633477266,0.));
#2133 = VECTOR('',#2134,1.);
#2134 = DIRECTION('',(0.,0.,1.));
#2135 = ORIENTED_EDGE('',*,*,#2136,.F.);
#2136 = EDGE_CURVE('',#2110,#2129,#2137,.T.);
#2137 = CIRCLE('',#2138,0.635001270003);
#2138 = AXIS2_PLACEMENT_3D('',#2139,#2140,#2141);
#2139 = CARTESIAN_POINT('',(65.405130810262,-125.8633477266,0.));
#2140 = DIRECTION('',(0.,0.,1.));
#2141 = DIRECTION('',(1.,1.110223024625E-16,-0.));
#2142 = CYLINDRICAL_SURFACE('',#2143,0.635001270003);
#2143 = AXIS2_PLACEMENT_3D('',#2144,#2145,#2146);
#2144 = CARTESIAN_POINT('',(65.405130810262,-125.8633477266,0.));
#2145 = DIRECTION('',(-0.,-0.,-1.));
#2146 = DIRECTION('',(1.,1.110223024625E-16,-0.));
#2147 = ADVANCED_FACE('',(#2148),#2166,.F.);
#2148 = FACE_BOUND('',#2149,.T.);
#2149 = EDGE_LOOP('',(#2150,#2151,#2158,#2159));
#2150 = ORIENTED_EDGE('',*,*,#2128,.T.);
#2151 = ORIENTED_EDGE('',*,*,#2152,.T.);
#2152 = EDGE_CURVE('',#2120,#2112,#2153,.T.);
#2153 = CIRCLE('',#2154,0.635001270003);
#2154 = AXIS2_PLACEMENT_3D('',#2155,#2156,#2157);
#2155 = CARTESIAN_POINT('',(65.405130810262,-125.8633477266,
    1.600028244856));
#2156 = DIRECTION('',(0.,0.,1.));
#2157 = DIRECTION('',(-1.,-1.110223024625E-16,0.));
#2158 = ORIENTED_EDGE('',*,*,#2109,.F.);
#2159 = ORIENTED_EDGE('',*,*,#2160,.F.);
#2160 = EDGE_CURVE('',#2129,#2110,#2161,.T.);
#2161 = CIRCLE('',#2162,0.635001270003);
#2162 = AXIS2_PLACEMENT_3D('',#2163,#2164,#2165);
#2163 = CARTESIAN_POINT('',(65.405130810262,-125.8633477266,0.));
#2164 = DIRECTION('',(0.,0.,1.));
#2165 = DIRECTION('',(-1.,-1.110223024625E-16,0.));
#2166 = CYLINDRICAL_SURFACE('',#2167,0.635001270003);
#2167 = AXIS2_PLACEMENT_3D('',#2168,#2169,#2170);
#2168 = CARTESIAN_POINT('',(65.405130810262,-125.8633477266,0.));
#2169 = DIRECTION('',(-0.,-0.,-1.));
#2170 = DIRECTION('',(-1.,-1.110223024625E-16,0.));
#2171 = ADVANCED_FACE('',(#2172),#2208,.F.);
#2172 = FACE_BOUND('',#2173,.T.);
#2173 = EDGE_LOOP('',(#2174,#2184,#2193,#2201));
#2174 = ORIENTED_EDGE('',*,*,#2175,.T.);
#2175 = EDGE_CURVE('',#2176,#2178,#2180,.T.);
#2176 = VERTEX_POINT('',#2177);
#2177 = CARTESIAN_POINT('',(67.048133096266,-155.5753111506,0.));
#2178 = VERTEX_POINT('',#2179);
#2179 = CARTESIAN_POINT('',(67.048133096266,-155.5753111506,
    1.600028244856));
#2180 = LINE('',#2181,#2182);
#2181 = CARTESIAN_POINT('',(67.048133096266,-155.5753111506,0.));
#2182 = VECTOR('',#2183,1.);
#2183 = DIRECTION('',(0.,0.,1.));
#2184 = ORIENTED_EDGE('',*,*,#2185,.T.);
#2185 = EDGE_CURVE('',#2178,#2186,#2188,.T.);
#2186 = VERTEX_POINT('',#2187);
#2187 = CARTESIAN_POINT('',(66.048133096266,-155.5753111506,
    1.600028244856));
#2188 = CIRCLE('',#2189,0.5);
#2189 = AXIS2_PLACEMENT_3D('',#2190,#2191,#2192);
#2190 = CARTESIAN_POINT('',(66.548133096266,-155.5753111506,
    1.600028244856));
#2191 = DIRECTION('',(0.,0.,1.));
#2192 = DIRECTION('',(1.,1.110223024625E-16,-0.));
#2193 = ORIENTED_EDGE('',*,*,#2194,.F.);
#2194 = EDGE_CURVE('',#2195,#2186,#2197,.T.);
#2195 = VERTEX_POINT('',#2196);
#2196 = CARTESIAN_POINT('',(66.048133096266,-155.5753111506,0.));
#2197 = LINE('',#2198,#2199);
#2198 = CARTESIAN_POINT('',(66.048133096266,-155.5753111506,0.));
#2199 = VECTOR('',#2200,1.);
#2200 = DIRECTION('',(0.,0.,1.));
#2201 = ORIENTED_EDGE('',*,*,#2202,.F.);
#2202 = EDGE_CURVE('',#2176,#2195,#2203,.T.);
#2203 = CIRCLE('',#2204,0.5);
#2204 = AXIS2_PLACEMENT_3D('',#2205,#2206,#2207);
#2205 = CARTESIAN_POINT('',(66.548133096266,-155.5753111506,0.));
#2206 = DIRECTION('',(0.,0.,1.));
#2207 = DIRECTION('',(1.,1.110223024625E-16,-0.));
#2208 = CYLINDRICAL_SURFACE('',#2209,0.5);
#2209 = AXIS2_PLACEMENT_3D('',#2210,#2211,#2212);
#2210 = CARTESIAN_POINT('',(66.548133096266,-155.5753111506,0.));
#2211 = DIRECTION('',(-0.,-0.,-1.));
#2212 = DIRECTION('',(1.,1.110223024625E-16,-0.));
#2213 = ADVANCED_FACE('',(#2214),#2232,.F.);
#2214 = FACE_BOUND('',#2215,.T.);
#2215 = EDGE_LOOP('',(#2216,#2217,#2224,#2225));
#2216 = ORIENTED_EDGE('',*,*,#2194,.T.);
#2217 = ORIENTED_EDGE('',*,*,#2218,.T.);
#2218 = EDGE_CURVE('',#2186,#2178,#2219,.T.);
#2219 = CIRCLE('',#2220,0.5);
#2220 = AXIS2_PLACEMENT_3D('',#2221,#2222,#2223);
#2221 = CARTESIAN_POINT('',(66.548133096266,-155.5753111506,
    1.600028244856));
#2222 = DIRECTION('',(0.,0.,1.));
#2223 = DIRECTION('',(-1.,-1.110223024625E-16,0.));
#2224 = ORIENTED_EDGE('',*,*,#2175,.F.);
#2225 = ORIENTED_EDGE('',*,*,#2226,.F.);
#2226 = EDGE_CURVE('',#2195,#2176,#2227,.T.);
#2227 = CIRCLE('',#2228,0.5);
#2228 = AXIS2_PLACEMENT_3D('',#2229,#2230,#2231);
#2229 = CARTESIAN_POINT('',(66.548133096266,-155.5753111506,0.));
#2230 = DIRECTION('',(0.,0.,1.));
#2231 = DIRECTION('',(-1.,-1.110223024625E-16,0.));
#2232 = CYLINDRICAL_SURFACE('',#2233,0.5);
#2233 = AXIS2_PLACEMENT_3D('',#2234,#2235,#2236);
#2234 = CARTESIAN_POINT('',(66.548133096266,-155.5753111506,0.));
#2235 = DIRECTION('',(-0.,-0.,-1.));
#2236 = DIRECTION('',(-1.,-1.110223024625E-16,0.));
#2237 = ADVANCED_FACE('',(#2238),#2274,.F.);
#2238 = FACE_BOUND('',#2239,.T.);
#2239 = EDGE_LOOP('',(#2240,#2250,#2259,#2267));
#2240 = ORIENTED_EDGE('',*,*,#2241,.T.);
#2241 = EDGE_CURVE('',#2242,#2244,#2246,.T.);
#2242 = VERTEX_POINT('',#2243);
#2243 = CARTESIAN_POINT('',(67.817881635763,-136.1441452882,0.));
#2244 = VERTEX_POINT('',#2245);
#2245 = CARTESIAN_POINT('',(67.817881635763,-136.1441452882,
    1.600028244856));
#2246 = LINE('',#2247,#2248);
#2247 = CARTESIAN_POINT('',(67.817881635763,-136.1441452882,0.));
#2248 = VECTOR('',#2249,1.);
#2249 = DIRECTION('',(0.,0.,1.));
#2250 = ORIENTED_EDGE('',*,*,#2251,.T.);
#2251 = EDGE_CURVE('',#2244,#2252,#2254,.T.);
#2252 = VERTEX_POINT('',#2253);
#2253 = CARTESIAN_POINT('',(66.547879095758,-136.1441452882,
    1.600028244856));
#2254 = CIRCLE('',#2255,0.635001270003);
#2255 = AXIS2_PLACEMENT_3D('',#2256,#2257,#2258);
#2256 = CARTESIAN_POINT('',(67.182880365761,-136.1441452882,
    1.600028244856));
#2257 = DIRECTION('',(0.,0.,1.));
#2258 = DIRECTION('',(1.,1.110223024625E-16,-0.));
#2259 = ORIENTED_EDGE('',*,*,#2260,.F.);
#2260 = EDGE_CURVE('',#2261,#2252,#2263,.T.);
#2261 = VERTEX_POINT('',#2262);
#2262 = CARTESIAN_POINT('',(66.547879095758,-136.1441452882,0.));
#2263 = LINE('',#2264,#2265);
#2264 = CARTESIAN_POINT('',(66.547879095758,-136.1441452882,0.));
#2265 = VECTOR('',#2266,1.);
#2266 = DIRECTION('',(0.,0.,1.));
#2267 = ORIENTED_EDGE('',*,*,#2268,.F.);
#2268 = EDGE_CURVE('',#2242,#2261,#2269,.T.);
#2269 = CIRCLE('',#2270,0.635001270003);
#2270 = AXIS2_PLACEMENT_3D('',#2271,#2272,#2273);
#2271 = CARTESIAN_POINT('',(67.182880365761,-136.1441452882,0.));
#2272 = DIRECTION('',(0.,0.,1.));
#2273 = DIRECTION('',(1.,1.110223024625E-16,-0.));
#2274 = CYLINDRICAL_SURFACE('',#2275,0.635001270003);
#2275 = AXIS2_PLACEMENT_3D('',#2276,#2277,#2278);
#2276 = CARTESIAN_POINT('',(67.182880365761,-136.1441452882,0.));
#2277 = DIRECTION('',(-0.,-0.,-1.));
#2278 = DIRECTION('',(1.,1.110223024625E-16,-0.));
#2279 = ADVANCED_FACE('',(#2280),#2298,.F.);
#2280 = FACE_BOUND('',#2281,.T.);
#2281 = EDGE_LOOP('',(#2282,#2283,#2290,#2291));
#2282 = ORIENTED_EDGE('',*,*,#2260,.T.);
#2283 = ORIENTED_EDGE('',*,*,#2284,.T.);
#2284 = EDGE_CURVE('',#2252,#2244,#2285,.T.);
#2285 = CIRCLE('',#2286,0.635001270003);
#2286 = AXIS2_PLACEMENT_3D('',#2287,#2288,#2289);
#2287 = CARTESIAN_POINT('',(67.182880365761,-136.1441452882,
    1.600028244856));
#2288 = DIRECTION('',(0.,0.,1.));
#2289 = DIRECTION('',(-1.,-1.110223024625E-16,0.));
#2290 = ORIENTED_EDGE('',*,*,#2241,.F.);
#2291 = ORIENTED_EDGE('',*,*,#2292,.F.);
#2292 = EDGE_CURVE('',#2261,#2242,#2293,.T.);
#2293 = CIRCLE('',#2294,0.635001270003);
#2294 = AXIS2_PLACEMENT_3D('',#2295,#2296,#2297);
#2295 = CARTESIAN_POINT('',(67.182880365761,-136.1441452882,0.));
#2296 = DIRECTION('',(0.,0.,1.));
#2297 = DIRECTION('',(-1.,-1.110223024625E-16,0.));
#2298 = CYLINDRICAL_SURFACE('',#2299,0.635001270003);
#2299 = AXIS2_PLACEMENT_3D('',#2300,#2301,#2302);
#2300 = CARTESIAN_POINT('',(67.182880365761,-136.1441452882,0.));
#2301 = DIRECTION('',(-0.,-0.,-1.));
#2302 = DIRECTION('',(-1.,-1.110223024625E-16,0.));
#2303 = ADVANCED_FACE('',(#2304),#2340,.F.);
#2304 = FACE_BOUND('',#2305,.T.);
#2305 = EDGE_LOOP('',(#2306,#2316,#2325,#2333));
#2306 = ORIENTED_EDGE('',*,*,#2307,.T.);
#2307 = EDGE_CURVE('',#2308,#2310,#2312,.T.);
#2308 = VERTEX_POINT('',#2309);
#2309 = CARTESIAN_POINT('',(71.67810515621,-156.0754381508,0.));
#2310 = VERTEX_POINT('',#2311);
#2311 = CARTESIAN_POINT('',(71.67810515621,-156.0754381508,
    1.600028244856));
#2312 = LINE('',#2313,#2314);
#2313 = CARTESIAN_POINT('',(71.67810515621,-156.0754381508,0.));
#2314 = VECTOR('',#2315,1.);
#2315 = DIRECTION('',(0.,0.,1.));
#2316 = ORIENTED_EDGE('',*,*,#2317,.T.);
#2317 = EDGE_CURVE('',#2310,#2318,#2320,.T.);
#2318 = VERTEX_POINT('',#2319);
#2319 = CARTESIAN_POINT('',(69.47810515621,-156.0754381508,
    1.600028244856));
#2320 = CIRCLE('',#2321,1.1);
#2321 = AXIS2_PLACEMENT_3D('',#2322,#2323,#2324);
#2322 = CARTESIAN_POINT('',(70.57810515621,-156.0754381508,
    1.600028244856));
#2323 = DIRECTION('',(0.,0.,1.));
#2324 = DIRECTION('',(1.,1.110223024625E-16,-0.));
#2325 = ORIENTED_EDGE('',*,*,#2326,.F.);
#2326 = EDGE_CURVE('',#2327,#2318,#2329,.T.);
#2327 = VERTEX_POINT('',#2328);
#2328 = CARTESIAN_POINT('',(69.47810515621,-156.0754381508,0.));
#2329 = LINE('',#2330,#2331);
#2330 = CARTESIAN_POINT('',(69.47810515621,-156.0754381508,0.));
#2331 = VECTOR('',#2332,1.);
#2332 = DIRECTION('',(0.,0.,1.));
#2333 = ORIENTED_EDGE('',*,*,#2334,.F.);
#2334 = EDGE_CURVE('',#2308,#2327,#2335,.T.);
#2335 = CIRCLE('',#2336,1.1);
#2336 = AXIS2_PLACEMENT_3D('',#2337,#2338,#2339);
#2337 = CARTESIAN_POINT('',(70.57810515621,-156.0754381508,0.));
#2338 = DIRECTION('',(0.,0.,1.));
#2339 = DIRECTION('',(1.,1.110223024625E-16,-0.));
#2340 = CYLINDRICAL_SURFACE('',#2341,1.1);
#2341 = AXIS2_PLACEMENT_3D('',#2342,#2343,#2344);
#2342 = CARTESIAN_POINT('',(70.57810515621,-156.0754381508,0.));
#2343 = DIRECTION('',(-0.,-0.,-1.));
#2344 = DIRECTION('',(1.,1.110223024625E-16,-0.));
#2345 = ADVANCED_FACE('',(#2346),#2364,.F.);
#2346 = FACE_BOUND('',#2347,.T.);
#2347 = EDGE_LOOP('',(#2348,#2349,#2356,#2357));
#2348 = ORIENTED_EDGE('',*,*,#2326,.T.);
#2349 = ORIENTED_EDGE('',*,*,#2350,.T.);
#2350 = EDGE_CURVE('',#2318,#2310,#2351,.T.);
#2351 = CIRCLE('',#2352,1.1);
#2352 = AXIS2_PLACEMENT_3D('',#2353,#2354,#2355);
#2353 = CARTESIAN_POINT('',(70.57810515621,-156.0754381508,
    1.600028244856));
#2354 = DIRECTION('',(0.,0.,1.));
#2355 = DIRECTION('',(-1.,-1.110223024625E-16,0.));
#2356 = ORIENTED_EDGE('',*,*,#2307,.F.);
#2357 = ORIENTED_EDGE('',*,*,#2358,.F.);
#2358 = EDGE_CURVE('',#2327,#2308,#2359,.T.);
#2359 = CIRCLE('',#2360,1.1);
#2360 = AXIS2_PLACEMENT_3D('',#2361,#2362,#2363);
#2361 = CARTESIAN_POINT('',(70.57810515621,-156.0754381508,0.));
#2362 = DIRECTION('',(0.,0.,1.));
#2363 = DIRECTION('',(-1.,-1.110223024625E-16,0.));
#2364 = CYLINDRICAL_SURFACE('',#2365,1.1);
#2365 = AXIS2_PLACEMENT_3D('',#2366,#2367,#2368);
#2366 = CARTESIAN_POINT('',(70.57810515621,-156.0754381508,0.));
#2367 = DIRECTION('',(-0.,-0.,-1.));
#2368 = DIRECTION('',(-1.,-1.110223024625E-16,0.));
#2369 = ADVANCED_FACE('',(#2370),#2406,.F.);
#2370 = FACE_BOUND('',#2371,.T.);
#2371 = EDGE_LOOP('',(#2372,#2382,#2391,#2399));
#2372 = ORIENTED_EDGE('',*,*,#2373,.T.);
#2373 = EDGE_CURVE('',#2374,#2376,#2378,.T.);
#2374 = VERTEX_POINT('',#2375);
#2375 = CARTESIAN_POINT('',(73.651054102108,-119.6342392684,0.));
#2376 = VERTEX_POINT('',#2377);
#2377 = CARTESIAN_POINT('',(73.651054102108,-119.6342392684,
    1.600028244856));
#2378 = LINE('',#2379,#2380);
#2379 = CARTESIAN_POINT('',(73.651054102108,-119.6342392684,0.));
#2380 = VECTOR('',#2381,1.);
#2381 = DIRECTION('',(0.,0.,1.));
#2382 = ORIENTED_EDGE('',*,*,#2383,.T.);
#2383 = EDGE_CURVE('',#2376,#2384,#2386,.T.);
#2384 = VERTEX_POINT('',#2385);
#2385 = CARTESIAN_POINT('',(72.851054102108,-119.6342392684,
    1.600028244856));
#2386 = CIRCLE('',#2387,0.4);
#2387 = AXIS2_PLACEMENT_3D('',#2388,#2389,#2390);
#2388 = CARTESIAN_POINT('',(73.251054102108,-119.6342392684,
    1.600028244856));
#2389 = DIRECTION('',(0.,0.,1.));
#2390 = DIRECTION('',(1.,1.110223024625E-16,-0.));
#2391 = ORIENTED_EDGE('',*,*,#2392,.F.);
#2392 = EDGE_CURVE('',#2393,#2384,#2395,.T.);
#2393 = VERTEX_POINT('',#2394);
#2394 = CARTESIAN_POINT('',(72.851054102108,-119.6342392684,0.));
#2395 = LINE('',#2396,#2397);
#2396 = CARTESIAN_POINT('',(72.851054102108,-119.6342392684,0.));
#2397 = VECTOR('',#2398,1.);
#2398 = DIRECTION('',(0.,0.,1.));
#2399 = ORIENTED_EDGE('',*,*,#2400,.F.);
#2400 = EDGE_CURVE('',#2374,#2393,#2401,.T.);
#2401 = CIRCLE('',#2402,0.4);
#2402 = AXIS2_PLACEMENT_3D('',#2403,#2404,#2405);
#2403 = CARTESIAN_POINT('',(73.251054102108,-119.6342392684,0.));
#2404 = DIRECTION('',(0.,0.,1.));
#2405 = DIRECTION('',(1.,1.110223024625E-16,-0.));
#2406 = CYLINDRICAL_SURFACE('',#2407,0.4);
#2407 = AXIS2_PLACEMENT_3D('',#2408,#2409,#2410);
#2408 = CARTESIAN_POINT('',(73.251054102108,-119.6342392684,0.));
#2409 = DIRECTION('',(-0.,-0.,-1.));
#2410 = DIRECTION('',(1.,1.110223024625E-16,-0.));
#2411 = ADVANCED_FACE('',(#2412),#2430,.F.);
#2412 = FACE_BOUND('',#2413,.T.);
#2413 = EDGE_LOOP('',(#2414,#2415,#2422,#2423));
#2414 = ORIENTED_EDGE('',*,*,#2392,.T.);
#2415 = ORIENTED_EDGE('',*,*,#2416,.T.);
#2416 = EDGE_CURVE('',#2384,#2376,#2417,.T.);
#2417 = CIRCLE('',#2418,0.4);
#2418 = AXIS2_PLACEMENT_3D('',#2419,#2420,#2421);
#2419 = CARTESIAN_POINT('',(73.251054102108,-119.6342392684,
    1.600028244856));
#2420 = DIRECTION('',(0.,0.,1.));
#2421 = DIRECTION('',(-1.,-1.110223024625E-16,0.));
#2422 = ORIENTED_EDGE('',*,*,#2373,.F.);
#2423 = ORIENTED_EDGE('',*,*,#2424,.F.);
#2424 = EDGE_CURVE('',#2393,#2374,#2425,.T.);
#2425 = CIRCLE('',#2426,0.4);
#2426 = AXIS2_PLACEMENT_3D('',#2427,#2428,#2429);
#2427 = CARTESIAN_POINT('',(73.251054102108,-119.6342392684,0.));
#2428 = DIRECTION('',(0.,0.,1.));
#2429 = DIRECTION('',(-1.,-1.110223024625E-16,0.));
#2430 = CYLINDRICAL_SURFACE('',#2431,0.4);
#2431 = AXIS2_PLACEMENT_3D('',#2432,#2433,#2434);
#2432 = CARTESIAN_POINT('',(73.251054102108,-119.6342392684,0.));
#2433 = DIRECTION('',(-0.,-0.,-1.));
#2434 = DIRECTION('',(-1.,-1.110223024625E-16,0.));
#2435 = ADVANCED_FACE('',(#2436),#2472,.F.);
#2436 = FACE_BOUND('',#2437,.T.);
#2437 = EDGE_LOOP('',(#2438,#2448,#2457,#2465));
#2438 = ORIENTED_EDGE('',*,*,#2439,.T.);
#2439 = EDGE_CURVE('',#2440,#2442,#2444,.T.);
#2440 = VERTEX_POINT('',#2441);
#2441 = CARTESIAN_POINT('',(77.751054102108,-119.6342392684,0.));
#2442 = VERTEX_POINT('',#2443);
#2443 = CARTESIAN_POINT('',(77.751054102108,-119.6342392684,
    1.600028244856));
#2444 = LINE('',#2445,#2446);
#2445 = CARTESIAN_POINT('',(77.751054102108,-119.6342392684,0.));
#2446 = VECTOR('',#2447,1.);
#2447 = DIRECTION('',(0.,0.,1.));
#2448 = ORIENTED_EDGE('',*,*,#2449,.T.);
#2449 = EDGE_CURVE('',#2442,#2450,#2452,.T.);
#2450 = VERTEX_POINT('',#2451);
#2451 = CARTESIAN_POINT('',(76.951054102108,-119.6342392684,
    1.600028244856));
#2452 = CIRCLE('',#2453,0.4);
#2453 = AXIS2_PLACEMENT_3D('',#2454,#2455,#2456);
#2454 = CARTESIAN_POINT('',(77.351054102108,-119.6342392684,
    1.600028244856));
#2455 = DIRECTION('',(0.,0.,1.));
#2456 = DIRECTION('',(1.,1.110223024625E-16,-0.));
#2457 = ORIENTED_EDGE('',*,*,#2458,.F.);
#2458 = EDGE_CURVE('',#2459,#2450,#2461,.T.);
#2459 = VERTEX_POINT('',#2460);
#2460 = CARTESIAN_POINT('',(76.951054102108,-119.6342392684,0.));
#2461 = LINE('',#2462,#2463);
#2462 = CARTESIAN_POINT('',(76.951054102108,-119.6342392684,0.));
#2463 = VECTOR('',#2464,1.);
#2464 = DIRECTION('',(0.,0.,1.));
#2465 = ORIENTED_EDGE('',*,*,#2466,.F.);
#2466 = EDGE_CURVE('',#2440,#2459,#2467,.T.);
#2467 = CIRCLE('',#2468,0.4);
#2468 = AXIS2_PLACEMENT_3D('',#2469,#2470,#2471);
#2469 = CARTESIAN_POINT('',(77.351054102108,-119.6342392684,0.));
#2470 = DIRECTION('',(0.,0.,1.));
#2471 = DIRECTION('',(1.,1.110223024625E-16,-0.));
#2472 = CYLINDRICAL_SURFACE('',#2473,0.4);
#2473 = AXIS2_PLACEMENT_3D('',#2474,#2475,#2476);
#2474 = CARTESIAN_POINT('',(77.351054102108,-119.6342392684,0.));
#2475 = DIRECTION('',(-0.,-0.,-1.));
#2476 = DIRECTION('',(1.,1.110223024625E-16,-0.));
#2477 = ADVANCED_FACE('',(#2478),#2496,.F.);
#2478 = FACE_BOUND('',#2479,.T.);
#2479 = EDGE_LOOP('',(#2480,#2481,#2488,#2489));
#2480 = ORIENTED_EDGE('',*,*,#2458,.T.);
#2481 = ORIENTED_EDGE('',*,*,#2482,.T.);
#2482 = EDGE_CURVE('',#2450,#2442,#2483,.T.);
#2483 = CIRCLE('',#2484,0.4);
#2484 = AXIS2_PLACEMENT_3D('',#2485,#2486,#2487);
#2485 = CARTESIAN_POINT('',(77.351054102108,-119.6342392684,
    1.600028244856));
#2486 = DIRECTION('',(0.,0.,1.));
#2487 = DIRECTION('',(-1.,-1.110223024625E-16,0.));
#2488 = ORIENTED_EDGE('',*,*,#2439,.F.);
#2489 = ORIENTED_EDGE('',*,*,#2490,.F.);
#2490 = EDGE_CURVE('',#2459,#2440,#2491,.T.);
#2491 = CIRCLE('',#2492,0.4);
#2492 = AXIS2_PLACEMENT_3D('',#2493,#2494,#2495);
#2493 = CARTESIAN_POINT('',(77.351054102108,-119.6342392684,0.));
#2494 = DIRECTION('',(0.,0.,1.));
#2495 = DIRECTION('',(-1.,-1.110223024625E-16,0.));
#2496 = CYLINDRICAL_SURFACE('',#2497,0.4);
#2497 = AXIS2_PLACEMENT_3D('',#2498,#2499,#2500);
#2498 = CARTESIAN_POINT('',(77.351054102108,-119.6342392684,0.));
#2499 = DIRECTION('',(-0.,-0.,-1.));
#2500 = DIRECTION('',(-1.,-1.110223024625E-16,0.));
#2501 = ADVANCED_FACE('',(#2502),#2538,.F.);
#2502 = FACE_BOUND('',#2503,.T.);
#2503 = EDGE_LOOP('',(#2504,#2514,#2523,#2531));
#2504 = ORIENTED_EDGE('',*,*,#2505,.T.);
#2505 = EDGE_CURVE('',#2506,#2508,#2510,.T.);
#2506 = VERTEX_POINT('',#2507);
#2507 = CARTESIAN_POINT('',(78.738150876302,-135.2527305054,0.));
#2508 = VERTEX_POINT('',#2509);
#2509 = CARTESIAN_POINT('',(78.738150876302,-135.2527305054,
    1.600028244856));
#2510 = LINE('',#2511,#2512);
#2511 = CARTESIAN_POINT('',(78.738150876302,-135.2527305054,0.));
#2512 = VECTOR('',#2513,1.);
#2513 = DIRECTION('',(0.,0.,1.));
#2514 = ORIENTED_EDGE('',*,*,#2515,.T.);
#2515 = EDGE_CURVE('',#2508,#2516,#2518,.T.);
#2516 = VERTEX_POINT('',#2517);
#2517 = CARTESIAN_POINT('',(79.758166116332,-135.2578105156,
    1.600028244856));
#2518 = CIRCLE('',#2519,0.510013945005);
#2519 = AXIS2_PLACEMENT_3D('',#2520,#2521,#2522);
#2520 = CARTESIAN_POINT('',(79.248158496317,-135.2552705105,
    1.600028244856));
#2521 = DIRECTION('',(0.,0.,1.));
#2522 = DIRECTION('',(-0.999987598399,4.980265941546E-03,0.));
#2523 = ORIENTED_EDGE('',*,*,#2524,.F.);
#2524 = EDGE_CURVE('',#2525,#2516,#2527,.T.);
#2525 = VERTEX_POINT('',#2526);
#2526 = CARTESIAN_POINT('',(79.758166116332,-135.2578105156,0.));
#2527 = LINE('',#2528,#2529);
#2528 = CARTESIAN_POINT('',(79.758166116332,-135.2578105156,0.));
#2529 = VECTOR('',#2530,1.);
#2530 = DIRECTION('',(0.,0.,1.));
#2531 = ORIENTED_EDGE('',*,*,#2532,.F.);
#2532 = EDGE_CURVE('',#2506,#2525,#2533,.T.);
#2533 = CIRCLE('',#2534,0.510013945005);
#2534 = AXIS2_PLACEMENT_3D('',#2535,#2536,#2537);
#2535 = CARTESIAN_POINT('',(79.248158496317,-135.2552705105,0.));
#2536 = DIRECTION('',(0.,0.,1.));
#2537 = DIRECTION('',(-0.999987598399,4.980265941546E-03,0.));
#2538 = CYLINDRICAL_SURFACE('',#2539,0.510013945005);
#2539 = AXIS2_PLACEMENT_3D('',#2540,#2541,#2542);
#2540 = CARTESIAN_POINT('',(79.248158496317,-135.2552705105,0.));
#2541 = DIRECTION('',(-0.,-0.,-1.));
#2542 = DIRECTION('',(-0.999987598399,4.980265941546E-03,0.));
#2543 = ADVANCED_FACE('',(#2544),#2562,.F.);
#2544 = FACE_BOUND('',#2545,.T.);
#2545 = EDGE_LOOP('',(#2546,#2547,#2554,#2555));
#2546 = ORIENTED_EDGE('',*,*,#2524,.T.);
#2547 = ORIENTED_EDGE('',*,*,#2548,.T.);
#2548 = EDGE_CURVE('',#2516,#2508,#2549,.T.);
#2549 = CIRCLE('',#2550,0.510013945005);
#2550 = AXIS2_PLACEMENT_3D('',#2551,#2552,#2553);
#2551 = CARTESIAN_POINT('',(79.248158496317,-135.2552705105,
    1.600028244856));
#2552 = DIRECTION('',(0.,-0.,1.));
#2553 = DIRECTION('',(0.999987598399,-4.980265941546E-03,-0.));
#2554 = ORIENTED_EDGE('',*,*,#2505,.F.);
#2555 = ORIENTED_EDGE('',*,*,#2556,.F.);
#2556 = EDGE_CURVE('',#2525,#2506,#2557,.T.);
#2557 = CIRCLE('',#2558,0.510013945005);
#2558 = AXIS2_PLACEMENT_3D('',#2559,#2560,#2561);
#2559 = CARTESIAN_POINT('',(79.248158496317,-135.2552705105,0.));
#2560 = DIRECTION('',(0.,-0.,1.));
#2561 = DIRECTION('',(0.999987598399,-4.980265941546E-03,-0.));
#2562 = CYLINDRICAL_SURFACE('',#2563,0.510013945005);
#2563 = AXIS2_PLACEMENT_3D('',#2564,#2565,#2566);
#2564 = CARTESIAN_POINT('',(79.248158496317,-135.2552705105,0.));
#2565 = DIRECTION('',(-0.,0.,-1.));
#2566 = DIRECTION('',(0.999987598399,-4.980265941546E-03,-0.));
#2567 = ADVANCED_FACE('',(#2568),#2604,.F.);
#2568 = FACE_BOUND('',#2569,.T.);
#2569 = EDGE_LOOP('',(#2570,#2580,#2589,#2597));
#2570 = ORIENTED_EDGE('',*,*,#2571,.T.);
#2571 = EDGE_CURVE('',#2572,#2574,#2576,.T.);
#2572 = VERTEX_POINT('',#2573);
#2573 = CARTESIAN_POINT('',(78.738150876302,-132.7127254254,0.));
#2574 = VERTEX_POINT('',#2575);
#2575 = CARTESIAN_POINT('',(78.738150876302,-132.7127254254,
    1.600028244856));
#2576 = LINE('',#2577,#2578);
#2577 = CARTESIAN_POINT('',(78.738150876302,-132.7127254254,0.));
#2578 = VECTOR('',#2579,1.);
#2579 = DIRECTION('',(0.,0.,1.));
#2580 = ORIENTED_EDGE('',*,*,#2581,.T.);
#2581 = EDGE_CURVE('',#2574,#2582,#2584,.T.);
#2582 = VERTEX_POINT('',#2583);
#2583 = CARTESIAN_POINT('',(79.758166116332,-132.7178054356,
    1.600028244856));
#2584 = CIRCLE('',#2585,0.510013945005);
#2585 = AXIS2_PLACEMENT_3D('',#2586,#2587,#2588);
#2586 = CARTESIAN_POINT('',(79.248158496317,-132.7152654305,
    1.600028244856));
#2587 = DIRECTION('',(0.,0.,1.));
#2588 = DIRECTION('',(-0.999987598399,4.980265941546E-03,0.));
#2589 = ORIENTED_EDGE('',*,*,#2590,.F.);
#2590 = EDGE_CURVE('',#2591,#2582,#2593,.T.);
#2591 = VERTEX_POINT('',#2592);
#2592 = CARTESIAN_POINT('',(79.758166116332,-132.7178054356,0.));
#2593 = LINE('',#2594,#2595);
#2594 = CARTESIAN_POINT('',(79.758166116332,-132.7178054356,0.));
#2595 = VECTOR('',#2596,1.);
#2596 = DIRECTION('',(0.,0.,1.));
#2597 = ORIENTED_EDGE('',*,*,#2598,.F.);
#2598 = EDGE_CURVE('',#2572,#2591,#2599,.T.);
#2599 = CIRCLE('',#2600,0.510013945005);
#2600 = AXIS2_PLACEMENT_3D('',#2601,#2602,#2603);
#2601 = CARTESIAN_POINT('',(79.248158496317,-132.7152654305,0.));
#2602 = DIRECTION('',(0.,0.,1.));
#2603 = DIRECTION('',(-0.999987598399,4.980265941546E-03,0.));
#2604 = CYLINDRICAL_SURFACE('',#2605,0.510013945005);
#2605 = AXIS2_PLACEMENT_3D('',#2606,#2607,#2608);
#2606 = CARTESIAN_POINT('',(79.248158496317,-132.7152654305,0.));
#2607 = DIRECTION('',(-0.,-0.,-1.));
#2608 = DIRECTION('',(-0.999987598399,4.980265941546E-03,0.));
#2609 = ADVANCED_FACE('',(#2610),#2628,.F.);
#2610 = FACE_BOUND('',#2611,.T.);
#2611 = EDGE_LOOP('',(#2612,#2613,#2620,#2621));
#2612 = ORIENTED_EDGE('',*,*,#2590,.T.);
#2613 = ORIENTED_EDGE('',*,*,#2614,.T.);
#2614 = EDGE_CURVE('',#2582,#2574,#2615,.T.);
#2615 = CIRCLE('',#2616,0.510013945005);
#2616 = AXIS2_PLACEMENT_3D('',#2617,#2618,#2619);
#2617 = CARTESIAN_POINT('',(79.248158496317,-132.7152654305,
    1.600028244856));
#2618 = DIRECTION('',(0.,-0.,1.));
#2619 = DIRECTION('',(0.999987598399,-4.980265941546E-03,-0.));
#2620 = ORIENTED_EDGE('',*,*,#2571,.F.);
#2621 = ORIENTED_EDGE('',*,*,#2622,.F.);
#2622 = EDGE_CURVE('',#2591,#2572,#2623,.T.);
#2623 = CIRCLE('',#2624,0.510013945005);
#2624 = AXIS2_PLACEMENT_3D('',#2625,#2626,#2627);
#2625 = CARTESIAN_POINT('',(79.248158496317,-132.7152654305,0.));
#2626 = DIRECTION('',(0.,-0.,1.));
#2627 = DIRECTION('',(0.999987598399,-4.980265941546E-03,-0.));
#2628 = CYLINDRICAL_SURFACE('',#2629,0.510013945005);
#2629 = AXIS2_PLACEMENT_3D('',#2630,#2631,#2632);
#2630 = CARTESIAN_POINT('',(79.248158496317,-132.7152654305,0.));
#2631 = DIRECTION('',(-0.,0.,-1.));
#2632 = DIRECTION('',(0.999987598399,-4.980265941546E-03,-0.));
#2633 = ADVANCED_FACE('',(#2634),#2670,.F.);
#2634 = FACE_BOUND('',#2635,.T.);
#2635 = EDGE_LOOP('',(#2636,#2646,#2655,#2663));
#2636 = ORIENTED_EDGE('',*,*,#2637,.T.);
#2637 = EDGE_CURVE('',#2638,#2640,#2642,.T.);
#2638 = VERTEX_POINT('',#2639);
#2639 = CARTESIAN_POINT('',(78.738150876302,-130.1727203454,0.));
#2640 = VERTEX_POINT('',#2641);
#2641 = CARTESIAN_POINT('',(78.738150876302,-130.1727203454,
    1.600028244856));
#2642 = LINE('',#2643,#2644);
#2643 = CARTESIAN_POINT('',(78.738150876302,-130.1727203454,0.));
#2644 = VECTOR('',#2645,1.);
#2645 = DIRECTION('',(0.,0.,1.));
#2646 = ORIENTED_EDGE('',*,*,#2647,.T.);
#2647 = EDGE_CURVE('',#2640,#2648,#2650,.T.);
#2648 = VERTEX_POINT('',#2649);
#2649 = CARTESIAN_POINT('',(79.758166116332,-130.1778003556,
    1.600028244856));
#2650 = CIRCLE('',#2651,0.510013945005);
#2651 = AXIS2_PLACEMENT_3D('',#2652,#2653,#2654);
#2652 = CARTESIAN_POINT('',(79.248158496317,-130.1752603505,
    1.600028244856));
#2653 = DIRECTION('',(0.,0.,1.));
#2654 = DIRECTION('',(-0.999987598399,4.980265941546E-03,0.));
#2655 = ORIENTED_EDGE('',*,*,#2656,.F.);
#2656 = EDGE_CURVE('',#2657,#2648,#2659,.T.);
#2657 = VERTEX_POINT('',#2658);
#2658 = CARTESIAN_POINT('',(79.758166116332,-130.1778003556,0.));
#2659 = LINE('',#2660,#2661);
#2660 = CARTESIAN_POINT('',(79.758166116332,-130.1778003556,0.));
#2661 = VECTOR('',#2662,1.);
#2662 = DIRECTION('',(0.,0.,1.));
#2663 = ORIENTED_EDGE('',*,*,#2664,.F.);
#2664 = EDGE_CURVE('',#2638,#2657,#2665,.T.);
#2665 = CIRCLE('',#2666,0.510013945005);
#2666 = AXIS2_PLACEMENT_3D('',#2667,#2668,#2669);
#2667 = CARTESIAN_POINT('',(79.248158496317,-130.1752603505,0.));
#2668 = DIRECTION('',(0.,0.,1.));
#2669 = DIRECTION('',(-0.999987598399,4.980265941546E-03,0.));
#2670 = CYLINDRICAL_SURFACE('',#2671,0.510013945005);
#2671 = AXIS2_PLACEMENT_3D('',#2672,#2673,#2674);
#2672 = CARTESIAN_POINT('',(79.248158496317,-130.1752603505,0.));
#2673 = DIRECTION('',(-0.,-0.,-1.));
#2674 = DIRECTION('',(-0.999987598399,4.980265941546E-03,0.));
#2675 = ADVANCED_FACE('',(#2676),#2694,.F.);
#2676 = FACE_BOUND('',#2677,.T.);
#2677 = EDGE_LOOP('',(#2678,#2679,#2686,#2687));
#2678 = ORIENTED_EDGE('',*,*,#2656,.T.);
#2679 = ORIENTED_EDGE('',*,*,#2680,.T.);
#2680 = EDGE_CURVE('',#2648,#2640,#2681,.T.);
#2681 = CIRCLE('',#2682,0.510013945005);
#2682 = AXIS2_PLACEMENT_3D('',#2683,#2684,#2685);
#2683 = CARTESIAN_POINT('',(79.248158496317,-130.1752603505,
    1.600028244856));
#2684 = DIRECTION('',(0.,-0.,1.));
#2685 = DIRECTION('',(0.999987598399,-4.980265941546E-03,-0.));
#2686 = ORIENTED_EDGE('',*,*,#2637,.F.);
#2687 = ORIENTED_EDGE('',*,*,#2688,.F.);
#2688 = EDGE_CURVE('',#2657,#2638,#2689,.T.);
#2689 = CIRCLE('',#2690,0.510013945005);
#2690 = AXIS2_PLACEMENT_3D('',#2691,#2692,#2693);
#2691 = CARTESIAN_POINT('',(79.248158496317,-130.1752603505,0.));
#2692 = DIRECTION('',(0.,-0.,1.));
#2693 = DIRECTION('',(0.999987598399,-4.980265941546E-03,-0.));
#2694 = CYLINDRICAL_SURFACE('',#2695,0.510013945005);
#2695 = AXIS2_PLACEMENT_3D('',#2696,#2697,#2698);
#2696 = CARTESIAN_POINT('',(79.248158496317,-130.1752603505,0.));
#2697 = DIRECTION('',(-0.,0.,-1.));
#2698 = DIRECTION('',(0.999987598399,-4.980265941546E-03,-0.));
#2699 = ADVANCED_FACE('',(#2700,#2706,#2710,#2714,#2718,#2722,#2726,
    #2730,#2734,#2738,#2742,#2746,#2750,#2754,#2758,#2762,#2766,#2770,
    #2774,#2778,#2782,#2786,#2790,#2794,#2798,#2802,#2806,#2810,#2814,
    #2818,#2822,#2826,#2830,#2834,#2838,#2842,#2846,#2850,#2854),#2858,
  .T.);
#2700 = FACE_BOUND('',#2701,.T.);
#2701 = EDGE_LOOP('',(#2702,#2703,#2704,#2705));
#2702 = ORIENTED_EDGE('',*,*,#97,.T.);
#2703 = ORIENTED_EDGE('',*,*,#128,.T.);
#2704 = ORIENTED_EDGE('',*,*,#159,.T.);
#2705 = ORIENTED_EDGE('',*,*,#181,.T.);
#2706 = FACE_BOUND('',#2707,.T.);
#2707 = EDGE_LOOP('',(#2708,#2709));
#2708 = ORIENTED_EDGE('',*,*,#222,.T.);
#2709 = ORIENTED_EDGE('',*,*,#246,.T.);
#2710 = FACE_BOUND('',#2711,.T.);
#2711 = EDGE_LOOP('',(#2712,#2713));
#2712 = ORIENTED_EDGE('',*,*,#288,.T.);
#2713 = ORIENTED_EDGE('',*,*,#312,.T.);
#2714 = FACE_BOUND('',#2715,.T.);
#2715 = EDGE_LOOP('',(#2716,#2717));
#2716 = ORIENTED_EDGE('',*,*,#354,.T.);
#2717 = ORIENTED_EDGE('',*,*,#378,.T.);
#2718 = FACE_BOUND('',#2719,.T.);
#2719 = EDGE_LOOP('',(#2720,#2721));
#2720 = ORIENTED_EDGE('',*,*,#420,.T.);
#2721 = ORIENTED_EDGE('',*,*,#444,.T.);
#2722 = FACE_BOUND('',#2723,.T.);
#2723 = EDGE_LOOP('',(#2724,#2725));
#2724 = ORIENTED_EDGE('',*,*,#486,.T.);
#2725 = ORIENTED_EDGE('',*,*,#510,.T.);
#2726 = FACE_BOUND('',#2727,.T.);
#2727 = EDGE_LOOP('',(#2728,#2729));
#2728 = ORIENTED_EDGE('',*,*,#552,.T.);
#2729 = ORIENTED_EDGE('',*,*,#576,.T.);
#2730 = FACE_BOUND('',#2731,.T.);
#2731 = EDGE_LOOP('',(#2732,#2733));
#2732 = ORIENTED_EDGE('',*,*,#618,.T.);
#2733 = ORIENTED_EDGE('',*,*,#642,.T.);
#2734 = FACE_BOUND('',#2735,.T.);
#2735 = EDGE_LOOP('',(#2736,#2737));
#2736 = ORIENTED_EDGE('',*,*,#684,.T.);
#2737 = ORIENTED_EDGE('',*,*,#708,.T.);
#2738 = FACE_BOUND('',#2739,.T.);
#2739 = EDGE_LOOP('',(#2740,#2741));
#2740 = ORIENTED_EDGE('',*,*,#750,.T.);
#2741 = ORIENTED_EDGE('',*,*,#774,.T.);
#2742 = FACE_BOUND('',#2743,.T.);
#2743 = EDGE_LOOP('',(#2744,#2745));
#2744 = ORIENTED_EDGE('',*,*,#816,.T.);
#2745 = ORIENTED_EDGE('',*,*,#840,.T.);
#2746 = FACE_BOUND('',#2747,.T.);
#2747 = EDGE_LOOP('',(#2748,#2749));
#2748 = ORIENTED_EDGE('',*,*,#882,.T.);
#2749 = ORIENTED_EDGE('',*,*,#906,.T.);
#2750 = FACE_BOUND('',#2751,.T.);
#2751 = EDGE_LOOP('',(#2752,#2753));
#2752 = ORIENTED_EDGE('',*,*,#948,.T.);
#2753 = ORIENTED_EDGE('',*,*,#972,.T.);
#2754 = FACE_BOUND('',#2755,.T.);
#2755 = EDGE_LOOP('',(#2756,#2757));
#2756 = ORIENTED_EDGE('',*,*,#1014,.T.);
#2757 = ORIENTED_EDGE('',*,*,#1038,.T.);
#2758 = FACE_BOUND('',#2759,.T.);
#2759 = EDGE_LOOP('',(#2760,#2761));
#2760 = ORIENTED_EDGE('',*,*,#1080,.T.);
#2761 = ORIENTED_EDGE('',*,*,#1104,.T.);
#2762 = FACE_BOUND('',#2763,.T.);
#2763 = EDGE_LOOP('',(#2764,#2765));
#2764 = ORIENTED_EDGE('',*,*,#1146,.T.);
#2765 = ORIENTED_EDGE('',*,*,#1170,.T.);
#2766 = FACE_BOUND('',#2767,.T.);
#2767 = EDGE_LOOP('',(#2768,#2769));
#2768 = ORIENTED_EDGE('',*,*,#1212,.T.);
#2769 = ORIENTED_EDGE('',*,*,#1236,.T.);
#2770 = FACE_BOUND('',#2771,.T.);
#2771 = EDGE_LOOP('',(#2772,#2773));
#2772 = ORIENTED_EDGE('',*,*,#1278,.T.);
#2773 = ORIENTED_EDGE('',*,*,#1302,.T.);
#2774 = FACE_BOUND('',#2775,.T.);
#2775 = EDGE_LOOP('',(#2776,#2777));
#2776 = ORIENTED_EDGE('',*,*,#1344,.T.);
#2777 = ORIENTED_EDGE('',*,*,#1368,.T.);
#2778 = FACE_BOUND('',#2779,.T.);
#2779 = EDGE_LOOP('',(#2780,#2781));
#2780 = ORIENTED_EDGE('',*,*,#1410,.T.);
#2781 = ORIENTED_EDGE('',*,*,#1434,.T.);
#2782 = FACE_BOUND('',#2783,.T.);
#2783 = EDGE_LOOP('',(#2784,#2785));
#2784 = ORIENTED_EDGE('',*,*,#1476,.T.);
#2785 = ORIENTED_EDGE('',*,*,#1500,.T.);
#2786 = FACE_BOUND('',#2787,.T.);
#2787 = EDGE_LOOP('',(#2788,#2789));
#2788 = ORIENTED_EDGE('',*,*,#1542,.T.);
#2789 = ORIENTED_EDGE('',*,*,#1566,.T.);
#2790 = FACE_BOUND('',#2791,.T.);
#2791 = EDGE_LOOP('',(#2792,#2793));
#2792 = ORIENTED_EDGE('',*,*,#1608,.T.);
#2793 = ORIENTED_EDGE('',*,*,#1632,.T.);
#2794 = FACE_BOUND('',#2795,.T.);
#2795 = EDGE_LOOP('',(#2796,#2797));
#2796 = ORIENTED_EDGE('',*,*,#1674,.T.);
#2797 = ORIENTED_EDGE('',*,*,#1698,.T.);
#2798 = FACE_BOUND('',#2799,.T.);
#2799 = EDGE_LOOP('',(#2800,#2801));
#2800 = ORIENTED_EDGE('',*,*,#1740,.T.);
#2801 = ORIENTED_EDGE('',*,*,#1764,.T.);
#2802 = FACE_BOUND('',#2803,.T.);
#2803 = EDGE_LOOP('',(#2804,#2805));
#2804 = ORIENTED_EDGE('',*,*,#1806,.T.);
#2805 = ORIENTED_EDGE('',*,*,#1830,.T.);
#2806 = FACE_BOUND('',#2807,.T.);
#2807 = EDGE_LOOP('',(#2808,#2809));
#2808 = ORIENTED_EDGE('',*,*,#1872,.T.);
#2809 = ORIENTED_EDGE('',*,*,#1896,.T.);
#2810 = FACE_BOUND('',#2811,.T.);
#2811 = EDGE_LOOP('',(#2812,#2813));
#2812 = ORIENTED_EDGE('',*,*,#1938,.T.);
#2813 = ORIENTED_EDGE('',*,*,#1962,.T.);
#2814 = FACE_BOUND('',#2815,.T.);
#2815 = EDGE_LOOP('',(#2816,#2817));
#2816 = ORIENTED_EDGE('',*,*,#2004,.T.);
#2817 = ORIENTED_EDGE('',*,*,#2028,.T.);
#2818 = FACE_BOUND('',#2819,.T.);
#2819 = EDGE_LOOP('',(#2820,#2821));
#2820 = ORIENTED_EDGE('',*,*,#2070,.T.);
#2821 = ORIENTED_EDGE('',*,*,#2094,.T.);
#2822 = FACE_BOUND('',#2823,.T.);
#2823 = EDGE_LOOP('',(#2824,#2825));
#2824 = ORIENTED_EDGE('',*,*,#2136,.T.);
#2825 = ORIENTED_EDGE('',*,*,#2160,.T.);
#2826 = FACE_BOUND('',#2827,.T.);
#2827 = EDGE_LOOP('',(#2828,#2829));
#2828 = ORIENTED_EDGE('',*,*,#2202,.T.);
#2829 = ORIENTED_EDGE('',*,*,#2226,.T.);
#2830 = FACE_BOUND('',#2831,.T.);
#2831 = EDGE_LOOP('',(#2832,#2833));
#2832 = ORIENTED_EDGE('',*,*,#2268,.T.);
#2833 = ORIENTED_EDGE('',*,*,#2292,.T.);
#2834 = FACE_BOUND('',#2835,.T.);
#2835 = EDGE_LOOP('',(#2836,#2837));
#2836 = ORIENTED_EDGE('',*,*,#2334,.T.);
#2837 = ORIENTED_EDGE('',*,*,#2358,.T.);
#2838 = FACE_BOUND('',#2839,.T.);
#2839 = EDGE_LOOP('',(#2840,#2841));
#2840 = ORIENTED_EDGE('',*,*,#2400,.T.);
#2841 = ORIENTED_EDGE('',*,*,#2424,.T.);
#2842 = FACE_BOUND('',#2843,.T.);
#2843 = EDGE_LOOP('',(#2844,#2845));
#2844 = ORIENTED_EDGE('',*,*,#2466,.T.);
#2845 = ORIENTED_EDGE('',*,*,#2490,.T.);
#2846 = FACE_BOUND('',#2847,.T.);
#2847 = EDGE_LOOP('',(#2848,#2849));
#2848 = ORIENTED_EDGE('',*,*,#2532,.T.);
#2849 = ORIENTED_EDGE('',*,*,#2556,.T.);
#2850 = FACE_BOUND('',#2851,.T.);
#2851 = EDGE_LOOP('',(#2852,#2853));
#2852 = ORIENTED_EDGE('',*,*,#2598,.T.);
#2853 = ORIENTED_EDGE('',*,*,#2622,.T.);
#2854 = FACE_BOUND('',#2855,.T.);
#2855 = EDGE_LOOP('',(#2856,#2857));
#2856 = ORIENTED_EDGE('',*,*,#2664,.T.);
#2857 = ORIENTED_EDGE('',*,*,#2688,.T.);
#2858 = PLANE('',#2859);
#2859 = AXIS2_PLACEMENT_3D('',#2860,#2861,#2862);
#2860 = CARTESIAN_POINT('',(58.547117094234,-134.6202692405,0.));
#2861 = DIRECTION('',(-0.,-0.,-1.));
#2862 = DIRECTION('',(-1.,0.,0.));
#2863 = ADVANCED_FACE('',(#2864,#2870,#2874,#2878,#2882,#2886,#2890,
    #2894,#2898,#2902,#2906,#2910,#2914,#2918,#2922,#2926,#2930,#2934,
    #2938,#2942,#2946,#2950,#2954,#2958,#2962,#2966,#2970,#2974,#2978,
    #2982,#2986,#2990,#2994,#2998,#3002,#3006,#3010,#3014,#3018),#3022,
  .F.);
#2864 = FACE_BOUND('',#2865,.F.);
#2865 = EDGE_LOOP('',(#2866,#2867,#2868,#2869));
#2866 = ORIENTED_EDGE('',*,*,#81,.T.);
#2867 = ORIENTED_EDGE('',*,*,#112,.T.);
#2868 = ORIENTED_EDGE('',*,*,#143,.T.);
#2869 = ORIENTED_EDGE('',*,*,#174,.T.);
#2870 = FACE_BOUND('',#2871,.F.);
#2871 = EDGE_LOOP('',(#2872,#2873));
#2872 = ORIENTED_EDGE('',*,*,#205,.T.);
#2873 = ORIENTED_EDGE('',*,*,#238,.T.);
#2874 = FACE_BOUND('',#2875,.F.);
#2875 = EDGE_LOOP('',(#2876,#2877));
#2876 = ORIENTED_EDGE('',*,*,#271,.T.);
#2877 = ORIENTED_EDGE('',*,*,#304,.T.);
#2878 = FACE_BOUND('',#2879,.F.);
#2879 = EDGE_LOOP('',(#2880,#2881));
#2880 = ORIENTED_EDGE('',*,*,#337,.T.);
#2881 = ORIENTED_EDGE('',*,*,#370,.T.);
#2882 = FACE_BOUND('',#2883,.F.);
#2883 = EDGE_LOOP('',(#2884,#2885));
#2884 = ORIENTED_EDGE('',*,*,#403,.T.);
#2885 = ORIENTED_EDGE('',*,*,#436,.T.);
#2886 = FACE_BOUND('',#2887,.F.);
#2887 = EDGE_LOOP('',(#2888,#2889));
#2888 = ORIENTED_EDGE('',*,*,#469,.T.);
#2889 = ORIENTED_EDGE('',*,*,#502,.T.);
#2890 = FACE_BOUND('',#2891,.F.);
#2891 = EDGE_LOOP('',(#2892,#2893));
#2892 = ORIENTED_EDGE('',*,*,#535,.T.);
#2893 = ORIENTED_EDGE('',*,*,#568,.T.);
#2894 = FACE_BOUND('',#2895,.F.);
#2895 = EDGE_LOOP('',(#2896,#2897));
#2896 = ORIENTED_EDGE('',*,*,#601,.T.);
#2897 = ORIENTED_EDGE('',*,*,#634,.T.);
#2898 = FACE_BOUND('',#2899,.F.);
#2899 = EDGE_LOOP('',(#2900,#2901));
#2900 = ORIENTED_EDGE('',*,*,#667,.T.);
#2901 = ORIENTED_EDGE('',*,*,#700,.T.);
#2902 = FACE_BOUND('',#2903,.F.);
#2903 = EDGE_LOOP('',(#2904,#2905));
#2904 = ORIENTED_EDGE('',*,*,#733,.T.);
#2905 = ORIENTED_EDGE('',*,*,#766,.T.);
#2906 = FACE_BOUND('',#2907,.F.);
#2907 = EDGE_LOOP('',(#2908,#2909));
#2908 = ORIENTED_EDGE('',*,*,#799,.T.);
#2909 = ORIENTED_EDGE('',*,*,#832,.T.);
#2910 = FACE_BOUND('',#2911,.F.);
#2911 = EDGE_LOOP('',(#2912,#2913));
#2912 = ORIENTED_EDGE('',*,*,#865,.T.);
#2913 = ORIENTED_EDGE('',*,*,#898,.T.);
#2914 = FACE_BOUND('',#2915,.F.);
#2915 = EDGE_LOOP('',(#2916,#2917));
#2916 = ORIENTED_EDGE('',*,*,#931,.T.);
#2917 = ORIENTED_EDGE('',*,*,#964,.T.);
#2918 = FACE_BOUND('',#2919,.F.);
#2919 = EDGE_LOOP('',(#2920,#2921));
#2920 = ORIENTED_EDGE('',*,*,#997,.T.);
#2921 = ORIENTED_EDGE('',*,*,#1030,.T.);
#2922 = FACE_BOUND('',#2923,.F.);
#2923 = EDGE_LOOP('',(#2924,#2925));
#2924 = ORIENTED_EDGE('',*,*,#1063,.T.);
#2925 = ORIENTED_EDGE('',*,*,#1096,.T.);
#2926 = FACE_BOUND('',#2927,.F.);
#2927 = EDGE_LOOP('',(#2928,#2929));
#2928 = ORIENTED_EDGE('',*,*,#1129,.T.);
#2929 = ORIENTED_EDGE('',*,*,#1162,.T.);
#2930 = FACE_BOUND('',#2931,.F.);
#2931 = EDGE_LOOP('',(#2932,#2933));
#2932 = ORIENTED_EDGE('',*,*,#1195,.T.);
#2933 = ORIENTED_EDGE('',*,*,#1228,.T.);
#2934 = FACE_BOUND('',#2935,.F.);
#2935 = EDGE_LOOP('',(#2936,#2937));
#2936 = ORIENTED_EDGE('',*,*,#1261,.T.);
#2937 = ORIENTED_EDGE('',*,*,#1294,.T.);
#2938 = FACE_BOUND('',#2939,.F.);
#2939 = EDGE_LOOP('',(#2940,#2941));
#2940 = ORIENTED_EDGE('',*,*,#1327,.T.);
#2941 = ORIENTED_EDGE('',*,*,#1360,.T.);
#2942 = FACE_BOUND('',#2943,.F.);
#2943 = EDGE_LOOP('',(#2944,#2945));
#2944 = ORIENTED_EDGE('',*,*,#1393,.T.);
#2945 = ORIENTED_EDGE('',*,*,#1426,.T.);
#2946 = FACE_BOUND('',#2947,.F.);
#2947 = EDGE_LOOP('',(#2948,#2949));
#2948 = ORIENTED_EDGE('',*,*,#1459,.T.);
#2949 = ORIENTED_EDGE('',*,*,#1492,.T.);
#2950 = FACE_BOUND('',#2951,.F.);
#2951 = EDGE_LOOP('',(#2952,#2953));
#2952 = ORIENTED_EDGE('',*,*,#1525,.T.);
#2953 = ORIENTED_EDGE('',*,*,#1558,.T.);
#2954 = FACE_BOUND('',#2955,.F.);
#2955 = EDGE_LOOP('',(#2956,#2957));
#2956 = ORIENTED_EDGE('',*,*,#1591,.T.);
#2957 = ORIENTED_EDGE('',*,*,#1624,.T.);
#2958 = FACE_BOUND('',#2959,.F.);
#2959 = EDGE_LOOP('',(#2960,#2961));
#2960 = ORIENTED_EDGE('',*,*,#1657,.T.);
#2961 = ORIENTED_EDGE('',*,*,#1690,.T.);
#2962 = FACE_BOUND('',#2963,.F.);
#2963 = EDGE_LOOP('',(#2964,#2965));
#2964 = ORIENTED_EDGE('',*,*,#1723,.T.);
#2965 = ORIENTED_EDGE('',*,*,#1756,.T.);
#2966 = FACE_BOUND('',#2967,.F.);
#2967 = EDGE_LOOP('',(#2968,#2969));
#2968 = ORIENTED_EDGE('',*,*,#1789,.T.);
#2969 = ORIENTED_EDGE('',*,*,#1822,.T.);
#2970 = FACE_BOUND('',#2971,.F.);
#2971 = EDGE_LOOP('',(#2972,#2973));
#2972 = ORIENTED_EDGE('',*,*,#1855,.T.);
#2973 = ORIENTED_EDGE('',*,*,#1888,.T.);
#2974 = FACE_BOUND('',#2975,.F.);
#2975 = EDGE_LOOP('',(#2976,#2977));
#2976 = ORIENTED_EDGE('',*,*,#1921,.T.);
#2977 = ORIENTED_EDGE('',*,*,#1954,.T.);
#2978 = FACE_BOUND('',#2979,.F.);
#2979 = EDGE_LOOP('',(#2980,#2981));
#2980 = ORIENTED_EDGE('',*,*,#1987,.T.);
#2981 = ORIENTED_EDGE('',*,*,#2020,.T.);
#2982 = FACE_BOUND('',#2983,.F.);
#2983 = EDGE_LOOP('',(#2984,#2985));
#2984 = ORIENTED_EDGE('',*,*,#2053,.T.);
#2985 = ORIENTED_EDGE('',*,*,#2086,.T.);
#2986 = FACE_BOUND('',#2987,.F.);
#2987 = EDGE_LOOP('',(#2988,#2989));
#2988 = ORIENTED_EDGE('',*,*,#2119,.T.);
#2989 = ORIENTED_EDGE('',*,*,#2152,.T.);
#2990 = FACE_BOUND('',#2991,.F.);
#2991 = EDGE_LOOP('',(#2992,#2993));
#2992 = ORIENTED_EDGE('',*,*,#2185,.T.);
#2993 = ORIENTED_EDGE('',*,*,#2218,.T.);
#2994 = FACE_BOUND('',#2995,.F.);
#2995 = EDGE_LOOP('',(#2996,#2997));
#2996 = ORIENTED_EDGE('',*,*,#2251,.T.);
#2997 = ORIENTED_EDGE('',*,*,#2284,.T.);
#2998 = FACE_BOUND('',#2999,.F.);
#2999 = EDGE_LOOP('',(#3000,#3001));
#3000 = ORIENTED_EDGE('',*,*,#2317,.T.);
#3001 = ORIENTED_EDGE('',*,*,#2350,.T.);
#3002 = FACE_BOUND('',#3003,.F.);
#3003 = EDGE_LOOP('',(#3004,#3005));
#3004 = ORIENTED_EDGE('',*,*,#2383,.T.);
#3005 = ORIENTED_EDGE('',*,*,#2416,.T.);
#3006 = FACE_BOUND('',#3007,.F.);
#3007 = EDGE_LOOP('',(#3008,#3009));
#3008 = ORIENTED_EDGE('',*,*,#2449,.T.);
#3009 = ORIENTED_EDGE('',*,*,#2482,.T.);
#3010 = FACE_BOUND('',#3011,.F.);
#3011 = EDGE_LOOP('',(#3012,#3013));
#3012 = ORIENTED_EDGE('',*,*,#2515,.T.);
#3013 = ORIENTED_EDGE('',*,*,#2548,.T.);
#3014 = FACE_BOUND('',#3015,.F.);
#3015 = EDGE_LOOP('',(#3016,#3017));
#3016 = ORIENTED_EDGE('',*,*,#2581,.T.);
#3017 = ORIENTED_EDGE('',*,*,#2614,.T.);
#3018 = FACE_BOUND('',#3019,.F.);
#3019 = EDGE_LOOP('',(#3020,#3021));
#3020 = ORIENTED_EDGE('',*,*,#2647,.T.);
#3021 = ORIENTED_EDGE('',*,*,#2680,.T.);
#3022 = PLANE('',#3023);
#3023 = AXIS2_PLACEMENT_3D('',#3024,#3025,#3026);
#3024 = CARTESIAN_POINT('',(58.547117094234,-134.6202692405,
    1.600028244856));
#3025 = DIRECTION('',(-0.,-0.,-1.));
#3026 = DIRECTION('',(-1.,0.,0.));
#3027 = ( GEOMETRIC_REPRESENTATION_CONTEXT(3) 
GLOBAL_UNCERTAINTY_ASSIGNED_CONTEXT((#3031)) 
GLOBAL_UNIT_ASSIGNED_CONTEXT((#3028,#3029,#3030)) REPRESENTATION_CONTEXT
('Context #1','3D Context with UNIT and UNCERTAINTY') );
#3028 = ( LENGTH_UNIT() NAMED_UNIT(*) SI_UNIT(.MILLI.,.METRE.) );
#3029 = ( NAMED_UNIT(*) PLANE_ANGLE_UNIT() SI_UNIT($,.RADIAN.) );
#3030 = ( NAMED_UNIT(*) SI_UNIT($,.STERADIAN.) SOLID_ANGLE_UNIT() );
#3031 = UNCERTAINTY_MEASURE_WITH_UNIT(LENGTH_MEASURE(1.E-07),#3028,
  'distance_accuracy_value','confusion accuracy');
#3032 = CONTEXT_DEPENDENT_SHAPE_REPRESENTATION(#3033,#3035);
#3033 = ( REPRESENTATION_RELATIONSHIP('','',#64,#10) 
REPRESENTATION_RELATIONSHIP_WITH_TRANSFORMATION(#3034) 
SHAPE_REPRESENTATION_RELATIONSHIP() );
#3034 = ITEM_DEFINED_TRANSFORMATION('','',#11,#15);
#3035 = PRODUCT_DEFINITION_SHAPE('Placement','Placement of an item',
  #3036);
#3036 = NEXT_ASSEMBLY_USAGE_OCCURRENCE('1','=>[0:1:1:2]','',#5,#59,$);
#3037 = PRODUCT_RELATED_PRODUCT_CATEGORY('part',$,(#61));
#3038 = SHAPE_DEFINITION_REPRESENTATION(#3039,#3045);
#3039 = PRODUCT_DEFINITION_SHAPE('','',#3040);
#3040 = PRODUCT_DEFINITION('design','',#3041,#3044);
#3041 = PRODUCT_DEFINITION_FORMATION('','',#3042);
#3042 = PRODUCT('TopCopper~TWu6','TopCopper~TWu6','',(#3043));
#3043 = PRODUCT_CONTEXT('',#2,'mechanical');
#3044 = PRODUCT_DEFINITION_CONTEXT('part definition',#2,'design');
#3045 = SHAPE_REPRESENTATION('',(#11),#3046);
#3046 = ( GEOMETRIC_REPRESENTATION_CONTEXT(3) 
GLOBAL_UNCERTAINTY_ASSIGNED_CONTEXT((#3050)) 
GLOBAL_UNIT_ASSIGNED_CONTEXT((#3047,#3048,#3049)) REPRESENTATION_CONTEXT
('Context #1','3D Context with UNIT and UNCERTAINTY') );
#3047 = ( LENGTH_UNIT() NAMED_UNIT(*) SI_UNIT(.MILLI.,.METRE.) );
#3048 = ( NAMED_UNIT(*) PLANE_ANGLE_UNIT() SI_UNIT($,.RADIAN.) );
#3049 = ( NAMED_UNIT(*) SI_UNIT($,.STERADIAN.) SOLID_ANGLE_UNIT() );
#3050 = UNCERTAINTY_MEASURE_WITH_UNIT(LENGTH_MEASURE(1.E-07),#3047,
  'distance_accuracy_value','confusion accuracy');
#3051 = CONTEXT_DEPENDENT_SHAPE_REPRESENTATION(#3052,#3054);
#3052 = ( REPRESENTATION_RELATIONSHIP('','',#3045,#10) 
REPRESENTATION_RELATIONSHIP_WITH_TRANSFORMATION(#3053) 
SHAPE_REPRESENTATION_RELATIONSHIP() );
#3053 = ITEM_DEFINED_TRANSFORMATION('','',#11,#19);
#3054 = PRODUCT_DEFINITION_SHAPE('Placement','Placement of an item',
  #3055);
#3055 = NEXT_ASSEMBLY_USAGE_OCCURRENCE('2','=>[0:1:1:3]','',#5,#3040,$);
#3056 = PRODUCT_RELATED_PRODUCT_CATEGORY('part',$,(#3042));
#3057 = SHAPE_DEFINITION_REPRESENTATION(#3058,#3064);
#3058 = PRODUCT_DEFINITION_SHAPE('','',#3059);
#3059 = PRODUCT_DEFINITION('design','',#3060,#3063);
#3060 = PRODUCT_DEFINITION_FORMATION('','',#3061);
#3061 = PRODUCT('BottomCopper~TWu6','BottomCopper~TWu6','',(#3062));
#3062 = PRODUCT_CONTEXT('',#2,'mechanical');
#3063 = PRODUCT_DEFINITION_CONTEXT('part definition',#2,'design');
#3064 = SHAPE_REPRESENTATION('',(#11),#3065);
#3065 = ( GEOMETRIC_REPRESENTATION_CONTEXT(3) 
GLOBAL_UNCERTAINTY_ASSIGNED_CONTEXT((#3069)) 
GLOBAL_UNIT_ASSIGNED_CONTEXT((#3066,#3067,#3068)) REPRESENTATION_CONTEXT
('Context #1','3D Context with UNIT and UNCERTAINTY') );
#3066 = ( LENGTH_UNIT() NAMED_UNIT(*) SI_UNIT(.MILLI.,.METRE.) );
#3067 = ( NAMED_UNIT(*) PLANE_ANGLE_UNIT() SI_UNIT($,.RADIAN.) );
#3068 = ( NAMED_UNIT(*) SI_UNIT($,.STERADIAN.) SOLID_ANGLE_UNIT() );
#3069 = UNCERTAINTY_MEASURE_WITH_UNIT(LENGTH_MEASURE(1.E-07),#3066,
  'distance_accuracy_value','confusion accuracy');
#3070 = CONTEXT_DEPENDENT_SHAPE_REPRESENTATION(#3071,#3073);
#3071 = ( REPRESENTATION_RELATIONSHIP('','',#3064,#10) 
REPRESENTATION_RELATIONSHIP_WITH_TRANSFORMATION(#3072) 
SHAPE_REPRESENTATION_RELATIONSHIP() );
#3072 = ITEM_DEFINED_TRANSFORMATION('','',#11,#23);
#3073 = PRODUCT_DEFINITION_SHAPE('Placement','Placement of an item',
  #3074);
#3074 = NEXT_ASSEMBLY_USAGE_OCCURRENCE('3','=>[0:1:1:4]','',#5,#3059,$);
#3075 = PRODUCT_RELATED_PRODUCT_CATEGORY('part',$,(#3061));
#3076 = SHAPE_DEFINITION_REPRESENTATION(#3077,#3083);
#3077 = PRODUCT_DEFINITION_SHAPE('','',#3078);
#3078 = PRODUCT_DEFINITION('design','',#3079,#3082);
#3079 = PRODUCT_DEFINITION_FORMATION('','',#3080);
#3080 = PRODUCT('TopSilkscreen~TWu6','TopSilkscreen~TWu6','',(#3081));
#3081 = PRODUCT_CONTEXT('',#2,'mechanical');
#3082 = PRODUCT_DEFINITION_CONTEXT('part definition',#2,'design');
#3083 = SHAPE_REPRESENTATION('',(#11,#3084,#3194,#3304,#3775,#3819,#4085
    ,#4129,#4256,#4500,#4694,#4806,#5258,#5302,#5396,#5473,#5583,#5660,
    #5953,#6219,#6617,#6686,#6796,#6881,#6958,#7224,#7334,#7411,#7803,
    #8069,#8138,#8536,#8928,#9305,#9399,#9665,#9711,#9757,#9876,#9920,
    #10164,#10233,#10499,#10765,#11009,#11525,#11927,#12243,#12559,
    #12678,#12902,#13094,#13221,#13621,#13845,#14206,#14504,#14548,
    #14846,#15207,#15291,#15405,#15711,#15955,#16283,#16377,#16448,
    #16692,#16820,#17064,#17135),#17247);
#3084 = SHELL_BASED_SURFACE_MODEL('',(#3085));
#3085 = OPEN_SHELL('',(#3086));
#3086 = ADVANCED_FACE('',(#3087),#3189,.T.);
#3087 = FACE_BOUND('',#3088,.T.);
#3088 = EDGE_LOOP('',(#3089,#3099,#3107,#3116,#3124,#3132,#3141,#3149,
    #3157,#3165,#3174,#3182));
#3089 = ORIENTED_EDGE('',*,*,#3090,.T.);
#3090 = EDGE_CURVE('',#3091,#3093,#3095,.T.);
#3091 = VERTEX_POINT('',#3092);
#3092 = CARTESIAN_POINT('',(39.9110998222,-133.3451866903,0.));
#3093 = VERTEX_POINT('',#3094);
#3094 = CARTESIAN_POINT('',(40.603266199612,-133.3451866903,0.));
#3095 = LINE('',#3096,#3097);
#3096 = CARTESIAN_POINT('',(39.9110998222,-133.3451866903,0.));
#3097 = VECTOR('',#3098,1.);
#3098 = DIRECTION('',(1.,0.,0.));
#3099 = ORIENTED_EDGE('',*,*,#3100,.T.);
#3100 = EDGE_CURVE('',#3093,#3101,#3103,.T.);
#3101 = VERTEX_POINT('',#3102);
#3102 = CARTESIAN_POINT('',(39.821183046295,-132.5611135035,0.));
#3103 = LINE('',#3104,#3105);
#3104 = CARTESIAN_POINT('',(40.603266199612,-133.3451866903,0.));
#3105 = VECTOR('',#3106,1.);
#3106 = DIRECTION('',(-0.706207727245,0.708004693472,0.));
#3107 = ORIENTED_EDGE('',*,*,#3108,.T.);
#3108 = EDGE_CURVE('',#3101,#3109,#3111,.T.);
#3109 = VERTEX_POINT('',#3110);
#3110 = CARTESIAN_POINT('',(40.001016598104,-132.3817363821,0.));
#3111 = CIRCLE('',#3112,0.127000254001);
#3112 = AXIS2_PLACEMENT_3D('',#3113,#3114,#3115);
#3113 = CARTESIAN_POINT('',(39.9110998222,-132.4714249428,0.));
#3114 = DIRECTION('',(0.,0.,-1.));
#3115 = DIRECTION('',(-0.708004693472,-0.706207727246,-0.));
#3116 = ORIENTED_EDGE('',*,*,#3117,.T.);
#3117 = EDGE_CURVE('',#3109,#3118,#3120,.T.);
#3118 = VERTEX_POINT('',#3119);
#3119 = CARTESIAN_POINT('',(40.564781536872,-132.9469358372,0.));
#3120 = LINE('',#3121,#3122);
#3121 = CARTESIAN_POINT('',(40.001016598104,-132.3817363821,0.));
#3122 = VECTOR('',#3123,1.);
#3123 = DIRECTION('',(0.706207727245,-0.708004693472,0.));
#3124 = ORIENTED_EDGE('',*,*,#3125,.T.);
#3125 = EDGE_CURVE('',#3118,#3126,#3128,.T.);
#3126 = VERTEX_POINT('',#3127);
#3127 = CARTESIAN_POINT('',(41.333454455278,-132.3698609163,0.));
#3128 = LINE('',#3129,#3130);
#3129 = CARTESIAN_POINT('',(40.564781536872,-132.9469358372,0.));
#3130 = VECTOR('',#3131,1.);
#3131 = DIRECTION('',(0.799715144862,0.60037961914,0.));
#3132 = ORIENTED_EDGE('',*,*,#3133,.T.);
#3133 = EDGE_CURVE('',#3126,#3134,#3136,.T.);
#3134 = VERTEX_POINT('',#3135);
#3135 = CARTESIAN_POINT('',(41.485951183533,-132.5729889693,0.));
#3136 = CIRCLE('',#3137,0.127000254001);
#3137 = AXIS2_PLACEMENT_3D('',#3138,#3139,#3140);
#3138 = CARTESIAN_POINT('',(41.409702819406,-132.4714249428,0.));
#3139 = DIRECTION('',(0.,0.,-1.));
#3140 = DIRECTION('',(-0.60037961914,0.799715144862,0.));
#3141 = ORIENTED_EDGE('',*,*,#3142,.T.);
#3142 = EDGE_CURVE('',#3134,#3143,#3145,.T.);
#3143 = VERTEX_POINT('',#3144);
#3144 = CARTESIAN_POINT('',(40.745934902911,-133.1285501533,0.));
#3145 = LINE('',#3146,#3147);
#3146 = CARTESIAN_POINT('',(41.485951183533,-132.5729889693,0.));
#3147 = VECTOR('',#3148,1.);
#3148 = DIRECTION('',(-0.799715144862,-0.60037961914,0.));
#3149 = ORIENTED_EDGE('',*,*,#3150,.T.);
#3150 = EDGE_CURVE('',#3143,#3151,#3153,.T.);
#3151 = VERTEX_POINT('',#3152);
#3152 = CARTESIAN_POINT('',(40.962021601014,-133.3451866903,0.));
#3153 = LINE('',#3154,#3155);
#3154 = CARTESIAN_POINT('',(40.745934902911,-133.1285501533,0.));
#3155 = VECTOR('',#3156,1.);
#3156 = DIRECTION('',(0.706207727245,-0.708004693472,0.));
#3157 = ORIENTED_EDGE('',*,*,#3158,.T.);
#3158 = EDGE_CURVE('',#3151,#3159,#3161,.T.);
#3159 = VERTEX_POINT('',#3160);
#3160 = CARTESIAN_POINT('',(41.409702819406,-133.3451866903,0.));
#3161 = LINE('',#3162,#3163);
#3162 = CARTESIAN_POINT('',(40.962021601014,-133.3451866903,0.));
#3163 = VECTOR('',#3164,1.);
#3164 = DIRECTION('',(1.,0.,0.));
#3165 = ORIENTED_EDGE('',*,*,#3166,.T.);
#3166 = EDGE_CURVE('',#3159,#3167,#3169,.T.);
#3167 = VERTEX_POINT('',#3168);
#3168 = CARTESIAN_POINT('',(41.409702819406,-133.5991871983,0.));
#3169 = CIRCLE('',#3170,0.127000254001);
#3170 = AXIS2_PLACEMENT_3D('',#3171,#3172,#3173);
#3171 = CARTESIAN_POINT('',(41.409702819406,-133.4721869443,0.));
#3172 = DIRECTION('',(0.,0.,-1.));
#3173 = DIRECTION('',(1.110223024625E-16,1.,0.));
#3174 = ORIENTED_EDGE('',*,*,#3175,.T.);
#3175 = EDGE_CURVE('',#3167,#3176,#3178,.T.);
#3176 = VERTEX_POINT('',#3177);
#3177 = CARTESIAN_POINT('',(39.9110998222,-133.5991871983,0.));
#3178 = LINE('',#3179,#3180);
#3179 = CARTESIAN_POINT('',(41.409702819406,-133.5991871983,0.));
#3180 = VECTOR('',#3181,1.);
#3181 = DIRECTION('',(-1.,0.,0.));
#3182 = ORIENTED_EDGE('',*,*,#3183,.T.);
#3183 = EDGE_CURVE('',#3176,#3091,#3184,.T.);
#3184 = CIRCLE('',#3185,0.127000254001);
#3185 = AXIS2_PLACEMENT_3D('',#3186,#3187,#3188);
#3186 = CARTESIAN_POINT('',(39.9110998222,-133.4721869443,0.));
#3187 = DIRECTION('',(0.,0.,-1.));
#3188 = DIRECTION('',(-1.110223024625E-16,-1.,-0.));
#3189 = PLANE('',#3190);
#3190 = AXIS2_PLACEMENT_3D('',#3191,#3192,#3193);
#3191 = CARTESIAN_POINT('',(40.650637562445,-133.0602958264,0.));
#3192 = DIRECTION('',(-0.,-0.,-1.));
#3193 = DIRECTION('',(-1.,0.,0.));
#3194 = SHELL_BASED_SURFACE_MODEL('',(#3195));
#3195 = OPEN_SHELL('',(#3196));
#3196 = ADVANCED_FACE('',(#3197),#3299,.T.);
#3197 = FACE_BOUND('',#3198,.T.);
#3198 = EDGE_LOOP('',(#3199,#3209,#3217,#3225,#3234,#3242,#3251,#3259,
    #3267,#3276,#3284,#3292));
#3199 = ORIENTED_EDGE('',*,*,#3200,.T.);
#3200 = EDGE_CURVE('',#3201,#3203,#3205,.T.);
#3201 = VERTEX_POINT('',#3202);
#3202 = CARTESIAN_POINT('',(41.485951183533,-137.9628797491,0.));
#3203 = VERTEX_POINT('',#3204);
#3204 = CARTESIAN_POINT('',(40.745934902911,-138.5184409331,0.));
#3205 = LINE('',#3206,#3207);
#3206 = CARTESIAN_POINT('',(41.485951183533,-137.9628797491,0.));
#3207 = VECTOR('',#3208,1.);
#3208 = DIRECTION('',(-0.799715144862,-0.60037961914,0.));
#3209 = ORIENTED_EDGE('',*,*,#3210,.T.);
#3210 = EDGE_CURVE('',#3203,#3211,#3213,.T.);
#3211 = VERTEX_POINT('',#3212);
#3212 = CARTESIAN_POINT('',(40.962021601014,-138.7350774701,0.));
#3213 = LINE('',#3214,#3215);
#3214 = CARTESIAN_POINT('',(40.745934902911,-138.5184409331,0.));
#3215 = VECTOR('',#3216,1.);
#3216 = DIRECTION('',(0.706207727245,-0.708004693472,0.));
#3217 = ORIENTED_EDGE('',*,*,#3218,.T.);
#3218 = EDGE_CURVE('',#3211,#3219,#3221,.T.);
#3219 = VERTEX_POINT('',#3220);
#3220 = CARTESIAN_POINT('',(41.409702819406,-138.7350774701,0.));
#3221 = LINE('',#3222,#3223);
#3222 = CARTESIAN_POINT('',(40.962021601014,-138.7350774701,0.));
#3223 = VECTOR('',#3224,1.);
#3224 = DIRECTION('',(1.,0.,0.));
#3225 = ORIENTED_EDGE('',*,*,#3226,.T.);
#3226 = EDGE_CURVE('',#3219,#3227,#3229,.T.);
#3227 = VERTEX_POINT('',#3228);
#3228 = CARTESIAN_POINT('',(41.409702819406,-138.9890779781,0.));
#3229 = CIRCLE('',#3230,0.127000254001);
#3230 = AXIS2_PLACEMENT_3D('',#3231,#3232,#3233);
#3231 = CARTESIAN_POINT('',(41.409702819406,-138.8620777241,0.));
#3232 = DIRECTION('',(0.,0.,-1.));
#3233 = DIRECTION('',(1.110223024625E-16,1.,0.));
#3234 = ORIENTED_EDGE('',*,*,#3235,.T.);
#3235 = EDGE_CURVE('',#3227,#3236,#3238,.T.);
#3236 = VERTEX_POINT('',#3237);
#3237 = CARTESIAN_POINT('',(39.9110998222,-138.9890779781,0.));
#3238 = LINE('',#3239,#3240);
#3239 = CARTESIAN_POINT('',(41.409702819406,-138.9890779781,0.));
#3240 = VECTOR('',#3241,1.);
#3241 = DIRECTION('',(-1.,0.,0.));
#3242 = ORIENTED_EDGE('',*,*,#3243,.T.);
#3243 = EDGE_CURVE('',#3236,#3244,#3246,.T.);
#3244 = VERTEX_POINT('',#3245);
#3245 = CARTESIAN_POINT('',(39.9110998222,-138.7350774701,0.));
#3246 = CIRCLE('',#3247,0.127000254001);
#3247 = AXIS2_PLACEMENT_3D('',#3248,#3249,#3250);
#3248 = CARTESIAN_POINT('',(39.9110998222,-138.8620777241,0.));
#3249 = DIRECTION('',(0.,0.,-1.));
#3250 = DIRECTION('',(-1.110223024625E-16,-1.,-0.));
#3251 = ORIENTED_EDGE('',*,*,#3252,.T.);
#3252 = EDGE_CURVE('',#3244,#3253,#3255,.T.);
#3253 = VERTEX_POINT('',#3254);
#3254 = CARTESIAN_POINT('',(40.603266199612,-138.7350774701,0.));
#3255 = LINE('',#3256,#3257);
#3256 = CARTESIAN_POINT('',(39.9110998222,-138.7350774701,0.));
#3257 = VECTOR('',#3258,1.);
#3258 = DIRECTION('',(1.,0.,0.));
#3259 = ORIENTED_EDGE('',*,*,#3260,.T.);
#3260 = EDGE_CURVE('',#3253,#3261,#3263,.T.);
#3261 = VERTEX_POINT('',#3262);
#3262 = CARTESIAN_POINT('',(39.821183046295,-137.9510042833,0.));
#3263 = LINE('',#3264,#3265);
#3264 = CARTESIAN_POINT('',(40.603266199612,-138.7350774701,0.));
#3265 = VECTOR('',#3266,1.);
#3266 = DIRECTION('',(-0.706207727245,0.708004693472,0.));
#3267 = ORIENTED_EDGE('',*,*,#3268,.T.);
#3268 = EDGE_CURVE('',#3261,#3269,#3271,.T.);
#3269 = VERTEX_POINT('',#3270);
#3270 = CARTESIAN_POINT('',(40.001016598104,-137.7716271618,0.));
#3271 = CIRCLE('',#3272,0.127000254001);
#3272 = AXIS2_PLACEMENT_3D('',#3273,#3274,#3275);
#3273 = CARTESIAN_POINT('',(39.9110998222,-137.8613157226,0.));
#3274 = DIRECTION('',(0.,0.,-1.));
#3275 = DIRECTION('',(-0.708004693472,-0.706207727246,-0.));
#3276 = ORIENTED_EDGE('',*,*,#3277,.T.);
#3277 = EDGE_CURVE('',#3269,#3278,#3280,.T.);
#3278 = VERTEX_POINT('',#3279);
#3279 = CARTESIAN_POINT('',(40.564781536872,-138.336826617,0.));
#3280 = LINE('',#3281,#3282);
#3281 = CARTESIAN_POINT('',(40.001016598104,-137.7716271618,0.));
#3282 = VECTOR('',#3283,1.);
#3283 = DIRECTION('',(0.706207727245,-0.708004693472,0.));
#3284 = ORIENTED_EDGE('',*,*,#3285,.T.);
#3285 = EDGE_CURVE('',#3278,#3286,#3288,.T.);
#3286 = VERTEX_POINT('',#3287);
#3287 = CARTESIAN_POINT('',(41.333454455278,-137.7597516961,0.));
#3288 = LINE('',#3289,#3290);
#3289 = CARTESIAN_POINT('',(40.564781536872,-138.336826617,0.));
#3290 = VECTOR('',#3291,1.);
#3291 = DIRECTION('',(0.799715144862,0.60037961914,0.));
#3292 = ORIENTED_EDGE('',*,*,#3293,.T.);
#3293 = EDGE_CURVE('',#3286,#3201,#3294,.T.);
#3294 = CIRCLE('',#3295,0.127000254001);
#3295 = AXIS2_PLACEMENT_3D('',#3296,#3297,#3298);
#3296 = CARTESIAN_POINT('',(41.409702819406,-137.8613157226,0.));
#3297 = DIRECTION('',(0.,0.,-1.));
#3298 = DIRECTION('',(-0.60037961914,0.799715144862,0.));
#3299 = PLANE('',#3300);
#3300 = AXIS2_PLACEMENT_3D('',#3301,#3302,#3303);
#3301 = CARTESIAN_POINT('',(40.650637562445,-138.4501866061,0.));
#3302 = DIRECTION('',(-0.,-0.,-1.));
#3303 = DIRECTION('',(-1.,0.,0.));
#3304 = SHELL_BASED_SURFACE_MODEL('',(#3305));
#3305 = OPEN_SHELL('',(#3306));
#3306 = ADVANCED_FACE('',(#3307),#3770,.T.);
#3307 = FACE_BOUND('',#3308,.T.);
#3308 = EDGE_LOOP('',(#3309,#3319,#3328,#3336,#3345,#3353,#3362,#3370,
    #3378,#3386,#3394,#3402,#3410,#3419,#3427,#3435,#3444,#3452,#3461,
    #3469,#3478,#3486,#3495,#3503,#3512,#3520,#3529,#3537,#3546,#3554,
    #3563,#3571,#3580,#3588,#3597,#3605,#3613,#3621,#3629,#3637,#3645,
    #3653,#3661,#3669,#3677,#3686,#3694,#3703,#3712,#3721,#3729,#3738,
    #3746,#3755,#3763));
#3309 = ORIENTED_EDGE('',*,*,#3310,.T.);
#3310 = EDGE_CURVE('',#3311,#3313,#3315,.T.);
#3311 = VERTEX_POINT('',#3312);
#3312 = CARTESIAN_POINT('',(39.784099568199,-136.3093726187,0.));
#3313 = VERTEX_POINT('',#3314);
#3314 = CARTESIAN_POINT('',(39.784099568199,-136.0248920497,0.));
#3315 = LINE('',#3316,#3317);
#3316 = CARTESIAN_POINT('',(39.784099568199,-136.3093726187,0.));
#3317 = VECTOR('',#3318,1.);
#3318 = DIRECTION('',(-2.497684598828E-14,1.,0.));
#3319 = ORIENTED_EDGE('',*,*,#3320,.T.);
#3320 = EDGE_CURVE('',#3313,#3321,#3323,.T.);
#3321 = VERTEX_POINT('',#3322);
#3322 = CARTESIAN_POINT('',(39.790475643758,-135.9851570262,0.));
#3323 = CIRCLE('',#3324,0.127000254);
#3324 = AXIS2_PLACEMENT_3D('',#3325,#3326,#3327);
#3325 = CARTESIAN_POINT('',(39.9110998222,-136.0248920497,0.));
#3326 = DIRECTION('',(0.,0.,-1.));
#3327 = DIRECTION('',(-1.,1.00716823722E-13,0.));
#3328 = ORIENTED_EDGE('',*,*,#3329,.T.);
#3329 = EDGE_CURVE('',#3321,#3330,#3332,.T.);
#3330 = VERTEX_POINT('',#3331);
#3331 = CARTESIAN_POINT('',(39.861595785998,-135.7692565944,0.));
#3332 = LINE('',#3333,#3334);
#3333 = CARTESIAN_POINT('',(39.790475643758,-135.9851570262,0.));
#3334 = VECTOR('',#3335,1.);
#3335 = DIRECTION('',(0.312873574934,0.949794781049,0.));
#3336 = ORIENTED_EDGE('',*,*,#3337,.T.);
#3337 = EDGE_CURVE('',#3330,#3338,#3340,.T.);
#3338 = VERTEX_POINT('',#3339);
#3339 = CARTESIAN_POINT('',(39.892417223624,-135.7191888771,0.));
#3340 = CIRCLE('',#3341,0.127000254001);
#3341 = AXIS2_PLACEMENT_3D('',#3342,#3343,#3344);
#3342 = CARTESIAN_POINT('',(39.98221996444,-135.8089916179,0.));
#3343 = DIRECTION('',(0.,0.,-1.));
#3344 = DIRECTION('',(-0.949794781049,0.312873574934,0.));
#3345 = ORIENTED_EDGE('',*,*,#3346,.T.);
#3346 = EDGE_CURVE('',#3338,#3347,#3349,.T.);
#3347 = VERTEX_POINT('',#3348);
#3348 = CARTESIAN_POINT('',(40.034657508104,-135.5769485926,0.));
#3349 = LINE('',#3350,#3351);
#3350 = CARTESIAN_POINT('',(39.892417223624,-135.7191888771,0.));
#3351 = VECTOR('',#3352,1.);
#3352 = DIRECTION('',(0.707106781187,0.707106781186,0.));
#3353 = ORIENTED_EDGE('',*,*,#3354,.T.);
#3354 = EDGE_CURVE('',#3347,#3355,#3357,.T.);
#3355 = VERTEX_POINT('',#3356);
#3356 = CARTESIAN_POINT('',(40.214262989737,-135.7565540743,0.));
#3357 = CIRCLE('',#3358,0.127000254001);
#3358 = AXIS2_PLACEMENT_3D('',#3359,#3360,#3361);
#3359 = CARTESIAN_POINT('',(40.124460248921,-135.6667513335,0.));
#3360 = DIRECTION('',(0.,0.,-1.));
#3361 = DIRECTION('',(-0.707106781186,0.707106781187,0.));
#3362 = ORIENTED_EDGE('',*,*,#3363,.T.);
#3363 = EDGE_CURVE('',#3355,#3364,#3366,.T.);
#3364 = VERTEX_POINT('',#3365);
#3365 = CARTESIAN_POINT('',(40.093389830044,-135.877427234,0.));
#3366 = LINE('',#3367,#3368);
#3367 = CARTESIAN_POINT('',(40.214262989737,-135.7565540743,0.));
#3368 = VECTOR('',#3369,1.);
#3369 = DIRECTION('',(-0.707106781187,-0.707106781186,0.));
#3370 = ORIENTED_EDGE('',*,*,#3371,.T.);
#3371 = EDGE_CURVE('',#3364,#3372,#3374,.T.);
#3372 = VERTEX_POINT('',#3373);
#3373 = CARTESIAN_POINT('',(40.0381000762,-136.0452711296,0.));
#3374 = LINE('',#3375,#3376);
#3375 = CARTESIAN_POINT('',(40.093389830044,-135.877427234,0.));
#3376 = VECTOR('',#3377,1.);
#3377 = DIRECTION('',(-0.312873574934,-0.949794781049,0.));
#3378 = ORIENTED_EDGE('',*,*,#3379,.T.);
#3379 = EDGE_CURVE('',#3372,#3380,#3382,.T.);
#3380 = VERTEX_POINT('',#3381);
#3381 = CARTESIAN_POINT('',(40.0381000762,-136.2889935389,0.));
#3382 = LINE('',#3383,#3384);
#3383 = CARTESIAN_POINT('',(40.0381000762,-136.0452711296,0.));
#3384 = VECTOR('',#3385,1.);
#3385 = DIRECTION('',(0.,-1.,0.));
#3386 = ORIENTED_EDGE('',*,*,#3387,.T.);
#3387 = EDGE_CURVE('',#3380,#3388,#3390,.T.);
#3388 = VERTEX_POINT('',#3389);
#3389 = CARTESIAN_POINT('',(40.093389830044,-136.4568374345,0.));
#3390 = LINE('',#3391,#3392);
#3391 = CARTESIAN_POINT('',(40.0381000762,-136.2889935389,0.));
#3392 = VECTOR('',#3393,1.);
#3393 = DIRECTION('',(0.312873574934,-0.949794781049,0.));
#3394 = ORIENTED_EDGE('',*,*,#3395,.T.);
#3395 = EDGE_CURVE('',#3388,#3396,#3398,.T.);
#3396 = VERTEX_POINT('',#3397);
#3397 = CARTESIAN_POINT('',(40.177065476552,-136.540513081,0.));
#3398 = LINE('',#3399,#3400);
#3399 = CARTESIAN_POINT('',(40.093389830044,-136.4568374345,0.));
#3400 = VECTOR('',#3401,1.);
#3401 = DIRECTION('',(0.707106781186,-0.707106781187,0.));
#3402 = ORIENTED_EDGE('',*,*,#3403,.T.);
#3403 = EDGE_CURVE('',#3396,#3404,#3406,.T.);
#3404 = VERTEX_POINT('',#3405);
#3405 = CARTESIAN_POINT('',(40.247328197158,-136.540513081,0.));
#3406 = LINE('',#3407,#3408);
#3407 = CARTESIAN_POINT('',(40.177065476552,-136.540513081,0.));
#3408 = VECTOR('',#3409,1.);
#3409 = DIRECTION('',(1.,0.,0.));
#3410 = ORIENTED_EDGE('',*,*,#3411,.T.);
#3411 = EDGE_CURVE('',#3404,#3412,#3414,.T.);
#3412 = VERTEX_POINT('',#3413);
#3413 = CARTESIAN_POINT('',(40.37557082451,-136.4551106192,0.));
#3414 = CIRCLE('',#3415,0.304571832149);
#3415 = AXIS2_PLACEMENT_3D('',#3416,#3417,#3418);
#3416 = CARTESIAN_POINT('',(40.148119925914,-136.2525517644,0.));
#3417 = DIRECTION('',(0.,0.,1.));
#3418 = DIRECTION('',(0.325730290105,-0.945462732268,0.));
#3419 = ORIENTED_EDGE('',*,*,#3420,.T.);
#3420 = EDGE_CURVE('',#3412,#3421,#3423,.T.);
#3421 = VERTEX_POINT('',#3422);
#3422 = CARTESIAN_POINT('',(40.435950153588,-136.3321955564,0.));
#3423 = LINE('',#3424,#3425);
#3424 = CARTESIAN_POINT('',(40.37557082451,-136.4551106192,0.));
#3425 = VECTOR('',#3426,1.);
#3426 = DIRECTION('',(0.440903879654,0.897554326437,0.));
#3427 = ORIENTED_EDGE('',*,*,#3428,.T.);
#3428 = EDGE_CURVE('',#3421,#3429,#3431,.T.);
#3429 = VERTEX_POINT('',#3430);
#3430 = CARTESIAN_POINT('',(40.575478372104,-135.9136109009,0.));
#3431 = LINE('',#3432,#3433);
#3432 = CARTESIAN_POINT('',(40.435950153588,-136.3321955564,0.));
#3433 = VECTOR('',#3434,1.);
#3434 = DIRECTION('',(0.316227766017,0.948683298051,0.));
#3435 = ORIENTED_EDGE('',*,*,#3436,.T.);
#3436 = EDGE_CURVE('',#3429,#3437,#3439,.T.);
#3437 = VERTEX_POINT('',#3438);
#3438 = CARTESIAN_POINT('',(40.581971764486,-135.8977770028,0.));
#3439 = CIRCLE('',#3440,0.127000254001);
#3440 = AXIS2_PLACEMENT_3D('',#3441,#3442,#3443);
#3441 = CARTESIAN_POINT('',(40.695961391923,-135.9537719075,0.));
#3442 = DIRECTION('',(0.,0.,-1.));
#3443 = DIRECTION('',(-0.948683298051,0.316227766017,0.));
#3444 = ORIENTED_EDGE('',*,*,#3445,.T.);
#3445 = EDGE_CURVE('',#3437,#3446,#3448,.T.);
#3446 = VERTEX_POINT('',#3447);
#3447 = CARTESIAN_POINT('',(40.653091906726,-135.7529967132,0.));
#3448 = LINE('',#3449,#3450);
#3449 = CARTESIAN_POINT('',(40.581971764486,-135.8977770028,0.));
#3450 = VECTOR('',#3451,1.);
#3451 = DIRECTION('',(0.440903879653,0.897554326437,0.));
#3452 = ORIENTED_EDGE('',*,*,#3453,.T.);
#3453 = EDGE_CURVE('',#3446,#3454,#3456,.T.);
#3454 = VERTEX_POINT('',#3455);
#3455 = CARTESIAN_POINT('',(40.677278793347,-135.7191888771,0.));
#3456 = CIRCLE('',#3457,0.127000254001);
#3457 = AXIS2_PLACEMENT_3D('',#3458,#3459,#3460);
#3458 = CARTESIAN_POINT('',(40.767081534163,-135.8089916179,0.));
#3459 = DIRECTION('',(0.,0.,-1.));
#3460 = DIRECTION('',(-0.897554326438,0.440903879653,0.));
#3461 = ORIENTED_EDGE('',*,*,#3462,.T.);
#3462 = EDGE_CURVE('',#3454,#3463,#3465,.T.);
#3463 = VERTEX_POINT('',#3464);
#3464 = CARTESIAN_POINT('',(40.748398935587,-135.6480687349,0.));
#3465 = LINE('',#3466,#3467);
#3466 = CARTESIAN_POINT('',(40.677278793347,-135.7191888771,0.));
#3467 = VECTOR('',#3468,1.);
#3468 = DIRECTION('',(0.707106781187,0.707106781186,0.));
#3469 = ORIENTED_EDGE('',*,*,#3470,.T.);
#3470 = EDGE_CURVE('',#3463,#3471,#3473,.T.);
#3471 = VERTEX_POINT('',#3472);
#3472 = CARTESIAN_POINT('',(40.781405436182,-135.6242789953,0.));
#3473 = CIRCLE('',#3474,0.127000254);
#3474 = AXIS2_PLACEMENT_3D('',#3475,#3476,#3477);
#3475 = CARTESIAN_POINT('',(40.838201676403,-135.7378714757,0.));
#3476 = DIRECTION('',(0.,0.,-1.));
#3477 = DIRECTION('',(-0.707106781186,0.707106781187,0.));
#3478 = ORIENTED_EDGE('',*,*,#3479,.T.);
#3479 = EDGE_CURVE('',#3471,#3480,#3482,.T.);
#3480 = VERTEX_POINT('',#3481);
#3481 = CARTESIAN_POINT('',(40.923645720663,-135.553158853,0.));
#3482 = LINE('',#3483,#3484);
#3483 = CARTESIAN_POINT('',(40.781405436182,-135.6242789953,0.));
#3484 = VECTOR('',#3485,1.);
#3485 = DIRECTION('',(0.894427191,0.4472135955,0.));
#3486 = ORIENTED_EDGE('',*,*,#3487,.T.);
#3487 = EDGE_CURVE('',#3480,#3488,#3490,.T.);
#3488 = VERTEX_POINT('',#3489);
#3489 = CARTESIAN_POINT('',(40.980441960884,-135.5397510795,0.));
#3490 = CIRCLE('',#3491,0.127000254001);
#3491 = AXIS2_PLACEMENT_3D('',#3492,#3493,#3494);
#3492 = CARTESIAN_POINT('',(40.980441960884,-135.6667513335,0.));
#3493 = DIRECTION('',(0.,0.,-1.));
#3494 = DIRECTION('',(-0.4472135955,0.894427191,0.));
#3495 = ORIENTED_EDGE('',*,*,#3496,.T.);
#3496 = EDGE_CURVE('',#3488,#3497,#3499,.T.);
#3497 = VERTEX_POINT('',#3498);
#3498 = CARTESIAN_POINT('',(41.196342392685,-135.5397510795,0.));
#3499 = LINE('',#3500,#3501);
#3500 = CARTESIAN_POINT('',(40.980441960884,-135.5397510795,0.));
#3501 = VECTOR('',#3502,1.);
#3502 = DIRECTION('',(1.,0.,0.));
#3503 = ORIENTED_EDGE('',*,*,#3504,.T.);
#3504 = EDGE_CURVE('',#3497,#3505,#3507,.T.);
#3505 = VERTEX_POINT('',#3506);
#3506 = CARTESIAN_POINT('',(41.286145133501,-135.5769485926,0.));
#3507 = CIRCLE('',#3508,0.127000254001);
#3508 = AXIS2_PLACEMENT_3D('',#3509,#3510,#3511);
#3509 = CARTESIAN_POINT('',(41.196342392685,-135.6667513335,0.));
#3510 = DIRECTION('',(0.,0.,-1.));
#3511 = DIRECTION('',(-1.070797282659E-13,1.,0.));
#3512 = ORIENTED_EDGE('',*,*,#3513,.T.);
#3513 = EDGE_CURVE('',#3505,#3514,#3516,.T.);
#3514 = VERTEX_POINT('',#3515);
#3515 = CARTESIAN_POINT('',(41.428385417982,-135.7191888771,0.));
#3516 = LINE('',#3517,#3518);
#3517 = CARTESIAN_POINT('',(41.286145133501,-135.5769485926,0.));
#3518 = VECTOR('',#3519,1.);
#3519 = DIRECTION('',(0.707106781187,-0.707106781187,0.));
#3520 = ORIENTED_EDGE('',*,*,#3521,.T.);
#3521 = EDGE_CURVE('',#3514,#3522,#3524,.T.);
#3522 = VERTEX_POINT('',#3523);
#3523 = CARTESIAN_POINT('',(41.459206855607,-135.7692565944,0.));
#3524 = CIRCLE('',#3525,0.127000254);
#3525 = AXIS2_PLACEMENT_3D('',#3526,#3527,#3528);
#3526 = CARTESIAN_POINT('',(41.338582677165,-135.8089916179,0.));
#3527 = DIRECTION('',(0.,0.,-1.));
#3528 = DIRECTION('',(0.707106781186,0.707106781187,0.));
#3529 = ORIENTED_EDGE('',*,*,#3530,.T.);
#3530 = EDGE_CURVE('',#3522,#3531,#3533,.T.);
#3531 = VERTEX_POINT('',#3532);
#3532 = CARTESIAN_POINT('',(41.530326997847,-135.9851570262,0.));
#3533 = LINE('',#3534,#3535);
#3534 = CARTESIAN_POINT('',(41.459206855607,-135.7692565944,0.));
#3535 = VECTOR('',#3536,1.);
#3536 = DIRECTION('',(0.312873574934,-0.949794781049,0.));
#3537 = ORIENTED_EDGE('',*,*,#3538,.T.);
#3538 = EDGE_CURVE('',#3531,#3539,#3541,.T.);
#3539 = VERTEX_POINT('',#3540);
#3540 = CARTESIAN_POINT('',(41.536703073406,-136.0248920497,0.));
#3541 = CIRCLE('',#3542,0.127000254);
#3542 = AXIS2_PLACEMENT_3D('',#3543,#3544,#3545);
#3543 = CARTESIAN_POINT('',(41.409702819406,-136.0248920497,0.));
#3544 = DIRECTION('',(0.,0.,-1.));
#3545 = DIRECTION('',(0.949794781049,0.312873574934,0.));
#3546 = ORIENTED_EDGE('',*,*,#3547,.T.);
#3547 = EDGE_CURVE('',#3539,#3548,#3550,.T.);
#3548 = VERTEX_POINT('',#3549);
#3549 = CARTESIAN_POINT('',(41.536703073406,-136.3093726187,0.));
#3550 = LINE('',#3551,#3552);
#3551 = CARTESIAN_POINT('',(41.536703073406,-136.0248920497,0.));
#3552 = VECTOR('',#3553,1.);
#3553 = DIRECTION('',(2.497684598828E-14,-1.,0.));
#3554 = ORIENTED_EDGE('',*,*,#3555,.T.);
#3555 = EDGE_CURVE('',#3548,#3556,#3558,.T.);
#3556 = VERTEX_POINT('',#3557);
#3557 = CARTESIAN_POINT('',(41.530326997847,-136.3491076422,0.));
#3558 = CIRCLE('',#3559,0.127000254);
#3559 = AXIS2_PLACEMENT_3D('',#3560,#3561,#3562);
#3560 = CARTESIAN_POINT('',(41.409702819406,-136.3093726187,0.));
#3561 = DIRECTION('',(0.,0.,-1.));
#3562 = DIRECTION('',(1.,-1.00716823722E-13,0.));
#3563 = ORIENTED_EDGE('',*,*,#3564,.T.);
#3564 = EDGE_CURVE('',#3556,#3565,#3567,.T.);
#3565 = VERTEX_POINT('',#3566);
#3566 = CARTESIAN_POINT('',(41.459206855607,-136.565008074,0.));
#3567 = LINE('',#3568,#3569);
#3568 = CARTESIAN_POINT('',(41.530326997847,-136.3491076422,0.));
#3569 = VECTOR('',#3570,1.);
#3570 = DIRECTION('',(-0.312873574934,-0.949794781049,0.));
#3571 = ORIENTED_EDGE('',*,*,#3572,.T.);
#3572 = EDGE_CURVE('',#3565,#3573,#3575,.T.);
#3573 = VERTEX_POINT('',#3574);
#3574 = CARTESIAN_POINT('',(41.428385417982,-136.6150757913,0.));
#3575 = CIRCLE('',#3576,0.127000254);
#3576 = AXIS2_PLACEMENT_3D('',#3577,#3578,#3579);
#3577 = CARTESIAN_POINT('',(41.338582677165,-136.5252730505,0.));
#3578 = DIRECTION('',(0.,0.,-1.));
#3579 = DIRECTION('',(0.949794781049,-0.312873574934,0.));
#3580 = ORIENTED_EDGE('',*,*,#3581,.T.);
#3581 = EDGE_CURVE('',#3573,#3582,#3584,.T.);
#3582 = VERTEX_POINT('',#3583);
#3583 = CARTESIAN_POINT('',(41.286145133501,-136.7573160758,0.));
#3584 = LINE('',#3585,#3586);
#3585 = CARTESIAN_POINT('',(41.428385417982,-136.6150757913,0.));
#3586 = VECTOR('',#3587,1.);
#3587 = DIRECTION('',(-0.707106781187,-0.707106781186,0.));
#3588 = ORIENTED_EDGE('',*,*,#3589,.T.);
#3589 = EDGE_CURVE('',#3582,#3590,#3592,.T.);
#3590 = VERTEX_POINT('',#3591);
#3591 = CARTESIAN_POINT('',(41.106539651869,-136.5777105942,0.));
#3592 = CIRCLE('',#3593,0.127000254001);
#3593 = AXIS2_PLACEMENT_3D('',#3594,#3595,#3596);
#3594 = CARTESIAN_POINT('',(41.196342392685,-136.667513335,0.));
#3595 = DIRECTION('',(-0.,0.,-1.));
#3596 = DIRECTION('',(0.707106781186,-0.707106781187,-0.));
#3597 = ORIENTED_EDGE('',*,*,#3598,.T.);
#3598 = EDGE_CURVE('',#3590,#3599,#3601,.T.);
#3599 = VERTEX_POINT('',#3600);
#3600 = CARTESIAN_POINT('',(41.227412811561,-136.4568374345,0.));
#3601 = LINE('',#3602,#3603);
#3602 = CARTESIAN_POINT('',(41.106539651869,-136.5777105942,0.));
#3603 = VECTOR('',#3604,1.);
#3604 = DIRECTION('',(0.707106781187,0.707106781187,0.));
#3605 = ORIENTED_EDGE('',*,*,#3606,.T.);
#3606 = EDGE_CURVE('',#3599,#3607,#3609,.T.);
#3607 = VERTEX_POINT('',#3608);
#3608 = CARTESIAN_POINT('',(41.282702565405,-136.2889935389,0.));
#3609 = LINE('',#3610,#3611);
#3610 = CARTESIAN_POINT('',(41.227412811561,-136.4568374345,0.));
#3611 = VECTOR('',#3612,1.);
#3612 = DIRECTION('',(0.312873574934,0.949794781049,0.));
#3613 = ORIENTED_EDGE('',*,*,#3614,.T.);
#3614 = EDGE_CURVE('',#3607,#3615,#3617,.T.);
#3615 = VERTEX_POINT('',#3616);
#3616 = CARTESIAN_POINT('',(41.282702565405,-136.0452711296,0.));
#3617 = LINE('',#3618,#3619);
#3618 = CARTESIAN_POINT('',(41.282702565405,-136.2889935389,0.));
#3619 = VECTOR('',#3620,1.);
#3620 = DIRECTION('',(0.,1.,0.));
#3621 = ORIENTED_EDGE('',*,*,#3622,.T.);
#3622 = EDGE_CURVE('',#3615,#3623,#3625,.T.);
#3623 = VERTEX_POINT('',#3624);
#3624 = CARTESIAN_POINT('',(41.227412811561,-135.877427234,0.));
#3625 = LINE('',#3626,#3627);
#3626 = CARTESIAN_POINT('',(41.282702565405,-136.0452711296,0.));
#3627 = VECTOR('',#3628,1.);
#3628 = DIRECTION('',(-0.312873574934,0.949794781049,0.));
#3629 = ORIENTED_EDGE('',*,*,#3630,.T.);
#3630 = EDGE_CURVE('',#3623,#3631,#3633,.T.);
#3631 = VERTEX_POINT('',#3632);
#3632 = CARTESIAN_POINT('',(41.143737165053,-135.7937515875,0.));
#3633 = LINE('',#3634,#3635);
#3634 = CARTESIAN_POINT('',(41.227412811561,-135.877427234,0.));
#3635 = VECTOR('',#3636,1.);
#3636 = DIRECTION('',(-0.707106781187,0.707106781187,0.));
#3637 = ORIENTED_EDGE('',*,*,#3638,.T.);
#3638 = EDGE_CURVE('',#3631,#3639,#3641,.T.);
#3639 = VERTEX_POINT('',#3640);
#3640 = CARTESIAN_POINT('',(41.010422653988,-135.7937515875,0.));
#3641 = LINE('',#3642,#3643);
#3642 = CARTESIAN_POINT('',(41.143737165053,-135.7937515875,0.));
#3643 = VECTOR('',#3644,1.);
#3644 = DIRECTION('',(-1.,0.,0.));
#3645 = ORIENTED_EDGE('',*,*,#3646,.T.);
#3646 = EDGE_CURVE('',#3639,#3647,#3649,.T.);
#3647 = VERTEX_POINT('',#3648);
#3648 = CARTESIAN_POINT('',(40.913431438563,-135.8422471952,0.));
#3649 = LINE('',#3650,#3651);
#3650 = CARTESIAN_POINT('',(41.010422653988,-135.7937515875,0.));
#3651 = VECTOR('',#3652,1.);
#3652 = DIRECTION('',(-0.894427191,-0.4472135955,0.));
#3653 = ORIENTED_EDGE('',*,*,#3654,.T.);
#3654 = EDGE_CURVE('',#3647,#3655,#3657,.T.);
#3655 = VERTEX_POINT('',#3656);
#3656 = CARTESIAN_POINT('',(40.871781968989,-135.8838966647,0.));
#3657 = LINE('',#3658,#3659);
#3658 = CARTESIAN_POINT('',(40.913431438563,-135.8422471952,0.));
#3659 = VECTOR('',#3660,1.);
#3660 = DIRECTION('',(-0.707106781187,-0.707106781186,0.));
#3661 = ORIENTED_EDGE('',*,*,#3662,.T.);
#3662 = EDGE_CURVE('',#3655,#3663,#3665,.T.);
#3663 = VERTEX_POINT('',#3664);
#3664 = CARTESIAN_POINT('',(40.813732345777,-136.002069112,0.));
#3665 = LINE('',#3666,#3667);
#3666 = CARTESIAN_POINT('',(40.871781968989,-135.8838966647,0.));
#3667 = VECTOR('',#3668,1.);
#3668 = DIRECTION('',(-0.440903879653,-0.897554326437,0.));
#3669 = ORIENTED_EDGE('',*,*,#3670,.T.);
#3670 = EDGE_CURVE('',#3663,#3671,#3673,.T.);
#3671 = VERTEX_POINT('',#3672);
#3672 = CARTESIAN_POINT('',(40.674204127261,-136.4206537675,0.));
#3673 = LINE('',#3674,#3675);
#3674 = CARTESIAN_POINT('',(40.813732345777,-136.002069112,0.));
#3675 = VECTOR('',#3676,1.);
#3676 = DIRECTION('',(-0.316227766017,-0.948683298051,0.));
#3677 = ORIENTED_EDGE('',*,*,#3678,.T.);
#3678 = EDGE_CURVE('',#3671,#3679,#3681,.T.);
#3679 = VERTEX_POINT('',#3680);
#3680 = CARTESIAN_POINT('',(40.667710734879,-136.4364876656,0.));
#3681 = CIRCLE('',#3682,0.127000254001);
#3682 = AXIS2_PLACEMENT_3D('',#3683,#3684,#3685);
#3683 = CARTESIAN_POINT('',(40.553721107442,-136.3804927609,0.));
#3684 = DIRECTION('',(0.,0.,-1.));
#3685 = DIRECTION('',(0.948683298051,-0.316227766017,0.));
#3686 = ORIENTED_EDGE('',*,*,#3687,.T.);
#3687 = EDGE_CURVE('',#3679,#3688,#3690,.T.);
#3688 = VERTEX_POINT('',#3689);
#3689 = CARTESIAN_POINT('',(40.596590592639,-136.5812679552,0.));
#3690 = LINE('',#3691,#3692);
#3691 = CARTESIAN_POINT('',(40.667710734879,-136.4364876656,0.));
#3692 = VECTOR('',#3693,1.);
#3693 = DIRECTION('',(-0.440903879653,-0.897554326437,0.));
#3694 = ORIENTED_EDGE('',*,*,#3695,.T.);
#3695 = EDGE_CURVE('',#3688,#3696,#3698,.T.);
#3696 = VERTEX_POINT('',#3697);
#3697 = CARTESIAN_POINT('',(40.58102989124,-136.6055277141,0.));
#3698 = CIRCLE('',#3699,0.127000254);
#3699 = AXIS2_PLACEMENT_3D('',#3700,#3701,#3702);
#3700 = CARTESIAN_POINT('',(40.482600965202,-136.5252730505,0.));
#3701 = DIRECTION('',(0.,0.,-1.));
#3702 = DIRECTION('',(0.897554326438,-0.440903879653,0.));
#3703 = ORIENTED_EDGE('',*,*,#3704,.T.);
#3704 = EDGE_CURVE('',#3696,#3705,#3707,.T.);
#3705 = VERTEX_POINT('',#3706);
#3706 = CARTESIAN_POINT('',(40.301595670862,-136.7896255534,0.));
#3707 = CIRCLE('',#3708,0.55857234015);
#3708 = AXIS2_PLACEMENT_3D('',#3709,#3710,#3711);
#3709 = CARTESIAN_POINT('',(40.148119925915,-136.2525517644,0.));
#3710 = DIRECTION('',(0.,0.,-1.));
#3711 = DIRECTION('',(0.775029363627,-0.631925221459,0.));
#3712 = ORIENTED_EDGE('',*,*,#3713,.T.);
#3713 = EDGE_CURVE('',#3705,#3714,#3716,.T.);
#3714 = VERTEX_POINT('',#3715);
#3715 = CARTESIAN_POINT('',(40.266700533401,-136.794513589,0.));
#3716 = CIRCLE('',#3717,0.127000254001);
#3717 = AXIS2_PLACEMENT_3D('',#3718,#3719,#3720);
#3718 = CARTESIAN_POINT('',(40.266700533401,-136.667513335,0.));
#3719 = DIRECTION('',(0.,0.,-1.));
#3720 = DIRECTION('',(0.274764312365,-0.961511608173,0.));
#3721 = ORIENTED_EDGE('',*,*,#3722,.T.);
#3722 = EDGE_CURVE('',#3714,#3723,#3725,.T.);
#3723 = VERTEX_POINT('',#3724);
#3724 = CARTESIAN_POINT('',(40.124460248921,-136.794513589,0.));
#3725 = LINE('',#3726,#3727);
#3726 = CARTESIAN_POINT('',(40.266700533401,-136.794513589,0.));
#3727 = VECTOR('',#3728,1.);
#3728 = DIRECTION('',(-1.,0.,0.));
#3729 = ORIENTED_EDGE('',*,*,#3730,.T.);
#3730 = EDGE_CURVE('',#3723,#3731,#3733,.T.);
#3731 = VERTEX_POINT('',#3732);
#3732 = CARTESIAN_POINT('',(40.034657508104,-136.7573160758,0.));
#3733 = CIRCLE('',#3734,0.127000254001);
#3734 = AXIS2_PLACEMENT_3D('',#3735,#3736,#3737);
#3735 = CARTESIAN_POINT('',(40.12446024892,-136.667513335,0.));
#3736 = DIRECTION('',(-0.,0.,-1.));
#3737 = DIRECTION('',(1.070797282659E-13,-1.,-0.));
#3738 = ORIENTED_EDGE('',*,*,#3739,.T.);
#3739 = EDGE_CURVE('',#3731,#3740,#3742,.T.);
#3740 = VERTEX_POINT('',#3741);
#3741 = CARTESIAN_POINT('',(39.892417223624,-136.6150757913,0.));
#3742 = LINE('',#3743,#3744);
#3743 = CARTESIAN_POINT('',(40.034657508104,-136.7573160758,0.));
#3744 = VECTOR('',#3745,1.);
#3745 = DIRECTION('',(-0.707106781187,0.707106781187,0.));
#3746 = ORIENTED_EDGE('',*,*,#3747,.T.);
#3747 = EDGE_CURVE('',#3740,#3748,#3750,.T.);
#3748 = VERTEX_POINT('',#3749);
#3749 = CARTESIAN_POINT('',(39.861595785998,-136.565008074,0.));
#3750 = CIRCLE('',#3751,0.127000254001);
#3751 = AXIS2_PLACEMENT_3D('',#3752,#3753,#3754);
#3752 = CARTESIAN_POINT('',(39.98221996444,-136.5252730505,0.));
#3753 = DIRECTION('',(0.,0.,-1.));
#3754 = DIRECTION('',(-0.707106781187,-0.707106781187,-0.));
#3755 = ORIENTED_EDGE('',*,*,#3756,.T.);
#3756 = EDGE_CURVE('',#3748,#3757,#3759,.T.);
#3757 = VERTEX_POINT('',#3758);
#3758 = CARTESIAN_POINT('',(39.790475643758,-136.3491076422,0.));
#3759 = LINE('',#3760,#3761);
#3760 = CARTESIAN_POINT('',(39.861595785998,-136.565008074,0.));
#3761 = VECTOR('',#3762,1.);
#3762 = DIRECTION('',(-0.312873574934,0.949794781049,0.));
#3763 = ORIENTED_EDGE('',*,*,#3764,.T.);
#3764 = EDGE_CURVE('',#3757,#3311,#3765,.T.);
#3765 = CIRCLE('',#3766,0.127000254001);
#3766 = AXIS2_PLACEMENT_3D('',#3767,#3768,#3769);
#3767 = CARTESIAN_POINT('',(39.9110998222,-136.3093726187,0.));
#3768 = DIRECTION('',(0.,0.,-1.));
#3769 = DIRECTION('',(-0.949794781049,-0.312873574934,-0.));
#3770 = PLANE('',#3771);
#3771 = AXIS2_PLACEMENT_3D('',#3772,#3773,#3774);
#3772 = CARTESIAN_POINT('',(40.655585694408,-136.1589934478,0.));
#3773 = DIRECTION('',(-0.,-0.,-1.));
#3774 = DIRECTION('',(-1.,0.,0.));
#3775 = SHELL_BASED_SURFACE_MODEL('',(#3776));
#3776 = OPEN_SHELL('',(#3777));
#3777 = ADVANCED_FACE('',(#3778),#3814,.T.);
#3778 = FACE_BOUND('',#3779,.T.);
#3779 = EDGE_LOOP('',(#3780,#3791,#3799,#3808));
#3780 = ORIENTED_EDGE('',*,*,#3781,.T.);
#3781 = EDGE_CURVE('',#3782,#3784,#3786,.T.);
#3782 = VERTEX_POINT('',#3783);
#3783 = CARTESIAN_POINT('',(41.409702819406,-131.747523495,0.));
#3784 = VERTEX_POINT('',#3785);
#3785 = CARTESIAN_POINT('',(41.409702819406,-132.001524003,0.));
#3786 = CIRCLE('',#3787,0.127000254001);
#3787 = AXIS2_PLACEMENT_3D('',#3788,#3789,#3790);
#3788 = CARTESIAN_POINT('',(41.409702819406,-131.874523749,0.));
#3789 = DIRECTION('',(0.,0.,-1.));
#3790 = DIRECTION('',(1.110223024625E-16,1.,0.));
#3791 = ORIENTED_EDGE('',*,*,#3792,.T.);
#3792 = EDGE_CURVE('',#3784,#3793,#3795,.T.);
#3793 = VERTEX_POINT('',#3794);
#3794 = CARTESIAN_POINT('',(39.9110998222,-132.001524003,0.));
#3795 = LINE('',#3796,#3797);
#3796 = CARTESIAN_POINT('',(41.409702819406,-132.001524003,0.));
#3797 = VECTOR('',#3798,1.);
#3798 = DIRECTION('',(-1.,0.,0.));
#3799 = ORIENTED_EDGE('',*,*,#3800,.T.);
#3800 = EDGE_CURVE('',#3793,#3801,#3803,.T.);
#3801 = VERTEX_POINT('',#3802);
#3802 = CARTESIAN_POINT('',(39.9110998222,-131.747523495,0.));
#3803 = CIRCLE('',#3804,0.127000254001);
#3804 = AXIS2_PLACEMENT_3D('',#3805,#3806,#3807);
#3805 = CARTESIAN_POINT('',(39.9110998222,-131.874523749,0.));
#3806 = DIRECTION('',(0.,0.,-1.));
#3807 = DIRECTION('',(-1.110223024625E-16,-1.,-0.));
#3808 = ORIENTED_EDGE('',*,*,#3809,.T.);
#3809 = EDGE_CURVE('',#3801,#3782,#3810,.T.);
#3810 = LINE('',#3811,#3812);
#3811 = CARTESIAN_POINT('',(39.9110998222,-131.747523495,0.));
#3812 = VECTOR('',#3813,1.);
#3813 = DIRECTION('',(1.,0.,0.));
#3814 = PLANE('',#3815);
#3815 = AXIS2_PLACEMENT_3D('',#3816,#3817,#3818);
#3816 = CARTESIAN_POINT('',(40.660401320803,-131.874523749,0.));
#3817 = DIRECTION('',(-0.,-0.,-1.));
#3818 = DIRECTION('',(-1.,0.,0.));
#3819 = SHELL_BASED_SURFACE_MODEL('',(#3820));
#3820 = OPEN_SHELL('',(#3821));
#3821 = ADVANCED_FACE('',(#3822,#3996),#4080,.T.);
#3822 = FACE_BOUND('',#3823,.T.);
#3823 = EDGE_LOOP('',(#3824,#3834,#3843,#3851,#3860,#3868,#3877,#3886,
    #3895,#3903,#3912,#3921,#3930,#3938,#3947,#3955,#3964,#3972,#3981,
    #3989));
#3824 = ORIENTED_EDGE('',*,*,#3825,.T.);
#3825 = EDGE_CURVE('',#3826,#3828,#3830,.T.);
#3826 = VERTEX_POINT('',#3827);
#3827 = CARTESIAN_POINT('',(39.784099568199,-141.9862839725,0.));
#3828 = VERTEX_POINT('',#3829);
#3829 = CARTESIAN_POINT('',(39.784099568199,-141.4859029718,0.));
#3830 = LINE('',#3831,#3832);
#3831 = CARTESIAN_POINT('',(39.784099568199,-141.9862839725,0.));
#3832 = VECTOR('',#3833,1.);
#3833 = DIRECTION('',(0.,1.,0.));
#3834 = ORIENTED_EDGE('',*,*,#3835,.T.);
#3835 = EDGE_CURVE('',#3828,#3836,#3838,.T.);
#3836 = VERTEX_POINT('',#3837);
#3837 = CARTESIAN_POINT('',(39.790616802381,-141.4457419652,0.));
#3838 = CIRCLE('',#3839,0.127000254);
#3839 = AXIS2_PLACEMENT_3D('',#3840,#3841,#3842);
#3840 = CARTESIAN_POINT('',(39.9110998222,-141.4859029718,0.));
#3841 = DIRECTION('',(0.,0.,-1.));
#3842 = DIRECTION('',(-1.,5.195254574228E-14,0.));
#3843 = ORIENTED_EDGE('',*,*,#3844,.T.);
#3844 = EDGE_CURVE('',#3836,#3845,#3847,.T.);
#3845 = VERTEX_POINT('',#3846);
#3846 = CARTESIAN_POINT('',(39.861736944621,-141.2323815384,0.));
#3847 = LINE('',#3848,#3849);
#3848 = CARTESIAN_POINT('',(39.790616802381,-141.4457419652,0.));
#3849 = VECTOR('',#3850,1.);
#3850 = DIRECTION('',(0.316227766017,0.948683298051,0.));
#3851 = ORIENTED_EDGE('',*,*,#3852,.T.);
#3852 = EDGE_CURVE('',#3845,#3853,#3855,.T.);
#3853 = VERTEX_POINT('',#3854);
#3854 = CARTESIAN_POINT('',(39.89162605645,-141.1835380039,0.));
#3855 = CIRCLE('',#3856,0.127000254001);
#3856 = AXIS2_PLACEMENT_3D('',#3857,#3858,#3859);
#3857 = CARTESIAN_POINT('',(39.98221996444,-141.272542545,0.));
#3858 = DIRECTION('',(0.,0.,-1.));
#3859 = DIRECTION('',(-0.948683298051,0.316227766017,0.));
#3860 = ORIENTED_EDGE('',*,*,#3861,.T.);
#3861 = EDGE_CURVE('',#3853,#3862,#3864,.T.);
#3862 = VERTEX_POINT('',#3863);
#3863 = CARTESIAN_POINT('',(40.03386634093,-141.0387577143,0.));
#3864 = LINE('',#3865,#3866);
#3865 = CARTESIAN_POINT('',(39.89162605645,-141.1835380039,0.));
#3866 = VECTOR('',#3867,1.);
#3867 = DIRECTION('',(0.700821757278,0.713336431515,0.));
#3868 = ORIENTED_EDGE('',*,*,#3869,.T.);
#3869 = EDGE_CURVE('',#3862,#3870,#3872,.T.);
#3870 = VERTEX_POINT('',#3871);
#3871 = CARTESIAN_POINT('',(40.060972194885,-141.0177698398,0.));
#3872 = CIRCLE('',#3873,0.127000254001);
#3873 = AXIS2_PLACEMENT_3D('',#3874,#3875,#3876);
#3874 = CARTESIAN_POINT('',(40.124460248921,-141.1277622555,0.));
#3875 = DIRECTION('',(0.,0.,-1.));
#3876 = DIRECTION('',(-0.713336431515,0.700821757277,0.));
#3877 = ORIENTED_EDGE('',*,*,#3878,.T.);
#3878 = EDGE_CURVE('',#3870,#3879,#3881,.T.);
#3879 = VERTEX_POINT('',#3880);
#3880 = CARTESIAN_POINT('',(40.45332292011,-140.8619426014,0.));
#3881 = CIRCLE('',#3882,1.456551556078);
#3882 = AXIS2_PLACEMENT_3D('',#3883,#3884,#3885);
#3883 = CARTESIAN_POINT('',(40.789109509456,-142.2792604211,0.));
#3884 = DIRECTION('',(0.,0.,-1.));
#3885 = DIRECTION('',(-0.499904937476,0.866080281202,0.));
#3886 = ORIENTED_EDGE('',*,*,#3887,.T.);
#3887 = EDGE_CURVE('',#3879,#3888,#3890,.T.);
#3888 = VERTEX_POINT('',#3889);
#3889 = CARTESIAN_POINT('',(40.482600965202,-140.858521717,0.));
#3890 = CIRCLE('',#3891,0.127000254001);
#3891 = AXIS2_PLACEMENT_3D('',#3892,#3893,#3894);
#3892 = CARTESIAN_POINT('',(40.482600965202,-140.985521971,0.));
#3893 = DIRECTION('',(0.,0.,-1.));
#3894 = DIRECTION('',(-0.23053532705,0.973063956265,0.));
#3895 = ORIENTED_EDGE('',*,*,#3896,.T.);
#3896 = EDGE_CURVE('',#3888,#3897,#3899,.T.);
#3897 = VERTEX_POINT('',#3898);
#3898 = CARTESIAN_POINT('',(40.838201676403,-140.858521717,0.));
#3899 = LINE('',#3900,#3901);
#3900 = CARTESIAN_POINT('',(40.482600965202,-140.858521717,0.));
#3901 = VECTOR('',#3902,1.);
#3902 = DIRECTION('',(1.,0.,0.));
#3903 = ORIENTED_EDGE('',*,*,#3904,.T.);
#3904 = EDGE_CURVE('',#3897,#3905,#3907,.T.);
#3905 = VERTEX_POINT('',#3906);
#3906 = CARTESIAN_POINT('',(40.867479721497,-140.8619426014,0.));
#3907 = CIRCLE('',#3908,0.127000254001);
#3908 = AXIS2_PLACEMENT_3D('',#3909,#3910,#3911);
#3909 = CARTESIAN_POINT('',(40.838201676403,-140.985521971,0.));
#3910 = DIRECTION('',(0.,0.,-1.));
#3911 = DIRECTION('',(-1.060470399664E-13,1.,0.));
#3912 = ORIENTED_EDGE('',*,*,#3913,.T.);
#3913 = EDGE_CURVE('',#3905,#3914,#3916,.T.);
#3914 = VERTEX_POINT('',#3915);
#3915 = CARTESIAN_POINT('',(41.259830446719,-141.0177698398,0.));
#3916 = CIRCLE('',#3917,1.456551556226);
#3917 = AXIS2_PLACEMENT_3D('',#3918,#3919,#3920);
#3918 = CARTESIAN_POINT('',(40.531693132093,-142.2792604212,0.));
#3919 = DIRECTION('',(0.,0.,-1.));
#3920 = DIRECTION('',(0.230535327066,0.973063956261,0.));
#3921 = ORIENTED_EDGE('',*,*,#3922,.T.);
#3922 = EDGE_CURVE('',#3914,#3923,#3925,.T.);
#3923 = VERTEX_POINT('',#3924);
#3924 = CARTESIAN_POINT('',(41.286936300675,-141.0387577143,0.));
#3925 = CIRCLE('',#3926,0.127000254);
#3926 = AXIS2_PLACEMENT_3D('',#3927,#3928,#3929);
#3927 = CARTESIAN_POINT('',(41.196342392685,-141.1277622555,0.));
#3928 = DIRECTION('',(0.,0.,-1.));
#3929 = DIRECTION('',(0.499904937461,0.866080281211,0.));
#3930 = ORIENTED_EDGE('',*,*,#3931,.T.);
#3931 = EDGE_CURVE('',#3923,#3932,#3934,.T.);
#3932 = VERTEX_POINT('',#3933);
#3933 = CARTESIAN_POINT('',(41.429176585156,-141.1835380039,0.));
#3934 = LINE('',#3935,#3936);
#3935 = CARTESIAN_POINT('',(41.286936300675,-141.0387577143,0.));
#3936 = VECTOR('',#3937,1.);
#3937 = DIRECTION('',(0.700821757278,-0.713336431515,0.));
#3938 = ORIENTED_EDGE('',*,*,#3939,.T.);
#3939 = EDGE_CURVE('',#3932,#3940,#3942,.T.);
#3940 = VERTEX_POINT('',#3941);
#3941 = CARTESIAN_POINT('',(41.459065696984,-141.2323815384,0.));
#3942 = CIRCLE('',#3943,0.127000254001);
#3943 = AXIS2_PLACEMENT_3D('',#3944,#3945,#3946);
#3944 = CARTESIAN_POINT('',(41.338582677165,-141.272542545,0.));
#3945 = DIRECTION('',(0.,0.,-1.));
#3946 = DIRECTION('',(0.713336431515,0.700821757277,0.));
#3947 = ORIENTED_EDGE('',*,*,#3948,.T.);
#3948 = EDGE_CURVE('',#3940,#3949,#3951,.T.);
#3949 = VERTEX_POINT('',#3950);
#3950 = CARTESIAN_POINT('',(41.530185839224,-141.4457419652,0.));
#3951 = LINE('',#3952,#3953);
#3952 = CARTESIAN_POINT('',(41.459065696984,-141.2323815384,0.));
#3953 = VECTOR('',#3954,1.);
#3954 = DIRECTION('',(0.316227766017,-0.94868329805,0.));
#3955 = ORIENTED_EDGE('',*,*,#3956,.T.);
#3956 = EDGE_CURVE('',#3949,#3957,#3959,.T.);
#3957 = VERTEX_POINT('',#3958);
#3958 = CARTESIAN_POINT('',(41.536703073406,-141.4859029718,0.));
#3959 = CIRCLE('',#3960,0.127000254001);
#3960 = AXIS2_PLACEMENT_3D('',#3961,#3962,#3963);
#3961 = CARTESIAN_POINT('',(41.409702819406,-141.4859029718,0.));
#3962 = DIRECTION('',(0.,0.,-1.));
#3963 = DIRECTION('',(0.948683298051,0.316227766017,0.));
#3964 = ORIENTED_EDGE('',*,*,#3965,.T.);
#3965 = EDGE_CURVE('',#3957,#3966,#3968,.T.);
#3966 = VERTEX_POINT('',#3967);
#3967 = CARTESIAN_POINT('',(41.536703073406,-141.9862839725,0.));
#3968 = LINE('',#3969,#3970);
#3969 = CARTESIAN_POINT('',(41.536703073406,-141.4859029718,0.));
#3970 = VECTOR('',#3971,1.);
#3971 = DIRECTION('',(0.,-1.,0.));
#3972 = ORIENTED_EDGE('',*,*,#3973,.T.);
#3973 = EDGE_CURVE('',#3966,#3974,#3976,.T.);
#3974 = VERTEX_POINT('',#3975);
#3975 = CARTESIAN_POINT('',(41.409702819406,-142.1132842265,0.));
#3976 = CIRCLE('',#3977,0.127000254001);
#3977 = AXIS2_PLACEMENT_3D('',#3978,#3979,#3980);
#3978 = CARTESIAN_POINT('',(41.409702819406,-141.9862839725,0.));
#3979 = DIRECTION('',(0.,0.,-1.));
#3980 = DIRECTION('',(1.,-7.726817512298E-17,0.));
#3981 = ORIENTED_EDGE('',*,*,#3982,.T.);
#3982 = EDGE_CURVE('',#3974,#3983,#3985,.T.);
#3983 = VERTEX_POINT('',#3984);
#3984 = CARTESIAN_POINT('',(39.9110998222,-142.1132842265,0.));
#3985 = LINE('',#3986,#3987);
#3986 = CARTESIAN_POINT('',(41.409702819406,-142.1132842265,0.));
#3987 = VECTOR('',#3988,1.);
#3988 = DIRECTION('',(-1.,0.,0.));
#3989 = ORIENTED_EDGE('',*,*,#3990,.T.);
#3990 = EDGE_CURVE('',#3983,#3826,#3991,.T.);
#3991 = CIRCLE('',#3992,0.127000254001);
#3992 = AXIS2_PLACEMENT_3D('',#3993,#3994,#3995);
#3993 = CARTESIAN_POINT('',(39.9110998222,-141.9862839725,0.));
#3994 = DIRECTION('',(0.,0.,-1.));
#3995 = DIRECTION('',(-7.726817512298E-17,-1.,-0.));
#3996 = FACE_BOUND('',#3997,.T.);
#3997 = EDGE_LOOP('',(#3998,#4008,#4016,#4024,#4032,#4040,#4048,#4056,
    #4065,#4073));
#3998 = ORIENTED_EDGE('',*,*,#3999,.T.);
#3999 = EDGE_CURVE('',#4000,#4002,#4004,.T.);
#4000 = VERTEX_POINT('',#4001);
#4001 = CARTESIAN_POINT('',(40.202620468031,-141.2294225157,0.));
#4002 = VERTEX_POINT('',#4003);
#4003 = CARTESIAN_POINT('',(40.093409663879,-141.3405835128,0.));
#4004 = LINE('',#4005,#4006);
#4005 = CARTESIAN_POINT('',(40.202620468031,-141.2294225157,0.));
#4006 = VECTOR('',#4007,1.);
#4007 = DIRECTION('',(-0.700821757278,-0.713336431515,0.));
#4008 = ORIENTED_EDGE('',*,*,#4009,.T.);
#4009 = EDGE_CURVE('',#4002,#4010,#4012,.T.);
#4010 = VERTEX_POINT('',#4011);
#4011 = CARTESIAN_POINT('',(40.0381000762,-141.5065122758,0.));
#4012 = LINE('',#4013,#4014);
#4013 = CARTESIAN_POINT('',(40.093409663879,-141.3405835128,0.));
#4014 = VECTOR('',#4015,1.);
#4015 = DIRECTION('',(-0.316227766017,-0.948683298051,0.));
#4016 = ORIENTED_EDGE('',*,*,#4017,.T.);
#4017 = EDGE_CURVE('',#4010,#4018,#4020,.T.);
#4018 = VERTEX_POINT('',#4019);
#4019 = CARTESIAN_POINT('',(40.0381000762,-141.8592837185,0.));
#4020 = LINE('',#4021,#4022);
#4021 = CARTESIAN_POINT('',(40.0381000762,-141.5065122758,0.));
#4022 = VECTOR('',#4023,1.);
#4023 = DIRECTION('',(0.,-1.,0.));
#4024 = ORIENTED_EDGE('',*,*,#4025,.T.);
#4025 = EDGE_CURVE('',#4018,#4026,#4028,.T.);
#4026 = VERTEX_POINT('',#4027);
#4027 = CARTESIAN_POINT('',(41.282702565405,-141.8592837185,0.));
#4028 = LINE('',#4029,#4030);
#4029 = CARTESIAN_POINT('',(40.0381000762,-141.8592837185,0.));
#4030 = VECTOR('',#4031,1.);
#4031 = DIRECTION('',(1.,0.,0.));
#4032 = ORIENTED_EDGE('',*,*,#4033,.T.);
#4033 = EDGE_CURVE('',#4026,#4034,#4036,.T.);
#4034 = VERTEX_POINT('',#4035);
#4035 = CARTESIAN_POINT('',(41.282702565405,-141.5065122758,0.));
#4036 = LINE('',#4037,#4038);
#4037 = CARTESIAN_POINT('',(41.282702565405,-141.8592837185,0.));
#4038 = VECTOR('',#4039,1.);
#4039 = DIRECTION('',(0.,1.,0.));
#4040 = ORIENTED_EDGE('',*,*,#4041,.T.);
#4041 = EDGE_CURVE('',#4034,#4042,#4044,.T.);
#4042 = VERTEX_POINT('',#4043);
#4043 = CARTESIAN_POINT('',(41.227392977726,-141.3405835128,0.));
#4044 = LINE('',#4045,#4046);
#4045 = CARTESIAN_POINT('',(41.282702565405,-141.5065122758,0.));
#4046 = VECTOR('',#4047,1.);
#4047 = DIRECTION('',(-0.316227766017,0.94868329805,0.));
#4048 = ORIENTED_EDGE('',*,*,#4049,.T.);
#4049 = EDGE_CURVE('',#4042,#4050,#4052,.T.);
#4050 = VERTEX_POINT('',#4051);
#4051 = CARTESIAN_POINT('',(41.118182173575,-141.2294225157,0.));
#4052 = LINE('',#4053,#4054);
#4053 = CARTESIAN_POINT('',(41.227392977726,-141.3405835128,0.));
#4054 = VECTOR('',#4055,1.);
#4055 = DIRECTION('',(-0.700821757278,0.713336431515,0.));
#4056 = ORIENTED_EDGE('',*,*,#4057,.T.);
#4057 = EDGE_CURVE('',#4050,#4058,#4060,.T.);
#4058 = VERTEX_POINT('',#4059);
#4059 = CARTESIAN_POINT('',(40.822985090662,-141.112522225,0.));
#4060 = CIRCLE('',#4061,1.202551048225);
#4061 = AXIS2_PLACEMENT_3D('',#4062,#4063,#4064);
#4062 = CARTESIAN_POINT('',(40.531693132094,-142.2792604212,0.));
#4063 = DIRECTION('',(0.,0.,1.));
#4064 = DIRECTION('',(0.487704070731,0.873009014497,-0.));
#4065 = ORIENTED_EDGE('',*,*,#4066,.T.);
#4066 = EDGE_CURVE('',#4058,#4067,#4069,.T.);
#4067 = VERTEX_POINT('',#4068);
#4068 = CARTESIAN_POINT('',(40.497817550943,-141.112522225,0.));
#4069 = LINE('',#4070,#4071);
#4070 = CARTESIAN_POINT('',(40.822985090662,-141.112522225,0.));
#4071 = VECTOR('',#4072,1.);
#4072 = DIRECTION('',(-1.,8.740635505925E-14,0.));
#4073 = ORIENTED_EDGE('',*,*,#4074,.T.);
#4074 = EDGE_CURVE('',#4067,#4000,#4075,.T.);
#4075 = CIRCLE('',#4076,1.202551048077);
#4076 = AXIS2_PLACEMENT_3D('',#4077,#4078,#4079);
#4077 = CARTESIAN_POINT('',(40.789109509456,-142.2792604211,0.));
#4078 = DIRECTION('',(0.,0.,1.));
#4079 = DIRECTION('',(-0.242228351952,0.970219266718,0.));
#4080 = PLANE('',#4081);
#4081 = AXIS2_PLACEMENT_3D('',#4082,#4083,#4084);
#4082 = CARTESIAN_POINT('',(40.660401320803,-141.56281006,0.));
#4083 = DIRECTION('',(-0.,-0.,-1.));
#4084 = DIRECTION('',(-1.,0.,0.));
#4085 = SHELL_BASED_SURFACE_MODEL('',(#4086));
#4086 = OPEN_SHELL('',(#4087));
#4087 = ADVANCED_FACE('',(#4088),#4124,.T.);
#4088 = FACE_BOUND('',#4089,.T.);
#4089 = EDGE_LOOP('',(#4090,#4101,#4109,#4118));
#4090 = ORIENTED_EDGE('',*,*,#4091,.T.);
#4091 = EDGE_CURVE('',#4092,#4094,#4096,.T.);
#4092 = VERTEX_POINT('',#4093);
#4093 = CARTESIAN_POINT('',(41.409702819406,-137.1374142748,0.));
#4094 = VERTEX_POINT('',#4095);
#4095 = CARTESIAN_POINT('',(41.409702819406,-137.3914147828,0.));
#4096 = CIRCLE('',#4097,0.127000254001);
#4097 = AXIS2_PLACEMENT_3D('',#4098,#4099,#4100);
#4098 = CARTESIAN_POINT('',(41.409702819406,-137.2644145288,0.));
#4099 = DIRECTION('',(0.,0.,-1.));
#4100 = DIRECTION('',(1.110223024625E-16,1.,0.));
#4101 = ORIENTED_EDGE('',*,*,#4102,.T.);
#4102 = EDGE_CURVE('',#4094,#4103,#4105,.T.);
#4103 = VERTEX_POINT('',#4104);
#4104 = CARTESIAN_POINT('',(39.9110998222,-137.3914147828,0.));
#4105 = LINE('',#4106,#4107);
#4106 = CARTESIAN_POINT('',(41.409702819406,-137.3914147828,0.));
#4107 = VECTOR('',#4108,1.);
#4108 = DIRECTION('',(-1.,0.,0.));
#4109 = ORIENTED_EDGE('',*,*,#4110,.T.);
#4110 = EDGE_CURVE('',#4103,#4111,#4113,.T.);
#4111 = VERTEX_POINT('',#4112);
#4112 = CARTESIAN_POINT('',(39.9110998222,-137.1374142748,0.));
#4113 = CIRCLE('',#4114,0.127000254001);
#4114 = AXIS2_PLACEMENT_3D('',#4115,#4116,#4117);
#4115 = CARTESIAN_POINT('',(39.9110998222,-137.2644145288,0.));
#4116 = DIRECTION('',(0.,0.,-1.));
#4117 = DIRECTION('',(-1.110223024625E-16,-1.,-0.));
#4118 = ORIENTED_EDGE('',*,*,#4119,.T.);
#4119 = EDGE_CURVE('',#4111,#4092,#4120,.T.);
#4120 = LINE('',#4121,#4122);
#4121 = CARTESIAN_POINT('',(39.9110998222,-137.1374142748,0.));
#4122 = VECTOR('',#4123,1.);
#4123 = DIRECTION('',(1.,0.,0.));
#4124 = PLANE('',#4125);
#4125 = AXIS2_PLACEMENT_3D('',#4126,#4127,#4128);
#4126 = CARTESIAN_POINT('',(40.660401320803,-137.2644145288,0.));
#4127 = DIRECTION('',(-0.,-0.,-1.));
#4128 = DIRECTION('',(-1.,0.,0.));
#4129 = SHELL_BASED_SURFACE_MODEL('',(#4130));
#4130 = OPEN_SHELL('',(#4131));
#4131 = ADVANCED_FACE('',(#4132),#4251,.T.);
#4132 = FACE_BOUND('',#4133,.T.);
#4133 = EDGE_LOOP('',(#4134,#4144,#4152,#4161,#4169,#4178,#4186,#4195,
    #4203,#4212,#4220,#4228,#4236,#4245));
#4134 = ORIENTED_EDGE('',*,*,#4135,.T.);
#4135 = EDGE_CURVE('',#4136,#4138,#4140,.T.);
#4136 = VERTEX_POINT('',#4137);
#4137 = CARTESIAN_POINT('',(40.751841503683,-140.2616205232,0.));
#4138 = VERTEX_POINT('',#4139);
#4139 = CARTESIAN_POINT('',(41.282702565405,-140.2616205232,0.));
#4140 = LINE('',#4141,#4142);
#4141 = CARTESIAN_POINT('',(40.751841503683,-140.2616205232,0.));
#4142 = VECTOR('',#4143,1.);
#4143 = DIRECTION('',(1.,0.,0.));
#4144 = ORIENTED_EDGE('',*,*,#4145,.T.);
#4145 = EDGE_CURVE('',#4138,#4146,#4148,.T.);
#4146 = VERTEX_POINT('',#4147);
#4147 = CARTESIAN_POINT('',(41.282702565405,-139.4589789179,0.));
#4148 = LINE('',#4149,#4150);
#4149 = CARTESIAN_POINT('',(41.282702565405,-140.2616205232,0.));
#4150 = VECTOR('',#4151,1.);
#4151 = DIRECTION('',(0.,1.,0.));
#4152 = ORIENTED_EDGE('',*,*,#4153,.T.);
#4153 = EDGE_CURVE('',#4146,#4154,#4156,.T.);
#4154 = VERTEX_POINT('',#4155);
#4155 = CARTESIAN_POINT('',(41.536703073406,-139.4589789179,0.));
#4156 = CIRCLE('',#4157,0.127000254001);
#4157 = AXIS2_PLACEMENT_3D('',#4158,#4159,#4160);
#4158 = CARTESIAN_POINT('',(41.409702819406,-139.4589789179,0.));
#4159 = DIRECTION('',(0.,0.,-1.));
#4160 = DIRECTION('',(-1.,1.110223024625E-16,0.));
#4161 = ORIENTED_EDGE('',*,*,#4162,.T.);
#4162 = EDGE_CURVE('',#4154,#4163,#4165,.T.);
#4163 = VERTEX_POINT('',#4164);
#4164 = CARTESIAN_POINT('',(41.536703073406,-140.3886207772,0.));
#4165 = LINE('',#4166,#4167);
#4166 = CARTESIAN_POINT('',(41.536703073406,-139.4589789179,0.));
#4167 = VECTOR('',#4168,1.);
#4168 = DIRECTION('',(0.,-1.,0.));
#4169 = ORIENTED_EDGE('',*,*,#4170,.T.);
#4170 = EDGE_CURVE('',#4163,#4171,#4173,.T.);
#4171 = VERTEX_POINT('',#4172);
#4172 = CARTESIAN_POINT('',(41.409702819406,-140.5156210312,0.));
#4173 = CIRCLE('',#4174,0.127000254001);
#4174 = AXIS2_PLACEMENT_3D('',#4175,#4176,#4177);
#4175 = CARTESIAN_POINT('',(41.409702819406,-140.3886207772,0.));
#4176 = DIRECTION('',(0.,0.,-1.));
#4177 = DIRECTION('',(1.,-7.726817512298E-17,0.));
#4178 = ORIENTED_EDGE('',*,*,#4179,.T.);
#4179 = EDGE_CURVE('',#4171,#4180,#4182,.T.);
#4180 = VERTEX_POINT('',#4181);
#4181 = CARTESIAN_POINT('',(39.9110998222,-140.5156210312,0.));
#4182 = LINE('',#4183,#4184);
#4183 = CARTESIAN_POINT('',(41.409702819406,-140.5156210312,0.));
#4184 = VECTOR('',#4185,1.);
#4185 = DIRECTION('',(-1.,0.,0.));
#4186 = ORIENTED_EDGE('',*,*,#4187,.T.);
#4187 = EDGE_CURVE('',#4180,#4188,#4190,.T.);
#4188 = VERTEX_POINT('',#4189);
#4189 = CARTESIAN_POINT('',(39.784099568199,-140.3886207772,0.));
#4190 = CIRCLE('',#4191,0.127000254001);
#4191 = AXIS2_PLACEMENT_3D('',#4192,#4193,#4194);
#4192 = CARTESIAN_POINT('',(39.9110998222,-140.3886207772,0.));
#4193 = DIRECTION('',(0.,0.,-1.));
#4194 = DIRECTION('',(-7.726817512298E-17,-1.,-0.));
#4195 = ORIENTED_EDGE('',*,*,#4196,.T.);
#4196 = EDGE_CURVE('',#4188,#4197,#4199,.T.);
#4197 = VERTEX_POINT('',#4198);
#4198 = CARTESIAN_POINT('',(39.784099568199,-139.4589789179,0.));
#4199 = LINE('',#4200,#4201);
#4200 = CARTESIAN_POINT('',(39.784099568199,-140.3886207772,0.));
#4201 = VECTOR('',#4202,1.);
#4202 = DIRECTION('',(0.,1.,0.));
#4203 = ORIENTED_EDGE('',*,*,#4204,.T.);
#4204 = EDGE_CURVE('',#4197,#4205,#4207,.T.);
#4205 = VERTEX_POINT('',#4206);
#4206 = CARTESIAN_POINT('',(40.0381000762,-139.4589789179,0.));
#4207 = CIRCLE('',#4208,0.127000254001);
#4208 = AXIS2_PLACEMENT_3D('',#4209,#4210,#4211);
#4209 = CARTESIAN_POINT('',(39.9110998222,-139.4589789179,0.));
#4210 = DIRECTION('',(0.,0.,-1.));
#4211 = DIRECTION('',(-1.,1.110223024625E-16,0.));
#4212 = ORIENTED_EDGE('',*,*,#4213,.T.);
#4213 = EDGE_CURVE('',#4205,#4214,#4216,.T.);
#4214 = VERTEX_POINT('',#4215);
#4215 = CARTESIAN_POINT('',(40.0381000762,-140.2616205232,0.));
#4216 = LINE('',#4217,#4218);
#4217 = CARTESIAN_POINT('',(40.0381000762,-139.4589789179,0.));
#4218 = VECTOR('',#4219,1.);
#4219 = DIRECTION('',(8.852553008505E-15,-1.,0.));
#4220 = ORIENTED_EDGE('',*,*,#4221,.T.);
#4221 = EDGE_CURVE('',#4214,#4222,#4224,.T.);
#4222 = VERTEX_POINT('',#4223);
#4223 = CARTESIAN_POINT('',(40.497840995682,-140.2616205232,0.));
#4224 = LINE('',#4225,#4226);
#4225 = CARTESIAN_POINT('',(40.0381000762,-140.2616205232,0.));
#4226 = VECTOR('',#4227,1.);
#4227 = DIRECTION('',(1.,0.,0.));
#4228 = ORIENTED_EDGE('',*,*,#4229,.T.);
#4229 = EDGE_CURVE('',#4222,#4230,#4232,.T.);
#4230 = VERTEX_POINT('',#4231);
#4231 = CARTESIAN_POINT('',(40.497840995682,-139.8171196342,0.));
#4232 = LINE('',#4233,#4234);
#4233 = CARTESIAN_POINT('',(40.497840995682,-140.2616205232,0.));
#4234 = VECTOR('',#4235,1.);
#4235 = DIRECTION('',(0.,1.,0.));
#4236 = ORIENTED_EDGE('',*,*,#4237,.T.);
#4237 = EDGE_CURVE('',#4230,#4238,#4240,.T.);
#4238 = VERTEX_POINT('',#4239);
#4239 = CARTESIAN_POINT('',(40.751841503683,-139.8171196342,0.));
#4240 = CIRCLE('',#4241,0.127000254001);
#4241 = AXIS2_PLACEMENT_3D('',#4242,#4243,#4244);
#4242 = CARTESIAN_POINT('',(40.624841249683,-139.8171196342,0.));
#4243 = DIRECTION('',(0.,0.,-1.));
#4244 = DIRECTION('',(-1.,1.110223024625E-16,0.));
#4245 = ORIENTED_EDGE('',*,*,#4246,.T.);
#4246 = EDGE_CURVE('',#4238,#4136,#4247,.T.);
#4247 = LINE('',#4248,#4249);
#4248 = CARTESIAN_POINT('',(40.751841503683,-139.8171196342,0.));
#4249 = VECTOR('',#4250,1.);
#4250 = DIRECTION('',(1.59851814325E-14,-1.,0.));
#4251 = PLANE('',#4252);
#4252 = AXIS2_PLACEMENT_3D('',#4253,#4254,#4255);
#4253 = CARTESIAN_POINT('',(40.656090083447,-140.0381420068,0.));
#4254 = DIRECTION('',(-0.,-0.,-1.));
#4255 = DIRECTION('',(-1.,0.,0.));
#4256 = SHELL_BASED_SURFACE_MODEL('',(#4257));
#4257 = OPEN_SHELL('',(#4258));
#4258 = ADVANCED_FACE('',(#4259),#4495,.T.);
#4259 = FACE_BOUND('',#4260,.T.);
#4260 = EDGE_LOOP('',(#4261,#4271,#4279,#4287,#4295,#4303,#4311,#4319,
    #4327,#4335,#4344,#4352,#4361,#4369,#4378,#4386,#4395,#4403,#4412,
    #4420,#4429,#4437,#4446,#4454,#4463,#4471,#4480,#4488));
#4261 = ORIENTED_EDGE('',*,*,#4262,.T.);
#4262 = EDGE_CURVE('',#4263,#4265,#4267,.T.);
#4263 = VERTEX_POINT('',#4264);
#4264 = CARTESIAN_POINT('',(39.9110998222,-134.9428498857,0.));
#4265 = VERTEX_POINT('',#4266);
#4266 = CARTESIAN_POINT('',(40.960062881058,-134.9428498857,0.));
#4267 = LINE('',#4268,#4269);
#4268 = CARTESIAN_POINT('',(39.9110998222,-134.9428498857,0.));
#4269 = VECTOR('',#4270,1.);
#4270 = DIRECTION('',(1.,0.,0.));
#4271 = ORIENTED_EDGE('',*,*,#4272,.T.);
#4272 = EDGE_CURVE('',#4265,#4273,#4275,.T.);
#4273 = VERTEX_POINT('',#4274);
#4274 = CARTESIAN_POINT('',(41.127906776657,-134.8875601318,0.));
#4275 = LINE('',#4276,#4277);
#4276 = CARTESIAN_POINT('',(40.960062881058,-134.9428498857,0.));
#4277 = VECTOR('',#4278,1.);
#4278 = DIRECTION('',(0.949794781049,0.312873574934,0.));
#4279 = ORIENTED_EDGE('',*,*,#4280,.T.);
#4280 = EDGE_CURVE('',#4273,#4281,#4283,.T.);
#4281 = VERTEX_POINT('',#4282);
#4282 = CARTESIAN_POINT('',(41.227412811561,-134.7880540969,0.));
#4283 = LINE('',#4284,#4285);
#4284 = CARTESIAN_POINT('',(41.127906776657,-134.8875601318,0.));
#4285 = VECTOR('',#4286,1.);
#4286 = DIRECTION('',(0.707106781187,0.707106781187,0.));
#4287 = ORIENTED_EDGE('',*,*,#4288,.T.);
#4288 = EDGE_CURVE('',#4281,#4289,#4291,.T.);
#4289 = VERTEX_POINT('',#4290);
#4290 = CARTESIAN_POINT('',(41.282702565405,-134.6202102013,0.));
#4291 = LINE('',#4292,#4293);
#4292 = CARTESIAN_POINT('',(41.227412811561,-134.7880540969,0.));
#4293 = VECTOR('',#4294,1.);
#4294 = DIRECTION('',(0.312873574934,0.949794781049,0.));
#4295 = ORIENTED_EDGE('',*,*,#4296,.T.);
#4296 = EDGE_CURVE('',#4289,#4297,#4299,.T.);
#4297 = VERTEX_POINT('',#4298);
#4298 = CARTESIAN_POINT('',(41.282702565405,-134.5189583007,0.));
#4299 = LINE('',#4300,#4301);
#4300 = CARTESIAN_POINT('',(41.282702565405,-134.6202102013,0.));
#4301 = VECTOR('',#4302,1.);
#4302 = DIRECTION('',(0.,1.,0.));
#4303 = ORIENTED_EDGE('',*,*,#4304,.T.);
#4304 = EDGE_CURVE('',#4297,#4305,#4307,.T.);
#4305 = VERTEX_POINT('',#4306);
#4306 = CARTESIAN_POINT('',(41.227392977726,-134.3530295377,0.));
#4307 = LINE('',#4308,#4309);
#4308 = CARTESIAN_POINT('',(41.282702565405,-134.5189583007,0.));
#4309 = VECTOR('',#4310,1.);
#4310 = DIRECTION('',(-0.316227766017,0.948683298051,0.));
#4311 = ORIENTED_EDGE('',*,*,#4312,.T.);
#4312 = EDGE_CURVE('',#4305,#4313,#4315,.T.);
#4313 = VERTEX_POINT('',#4314);
#4314 = CARTESIAN_POINT('',(41.127342241926,-134.2511921816,0.));
#4315 = LINE('',#4316,#4317);
#4316 = CARTESIAN_POINT('',(41.227392977726,-134.3530295377,0.));
#4317 = VECTOR('',#4318,1.);
#4318 = DIRECTION('',(-0.700821757278,0.713336431515,0.));
#4319 = ORIENTED_EDGE('',*,*,#4320,.T.);
#4320 = EDGE_CURVE('',#4313,#4321,#4323,.T.);
#4321 = VERTEX_POINT('',#4322);
#4322 = CARTESIAN_POINT('',(40.960062881058,-134.1960883921,0.));
#4323 = LINE('',#4324,#4325);
#4324 = CARTESIAN_POINT('',(41.127342241926,-134.2511921816,0.));
#4325 = VECTOR('',#4326,1.);
#4326 = DIRECTION('',(-0.949794781049,0.312873574934,0.));
#4327 = ORIENTED_EDGE('',*,*,#4328,.T.);
#4328 = EDGE_CURVE('',#4321,#4329,#4331,.T.);
#4329 = VERTEX_POINT('',#4330);
#4330 = CARTESIAN_POINT('',(39.9110998222,-134.1960883921,0.));
#4331 = LINE('',#4332,#4333);
#4332 = CARTESIAN_POINT('',(40.960062881058,-134.1960883921,0.));
#4333 = VECTOR('',#4334,1.);
#4334 = DIRECTION('',(-1.,0.,0.));
#4335 = ORIENTED_EDGE('',*,*,#4336,.T.);
#4336 = EDGE_CURVE('',#4329,#4337,#4339,.T.);
#4337 = VERTEX_POINT('',#4338);
#4338 = CARTESIAN_POINT('',(39.9110998222,-133.9420878841,0.));
#4339 = CIRCLE('',#4340,0.127000254001);
#4340 = AXIS2_PLACEMENT_3D('',#4341,#4342,#4343);
#4341 = CARTESIAN_POINT('',(39.9110998222,-134.0690881381,0.));
#4342 = DIRECTION('',(0.,0.,-1.));
#4343 = DIRECTION('',(-1.110223024625E-16,-1.,-0.));
#4344 = ORIENTED_EDGE('',*,*,#4345,.T.);
#4345 = EDGE_CURVE('',#4337,#4346,#4348,.T.);
#4346 = VERTEX_POINT('',#4347);
#4347 = CARTESIAN_POINT('',(40.980441960884,-133.9420878841,0.));
#4348 = LINE('',#4349,#4350);
#4349 = CARTESIAN_POINT('',(39.9110998222,-133.9420878841,0.));
#4350 = VECTOR('',#4351,1.);
#4351 = DIRECTION('',(1.,2.657868646734E-14,0.));
#4352 = ORIENTED_EDGE('',*,*,#4353,.T.);
#4353 = EDGE_CURVE('',#4346,#4354,#4356,.T.);
#4354 = VERTEX_POINT('',#4355);
#4355 = CARTESIAN_POINT('',(41.020176984371,-133.9484639597,0.));
#4356 = CIRCLE('',#4357,0.127000254001);
#4357 = AXIS2_PLACEMENT_3D('',#4358,#4359,#4360);
#4358 = CARTESIAN_POINT('',(40.980441960884,-134.0690881381,0.));
#4359 = DIRECTION('',(0.,0.,-1.));
#4360 = DIRECTION('',(1.098401773454E-12,1.,0.));
#4361 = ORIENTED_EDGE('',*,*,#4362,.T.);
#4362 = EDGE_CURVE('',#4354,#4363,#4365,.T.);
#4363 = VERTEX_POINT('',#4364);
#4364 = CARTESIAN_POINT('',(41.236077416171,-134.0195841019,0.));
#4365 = LINE('',#4366,#4367);
#4366 = CARTESIAN_POINT('',(41.020176984371,-133.9484639597,0.));
#4367 = VECTOR('',#4368,1.);
#4368 = DIRECTION('',(0.949794781049,-0.312873574934,0.));
#4369 = ORIENTED_EDGE('',*,*,#4370,.T.);
#4370 = EDGE_CURVE('',#4363,#4371,#4373,.T.);
#4371 = VERTEX_POINT('',#4372);
#4372 = CARTESIAN_POINT('',(41.286936300675,-134.0512037392,0.));
#4373 = CIRCLE('',#4374,0.127000254);
#4374 = AXIS2_PLACEMENT_3D('',#4375,#4376,#4377);
#4375 = CARTESIAN_POINT('',(41.196342392685,-134.1402082804,0.));
#4376 = DIRECTION('',(0.,0.,-1.));
#4377 = DIRECTION('',(0.312873574934,0.949794781049,0.));
#4378 = ORIENTED_EDGE('',*,*,#4379,.T.);
#4379 = EDGE_CURVE('',#4371,#4380,#4382,.T.);
#4380 = VERTEX_POINT('',#4381);
#4381 = CARTESIAN_POINT('',(41.429176585156,-134.1959840287,0.));
#4382 = LINE('',#4383,#4384);
#4383 = CARTESIAN_POINT('',(41.286936300675,-134.0512037392,0.));
#4384 = VECTOR('',#4385,1.);
#4385 = DIRECTION('',(0.700821757278,-0.713336431515,0.));
#4386 = ORIENTED_EDGE('',*,*,#4387,.T.);
#4387 = EDGE_CURVE('',#4380,#4388,#4390,.T.);
#4388 = VERTEX_POINT('',#4389);
#4389 = CARTESIAN_POINT('',(41.459065696984,-134.2448275633,0.));
#4390 = CIRCLE('',#4391,0.127000254001);
#4391 = AXIS2_PLACEMENT_3D('',#4392,#4393,#4394);
#4392 = CARTESIAN_POINT('',(41.338582677165,-134.2849885699,0.));
#4393 = DIRECTION('',(0.,0.,-1.));
#4394 = DIRECTION('',(0.713336431515,0.700821757277,0.));
#4395 = ORIENTED_EDGE('',*,*,#4396,.T.);
#4396 = EDGE_CURVE('',#4388,#4397,#4399,.T.);
#4397 = VERTEX_POINT('',#4398);
#4398 = CARTESIAN_POINT('',(41.530185839224,-134.45818799,0.));
#4399 = LINE('',#4400,#4401);
#4400 = CARTESIAN_POINT('',(41.459065696984,-134.2448275633,0.));
#4401 = VECTOR('',#4402,1.);
#4402 = DIRECTION('',(0.316227766017,-0.948683298051,0.));
#4403 = ORIENTED_EDGE('',*,*,#4404,.T.);
#4404 = EDGE_CURVE('',#4397,#4405,#4407,.T.);
#4405 = VERTEX_POINT('',#4406);
#4406 = CARTESIAN_POINT('',(41.536703073406,-134.4983489966,0.));
#4407 = CIRCLE('',#4408,0.127000254);
#4408 = AXIS2_PLACEMENT_3D('',#4409,#4410,#4411);
#4409 = CARTESIAN_POINT('',(41.409702819406,-134.4983489966,0.));
#4410 = DIRECTION('',(0.,0.,-1.));
#4411 = DIRECTION('',(0.948683298051,0.316227766017,0.));
#4412 = ORIENTED_EDGE('',*,*,#4413,.T.);
#4413 = EDGE_CURVE('',#4405,#4414,#4416,.T.);
#4414 = VERTEX_POINT('',#4415);
#4415 = CARTESIAN_POINT('',(41.536703073406,-134.6405892811,0.));
#4416 = LINE('',#4417,#4418);
#4417 = CARTESIAN_POINT('',(41.536703073406,-134.4983489966,0.));
#4418 = VECTOR('',#4419,1.);
#4419 = DIRECTION('',(4.995369197656E-14,-1.,0.));
#4420 = ORIENTED_EDGE('',*,*,#4421,.T.);
#4421 = EDGE_CURVE('',#4414,#4422,#4424,.T.);
#4422 = VERTEX_POINT('',#4423);
#4423 = CARTESIAN_POINT('',(41.530326997847,-134.6803243046,0.));
#4424 = CIRCLE('',#4425,0.127000254);
#4425 = AXIS2_PLACEMENT_3D('',#4426,#4427,#4428);
#4426 = CARTESIAN_POINT('',(41.409702819406,-134.6405892811,0.));
#4427 = DIRECTION('',(0.,0.,-1.));
#4428 = DIRECTION('',(1.,-1.00716823722E-13,0.));
#4429 = ORIENTED_EDGE('',*,*,#4430,.T.);
#4430 = EDGE_CURVE('',#4422,#4431,#4433,.T.);
#4431 = VERTEX_POINT('',#4432);
#4432 = CARTESIAN_POINT('',(41.459206855607,-134.8962247364,0.));
#4433 = LINE('',#4434,#4435);
#4434 = CARTESIAN_POINT('',(41.530326997847,-134.6803243046,0.));
#4435 = VECTOR('',#4436,1.);
#4436 = DIRECTION('',(-0.312873574934,-0.949794781049,0.));
#4437 = ORIENTED_EDGE('',*,*,#4438,.T.);
#4438 = EDGE_CURVE('',#4431,#4439,#4441,.T.);
#4439 = VERTEX_POINT('',#4440);
#4440 = CARTESIAN_POINT('',(41.428385417982,-134.9462924537,0.));
#4441 = CIRCLE('',#4442,0.127000254);
#4442 = AXIS2_PLACEMENT_3D('',#4443,#4444,#4445);
#4443 = CARTESIAN_POINT('',(41.338582677165,-134.8564897129,0.));
#4444 = DIRECTION('',(0.,0.,-1.));
#4445 = DIRECTION('',(0.949794781049,-0.312873574934,0.));
#4446 = ORIENTED_EDGE('',*,*,#4447,.T.);
#4447 = EDGE_CURVE('',#4439,#4448,#4450,.T.);
#4448 = VERTEX_POINT('',#4449);
#4449 = CARTESIAN_POINT('',(41.286145133501,-135.0885327382,0.));
#4450 = LINE('',#4451,#4452);
#4451 = CARTESIAN_POINT('',(41.428385417982,-134.9462924537,0.));
#4452 = VECTOR('',#4453,1.);
#4453 = DIRECTION('',(-0.707106781186,-0.707106781187,0.));
#4454 = ORIENTED_EDGE('',*,*,#4455,.T.);
#4455 = EDGE_CURVE('',#4448,#4456,#4458,.T.);
#4456 = VERTEX_POINT('',#4457);
#4457 = CARTESIAN_POINT('',(41.236077416171,-135.1193541759,0.));
#4458 = CIRCLE('',#4459,0.127000254);
#4459 = AXIS2_PLACEMENT_3D('',#4460,#4461,#4462);
#4460 = CARTESIAN_POINT('',(41.196342392685,-134.9987299974,0.));
#4461 = DIRECTION('',(0.,0.,-1.));
#4462 = DIRECTION('',(0.707106781186,-0.707106781187,0.));
#4463 = ORIENTED_EDGE('',*,*,#4464,.T.);
#4464 = EDGE_CURVE('',#4456,#4465,#4467,.T.);
#4465 = VERTEX_POINT('',#4466);
#4466 = CARTESIAN_POINT('',(41.020176984371,-135.1904743181,0.));
#4467 = LINE('',#4468,#4469);
#4468 = CARTESIAN_POINT('',(41.236077416171,-135.1193541759,0.));
#4469 = VECTOR('',#4470,1.);
#4470 = DIRECTION('',(-0.949794781049,-0.312873574934,0.));
#4471 = ORIENTED_EDGE('',*,*,#4472,.T.);
#4472 = EDGE_CURVE('',#4465,#4473,#4475,.T.);
#4473 = VERTEX_POINT('',#4474);
#4474 = CARTESIAN_POINT('',(40.980441960884,-135.1968503937,0.));
#4475 = CIRCLE('',#4476,0.127000254001);
#4476 = AXIS2_PLACEMENT_3D('',#4477,#4478,#4479);
#4477 = CARTESIAN_POINT('',(40.980441960884,-135.0698501397,0.));
#4478 = DIRECTION('',(0.,0.,-1.));
#4479 = DIRECTION('',(0.312873574934,-0.949794781049,0.));
#4480 = ORIENTED_EDGE('',*,*,#4481,.T.);
#4481 = EDGE_CURVE('',#4473,#4482,#4484,.T.);
#4482 = VERTEX_POINT('',#4483);
#4483 = CARTESIAN_POINT('',(39.9110998222,-135.1968503937,0.));
#4484 = LINE('',#4485,#4486);
#4485 = CARTESIAN_POINT('',(40.980441960884,-135.1968503937,0.));
#4486 = VECTOR('',#4487,1.);
#4487 = DIRECTION('',(-1.,0.,0.));
#4488 = ORIENTED_EDGE('',*,*,#4489,.T.);
#4489 = EDGE_CURVE('',#4482,#4263,#4490,.T.);
#4490 = CIRCLE('',#4491,0.127000254001);
#4491 = AXIS2_PLACEMENT_3D('',#4492,#4493,#4494);
#4492 = CARTESIAN_POINT('',(39.9110998222,-135.0698501397,0.));
#4493 = DIRECTION('',(0.,0.,-1.));
#4494 = DIRECTION('',(-1.110223024625E-16,-1.,-0.));
#4495 = PLANE('',#4496);
#4496 = AXIS2_PLACEMENT_3D('',#4497,#4498,#4499);
#4497 = CARTESIAN_POINT('',(40.692540886992,-134.5695520325,0.));
#4498 = DIRECTION('',(-0.,-0.,-1.));
#4499 = DIRECTION('',(-1.,0.,0.));
#4500 = SHELL_BASED_SURFACE_MODEL('',(#4501));
#4501 = OPEN_SHELL('',(#4502));
#4502 = ADVANCED_FACE('',(#4503,#4655),#4689,.T.);
#4503 = FACE_BOUND('',#4504,.T.);
#4504 = EDGE_LOOP('',(#4505,#4515,#4523,#4532,#4540,#4549,#4557,#4565,
    #4573,#4581,#4590,#4598,#4607,#4615,#4624,#4632,#4641,#4649));
#4505 = ORIENTED_EDGE('',*,*,#4506,.T.);
#4506 = EDGE_CURVE('',#4507,#4509,#4511,.T.);
#4507 = VERTEX_POINT('',#4508);
#4508 = CARTESIAN_POINT('',(45.405130810262,-157.7216154432,0.));
#4509 = VERTEX_POINT('',#4510);
#4510 = CARTESIAN_POINT('',(45.151130302261,-157.7216154432,0.));
#4511 = LINE('',#4512,#4513);
#4512 = CARTESIAN_POINT('',(45.405130810262,-157.7216154432,0.));
#4513 = VECTOR('',#4514,1.);
#4514 = DIRECTION('',(-1.,0.,0.));
#4515 = ORIENTED_EDGE('',*,*,#4516,.T.);
#4516 = EDGE_CURVE('',#4509,#4517,#4519,.T.);
#4517 = VERTEX_POINT('',#4518);
#4518 = CARTESIAN_POINT('',(45.151130302261,-154.0753111506,0.));
#4519 = LINE('',#4520,#4521);
#4520 = CARTESIAN_POINT('',(45.151130302261,-157.7216154432,0.));
#4521 = VECTOR('',#4522,1.);
#4522 = DIRECTION('',(0.,1.,0.));
#4523 = ORIENTED_EDGE('',*,*,#4524,.T.);
#4524 = EDGE_CURVE('',#4517,#4525,#4527,.T.);
#4525 = VERTEX_POINT('',#4526);
#4526 = CARTESIAN_POINT('',(45.278130556261,-153.9483108966,0.));
#4527 = CIRCLE('',#4528,0.127000254001);
#4528 = AXIS2_PLACEMENT_3D('',#4529,#4530,#4531);
#4529 = CARTESIAN_POINT('',(45.278130556261,-154.0753111506,0.));
#4530 = DIRECTION('',(0.,0.,-1.));
#4531 = DIRECTION('',(-1.,7.726817512298E-17,0.));
#4532 = ORIENTED_EDGE('',*,*,#4533,.T.);
#4533 = EDGE_CURVE('',#4525,#4534,#4536,.T.);
#4534 = VERTEX_POINT('',#4535);
#4535 = CARTESIAN_POINT('',(72.578130556261,-153.9483108966,0.));
#4536 = LINE('',#4537,#4538);
#4537 = CARTESIAN_POINT('',(45.278130556261,-153.9483108966,0.));
#4538 = VECTOR('',#4539,1.);
#4539 = DIRECTION('',(1.,0.,0.));
#4540 = ORIENTED_EDGE('',*,*,#4541,.T.);
#4541 = EDGE_CURVE('',#4534,#4542,#4544,.T.);
#4542 = VERTEX_POINT('',#4543);
#4543 = CARTESIAN_POINT('',(72.705130810262,-154.0753111506,0.));
#4544 = CIRCLE('',#4545,0.127000254001);
#4545 = AXIS2_PLACEMENT_3D('',#4546,#4547,#4548);
#4546 = CARTESIAN_POINT('',(72.578130556261,-154.0753111506,0.));
#4547 = DIRECTION('',(0.,0.,-1.));
#4548 = DIRECTION('',(7.726817512298E-17,1.,0.));
#4549 = ORIENTED_EDGE('',*,*,#4550,.T.);
#4550 = EDGE_CURVE('',#4542,#4551,#4553,.T.);
#4551 = VERTEX_POINT('',#4552);
#4552 = CARTESIAN_POINT('',(72.705130810262,-157.7216154432,0.));
#4553 = LINE('',#4554,#4555);
#4554 = CARTESIAN_POINT('',(72.705130810262,-154.0753111506,0.));
#4555 = VECTOR('',#4556,1.);
#4556 = DIRECTION('',(0.,-1.,0.));
#4557 = ORIENTED_EDGE('',*,*,#4558,.T.);
#4558 = EDGE_CURVE('',#4551,#4559,#4561,.T.);
#4559 = VERTEX_POINT('',#4560);
#4560 = CARTESIAN_POINT('',(72.451130302261,-157.7216154432,0.));
#4561 = LINE('',#4562,#4563);
#4562 = CARTESIAN_POINT('',(72.705130810262,-157.7216154432,0.));
#4563 = VECTOR('',#4564,1.);
#4564 = DIRECTION('',(-1.,0.,0.));
#4565 = ORIENTED_EDGE('',*,*,#4566,.T.);
#4566 = EDGE_CURVE('',#4559,#4567,#4569,.T.);
#4567 = VERTEX_POINT('',#4568);
#4568 = CARTESIAN_POINT('',(72.451130302261,-154.2023114046,0.));
#4569 = LINE('',#4570,#4571);
#4570 = CARTESIAN_POINT('',(72.451130302261,-157.7216154432,0.));
#4571 = VECTOR('',#4572,1.);
#4572 = DIRECTION('',(0.,1.,0.));
#4573 = ORIENTED_EDGE('',*,*,#4574,.T.);
#4574 = EDGE_CURVE('',#4567,#4575,#4577,.T.);
#4575 = VERTEX_POINT('',#4576);
#4576 = CARTESIAN_POINT('',(67.89241124613,-154.2023114046,0.));
#4577 = LINE('',#4578,#4579);
#4578 = CARTESIAN_POINT('',(72.451130302261,-154.2023114046,0.));
#4579 = VECTOR('',#4580,1.);
#4580 = DIRECTION('',(-1.,0.,0.));
#4581 = ORIENTED_EDGE('',*,*,#4582,.T.);
#4582 = EDGE_CURVE('',#4575,#4583,#4585,.T.);
#4583 = VERTEX_POINT('',#4584);
#4584 = CARTESIAN_POINT('',(67.945110490221,-154.3053086106,0.));
#4585 = CIRCLE('',#4586,0.127000254);
#4586 = AXIS2_PLACEMENT_3D('',#4587,#4588,#4589);
#4587 = CARTESIAN_POINT('',(67.818110236221,-154.3053086106,0.));
#4588 = DIRECTION('',(0.,0.,-1.));
#4589 = DIRECTION('',(0.585046152026,0.811,0.));
#4590 = ORIENTED_EDGE('',*,*,#4591,.T.);
#4591 = EDGE_CURVE('',#4583,#4592,#4594,.T.);
#4592 = VERTEX_POINT('',#4593);
#4593 = CARTESIAN_POINT('',(67.945110490221,-156.8453136906,0.));
#4594 = LINE('',#4595,#4596);
#4595 = CARTESIAN_POINT('',(67.945110490221,-154.3053086106,0.));
#4596 = VECTOR('',#4597,1.);
#4597 = DIRECTION('',(0.,-1.,0.));
#4598 = ORIENTED_EDGE('',*,*,#4599,.T.);
#4599 = EDGE_CURVE('',#4592,#4600,#4602,.T.);
#4600 = VERTEX_POINT('',#4601);
#4601 = CARTESIAN_POINT('',(67.81811023622,-156.9723139446,0.));
#4602 = CIRCLE('',#4603,0.127000254001);
#4603 = AXIS2_PLACEMENT_3D('',#4604,#4605,#4606);
#4604 = CARTESIAN_POINT('',(67.81811023622,-156.8453136906,0.));
#4605 = DIRECTION('',(0.,0.,-1.));
#4606 = DIRECTION('',(1.,-7.726817512298E-17,0.));
#4607 = ORIENTED_EDGE('',*,*,#4608,.T.);
#4608 = EDGE_CURVE('',#4600,#4609,#4611,.T.);
#4609 = VERTEX_POINT('',#4610);
#4610 = CARTESIAN_POINT('',(50.038125476251,-156.9723139446,0.));
#4611 = LINE('',#4612,#4613);
#4612 = CARTESIAN_POINT('',(67.81811023622,-156.9723139446,0.));
#4613 = VECTOR('',#4614,1.);
#4614 = DIRECTION('',(-1.,0.,0.));
#4615 = ORIENTED_EDGE('',*,*,#4616,.T.);
#4616 = EDGE_CURVE('',#4609,#4617,#4619,.T.);
#4617 = VERTEX_POINT('',#4618);
#4618 = CARTESIAN_POINT('',(49.91112522225,-156.8453136906,0.));
#4619 = CIRCLE('',#4620,0.127000254001);
#4620 = AXIS2_PLACEMENT_3D('',#4621,#4622,#4623);
#4621 = CARTESIAN_POINT('',(50.038125476251,-156.8453136906,0.));
#4622 = DIRECTION('',(0.,0.,-1.));
#4623 = DIRECTION('',(-7.726817512298E-17,-1.,-0.));
#4624 = ORIENTED_EDGE('',*,*,#4625,.T.);
#4625 = EDGE_CURVE('',#4617,#4626,#4628,.T.);
#4626 = VERTEX_POINT('',#4627);
#4627 = CARTESIAN_POINT('',(49.91112522225,-154.3053086106,0.));
#4628 = LINE('',#4629,#4630);
#4629 = CARTESIAN_POINT('',(49.91112522225,-156.8453136906,0.));
#4630 = VECTOR('',#4631,1.);
#4631 = DIRECTION('',(-2.797406750688E-15,1.,0.));
#4632 = ORIENTED_EDGE('',*,*,#4633,.T.);
#4633 = EDGE_CURVE('',#4626,#4634,#4636,.T.);
#4634 = VERTEX_POINT('',#4635);
#4635 = CARTESIAN_POINT('',(49.963824466342,-154.2023114046,0.));
#4636 = CIRCLE('',#4637,0.127000254001);
#4637 = AXIS2_PLACEMENT_3D('',#4638,#4639,#4640);
#4638 = CARTESIAN_POINT('',(50.038125476251,-154.3053086106,0.));
#4639 = DIRECTION('',(0.,0.,-1.));
#4640 = DIRECTION('',(-1.,3.178678696197E-14,0.));
#4641 = ORIENTED_EDGE('',*,*,#4642,.T.);
#4642 = EDGE_CURVE('',#4634,#4643,#4645,.T.);
#4643 = VERTEX_POINT('',#4644);
#4644 = CARTESIAN_POINT('',(45.405130810262,-154.2023114046,0.));
#4645 = LINE('',#4646,#4647);
#4646 = CARTESIAN_POINT('',(49.963824466342,-154.2023114046,0.));
#4647 = VECTOR('',#4648,1.);
#4648 = DIRECTION('',(-1.,0.,0.));
#4649 = ORIENTED_EDGE('',*,*,#4650,.T.);
#4650 = EDGE_CURVE('',#4643,#4507,#4651,.T.);
#4651 = LINE('',#4652,#4653);
#4652 = CARTESIAN_POINT('',(45.405130810262,-154.2023114046,0.));
#4653 = VECTOR('',#4654,1.);
#4654 = DIRECTION('',(0.,-1.,0.));
#4655 = FACE_BOUND('',#4656,.T.);
#4656 = EDGE_LOOP('',(#4657,#4667,#4675,#4683));
#4657 = ORIENTED_EDGE('',*,*,#4658,.T.);
#4658 = EDGE_CURVE('',#4659,#4661,#4663,.T.);
#4659 = VERTEX_POINT('',#4660);
#4660 = CARTESIAN_POINT('',(50.165125730251,-154.4323088646,0.));
#4661 = VERTEX_POINT('',#4662);
#4662 = CARTESIAN_POINT('',(50.165125730251,-156.7183134366,0.));
#4663 = LINE('',#4664,#4665);
#4664 = CARTESIAN_POINT('',(50.165125730251,-154.4323088646,0.));
#4665 = VECTOR('',#4666,1.);
#4666 = DIRECTION('',(0.,-1.,0.));
#4667 = ORIENTED_EDGE('',*,*,#4668,.T.);
#4668 = EDGE_CURVE('',#4661,#4669,#4671,.T.);
#4669 = VERTEX_POINT('',#4670);
#4670 = CARTESIAN_POINT('',(67.69110998222,-156.7183134366,0.));
#4671 = LINE('',#4672,#4673);
#4672 = CARTESIAN_POINT('',(50.165125730251,-156.7183134366,0.));
#4673 = VECTOR('',#4674,1.);
#4674 = DIRECTION('',(1.,0.,0.));
#4675 = ORIENTED_EDGE('',*,*,#4676,.T.);
#4676 = EDGE_CURVE('',#4669,#4677,#4679,.T.);
#4677 = VERTEX_POINT('',#4678);
#4678 = CARTESIAN_POINT('',(67.69110998222,-154.4323088646,0.));
#4679 = LINE('',#4680,#4681);
#4680 = CARTESIAN_POINT('',(67.69110998222,-156.7183134366,0.));
#4681 = VECTOR('',#4682,1.);
#4682 = DIRECTION('',(0.,1.,0.));
#4683 = ORIENTED_EDGE('',*,*,#4684,.T.);
#4684 = EDGE_CURVE('',#4677,#4659,#4685,.T.);
#4685 = LINE('',#4686,#4687);
#4686 = CARTESIAN_POINT('',(67.69110998222,-154.4323088646,0.));
#4687 = VECTOR('',#4688,1.);
#4688 = DIRECTION('',(-1.,0.,0.));
#4689 = PLANE('',#4690);
#4690 = AXIS2_PLACEMENT_3D('',#4691,#4692,#4693);
#4691 = CARTESIAN_POINT('',(58.928129615717,-155.2248412465,0.));
#4692 = DIRECTION('',(-0.,-0.,-1.));
#4693 = DIRECTION('',(-1.,0.,0.));
#4694 = SHELL_BASED_SURFACE_MODEL('',(#4695));
#4695 = OPEN_SHELL('',(#4696));
#4696 = ADVANCED_FACE('',(#4697,#4767),#4801,.T.);
#4697 = FACE_BOUND('',#4698,.T.);
#4698 = EDGE_LOOP('',(#4699,#4709,#4718,#4726,#4735,#4743,#4752,#4760));
#4699 = ORIENTED_EDGE('',*,*,#4700,.T.);
#4700 = EDGE_CURVE('',#4701,#4703,#4705,.T.);
#4701 = VERTEX_POINT('',#4702);
#4702 = CARTESIAN_POINT('',(70.252984505969,-153.0353060706,0.));
#4703 = VERTEX_POINT('',#4704);
#4704 = CARTESIAN_POINT('',(46.609093218186,-153.0353060706,0.));
#4705 = LINE('',#4706,#4707);
#4706 = CARTESIAN_POINT('',(70.252984505969,-153.0353060706,0.));
#4707 = VECTOR('',#4708,1.);
#4708 = DIRECTION('',(-1.,0.,0.));
#4709 = ORIENTED_EDGE('',*,*,#4710,.T.);
#4710 = EDGE_CURVE('',#4703,#4711,#4713,.T.);
#4711 = VERTEX_POINT('',#4712);
#4712 = CARTESIAN_POINT('',(46.482092964186,-152.9083058166,0.));
#4713 = CIRCLE('',#4714,0.127000254001);
#4714 = AXIS2_PLACEMENT_3D('',#4715,#4716,#4717);
#4715 = CARTESIAN_POINT('',(46.609093218186,-152.9083058166,0.));
#4716 = DIRECTION('',(0.,0.,-1.));
#4717 = DIRECTION('',(-7.726817512298E-17,-1.,-0.));
#4718 = ORIENTED_EDGE('',*,*,#4719,.T.);
#4719 = EDGE_CURVE('',#4711,#4720,#4722,.T.);
#4720 = VERTEX_POINT('',#4721);
#4721 = CARTESIAN_POINT('',(46.482092964186,-134.8742697485,0.));
#4722 = LINE('',#4723,#4724);
#4723 = CARTESIAN_POINT('',(46.482092964186,-152.9083058166,0.));
#4724 = VECTOR('',#4725,1.);
#4725 = DIRECTION('',(-3.940009508011E-16,1.,0.));
#4726 = ORIENTED_EDGE('',*,*,#4727,.T.);
#4727 = EDGE_CURVE('',#4720,#4728,#4730,.T.);
#4728 = VERTEX_POINT('',#4729);
#4729 = CARTESIAN_POINT('',(46.609093218186,-134.7472694945,0.));
#4730 = CIRCLE('',#4731,0.127000254001);
#4731 = AXIS2_PLACEMENT_3D('',#4732,#4733,#4734);
#4732 = CARTESIAN_POINT('',(46.609093218186,-134.8742697485,0.));
#4733 = DIRECTION('',(0.,0.,-1.));
#4734 = DIRECTION('',(-1.,2.804834756964E-14,0.));
#4735 = ORIENTED_EDGE('',*,*,#4736,.T.);
#4736 = EDGE_CURVE('',#4728,#4737,#4739,.T.);
#4737 = VERTEX_POINT('',#4738);
#4738 = CARTESIAN_POINT('',(70.252984505969,-134.7472694945,0.));
#4739 = LINE('',#4740,#4741);
#4740 = CARTESIAN_POINT('',(46.609093218186,-134.7472694945,0.));
#4741 = VECTOR('',#4742,1.);
#4742 = DIRECTION('',(1.,0.,0.));
#4743 = ORIENTED_EDGE('',*,*,#4744,.T.);
#4744 = EDGE_CURVE('',#4737,#4745,#4747,.T.);
#4745 = VERTEX_POINT('',#4746);
#4746 = CARTESIAN_POINT('',(70.37998475997,-134.8742697485,0.));
#4747 = CIRCLE('',#4748,0.127000254001);
#4748 = AXIS2_PLACEMENT_3D('',#4749,#4750,#4751);
#4749 = CARTESIAN_POINT('',(70.252984505969,-134.8742697485,0.));
#4750 = DIRECTION('',(0.,0.,-1.));
#4751 = DIRECTION('',(7.726817512298E-17,1.,0.));
#4752 = ORIENTED_EDGE('',*,*,#4753,.T.);
#4753 = EDGE_CURVE('',#4745,#4754,#4756,.T.);
#4754 = VERTEX_POINT('',#4755);
#4755 = CARTESIAN_POINT('',(70.37998475997,-152.9083058166,0.));
#4756 = LINE('',#4757,#4758);
#4757 = CARTESIAN_POINT('',(70.37998475997,-134.8742697485,0.));
#4758 = VECTOR('',#4759,1.);
#4759 = DIRECTION('',(0.,-1.,0.));
#4760 = ORIENTED_EDGE('',*,*,#4761,.T.);
#4761 = EDGE_CURVE('',#4754,#4701,#4762,.T.);
#4762 = CIRCLE('',#4763,0.127000254001);
#4763 = AXIS2_PLACEMENT_3D('',#4764,#4765,#4766);
#4764 = CARTESIAN_POINT('',(70.252984505969,-152.9083058166,0.));
#4765 = DIRECTION('',(0.,0.,-1.));
#4766 = DIRECTION('',(1.,-7.726817512298E-17,0.));
#4767 = FACE_BOUND('',#4768,.T.);
#4768 = EDGE_LOOP('',(#4769,#4779,#4787,#4795));
#4769 = ORIENTED_EDGE('',*,*,#4770,.T.);
#4770 = EDGE_CURVE('',#4771,#4773,#4775,.T.);
#4771 = VERTEX_POINT('',#4772);
#4772 = CARTESIAN_POINT('',(70.125984251969,-135.0012700025,0.));
#4773 = VERTEX_POINT('',#4774);
#4774 = CARTESIAN_POINT('',(46.736093472187,-135.0012700025,0.));
#4775 = LINE('',#4776,#4777);
#4776 = CARTESIAN_POINT('',(70.125984251969,-135.0012700025,0.));
#4777 = VECTOR('',#4778,1.);
#4778 = DIRECTION('',(-1.,0.,0.));
#4779 = ORIENTED_EDGE('',*,*,#4780,.T.);
#4780 = EDGE_CURVE('',#4773,#4781,#4783,.T.);
#4781 = VERTEX_POINT('',#4782);
#4782 = CARTESIAN_POINT('',(46.736093472187,-152.7813055626,0.));
#4783 = LINE('',#4784,#4785);
#4784 = CARTESIAN_POINT('',(46.736093472187,-135.0012700025,0.));
#4785 = VECTOR('',#4786,1.);
#4786 = DIRECTION('',(0.,-1.,0.));
#4787 = ORIENTED_EDGE('',*,*,#4788,.T.);
#4788 = EDGE_CURVE('',#4781,#4789,#4791,.T.);
#4789 = VERTEX_POINT('',#4790);
#4790 = CARTESIAN_POINT('',(70.125984251969,-152.7813055626,0.));
#4791 = LINE('',#4792,#4793);
#4792 = CARTESIAN_POINT('',(46.736093472187,-152.7813055626,0.));
#4793 = VECTOR('',#4794,1.);
#4794 = DIRECTION('',(1.,0.,0.));
#4795 = ORIENTED_EDGE('',*,*,#4796,.T.);
#4796 = EDGE_CURVE('',#4789,#4771,#4797,.T.);
#4797 = LINE('',#4798,#4799);
#4798 = CARTESIAN_POINT('',(70.125984251969,-152.7813055626,0.));
#4799 = VECTOR('',#4800,1.);
#4800 = DIRECTION('',(0.,1.,0.));
#4801 = PLANE('',#4802);
#4802 = AXIS2_PLACEMENT_3D('',#4803,#4804,#4805);
#4803 = CARTESIAN_POINT('',(58.431038862078,-143.8912877825,0.));
#4804 = DIRECTION('',(-0.,-0.,-1.));
#4805 = DIRECTION('',(-1.,0.,0.));
#4806 = SHELL_BASED_SURFACE_MODEL('',(#4807));
#4807 = OPEN_SHELL('',(#4808));
#4808 = ADVANCED_FACE('',(#4809),#5253,.T.);
#4809 = FACE_BOUND('',#4810,.T.);
#4810 = EDGE_LOOP('',(#4811,#4821,#4830,#4838,#4847,#4856,#4865,#4873,
    #4881,#4890,#4898,#4907,#4915,#4924,#4932,#4940,#4949,#4957,#4966,
    #4974,#4983,#4991,#5000,#5008,#5017,#5025,#5034,#5042,#5050,#5059,
    #5068,#5077,#5085,#5093,#5102,#5110,#5119,#5127,#5136,#5144,#5152,
    #5161,#5169,#5178,#5186,#5195,#5203,#5212,#5221,#5229,#5238,#5246));
#4811 = ORIENTED_EDGE('',*,*,#4812,.T.);
#4812 = EDGE_CURVE('',#4813,#4815,#4817,.T.);
#4813 = VERTEX_POINT('',#4814);
#4814 = CARTESIAN_POINT('',(49.784099568199,-146.9738723696,0.));
#4815 = VERTEX_POINT('',#4816);
#4816 = CARTESIAN_POINT('',(49.784099568199,-145.1612903225,0.));
#4817 = LINE('',#4818,#4819);
#4818 = CARTESIAN_POINT('',(49.784099568199,-146.9738723696,0.));
#4819 = VECTOR('',#4820,1.);
#4820 = DIRECTION('',(0.,1.,0.));
#4821 = ORIENTED_EDGE('',*,*,#4822,.T.);
#4822 = EDGE_CURVE('',#4815,#4823,#4825,.T.);
#4823 = VERTEX_POINT('',#4824);
#4824 = CARTESIAN_POINT('',(49.9110998222,-145.0342900685,0.));
#4825 = CIRCLE('',#4826,0.127000254001);
#4826 = AXIS2_PLACEMENT_3D('',#4827,#4828,#4829);
#4827 = CARTESIAN_POINT('',(49.9110998222,-145.1612903225,0.));
#4828 = DIRECTION('',(0.,0.,-1.));
#4829 = DIRECTION('',(-1.,7.726817512298E-17,0.));
#4830 = ORIENTED_EDGE('',*,*,#4831,.T.);
#4831 = EDGE_CURVE('',#4823,#4832,#4834,.T.);
#4832 = VERTEX_POINT('',#4833);
#4833 = CARTESIAN_POINT('',(52.031731933028,-145.0342900685,0.));
#4834 = LINE('',#4835,#4836);
#4835 = CARTESIAN_POINT('',(49.9110998222,-145.0342900685,0.));
#4836 = VECTOR('',#4837,1.);
#4837 = DIRECTION('',(1.,0.,0.));
#4838 = ORIENTED_EDGE('',*,*,#4839,.T.);
#4839 = EDGE_CURVE('',#4832,#4840,#4842,.T.);
#4840 = VERTEX_POINT('',#4841);
#4841 = CARTESIAN_POINT('',(52.991621427246,-144.0825389266,0.));
#4842 = CIRCLE('',#4843,1.085166365931);
#4843 = AXIS2_PLACEMENT_3D('',#4844,#4845,#4846);
#4844 = CARTESIAN_POINT('',(53.109441066901,-145.1612903225,0.));
#4845 = DIRECTION('',(0.,0.,-1.));
#4846 = DIRECTION('',(-0.993128028759,0.117032980368,0.));
#4847 = ORIENTED_EDGE('',*,*,#4848,.T.);
#4848 = EDGE_CURVE('',#4840,#4849,#4851,.T.);
#4849 = VERTEX_POINT('',#4850);
#4850 = CARTESIAN_POINT('',(53.019198994395,-144.3350379085,0.));
#4851 = CIRCLE('',#4852,0.127000254001);
#4852 = AXIS2_PLACEMENT_3D('',#4853,#4854,#4855);
#4853 = CARTESIAN_POINT('',(53.00541021082,-144.2087884175,0.));
#4854 = DIRECTION('',(0.,0.,-1.));
#4855 = DIRECTION('',(-0.108572881868,0.994088491696,0.));
#4856 = ORIENTED_EDGE('',*,*,#4857,.T.);
#4857 = EDGE_CURVE('',#4849,#4858,#4860,.T.);
#4858 = VERTEX_POINT('',#4859);
#4859 = CARTESIAN_POINT('',(52.288035187404,-145.0342900685,0.));
#4860 = CIRCLE('',#4861,0.83116585793);
#4861 = AXIS2_PLACEMENT_3D('',#4862,#4863,#4864);
#4862 = CARTESIAN_POINT('',(53.109441066901,-145.1612903225,0.));
#4863 = DIRECTION('',(0.,0.,1.));
#4864 = DIRECTION('',(-0.108572881868,0.994088491696,0.));
#4865 = ORIENTED_EDGE('',*,*,#4866,.T.);
#4866 = EDGE_CURVE('',#4858,#4867,#4869,.T.);
#4867 = VERTEX_POINT('',#4868);
#4868 = CARTESIAN_POINT('',(54.811504500588,-145.0342900685,0.));
#4869 = LINE('',#4870,#4871);
#4870 = CARTESIAN_POINT('',(52.288035187404,-145.0342900685,0.));
#4871 = VECTOR('',#4872,1.);
#4872 = DIRECTION('',(1.,0.,0.));
#4873 = ORIENTED_EDGE('',*,*,#4874,.T.);
#4874 = EDGE_CURVE('',#4867,#4875,#4877,.T.);
#4875 = VERTEX_POINT('',#4876);
#4876 = CARTESIAN_POINT('',(54.266305971401,-144.4890915393,0.));
#4877 = LINE('',#4878,#4879);
#4878 = CARTESIAN_POINT('',(54.811504500588,-145.0342900685,0.));
#4879 = VECTOR('',#4880,1.);
#4880 = DIRECTION('',(-0.707106781187,0.707106781187,0.));
#4881 = ORIENTED_EDGE('',*,*,#4882,.T.);
#4882 = EDGE_CURVE('',#4875,#4883,#4885,.T.);
#4883 = VERTEX_POINT('',#4884);
#4884 = CARTESIAN_POINT('',(54.445911453034,-144.3094860577,0.));
#4885 = CIRCLE('',#4886,0.127000254);
#4886 = AXIS2_PLACEMENT_3D('',#4887,#4888,#4889);
#4887 = CARTESIAN_POINT('',(54.356108712217,-144.3992887985,0.));
#4888 = DIRECTION('',(0.,0.,-1.));
#4889 = DIRECTION('',(-0.707106781187,-0.707106781186,-0.));
#4890 = ORIENTED_EDGE('',*,*,#4891,.T.);
#4891 = EDGE_CURVE('',#4883,#4892,#4894,.T.);
#4892 = VERTEX_POINT('',#4893);
#4893 = CARTESIAN_POINT('',(55.207912977037,-145.0714875817,0.));
#4894 = LINE('',#4895,#4896);
#4895 = CARTESIAN_POINT('',(54.445911453034,-144.3094860577,0.));
#4896 = VECTOR('',#4897,1.);
#4897 = DIRECTION('',(0.707106781187,-0.707106781187,0.));
#4898 = ORIENTED_EDGE('',*,*,#4899,.T.);
#4899 = EDGE_CURVE('',#4892,#4900,#4902,.T.);
#4900 = VERTEX_POINT('',#4901);
#4901 = CARTESIAN_POINT('',(55.207912977037,-145.2510930633,0.));
#4902 = CIRCLE('',#4903,0.127000254001);
#4903 = AXIS2_PLACEMENT_3D('',#4904,#4905,#4906);
#4904 = CARTESIAN_POINT('',(55.11811023622,-145.1612903225,0.));
#4905 = DIRECTION('',(0.,0.,-1.));
#4906 = DIRECTION('',(0.707106781187,0.707106781187,0.));
#4907 = ORIENTED_EDGE('',*,*,#4908,.T.);
#4908 = EDGE_CURVE('',#4900,#4909,#4911,.T.);
#4909 = VERTEX_POINT('',#4910);
#4910 = CARTESIAN_POINT('',(54.445911453034,-146.0130945874,0.));
#4911 = LINE('',#4912,#4913);
#4912 = CARTESIAN_POINT('',(55.207912977037,-145.2510930633,0.));
#4913 = VECTOR('',#4914,1.);
#4914 = DIRECTION('',(-0.707106781187,-0.707106781187,0.));
#4915 = ORIENTED_EDGE('',*,*,#4916,.T.);
#4916 = EDGE_CURVE('',#4909,#4917,#4919,.T.);
#4917 = VERTEX_POINT('',#4918);
#4918 = CARTESIAN_POINT('',(54.266305971401,-145.8334891057,0.));
#4919 = CIRCLE('',#4920,0.127000254001);
#4920 = AXIS2_PLACEMENT_3D('',#4921,#4922,#4923);
#4921 = CARTESIAN_POINT('',(54.356108712217,-145.9232918465,0.));
#4922 = DIRECTION('',(-0.,0.,-1.));
#4923 = DIRECTION('',(0.707106781187,-0.707106781187,-0.));
#4924 = ORIENTED_EDGE('',*,*,#4925,.T.);
#4925 = EDGE_CURVE('',#4917,#4926,#4928,.T.);
#4926 = VERTEX_POINT('',#4927);
#4927 = CARTESIAN_POINT('',(54.811504500588,-145.2882905765,0.));
#4928 = LINE('',#4929,#4930);
#4929 = CARTESIAN_POINT('',(54.266305971401,-145.8334891057,0.));
#4930 = VECTOR('',#4931,1.);
#4931 = DIRECTION('',(0.707106781187,0.707106781187,0.));
#4932 = ORIENTED_EDGE('',*,*,#4933,.T.);
#4933 = EDGE_CURVE('',#4926,#4934,#4936,.T.);
#4934 = VERTEX_POINT('',#4935);
#4935 = CARTESIAN_POINT('',(52.288035187404,-145.2882905765,0.));
#4936 = LINE('',#4937,#4938);
#4937 = CARTESIAN_POINT('',(54.811504500588,-145.2882905765,0.));
#4938 = VECTOR('',#4939,1.);
#4939 = DIRECTION('',(-1.,0.,0.));
#4940 = ORIENTED_EDGE('',*,*,#4941,.T.);
#4941 = EDGE_CURVE('',#4934,#4942,#4944,.T.);
#4942 = VERTEX_POINT('',#4943);
#4943 = CARTESIAN_POINT('',(52.7810336002,-145.9248250102,0.));
#4944 = CIRCLE('',#4945,0.83116585793);
#4945 = AXIS2_PLACEMENT_3D('',#4946,#4947,#4948);
#4946 = CARTESIAN_POINT('',(53.109441066901,-145.1612903225,0.));
#4947 = DIRECTION('',(0.,0.,1.));
#4948 = DIRECTION('',(-0.988257483943,-0.152797727179,0.));
#4949 = ORIENTED_EDGE('',*,*,#4950,.T.);
#4950 = EDGE_CURVE('',#4942,#4951,#4953,.T.);
#4951 = VERTEX_POINT('',#4952);
#4952 = CARTESIAN_POINT('',(52.488302415394,-145.6320938253,0.));
#4953 = LINE('',#4954,#4955);
#4954 = CARTESIAN_POINT('',(52.7810336002,-145.9248250102,0.));
#4955 = VECTOR('',#4956,1.);
#4956 = DIRECTION('',(-0.707106781187,0.707106781187,0.));
#4957 = ORIENTED_EDGE('',*,*,#4958,.T.);
#4958 = EDGE_CURVE('',#4951,#4959,#4961,.T.);
#4959 = VERTEX_POINT('',#4960);
#4960 = CARTESIAN_POINT('',(52.667907897026,-145.4524883437,0.));
#4961 = CIRCLE('',#4962,0.127000254001);
#4962 = AXIS2_PLACEMENT_3D('',#4963,#4964,#4965);
#4963 = CARTESIAN_POINT('',(52.57810515621,-145.5422910845,0.));
#4964 = DIRECTION('',(0.,0.,-1.));
#4965 = DIRECTION('',(-0.707106781187,-0.707106781187,-0.));
#4966 = ORIENTED_EDGE('',*,*,#4967,.T.);
#4967 = EDGE_CURVE('',#4959,#4968,#4970,.T.);
#4968 = VERTEX_POINT('',#4969);
#4969 = CARTESIAN_POINT('',(53.095238351687,-145.8798187984,0.));
#4970 = LINE('',#4971,#4972);
#4971 = CARTESIAN_POINT('',(52.667907897026,-145.4524883437,0.));
#4972 = VECTOR('',#4973,1.);
#4973 = DIRECTION('',(0.707106781187,-0.707106781187,0.));
#4974 = ORIENTED_EDGE('',*,*,#4975,.T.);
#4975 = EDGE_CURVE('',#4968,#4976,#4978,.T.);
#4976 = VERTEX_POINT('',#4977);
#4977 = CARTESIAN_POINT('',(53.132435864872,-145.9696215392,0.));
#4978 = CIRCLE('',#4979,0.127000254001);
#4979 = AXIS2_PLACEMENT_3D('',#4980,#4981,#4982);
#4980 = CARTESIAN_POINT('',(53.005435610871,-145.9696215392,0.));
#4981 = DIRECTION('',(0.,0.,-1.));
#4982 = DIRECTION('',(0.707106781187,0.707106781186,0.));
#4983 = ORIENTED_EDGE('',*,*,#4984,.T.);
#4984 = EDGE_CURVE('',#4976,#4985,#4987,.T.);
#4985 = VERTEX_POINT('',#4986);
#4986 = CARTESIAN_POINT('',(53.132435864872,-146.1137922275,0.));
#4987 = LINE('',#4988,#4989);
#4988 = CARTESIAN_POINT('',(53.132435864872,-145.9696215392,0.));
#4989 = VECTOR('',#4990,1.);
#4990 = DIRECTION('',(4.928482647442E-14,-1.,0.));
#4991 = ORIENTED_EDGE('',*,*,#4992,.T.);
#4992 = EDGE_CURVE('',#4985,#4993,#4995,.T.);
#4993 = VERTEX_POINT('',#4994);
#4994 = CARTESIAN_POINT('',(53.09698923322,-146.2018092642,0.));
#4995 = CIRCLE('',#4996,0.127000254001);
#4996 = AXIS2_PLACEMENT_3D('',#4997,#4998,#4999);
#4997 = CARTESIAN_POINT('',(53.005435610871,-146.1137922275,0.));
#4998 = DIRECTION('',(0.,0.,-1.));
#4999 = DIRECTION('',(1.,-7.729661147047E-14,0.));
#5000 = ORIENTED_EDGE('',*,*,#5001,.T.);
#5001 = EDGE_CURVE('',#4993,#5002,#5004,.T.);
#5002 = VERTEX_POINT('',#5003);
#5003 = CARTESIAN_POINT('',(52.669658778559,-146.6463101532,0.));
#5004 = LINE('',#5005,#5006);
#5005 = CARTESIAN_POINT('',(53.09698923322,-146.2018092642,0.));
#5006 = VECTOR('',#5007,1.);
#5007 = DIRECTION('',(-0.693046147043,-0.720893222376,0.));
#5008 = ORIENTED_EDGE('',*,*,#5009,.T.);
#5009 = EDGE_CURVE('',#5002,#5010,#5012,.T.);
#5010 = VERTEX_POINT('',#5011);
#5011 = CARTESIAN_POINT('',(52.486551533861,-146.4702760798,0.));
#5012 = CIRCLE('',#5013,0.127000254001);
#5013 = AXIS2_PLACEMENT_3D('',#5014,#5015,#5016);
#5014 = CARTESIAN_POINT('',(52.57810515621,-146.5582931165,0.));
#5015 = DIRECTION('',(-0.,0.,-1.));
#5016 = DIRECTION('',(0.720893222376,-0.693046147044,-0.));
#5017 = ORIENTED_EDGE('',*,*,#5018,.T.);
#5018 = EDGE_CURVE('',#5010,#5019,#5021,.T.);
#5019 = VERTEX_POINT('',#5020);
#5020 = CARTESIAN_POINT('',(52.757962857042,-146.1879592613,0.));
#5021 = LINE('',#5022,#5023);
#5022 = CARTESIAN_POINT('',(52.486551533861,-146.4702760798,0.));
#5023 = VECTOR('',#5024,1.);
#5024 = DIRECTION('',(0.693046147043,0.720893222376,0.));
#5025 = ORIENTED_EDGE('',*,*,#5026,.T.);
#5026 = EDGE_CURVE('',#5019,#5027,#5029,.T.);
#5027 = VERTEX_POINT('',#5028);
#5028 = CARTESIAN_POINT('',(52.031731933028,-145.2882905765,0.));
#5029 = CIRCLE('',#5030,1.085166365931);
#5030 = AXIS2_PLACEMENT_3D('',#5031,#5032,#5033);
#5031 = CARTESIAN_POINT('',(53.109441066901,-145.1612903225,0.));
#5032 = DIRECTION('',(0.,0.,-1.));
#5033 = DIRECTION('',(-0.323893387128,-0.946093586161,-0.));
#5034 = ORIENTED_EDGE('',*,*,#5035,.T.);
#5035 = EDGE_CURVE('',#5027,#5036,#5038,.T.);
#5036 = VERTEX_POINT('',#5037);
#5037 = CARTESIAN_POINT('',(50.0381000762,-145.2882905765,0.));
#5038 = LINE('',#5039,#5040);
#5039 = CARTESIAN_POINT('',(52.031731933028,-145.2882905765,0.));
#5040 = VECTOR('',#5041,1.);
#5041 = DIRECTION('',(-1.,0.,0.));
#5042 = ORIENTED_EDGE('',*,*,#5043,.T.);
#5043 = EDGE_CURVE('',#5036,#5044,#5046,.T.);
#5044 = VERTEX_POINT('',#5045);
#5045 = CARTESIAN_POINT('',(50.0381000762,-146.9738778579,0.));
#5046 = LINE('',#5047,#5048);
#5047 = CARTESIAN_POINT('',(50.0381000762,-145.2882905765,0.));
#5048 = VECTOR('',#5049,1.);
#5049 = DIRECTION('',(0.,-1.,0.));
#5050 = ORIENTED_EDGE('',*,*,#5051,.T.);
#5051 = EDGE_CURVE('',#5044,#5052,#5054,.T.);
#5052 = VERTEX_POINT('',#5053);
#5053 = CARTESIAN_POINT('',(50.990598296633,-148.0541551097,0.));
#5054 = CIRCLE('',#5055,1.079552959117);
#5055 = AXIS2_PLACEMENT_3D('',#5056,#5057,#5058);
#5056 = CARTESIAN_POINT('',(49.911076657839,-148.0459317944,0.));
#5057 = DIRECTION('',(0.,0.,-1.));
#5058 = DIRECTION('',(0.117662980114,0.993053585216,0.));
#5059 = ORIENTED_EDGE('',*,*,#5060,.T.);
#5060 = EDGE_CURVE('',#5052,#5061,#5063,.T.);
#5061 = VERTEX_POINT('',#5062);
#5062 = CARTESIAN_POINT('',(50.736605157773,-148.052220303,0.));
#5063 = CIRCLE('',#5064,0.127000254001);
#5064 = AXIS2_PLACEMENT_3D('',#5065,#5066,#5067);
#5065 = CARTESIAN_POINT('',(50.863601727203,-148.0531877063,0.));
#5066 = DIRECTION('',(-0.,0.,-1.));
#5067 = DIRECTION('',(0.999970987692,-7.617333802362E-03,-0.));
#5068 = ORIENTED_EDGE('',*,*,#5069,.T.);
#5069 = EDGE_CURVE('',#5061,#5070,#5072,.T.);
#5070 = VERTEX_POINT('',#5071);
#5071 = CARTESIAN_POINT('',(50.0381000762,-147.230210089,0.));
#5072 = CIRCLE('',#5073,0.825552451116);
#5073 = AXIS2_PLACEMENT_3D('',#5074,#5075,#5076);
#5074 = CARTESIAN_POINT('',(49.911076657839,-148.0459317944,0.));
#5075 = DIRECTION('',(0.,-0.,1.));
#5076 = DIRECTION('',(0.999970987692,-7.61733380234E-03,-0.));
#5077 = ORIENTED_EDGE('',*,*,#5078,.T.);
#5078 = EDGE_CURVE('',#5070,#5079,#5081,.T.);
#5079 = VERTEX_POINT('',#5080);
#5080 = CARTESIAN_POINT('',(50.0381000762,-149.8076944929,0.));
#5081 = LINE('',#5082,#5083);
#5082 = CARTESIAN_POINT('',(50.0381000762,-147.230210089,0.));
#5083 = VECTOR('',#5084,1.);
#5084 = DIRECTION('',(0.,-1.,0.));
#5085 = ORIENTED_EDGE('',*,*,#5086,.T.);
#5086 = EDGE_CURVE('',#5079,#5087,#5089,.T.);
#5087 = VERTEX_POINT('',#5088);
#5088 = CARTESIAN_POINT('',(50.710298859387,-149.1354957097,0.));
#5089 = LINE('',#5090,#5091);
#5090 = CARTESIAN_POINT('',(50.0381000762,-149.8076944929,0.));
#5091 = VECTOR('',#5092,1.);
#5092 = DIRECTION('',(0.707106781187,0.707106781187,0.));
#5093 = ORIENTED_EDGE('',*,*,#5094,.T.);
#5094 = EDGE_CURVE('',#5087,#5095,#5097,.T.);
#5095 = VERTEX_POINT('',#5096);
#5096 = CARTESIAN_POINT('',(50.889904341019,-149.3151011914,0.));
#5097 = CIRCLE('',#5098,0.127000254001);
#5098 = AXIS2_PLACEMENT_3D('',#5099,#5100,#5101);
#5099 = CARTESIAN_POINT('',(50.800101600203,-149.2252984505,0.));
#5100 = DIRECTION('',(0.,0.,-1.));
#5101 = DIRECTION('',(-0.707106781186,0.707106781187,0.));
#5102 = ORIENTED_EDGE('',*,*,#5103,.T.);
#5103 = EDGE_CURVE('',#5095,#5104,#5106,.T.);
#5104 = VERTEX_POINT('',#5105);
#5105 = CARTESIAN_POINT('',(50.000902563016,-150.2041029694,0.));
#5106 = LINE('',#5107,#5108);
#5107 = CARTESIAN_POINT('',(50.889904341019,-149.3151011914,0.));
#5108 = VECTOR('',#5109,1.);
#5109 = DIRECTION('',(-0.707106781187,-0.707106781187,0.));
#5110 = ORIENTED_EDGE('',*,*,#5111,.T.);
#5111 = EDGE_CURVE('',#5104,#5112,#5114,.T.);
#5112 = VERTEX_POINT('',#5113);
#5113 = CARTESIAN_POINT('',(49.821297081383,-150.2041029694,0.));
#5114 = CIRCLE('',#5115,0.127000254001);
#5115 = AXIS2_PLACEMENT_3D('',#5116,#5117,#5118);
#5116 = CARTESIAN_POINT('',(49.9110998222,-150.1143002286,0.));
#5117 = DIRECTION('',(0.,0.,-1.));
#5118 = DIRECTION('',(0.707106781187,-0.707106781187,0.));
#5119 = ORIENTED_EDGE('',*,*,#5120,.T.);
#5120 = EDGE_CURVE('',#5112,#5121,#5123,.T.);
#5121 = VERTEX_POINT('',#5122);
#5122 = CARTESIAN_POINT('',(48.93229530338,-149.3151011914,0.));
#5123 = LINE('',#5124,#5125);
#5124 = CARTESIAN_POINT('',(49.821297081383,-150.2041029694,0.));
#5125 = VECTOR('',#5126,1.);
#5126 = DIRECTION('',(-0.707106781187,0.707106781187,0.));
#5127 = ORIENTED_EDGE('',*,*,#5128,.T.);
#5128 = EDGE_CURVE('',#5121,#5129,#5131,.T.);
#5129 = VERTEX_POINT('',#5130);
#5130 = CARTESIAN_POINT('',(49.111900785012,-149.1354957097,0.));
#5131 = CIRCLE('',#5132,0.127000254001);
#5132 = AXIS2_PLACEMENT_3D('',#5133,#5134,#5135);
#5133 = CARTESIAN_POINT('',(49.022098044196,-149.2252984505,0.));
#5134 = DIRECTION('',(0.,0.,-1.));
#5135 = DIRECTION('',(-0.707106781186,-0.707106781187,-0.));
#5136 = ORIENTED_EDGE('',*,*,#5137,.T.);
#5137 = EDGE_CURVE('',#5129,#5138,#5140,.T.);
#5138 = VERTEX_POINT('',#5139);
#5139 = CARTESIAN_POINT('',(49.784099568199,-149.8076944929,0.));
#5140 = LINE('',#5141,#5142);
#5141 = CARTESIAN_POINT('',(49.111900785012,-149.1354957097,0.));
#5142 = VECTOR('',#5143,1.);
#5143 = DIRECTION('',(0.707106781187,-0.707106781187,0.));
#5144 = ORIENTED_EDGE('',*,*,#5145,.T.);
#5145 = EDGE_CURVE('',#5138,#5146,#5148,.T.);
#5146 = VERTEX_POINT('',#5147);
#5147 = CARTESIAN_POINT('',(49.784099568199,-147.230202876,0.));
#5148 = LINE('',#5149,#5150);
#5149 = CARTESIAN_POINT('',(49.784099568199,-149.8076944929,0.));
#5150 = VECTOR('',#5151,1.);
#5151 = DIRECTION('',(0.,1.,0.));
#5152 = ORIENTED_EDGE('',*,*,#5153,.T.);
#5153 = EDGE_CURVE('',#5146,#5154,#5156,.T.);
#5154 = VERTEX_POINT('',#5155);
#5155 = CARTESIAN_POINT('',(49.122204931128,-147.802583796,0.));
#5156 = CIRCLE('',#5157,0.825552451116);
#5157 = AXIS2_PLACEMENT_3D('',#5158,#5159,#5160);
#5158 = CARTESIAN_POINT('',(49.911076657839,-148.0459317944,0.));
#5159 = DIRECTION('',(0.,0.,1.));
#5160 = DIRECTION('',(-0.153808627748,0.988100655819,0.));
#5161 = ORIENTED_EDGE('',*,*,#5162,.T.);
#5162 = EDGE_CURVE('',#5154,#5163,#5165,.T.);
#5163 = VERTEX_POINT('',#5164);
#5164 = CARTESIAN_POINT('',(49.440296319382,-147.4844924077,0.));
#5165 = LINE('',#5166,#5167);
#5166 = CARTESIAN_POINT('',(49.122204931128,-147.802583796,0.));
#5167 = VECTOR('',#5168,1.);
#5168 = DIRECTION('',(0.707106781187,0.707106781187,0.));
#5169 = ORIENTED_EDGE('',*,*,#5170,.T.);
#5170 = EDGE_CURVE('',#5163,#5171,#5173,.T.);
#5171 = VERTEX_POINT('',#5172);
#5172 = CARTESIAN_POINT('',(49.619901801014,-147.6640978894,0.));
#5173 = CIRCLE('',#5174,0.127000254001);
#5174 = AXIS2_PLACEMENT_3D('',#5175,#5176,#5177);
#5175 = CARTESIAN_POINT('',(49.530099060198,-147.5742951485,0.));
#5176 = DIRECTION('',(0.,0.,-1.));
#5177 = DIRECTION('',(-0.707106781187,0.707106781187,0.));
#5178 = ORIENTED_EDGE('',*,*,#5179,.T.);
#5179 = EDGE_CURVE('',#5171,#5180,#5182,.T.);
#5180 = VERTEX_POINT('',#5181);
#5181 = CARTESIAN_POINT('',(49.160135481482,-148.1238642089,0.));
#5182 = LINE('',#5183,#5184);
#5183 = CARTESIAN_POINT('',(49.619901801014,-147.6640978894,0.));
#5184 = VECTOR('',#5185,1.);
#5185 = DIRECTION('',(-0.707106781187,-0.707106781187,0.));
#5186 = ORIENTED_EDGE('',*,*,#5187,.T.);
#5187 = EDGE_CURVE('',#5180,#5188,#5190,.T.);
#5188 = VERTEX_POINT('',#5189);
#5189 = CARTESIAN_POINT('',(49.070332740665,-148.1610617221,0.));
#5190 = CIRCLE('',#5191,0.127000254001);
#5191 = AXIS2_PLACEMENT_3D('',#5192,#5193,#5194);
#5192 = CARTESIAN_POINT('',(49.070332740665,-148.0340614681,0.));
#5193 = DIRECTION('',(0.,0.,-1.));
#5194 = DIRECTION('',(0.707106781187,-0.707106781187,0.));
#5195 = ORIENTED_EDGE('',*,*,#5196,.T.);
#5196 = EDGE_CURVE('',#5188,#5197,#5199,.T.);
#5197 = VERTEX_POINT('',#5198);
#5198 = CARTESIAN_POINT('',(48.958597917196,-148.1610617221,0.));
#5199 = LINE('',#5200,#5201);
#5200 = CARTESIAN_POINT('',(49.070332740665,-148.1610617221,0.));
#5201 = VECTOR('',#5202,1.);
#5202 = DIRECTION('',(-1.,0.,0.));
#5203 = ORIENTED_EDGE('',*,*,#5204,.T.);
#5204 = EDGE_CURVE('',#5197,#5205,#5207,.T.);
#5205 = VERTEX_POINT('',#5206);
#5206 = CARTESIAN_POINT('',(48.836158745822,-148.0677914819,0.));
#5207 = CIRCLE('',#5208,0.127000254001);
#5208 = AXIS2_PLACEMENT_3D('',#5209,#5210,#5211);
#5209 = CARTESIAN_POINT('',(48.958597917196,-148.0340614681,0.));
#5210 = DIRECTION('',(-0.,0.,-1.));
#5211 = DIRECTION('',(1.647289574776E-13,-1.,-0.));
#5212 = ORIENTED_EDGE('',*,*,#5213,.T.);
#5213 = EDGE_CURVE('',#5205,#5214,#5216,.T.);
#5214 = VERTEX_POINT('',#5215);
#5215 = CARTESIAN_POINT('',(48.803792049608,-148.0435700645,0.));
#5216 = CIRCLE('',#5217,0.127000254001);
#5217 = AXIS2_PLACEMENT_3D('',#5218,#5219,#5220);
#5218 = CARTESIAN_POINT('',(48.895097790196,-147.9552959105,0.));
#5219 = DIRECTION('',(0.,0.,-1.));
#5220 = DIRECTION('',(-0.464086035394,-0.885790128502,-0.));
#5221 = ORIENTED_EDGE('',*,*,#5222,.T.);
#5222 = EDGE_CURVE('',#5214,#5223,#5225,.T.);
#5223 = VERTEX_POINT('',#5224);
#5224 = CARTESIAN_POINT('',(48.359291160606,-147.5838037449,0.));
#5225 = LINE('',#5226,#5227);
#5226 = CARTESIAN_POINT('',(48.803792049608,-148.0435700645,0.));
#5227 = VECTOR('',#5228,1.);
#5228 = DIRECTION('',(-0.695070688041,0.718941401385,0.));
#5229 = ORIENTED_EDGE('',*,*,#5230,.T.);
#5230 = EDGE_CURVE('',#5223,#5231,#5233,.T.);
#5231 = VERTEX_POINT('',#5232);
#5232 = CARTESIAN_POINT('',(48.541902641781,-147.4072554371,0.));
#5233 = CIRCLE('',#5234,0.127000254001);
#5234 = AXIS2_PLACEMENT_3D('',#5235,#5236,#5237);
#5235 = CARTESIAN_POINT('',(48.450596901194,-147.495529591,0.));
#5236 = DIRECTION('',(0.,0.,-1.));
#5237 = DIRECTION('',(-0.718941401385,-0.695070688042,-0.));
#5238 = ORIENTED_EDGE('',*,*,#5239,.T.);
#5239 = EDGE_CURVE('',#5231,#5240,#5242,.T.);
#5240 = VERTEX_POINT('',#5241);
#5241 = CARTESIAN_POINT('',(48.872965725327,-147.7496881728,0.));
#5242 = LINE('',#5243,#5244);
#5243 = CARTESIAN_POINT('',(48.541902641781,-147.4072554371,0.));
#5244 = VECTOR('',#5245,1.);
#5245 = DIRECTION('',(0.695070688041,-0.718941401385,0.));
#5246 = ORIENTED_EDGE('',*,*,#5247,.T.);
#5247 = EDGE_CURVE('',#5240,#4813,#5248,.T.);
#5248 = CIRCLE('',#5249,1.079552959117);
#5249 = AXIS2_PLACEMENT_3D('',#5250,#5251,#5252);
#5250 = CARTESIAN_POINT('',(49.911076657839,-148.0459317944,0.));
#5251 = DIRECTION('',(0.,0.,-1.));
#5252 = DIRECTION('',(-0.961611863267,0.274413236605,0.));
#5253 = PLANE('',#5254);
#5254 = AXIS2_PLACEMENT_3D('',#5255,#5256,#5257);
#5255 = CARTESIAN_POINT('',(51.347690385448,-146.663417098,0.));
#5256 = DIRECTION('',(-0.,-0.,-1.));
#5257 = DIRECTION('',(-1.,0.,0.));
#5258 = SHELL_BASED_SURFACE_MODEL('',(#5259));
#5259 = OPEN_SHELL('',(#5260));
#5260 = ADVANCED_FACE('',(#5261),#5297,.T.);
#5261 = FACE_BOUND('',#5262,.T.);
#5262 = EDGE_LOOP('',(#5263,#5274,#5282,#5291));
#5263 = ORIENTED_EDGE('',*,*,#5264,.T.);
#5264 = EDGE_CURVE('',#5265,#5267,#5269,.T.);
#5265 = VERTEX_POINT('',#5266);
#5266 = CARTESIAN_POINT('',(49.624079248159,-137.744005588,0.));
#5267 = VERTEX_POINT('',#5268);
#5268 = CARTESIAN_POINT('',(49.624079248159,-137.844005588,0.));
#5269 = CIRCLE('',#5270,5.000000000001E-02);
#5270 = AXIS2_PLACEMENT_3D('',#5271,#5272,#5273);
#5271 = CARTESIAN_POINT('',(49.624079248159,-137.794005588,0.));
#5272 = DIRECTION('',(0.,0.,-1.));
#5273 = DIRECTION('',(1.110223024625E-16,1.,0.));
#5274 = ORIENTED_EDGE('',*,*,#5275,.T.);
#5275 = EDGE_CURVE('',#5267,#5276,#5278,.T.);
#5276 = VERTEX_POINT('',#5277);
#5277 = CARTESIAN_POINT('',(49.362458724917,-137.844005588,0.));
#5278 = LINE('',#5279,#5280);
#5279 = CARTESIAN_POINT('',(49.624079248159,-137.844005588,0.));
#5280 = VECTOR('',#5281,1.);
#5281 = DIRECTION('',(-1.,1.086371553665E-13,0.));
#5282 = ORIENTED_EDGE('',*,*,#5283,.T.);
#5283 = EDGE_CURVE('',#5276,#5284,#5286,.T.);
#5284 = VERTEX_POINT('',#5285);
#5285 = CARTESIAN_POINT('',(49.362458724917,-137.744005588,0.));
#5286 = CIRCLE('',#5287,5.E-02);
#5287 = AXIS2_PLACEMENT_3D('',#5288,#5289,#5290);
#5288 = CARTESIAN_POINT('',(49.362458724917,-137.794005588,0.));
#5289 = DIRECTION('',(0.,0.,-1.));
#5290 = DIRECTION('',(-1.110223024625E-16,-1.,-0.));
#5291 = ORIENTED_EDGE('',*,*,#5292,.T.);
#5292 = EDGE_CURVE('',#5284,#5265,#5293,.T.);
#5293 = LINE('',#5294,#5295);
#5294 = CARTESIAN_POINT('',(49.362458724917,-137.744005588,0.));
#5295 = VECTOR('',#5296,1.);
#5296 = DIRECTION('',(1.,0.,0.));
#5297 = PLANE('',#5298);
#5298 = AXIS2_PLACEMENT_3D('',#5299,#5300,#5301);
#5299 = CARTESIAN_POINT('',(49.493268986538,-137.794005588,0.));
#5300 = DIRECTION('',(-0.,-0.,-1.));
#5301 = DIRECTION('',(-1.,0.,0.));
#5302 = SHELL_BASED_SURFACE_MODEL('',(#5303));
#5303 = OPEN_SHELL('',(#5304));
#5304 = ADVANCED_FACE('',(#5305),#5391,.T.);
#5305 = FACE_BOUND('',#5306,.T.);
#5306 = EDGE_LOOP('',(#5307,#5317,#5326,#5334,#5342,#5351,#5359,#5368,
    #5376,#5384));
#5307 = ORIENTED_EDGE('',*,*,#5308,.T.);
#5308 = EDGE_CURVE('',#5309,#5311,#5313,.T.);
#5309 = VERTEX_POINT('',#5310);
#5310 = CARTESIAN_POINT('',(49.362458724917,-137.904025908,0.));
#5311 = VERTEX_POINT('',#5312);
#5312 = CARTESIAN_POINT('',(49.624079248159,-137.904025908,0.));
#5313 = LINE('',#5314,#5315);
#5314 = CARTESIAN_POINT('',(49.362458724917,-137.904025908,0.));
#5315 = VECTOR('',#5316,1.);
#5316 = DIRECTION('',(1.,0.,0.));
#5317 = ORIENTED_EDGE('',*,*,#5318,.T.);
#5318 = EDGE_CURVE('',#5311,#5319,#5321,.T.);
#5319 = VERTEX_POINT('',#5320);
#5320 = CARTESIAN_POINT('',(49.651907258836,-137.9955662718,0.));
#5321 = CIRCLE('',#5322,5.E-02);
#5322 = AXIS2_PLACEMENT_3D('',#5323,#5324,#5325);
#5323 = CARTESIAN_POINT('',(49.624079248159,-137.954025908,0.));
#5324 = DIRECTION('',(0.,0.,-1.));
#5325 = DIRECTION('',(2.367920491367E-14,1.,0.));
#5326 = ORIENTED_EDGE('',*,*,#5327,.T.);
#5327 = EDGE_CURVE('',#5319,#5328,#5330,.T.);
#5328 = VERTEX_POINT('',#5329);
#5329 = CARTESIAN_POINT('',(49.526933945273,-138.0792862585,0.));
#5330 = LINE('',#5331,#5332);
#5331 = CARTESIAN_POINT('',(49.651907258836,-137.9955662718,0.));
#5332 = VECTOR('',#5333,1.);
#5333 = DIRECTION('',(-0.830807275301,-0.556560213551,0.));
#5334 = ORIENTED_EDGE('',*,*,#5335,.T.);
#5335 = EDGE_CURVE('',#5328,#5336,#5338,.T.);
#5336 = VERTEX_POINT('',#5337);
#5337 = CARTESIAN_POINT('',(49.624079248159,-138.0792862585,0.));
#5338 = LINE('',#5339,#5340);
#5339 = CARTESIAN_POINT('',(49.526933945273,-138.0792862585,0.));
#5340 = VECTOR('',#5341,1.);
#5341 = DIRECTION('',(1.,0.,0.));
#5342 = ORIENTED_EDGE('',*,*,#5343,.T.);
#5343 = EDGE_CURVE('',#5336,#5344,#5346,.T.);
#5344 = VERTEX_POINT('',#5345);
#5345 = CARTESIAN_POINT('',(49.624079248159,-138.1792862585,0.));
#5346 = CIRCLE('',#5347,5.000000000001E-02);
#5347 = AXIS2_PLACEMENT_3D('',#5348,#5349,#5350);
#5348 = CARTESIAN_POINT('',(49.624079248159,-138.1292862585,0.));
#5349 = DIRECTION('',(0.,0.,-1.));
#5350 = DIRECTION('',(1.110223024625E-16,1.,0.));
#5351 = ORIENTED_EDGE('',*,*,#5352,.T.);
#5352 = EDGE_CURVE('',#5344,#5353,#5355,.T.);
#5353 = VERTEX_POINT('',#5354);
#5354 = CARTESIAN_POINT('',(49.362458724917,-138.1792862585,0.));
#5355 = LINE('',#5356,#5357);
#5356 = CARTESIAN_POINT('',(49.624079248159,-138.1792862585,0.));
#5357 = VECTOR('',#5358,1.);
#5358 = DIRECTION('',(-1.,1.086371553665E-13,0.));
#5359 = ORIENTED_EDGE('',*,*,#5360,.T.);
#5360 = EDGE_CURVE('',#5353,#5361,#5363,.T.);
#5361 = VERTEX_POINT('',#5362);
#5362 = CARTESIAN_POINT('',(49.33463071424,-138.0877458948,0.));
#5363 = CIRCLE('',#5364,4.999999999999E-02);
#5364 = AXIS2_PLACEMENT_3D('',#5365,#5366,#5367);
#5365 = CARTESIAN_POINT('',(49.362458724917,-138.1292862585,0.));
#5366 = DIRECTION('',(-0.,0.,-1.));
#5367 = DIRECTION('',(6.273357503928E-14,-1.,-0.));
#5368 = ORIENTED_EDGE('',*,*,#5369,.T.);
#5369 = EDGE_CURVE('',#5361,#5370,#5372,.T.);
#5370 = VERTEX_POINT('',#5371);
#5371 = CARTESIAN_POINT('',(49.459604027803,-138.004025908,0.));
#5372 = LINE('',#5373,#5374);
#5373 = CARTESIAN_POINT('',(49.33463071424,-138.0877458948,0.));
#5374 = VECTOR('',#5375,1.);
#5375 = DIRECTION('',(0.8308072753,0.556560213551,0.));
#5376 = ORIENTED_EDGE('',*,*,#5377,.T.);
#5377 = EDGE_CURVE('',#5370,#5378,#5380,.T.);
#5378 = VERTEX_POINT('',#5379);
#5379 = CARTESIAN_POINT('',(49.362458724917,-138.004025908,0.));
#5380 = LINE('',#5381,#5382);
#5381 = CARTESIAN_POINT('',(49.459604027803,-138.004025908,0.));
#5382 = VECTOR('',#5383,1.);
#5383 = DIRECTION('',(-1.,0.,0.));
#5384 = ORIENTED_EDGE('',*,*,#5385,.T.);
#5385 = EDGE_CURVE('',#5378,#5309,#5386,.T.);
#5386 = CIRCLE('',#5387,5.E-02);
#5387 = AXIS2_PLACEMENT_3D('',#5388,#5389,#5390);
#5388 = CARTESIAN_POINT('',(49.362458724917,-137.954025908,0.));
#5389 = DIRECTION('',(0.,0.,-1.));
#5390 = DIRECTION('',(-1.110223024625E-16,-1.,-0.));
#5391 = PLANE('',#5392);
#5392 = AXIS2_PLACEMENT_3D('',#5393,#5394,#5395);
#5393 = CARTESIAN_POINT('',(49.493268986538,-138.0416560833,0.));
#5394 = DIRECTION('',(-0.,-0.,-1.));
#5395 = DIRECTION('',(-1.,0.,0.));
#5396 = SHELL_BASED_SURFACE_MODEL('',(#5397));
#5397 = OPEN_SHELL('',(#5398));
#5398 = ADVANCED_FACE('',(#5399),#5468,.T.);
#5399 = FACE_BOUND('',#5400,.T.);
#5400 = EDGE_LOOP('',(#5401,#5411,#5419,#5428,#5436,#5444,#5453,#5461));
#5401 = ORIENTED_EDGE('',*,*,#5402,.T.);
#5402 = EDGE_CURVE('',#5403,#5405,#5407,.T.);
#5403 = VERTEX_POINT('',#5404);
#5404 = CARTESIAN_POINT('',(49.574079248159,-138.4645669291,0.));
#5405 = VERTEX_POINT('',#5406);
#5406 = CARTESIAN_POINT('',(49.574079248159,-138.4256667513,0.));
#5407 = LINE('',#5408,#5409);
#5408 = CARTESIAN_POINT('',(49.574079248159,-138.4645669291,0.));
#5409 = VECTOR('',#5410,1.);
#5410 = DIRECTION('',(0.,1.,0.));
#5411 = ORIENTED_EDGE('',*,*,#5412,.T.);
#5412 = EDGE_CURVE('',#5405,#5413,#5415,.T.);
#5413 = VERTEX_POINT('',#5414);
#5414 = CARTESIAN_POINT('',(49.362458724917,-138.4256667513,0.));
#5415 = LINE('',#5416,#5417);
#5416 = CARTESIAN_POINT('',(49.574079248159,-138.4256667513,0.));
#5417 = VECTOR('',#5418,1.);
#5418 = DIRECTION('',(-1.,0.,0.));
#5419 = ORIENTED_EDGE('',*,*,#5420,.T.);
#5420 = EDGE_CURVE('',#5413,#5421,#5423,.T.);
#5421 = VERTEX_POINT('',#5422);
#5422 = CARTESIAN_POINT('',(49.362458724917,-138.3256667513,0.));
#5423 = CIRCLE('',#5424,5.E-02);
#5424 = AXIS2_PLACEMENT_3D('',#5425,#5426,#5427);
#5425 = CARTESIAN_POINT('',(49.362458724917,-138.3756667513,0.));
#5426 = DIRECTION('',(0.,0.,-1.));
#5427 = DIRECTION('',(-1.110223024625E-16,-1.,-0.));
#5428 = ORIENTED_EDGE('',*,*,#5429,.T.);
#5429 = EDGE_CURVE('',#5421,#5430,#5432,.T.);
#5430 = VERTEX_POINT('',#5431);
#5431 = CARTESIAN_POINT('',(49.574079248159,-138.3256667513,0.));
#5432 = LINE('',#5433,#5434);
#5433 = CARTESIAN_POINT('',(49.362458724917,-138.3256667513,0.));
#5434 = VECTOR('',#5435,1.);
#5435 = DIRECTION('',(1.,0.,0.));
#5436 = ORIENTED_EDGE('',*,*,#5437,.T.);
#5437 = EDGE_CURVE('',#5430,#5438,#5440,.T.);
#5438 = VERTEX_POINT('',#5439);
#5439 = CARTESIAN_POINT('',(49.574079248159,-138.2893065786,0.));
#5440 = LINE('',#5441,#5442);
#5441 = CARTESIAN_POINT('',(49.574079248159,-138.3256667513,0.));
#5442 = VECTOR('',#5443,1.);
#5443 = DIRECTION('',(0.,1.,0.));
#5444 = ORIENTED_EDGE('',*,*,#5445,.T.);
#5445 = EDGE_CURVE('',#5438,#5446,#5448,.T.);
#5446 = VERTEX_POINT('',#5447);
#5447 = CARTESIAN_POINT('',(49.674079248158,-138.2893065786,0.));
#5448 = CIRCLE('',#5449,5.E-02);
#5449 = AXIS2_PLACEMENT_3D('',#5450,#5451,#5452);
#5450 = CARTESIAN_POINT('',(49.624079248159,-138.2893065786,0.));
#5451 = DIRECTION('',(0.,0.,-1.));
#5452 = DIRECTION('',(-1.,1.110223024625E-16,0.));
#5453 = ORIENTED_EDGE('',*,*,#5454,.T.);
#5454 = EDGE_CURVE('',#5446,#5455,#5457,.T.);
#5455 = VERTEX_POINT('',#5456);
#5456 = CARTESIAN_POINT('',(49.674079248158,-138.4645669291,0.));
#5457 = LINE('',#5458,#5459);
#5458 = CARTESIAN_POINT('',(49.674079248158,-138.2893065786,0.));
#5459 = VECTOR('',#5460,1.);
#5460 = DIRECTION('',(0.,-1.,0.));
#5461 = ORIENTED_EDGE('',*,*,#5462,.T.);
#5462 = EDGE_CURVE('',#5455,#5403,#5463,.T.);
#5463 = CIRCLE('',#5464,5.E-02);
#5464 = AXIS2_PLACEMENT_3D('',#5465,#5466,#5467);
#5465 = CARTESIAN_POINT('',(49.624079248159,-138.4645669291,0.));
#5466 = DIRECTION('',(-0.,0.,-1.));
#5467 = DIRECTION('',(1.,-1.110223024625E-16,-0.));
#5468 = PLANE('',#5469);
#5469 = AXIS2_PLACEMENT_3D('',#5470,#5471,#5472);
#5470 = CARTESIAN_POINT('',(49.531071540861,-138.3764019275,0.));
#5471 = DIRECTION('',(-0.,-0.,-1.));
#5472 = DIRECTION('',(-1.,0.,0.));
#5473 = SHELL_BASED_SURFACE_MODEL('',(#5474));
#5474 = OPEN_SHELL('',(#5475));
#5475 = ADVANCED_FACE('',(#5476),#5578,.T.);
#5476 = FACE_BOUND('',#5477,.T.);
#5477 = EDGE_LOOP('',(#5478,#5488,#5496,#5505,#5513,#5521,#5530,#5538,
    #5546,#5555,#5563,#5571));
#5478 = ORIENTED_EDGE('',*,*,#5479,.T.);
#5479 = EDGE_CURVE('',#5480,#5482,#5484,.T.);
#5480 = VERTEX_POINT('',#5481);
#5481 = CARTESIAN_POINT('',(50.06344834133,-151.1257174513,0.));
#5482 = VERTEX_POINT('',#5483);
#5483 = CARTESIAN_POINT('',(49.916941833884,-151.0277766369,0.));
#5484 = LINE('',#5485,#5486);
#5485 = CARTESIAN_POINT('',(50.06344834133,-151.1257174513,0.));
#5486 = VECTOR('',#5487,1.);
#5487 = DIRECTION('',(-0.831342995339,0.555759681967,0.));
#5488 = ORIENTED_EDGE('',*,*,#5489,.T.);
#5489 = EDGE_CURVE('',#5482,#5490,#5492,.T.);
#5490 = VERTEX_POINT('',#5491);
#5491 = CARTESIAN_POINT('',(49.770435326438,-151.1257174513,0.));
#5492 = LINE('',#5493,#5494);
#5493 = CARTESIAN_POINT('',(49.916941833884,-151.0277766369,0.));
#5494 = VECTOR('',#5495,1.);
#5495 = DIRECTION('',(-0.831342995339,-0.555759681967,0.));
#5496 = ORIENTED_EDGE('',*,*,#5497,.T.);
#5497 = EDGE_CURVE('',#5490,#5498,#5500,.T.);
#5498 = VERTEX_POINT('',#5499);
#5499 = CARTESIAN_POINT('',(49.603707421848,-150.8763145527,0.));
#5500 = CIRCLE('',#5501,0.15);
#5501 = AXIS2_PLACEMENT_3D('',#5502,#5503,#5504);
#5502 = CARTESIAN_POINT('',(49.687071374143,-151.001016002,0.));
#5503 = DIRECTION('',(-0.,0.,-1.));
#5504 = DIRECTION('',(0.555759681967,-0.831342995339,-0.));
#5505 = ORIENTED_EDGE('',*,*,#5506,.T.);
#5506 = EDGE_CURVE('',#5498,#5507,#5509,.T.);
#5507 = VERTEX_POINT('',#5508);
#5508 = CARTESIAN_POINT('',(49.647041002882,-150.8473456946,0.));
#5509 = LINE('',#5510,#5511);
#5510 = CARTESIAN_POINT('',(49.603707421848,-150.8763145527,0.));
#5511 = VECTOR('',#5512,1.);
#5512 = DIRECTION('',(0.831342995339,0.555759681968,0.));
#5513 = ORIENTED_EDGE('',*,*,#5514,.T.);
#5514 = EDGE_CURVE('',#5507,#5515,#5517,.T.);
#5515 = VERTEX_POINT('',#5516);
#5516 = CARTESIAN_POINT('',(49.603707421848,-150.8183768366,0.));
#5517 = LINE('',#5518,#5519);
#5518 = CARTESIAN_POINT('',(49.647041002882,-150.8473456946,0.));
#5519 = VECTOR('',#5520,1.);
#5520 = DIRECTION('',(-0.83134299534,0.555759681967,0.));
#5521 = ORIENTED_EDGE('',*,*,#5522,.T.);
#5522 = EDGE_CURVE('',#5515,#5523,#5525,.T.);
#5523 = VERTEX_POINT('',#5524);
#5524 = CARTESIAN_POINT('',(49.770435326438,-150.568973938,0.));
#5525 = CIRCLE('',#5526,0.15);
#5526 = AXIS2_PLACEMENT_3D('',#5527,#5528,#5529);
#5527 = CARTESIAN_POINT('',(49.687071374143,-150.6936753873,0.));
#5528 = DIRECTION('',(0.,0.,-1.));
#5529 = DIRECTION('',(-0.555759681967,-0.831342995339,-0.));
#5530 = ORIENTED_EDGE('',*,*,#5531,.T.);
#5531 = EDGE_CURVE('',#5523,#5532,#5534,.T.);
#5532 = VERTEX_POINT('',#5533);
#5533 = CARTESIAN_POINT('',(49.916941833884,-150.6669147524,0.));
#5534 = LINE('',#5535,#5536);
#5535 = CARTESIAN_POINT('',(49.770435326438,-150.568973938,0.));
#5536 = VECTOR('',#5537,1.);
#5537 = DIRECTION('',(0.831342995339,-0.555759681967,0.));
#5538 = ORIENTED_EDGE('',*,*,#5539,.T.);
#5539 = EDGE_CURVE('',#5532,#5540,#5542,.T.);
#5540 = VERTEX_POINT('',#5541);
#5541 = CARTESIAN_POINT('',(50.06344834133,-150.568973938,0.));
#5542 = LINE('',#5543,#5544);
#5543 = CARTESIAN_POINT('',(49.916941833884,-150.6669147524,0.));
#5544 = VECTOR('',#5545,1.);
#5545 = DIRECTION('',(0.831342995339,0.555759681967,0.));
#5546 = ORIENTED_EDGE('',*,*,#5547,.T.);
#5547 = EDGE_CURVE('',#5540,#5548,#5550,.T.);
#5548 = VERTEX_POINT('',#5549);
#5549 = CARTESIAN_POINT('',(50.23017624592,-150.8183768366,0.));
#5550 = CIRCLE('',#5551,0.15);
#5551 = AXIS2_PLACEMENT_3D('',#5552,#5553,#5554);
#5552 = CARTESIAN_POINT('',(50.146812293625,-150.6936753873,0.));
#5553 = DIRECTION('',(0.,0.,-1.));
#5554 = DIRECTION('',(-0.555759681967,0.831342995339,0.));
#5555 = ORIENTED_EDGE('',*,*,#5556,.T.);
#5556 = EDGE_CURVE('',#5548,#5557,#5559,.T.);
#5557 = VERTEX_POINT('',#5558);
#5558 = CARTESIAN_POINT('',(50.186842664885,-150.8473456946,0.));
#5559 = LINE('',#5560,#5561);
#5560 = CARTESIAN_POINT('',(50.23017624592,-150.8183768366,0.));
#5561 = VECTOR('',#5562,1.);
#5562 = DIRECTION('',(-0.831342995339,-0.555759681968,0.));
#5563 = ORIENTED_EDGE('',*,*,#5564,.T.);
#5564 = EDGE_CURVE('',#5557,#5565,#5567,.T.);
#5565 = VERTEX_POINT('',#5566);
#5566 = CARTESIAN_POINT('',(50.23017624592,-150.8763145527,0.));
#5567 = LINE('',#5568,#5569);
#5568 = CARTESIAN_POINT('',(50.186842664885,-150.8473456946,0.));
#5569 = VECTOR('',#5570,1.);
#5570 = DIRECTION('',(0.83134299534,-0.555759681967,0.));
#5571 = ORIENTED_EDGE('',*,*,#5572,.T.);
#5572 = EDGE_CURVE('',#5565,#5480,#5573,.T.);
#5573 = CIRCLE('',#5574,0.15);
#5574 = AXIS2_PLACEMENT_3D('',#5575,#5576,#5577);
#5575 = CARTESIAN_POINT('',(50.146812293625,-151.001016002,0.));
#5576 = DIRECTION('',(0.,0.,-1.));
#5577 = DIRECTION('',(0.555759681967,0.831342995339,0.));
#5578 = PLANE('',#5579);
#5579 = AXIS2_PLACEMENT_3D('',#5580,#5581,#5582);
#5580 = CARTESIAN_POINT('',(49.916941833884,-150.8473456946,0.));
#5581 = DIRECTION('',(-0.,-0.,-1.));
#5582 = DIRECTION('',(-1.,0.,0.));
#5583 = SHELL_BASED_SURFACE_MODEL('',(#5584));
#5584 = OPEN_SHELL('',(#5585));
#5585 = ADVANCED_FACE('',(#5586),#5655,.T.);
#5586 = FACE_BOUND('',#5587,.T.);
#5587 = EDGE_LOOP('',(#5588,#5598,#5607,#5615,#5624,#5632,#5640,#5648));
#5588 = ORIENTED_EDGE('',*,*,#5589,.T.);
#5589 = EDGE_CURVE('',#5590,#5592,#5594,.T.);
#5590 = VERTEX_POINT('',#5591);
#5591 = CARTESIAN_POINT('',(51.818568939277,-137.5656349743,0.));
#5592 = VERTEX_POINT('',#5593);
#5593 = CARTESIAN_POINT('',(52.080189462518,-137.6646951724,0.));
#5594 = LINE('',#5595,#5596);
#5595 = CARTESIAN_POINT('',(51.818568939277,-137.5656349743,0.));
#5596 = VECTOR('',#5597,1.);
#5597 = DIRECTION('',(0.935205009024,-0.35410675099,0.));
#5598 = ORIENTED_EDGE('',*,*,#5599,.T.);
#5599 = EDGE_CURVE('',#5592,#5600,#5602,.T.);
#5600 = VERTEX_POINT('',#5601);
#5601 = CARTESIAN_POINT('',(52.080189462518,-137.7582156733,0.));
#5602 = CIRCLE('',#5603,5.000000000002E-02);
#5603 = AXIS2_PLACEMENT_3D('',#5604,#5605,#5606);
#5604 = CARTESIAN_POINT('',(52.062484124968,-137.7114554229,0.));
#5605 = DIRECTION('',(0.,0.,-1.));
#5606 = DIRECTION('',(0.35410675099,0.935205009024,0.));
#5607 = ORIENTED_EDGE('',*,*,#5608,.T.);
#5608 = EDGE_CURVE('',#5600,#5609,#5611,.T.);
#5609 = VERTEX_POINT('',#5610);
#5610 = CARTESIAN_POINT('',(51.818568939277,-137.8572758714,0.));
#5611 = LINE('',#5612,#5613);
#5612 = CARTESIAN_POINT('',(52.080189462518,-137.7582156733,0.));
#5613 = VECTOR('',#5614,1.);
#5614 = DIRECTION('',(-0.935205009024,-0.35410675099,0.));
#5615 = ORIENTED_EDGE('',*,*,#5616,.T.);
#5616 = EDGE_CURVE('',#5609,#5617,#5619,.T.);
#5617 = VERTEX_POINT('',#5618);
#5618 = CARTESIAN_POINT('',(51.783158264178,-137.7637553705,0.));
#5619 = CIRCLE('',#5620,5.E-02);
#5620 = AXIS2_PLACEMENT_3D('',#5621,#5622,#5623);
#5621 = CARTESIAN_POINT('',(51.800863601727,-137.810515621,0.));
#5622 = DIRECTION('',(-0.,0.,-1.));
#5623 = DIRECTION('',(0.35410675099,-0.935205009024,-0.));
#5624 = ORIENTED_EDGE('',*,*,#5625,.T.);
#5625 = EDGE_CURVE('',#5617,#5626,#5628,.T.);
#5626 = VERTEX_POINT('',#5627);
#5627 = CARTESIAN_POINT('',(51.839763779528,-137.7423222142,0.));
#5628 = LINE('',#5629,#5630);
#5629 = CARTESIAN_POINT('',(51.783158264178,-137.7637553705,0.));
#5630 = VECTOR('',#5631,1.);
#5631 = DIRECTION('',(0.935205009024,0.35410675099,0.));
#5632 = ORIENTED_EDGE('',*,*,#5633,.T.);
#5633 = EDGE_CURVE('',#5626,#5634,#5636,.T.);
#5634 = VERTEX_POINT('',#5635);
#5635 = CARTESIAN_POINT('',(51.839763779528,-137.6805886315,0.));
#5636 = LINE('',#5637,#5638);
#5637 = CARTESIAN_POINT('',(51.839763779528,-137.7423222142,0.));
#5638 = VECTOR('',#5639,1.);
#5639 = DIRECTION('',(0.,1.,0.));
#5640 = ORIENTED_EDGE('',*,*,#5641,.T.);
#5641 = EDGE_CURVE('',#5634,#5642,#5644,.T.);
#5642 = VERTEX_POINT('',#5643);
#5643 = CARTESIAN_POINT('',(51.783158264178,-137.6591554752,0.));
#5644 = LINE('',#5645,#5646);
#5645 = CARTESIAN_POINT('',(51.839763779528,-137.6805886315,0.));
#5646 = VECTOR('',#5647,1.);
#5647 = DIRECTION('',(-0.935205009024,0.35410675099,0.));
#5648 = ORIENTED_EDGE('',*,*,#5649,.T.);
#5649 = EDGE_CURVE('',#5642,#5590,#5650,.T.);
#5650 = CIRCLE('',#5651,5.E-02);
#5651 = AXIS2_PLACEMENT_3D('',#5652,#5653,#5654);
#5652 = CARTESIAN_POINT('',(51.800863601727,-137.6123952247,0.));
#5653 = DIRECTION('',(0.,0.,-1.));
#5654 = DIRECTION('',(-0.35410675099,-0.935205009024,-0.));
#5655 = PLANE('',#5656);
#5656 = AXIS2_PLACEMENT_3D('',#5657,#5658,#5659);
#5657 = CARTESIAN_POINT('',(51.898936678482,-137.7114554229,0.));
#5658 = DIRECTION('',(-0.,-0.,-1.));
#5659 = DIRECTION('',(-1.,0.,0.));
#5660 = SHELL_BASED_SURFACE_MODEL('',(#5661));
#5661 = OPEN_SHELL('',(#5662));
#5662 = ADVANCED_FACE('',(#5663,#5855),#5948,.T.);
#5663 = FACE_BOUND('',#5664,.T.);
#5664 = EDGE_LOOP('',(#5665,#5675,#5684,#5692,#5701,#5710,#5719,#5727,
    #5736,#5744,#5753,#5762,#5771,#5779,#5788,#5797,#5806,#5814,#5823,
    #5831,#5840,#5848));
#5665 = ORIENTED_EDGE('',*,*,#5666,.T.);
#5666 = EDGE_CURVE('',#5667,#5669,#5671,.T.);
#5667 = VERTEX_POINT('',#5668);
#5668 = CARTESIAN_POINT('',(51.753429436825,-138.3662053757,0.));
#5669 = VERTEX_POINT('',#5670);
#5670 = CARTESIAN_POINT('',(51.766129462225,-138.3281052995,0.));
#5671 = LINE('',#5672,#5673);
#5672 = CARTESIAN_POINT('',(51.753429436825,-138.3662053757,0.));
#5673 = VECTOR('',#5674,1.);
#5674 = DIRECTION('',(0.316227766017,0.948683298051,0.));
#5675 = ORIENTED_EDGE('',*,*,#5676,.T.);
#5676 = EDGE_CURVE('',#5669,#5677,#5679,.T.);
#5677 = VERTEX_POINT('',#5678);
#5678 = CARTESIAN_POINT('',(51.785828617316,-138.3023141731,0.));
#5679 = CIRCLE('',#5680,4.999999999998E-02);
#5680 = AXIS2_PLACEMENT_3D('',#5681,#5682,#5683);
#5681 = CARTESIAN_POINT('',(51.813563627127,-138.3439166878,0.));
#5682 = DIRECTION('',(0.,0.,-1.));
#5683 = DIRECTION('',(-0.94868329805,0.316227766017,0.));
#5684 = ORIENTED_EDGE('',*,*,#5685,.T.);
#5685 = EDGE_CURVE('',#5677,#5686,#5688,.T.);
#5686 = VERTEX_POINT('',#5687);
#5687 = CARTESIAN_POINT('',(51.823928693516,-138.2769141223,0.));
#5688 = LINE('',#5689,#5690);
#5689 = CARTESIAN_POINT('',(51.785828617316,-138.3023141731,0.));
#5690 = VECTOR('',#5691,1.);
#5691 = DIRECTION('',(0.832050294338,0.554700196225,0.));
#5692 = ORIENTED_EDGE('',*,*,#5693,.T.);
#5693 = EDGE_CURVE('',#5686,#5694,#5696,.T.);
#5694 = VERTEX_POINT('',#5695);
#5695 = CARTESIAN_POINT('',(51.835588831036,-138.2711711147,0.));
#5696 = CIRCLE('',#5697,4.999999999996E-02);
#5697 = AXIS2_PLACEMENT_3D('',#5698,#5699,#5700);
#5698 = CARTESIAN_POINT('',(51.851663703327,-138.318516637,0.));
#5699 = DIRECTION('',(0.,0.,-1.));
#5700 = DIRECTION('',(-0.554700196226,0.832050294337,0.));
#5701 = ORIENTED_EDGE('',*,*,#5702,.T.);
#5702 = EDGE_CURVE('',#5694,#5703,#5705,.T.);
#5703 = VERTEX_POINT('',#5704);
#5704 = CARTESIAN_POINT('',(52.03029890074,-138.2711711147,0.));
#5705 = CIRCLE('',#5706,0.302817444163);
#5706 = AXIS2_PLACEMENT_3D('',#5707,#5708,#5709);
#5707 = CARTESIAN_POINT('',(51.932943865888,-138.5579121157,0.));
#5708 = DIRECTION('',(0.,0.,-1.));
#5709 = DIRECTION('',(-0.321497445832,0.946910445778,0.));
#5710 = ORIENTED_EDGE('',*,*,#5711,.T.);
#5711 = EDGE_CURVE('',#5703,#5712,#5714,.T.);
#5712 = VERTEX_POINT('',#5713);
#5713 = CARTESIAN_POINT('',(52.041959038259,-138.2769141223,0.));
#5714 = CIRCLE('',#5715,4.999999999996E-02);
#5715 = AXIS2_PLACEMENT_3D('',#5716,#5717,#5718);
#5716 = CARTESIAN_POINT('',(52.014224028448,-138.318516637,0.));
#5717 = DIRECTION('',(0.,0.,-1.));
#5718 = DIRECTION('',(0.321497445831,0.946910445778,0.));
#5719 = ORIENTED_EDGE('',*,*,#5720,.T.);
#5720 = EDGE_CURVE('',#5712,#5721,#5723,.T.);
#5721 = VERTEX_POINT('',#5722);
#5722 = CARTESIAN_POINT('',(52.080059114459,-138.3023141731,0.));
#5723 = LINE('',#5724,#5725);
#5724 = CARTESIAN_POINT('',(52.041959038259,-138.2769141223,0.));
#5725 = VECTOR('',#5726,1.);
#5726 = DIRECTION('',(0.832050294338,-0.554700196226,0.));
#5727 = ORIENTED_EDGE('',*,*,#5728,.T.);
#5728 = EDGE_CURVE('',#5721,#5729,#5731,.T.);
#5729 = VERTEX_POINT('',#5730);
#5730 = CARTESIAN_POINT('',(52.100635851628,-138.3310335553,0.));
#5731 = CIRCLE('',#5732,4.999999999996E-02);
#5732 = AXIS2_PLACEMENT_3D('',#5733,#5734,#5735);
#5733 = CARTESIAN_POINT('',(52.052324104648,-138.3439166878,0.));
#5734 = DIRECTION('',(0.,0.,-1.));
#5735 = DIRECTION('',(0.554700196225,0.832050294338,0.));
#5736 = ORIENTED_EDGE('',*,*,#5737,.T.);
#5737 = EDGE_CURVE('',#5729,#5738,#5740,.T.);
#5738 = VERTEX_POINT('',#5739);
#5739 = CARTESIAN_POINT('',(52.110795871948,-138.3691336315,0.));
#5740 = LINE('',#5741,#5742);
#5741 = CARTESIAN_POINT('',(52.100635851628,-138.3310335553,0.));
#5742 = VECTOR('',#5743,1.);
#5743 = DIRECTION('',(0.257662650559,-0.966234939601,0.));
#5744 = ORIENTED_EDGE('',*,*,#5745,.T.);
#5745 = EDGE_CURVE('',#5738,#5746,#5748,.T.);
#5746 = VERTEX_POINT('',#5747);
#5747 = CARTESIAN_POINT('',(52.112256512582,-138.3772513226,0.));
#5748 = CIRCLE('',#5749,5.000000000015E-02);
#5749 = AXIS2_PLACEMENT_3D('',#5750,#5751,#5752);
#5750 = CARTESIAN_POINT('',(52.062484124968,-138.382016764,0.));
#5751 = DIRECTION('',(0.,0.,-1.));
#5752 = DIRECTION('',(0.966234939601,0.25766265056,0.));
#5753 = ORIENTED_EDGE('',*,*,#5754,.T.);
#5754 = EDGE_CURVE('',#5746,#5755,#5757,.T.);
#5755 = VERTEX_POINT('',#5756);
#5756 = CARTESIAN_POINT('',(52.097860544386,-138.4636271318,0.));
#5757 = CIRCLE('',#5758,0.169926172584);
#5758 = AXIS2_PLACEMENT_3D('',#5759,#5760,#5761);
#5759 = CARTESIAN_POINT('',(51.943103886031,-138.3934467868,0.));
#5760 = DIRECTION('',(0.,0.,-1.));
#5761 = DIRECTION('',(0.995447752272,9.530882695782E-02,0.));
#5762 = ORIENTED_EDGE('',*,*,#5763,.T.);
#5763 = EDGE_CURVE('',#5755,#5764,#5766,.T.);
#5764 = VERTEX_POINT('',#5765);
#5765 = CARTESIAN_POINT('',(52.080059114459,-138.4845794006,0.));
#5766 = CIRCLE('',#5767,4.999999999999E-02);
#5767 = AXIS2_PLACEMENT_3D('',#5768,#5769,#5770);
#5768 = CARTESIAN_POINT('',(52.052324104648,-138.4429768859,0.));
#5769 = DIRECTION('',(0.,0.,-1.));
#5770 = DIRECTION('',(0.910728794758,-0.413004918129,0.));
#5771 = ORIENTED_EDGE('',*,*,#5772,.T.);
#5772 = EDGE_CURVE('',#5764,#5773,#5775,.T.);
#5773 = VERTEX_POINT('',#5774);
#5774 = CARTESIAN_POINT('',(52.041959038259,-138.5099794514,0.));
#5775 = LINE('',#5776,#5777);
#5776 = CARTESIAN_POINT('',(52.080059114459,-138.4845794006,0.));
#5777 = VECTOR('',#5778,1.);
#5778 = DIRECTION('',(-0.832050294338,-0.554700196225,0.));
#5779 = ORIENTED_EDGE('',*,*,#5780,.T.);
#5780 = EDGE_CURVE('',#5773,#5781,#5783,.T.);
#5781 = VERTEX_POINT('',#5782);
#5782 = CARTESIAN_POINT('',(52.030298900761,-138.515722459,0.));
#5783 = CIRCLE('',#5784,5.E-02);
#5784 = AXIS2_PLACEMENT_3D('',#5785,#5786,#5787);
#5785 = CARTESIAN_POINT('',(52.014224028448,-138.4683769367,0.));
#5786 = DIRECTION('',(0.,0.,-1.));
#5787 = DIRECTION('',(0.554700196226,-0.832050294337,0.));
#5788 = ORIENTED_EDGE('',*,*,#5789,.T.);
#5789 = EDGE_CURVE('',#5781,#5790,#5792,.T.);
#5790 = VERTEX_POINT('',#5791);
#5791 = CARTESIAN_POINT('',(51.835588831015,-138.515722459,0.));
#5792 = CIRCLE('',#5793,0.302817443831);
#5793 = AXIS2_PLACEMENT_3D('',#5794,#5795,#5796);
#5794 = CARTESIAN_POINT('',(51.932943865888,-138.2289814583,0.));
#5795 = DIRECTION('',(-0.,0.,-1.));
#5796 = DIRECTION('',(0.321497446255,-0.946910445634,-0.));
#5797 = ORIENTED_EDGE('',*,*,#5798,.T.);
#5798 = EDGE_CURVE('',#5790,#5799,#5801,.T.);
#5799 = VERTEX_POINT('',#5800);
#5800 = CARTESIAN_POINT('',(51.823928693516,-138.5099794514,0.));
#5801 = CIRCLE('',#5802,5.000000000001E-02);
#5802 = AXIS2_PLACEMENT_3D('',#5803,#5804,#5805);
#5803 = CARTESIAN_POINT('',(51.851663703327,-138.4683769367,0.));
#5804 = DIRECTION('',(0.,0.,-1.));
#5805 = DIRECTION('',(-0.321497446254,-0.946910445635,-0.));
#5806 = ORIENTED_EDGE('',*,*,#5807,.T.);
#5807 = EDGE_CURVE('',#5799,#5808,#5810,.T.);
#5808 = VERTEX_POINT('',#5809);
#5809 = CARTESIAN_POINT('',(51.785828617316,-138.4845794006,0.));
#5810 = LINE('',#5811,#5812);
#5811 = CARTESIAN_POINT('',(51.823928693516,-138.5099794514,0.));
#5812 = VECTOR('',#5813,1.);
#5813 = DIRECTION('',(-0.832050294338,0.554700196226,0.));
#5814 = ORIENTED_EDGE('',*,*,#5815,.T.);
#5815 = EDGE_CURVE('',#5808,#5816,#5818,.T.);
#5816 = VERTEX_POINT('',#5817);
#5817 = CARTESIAN_POINT('',(51.766129462225,-138.4587882742,0.));
#5818 = CIRCLE('',#5819,4.999999999998E-02);
#5819 = AXIS2_PLACEMENT_3D('',#5820,#5821,#5822);
#5820 = CARTESIAN_POINT('',(51.813563627127,-138.4429768859,0.));
#5821 = DIRECTION('',(0.,0.,-1.));
#5822 = DIRECTION('',(-0.554700196225,-0.832050294338,-0.));
#5823 = ORIENTED_EDGE('',*,*,#5824,.T.);
#5824 = EDGE_CURVE('',#5816,#5825,#5827,.T.);
#5825 = VERTEX_POINT('',#5826);
#5826 = CARTESIAN_POINT('',(51.753429436825,-138.420688198,0.));
#5827 = LINE('',#5828,#5829);
#5828 = CARTESIAN_POINT('',(51.766129462225,-138.4587882742,0.));
#5829 = VECTOR('',#5830,1.);
#5830 = DIRECTION('',(-0.316227766017,0.948683298051,0.));
#5831 = ORIENTED_EDGE('',*,*,#5832,.T.);
#5832 = EDGE_CURVE('',#5825,#5833,#5835,.T.);
#5833 = VERTEX_POINT('',#5834);
#5834 = CARTESIAN_POINT('',(51.750863601727,-138.4048768097,0.));
#5835 = CIRCLE('',#5836,5.E-02);
#5836 = AXIS2_PLACEMENT_3D('',#5837,#5838,#5839);
#5837 = CARTESIAN_POINT('',(51.800863601727,-138.4048768097,0.));
#5838 = DIRECTION('',(0.,0.,-1.));
#5839 = DIRECTION('',(-0.94868329805,-0.316227766017,-0.));
#5840 = ORIENTED_EDGE('',*,*,#5841,.T.);
#5841 = EDGE_CURVE('',#5833,#5842,#5844,.T.);
#5842 = VERTEX_POINT('',#5843);
#5843 = CARTESIAN_POINT('',(51.750863601727,-138.382016764,0.));
#5844 = LINE('',#5845,#5846);
#5845 = CARTESIAN_POINT('',(51.750863601727,-138.4048768097,0.));
#5846 = VECTOR('',#5847,1.);
#5847 = DIRECTION('',(0.,1.,0.));
#5848 = ORIENTED_EDGE('',*,*,#5849,.T.);
#5849 = EDGE_CURVE('',#5842,#5667,#5850,.T.);
#5850 = CIRCLE('',#5851,5.E-02);
#5851 = AXIS2_PLACEMENT_3D('',#5852,#5853,#5854);
#5852 = CARTESIAN_POINT('',(51.800863601727,-138.382016764,0.));
#5853 = DIRECTION('',(0.,0.,-1.));
#5854 = DIRECTION('',(-1.,-3.086189912729E-13,-0.));
#5855 = FACE_BOUND('',#5856,.T.);
#5856 = EDGE_LOOP('',(#5857,#5868,#5876,#5884,#5892,#5900,#5908,#5917,
    #5925,#5934,#5942));
#5857 = ORIENTED_EDGE('',*,*,#5858,.T.);
#5858 = EDGE_CURVE('',#5859,#5861,#5863,.T.);
#5859 = VERTEX_POINT('',#5860);
#5860 = CARTESIAN_POINT('',(51.992248573934,-138.3639588552,0.));
#5861 = VERTEX_POINT('',#5862);
#5862 = CARTESIAN_POINT('',(51.873639157842,-138.3639588552,0.));
#5863 = CIRCLE('',#5864,0.202817444163);
#5864 = AXIS2_PLACEMENT_3D('',#5865,#5866,#5867);
#5865 = CARTESIAN_POINT('',(51.932943865888,-138.5579121157,0.));
#5866 = DIRECTION('',(0.,0.,1.));
#5867 = DIRECTION('',(0.292404375228,0.956294766977,-0.));
#5868 = ORIENTED_EDGE('',*,*,#5869,.T.);
#5869 = EDGE_CURVE('',#5861,#5870,#5872,.T.);
#5870 = VERTEX_POINT('',#5871);
#5871 = CARTESIAN_POINT('',(51.855572782163,-138.3760031057,0.));
#5872 = LINE('',#5873,#5874);
#5873 = CARTESIAN_POINT('',(51.873639157842,-138.3639588552,0.));
#5874 = VECTOR('',#5875,1.);
#5875 = DIRECTION('',(-0.832050294338,-0.554700196225,0.));
#5876 = ORIENTED_EDGE('',*,*,#5877,.T.);
#5877 = EDGE_CURVE('',#5870,#5878,#5880,.T.);
#5878 = VERTEX_POINT('',#5879);
#5879 = CARTESIAN_POINT('',(51.850863601727,-138.390130647,0.));
#5880 = LINE('',#5881,#5882);
#5881 = CARTESIAN_POINT('',(51.855572782163,-138.3760031057,0.));
#5882 = VECTOR('',#5883,1.);
#5883 = DIRECTION('',(-0.316227766017,-0.948683298051,0.));
#5884 = ORIENTED_EDGE('',*,*,#5885,.T.);
#5885 = EDGE_CURVE('',#5878,#5886,#5888,.T.);
#5886 = VERTEX_POINT('',#5887);
#5887 = CARTESIAN_POINT('',(51.850863601727,-138.3967629267,0.));
#5888 = LINE('',#5889,#5890);
#5889 = CARTESIAN_POINT('',(51.850863601727,-138.390130647,0.));
#5890 = VECTOR('',#5891,1.);
#5891 = DIRECTION('',(0.,-1.,0.));
#5892 = ORIENTED_EDGE('',*,*,#5893,.T.);
#5893 = EDGE_CURVE('',#5886,#5894,#5896,.T.);
#5894 = VERTEX_POINT('',#5895);
#5895 = CARTESIAN_POINT('',(51.855572782163,-138.410890468,0.));
#5896 = LINE('',#5897,#5898);
#5897 = CARTESIAN_POINT('',(51.850863601727,-138.3967629267,0.));
#5898 = VECTOR('',#5899,1.);
#5899 = DIRECTION('',(0.316227766016,-0.948683298051,0.));
#5900 = ORIENTED_EDGE('',*,*,#5901,.T.);
#5901 = EDGE_CURVE('',#5894,#5902,#5904,.T.);
#5902 = VERTEX_POINT('',#5903);
#5903 = CARTESIAN_POINT('',(51.873639157851,-138.4229347185,0.));
#5904 = LINE('',#5905,#5906);
#5905 = CARTESIAN_POINT('',(51.855572782163,-138.410890468,0.));
#5906 = VECTOR('',#5907,1.);
#5907 = DIRECTION('',(0.832050294338,-0.554700196225,0.));
#5908 = ORIENTED_EDGE('',*,*,#5909,.T.);
#5909 = EDGE_CURVE('',#5902,#5910,#5912,.T.);
#5910 = VERTEX_POINT('',#5911);
#5911 = CARTESIAN_POINT('',(51.992248573924,-138.4229347185,0.));
#5912 = CIRCLE('',#5913,0.202817443831);
#5913 = AXIS2_PLACEMENT_3D('',#5914,#5915,#5916);
#5914 = CARTESIAN_POINT('',(51.932943865888,-138.2289814583,0.));
#5915 = DIRECTION('',(0.,0.,1.));
#5916 = DIRECTION('',(-0.292404375661,-0.956294766845,0.));
#5917 = ORIENTED_EDGE('',*,*,#5918,.T.);
#5918 = EDGE_CURVE('',#5910,#5919,#5921,.T.);
#5919 = VERTEX_POINT('',#5920);
#5920 = CARTESIAN_POINT('',(52.010922408781,-138.4104854952,0.));
#5921 = LINE('',#5922,#5923);
#5922 = CARTESIAN_POINT('',(51.992248573924,-138.4229347185,0.));
#5923 = VECTOR('',#5924,1.);
#5924 = DIRECTION('',(0.832050294339,0.554700196224,0.));
#5925 = ORIENTED_EDGE('',*,*,#5926,.T.);
#5926 = EDGE_CURVE('',#5919,#5927,#5929,.T.);
#5927 = VERTEX_POINT('',#5928);
#5928 = CARTESIAN_POINT('',(52.0129619255,-138.3903606997,0.));
#5929 = CIRCLE('',#5930,6.992617258414E-02);
#5930 = AXIS2_PLACEMENT_3D('',#5931,#5932,#5933);
#5931 = CARTESIAN_POINT('',(51.943103886031,-138.3934467868,0.));
#5932 = DIRECTION('',(0.,0.,1.));
#5933 = DIRECTION('',(0.969858927546,-0.243667110335,0.));
#5934 = ORIENTED_EDGE('',*,*,#5935,.T.);
#5935 = EDGE_CURVE('',#5927,#5936,#5938,.T.);
#5936 = VERTEX_POINT('',#5937);
#5937 = CARTESIAN_POINT('',(52.008877727639,-138.3750449577,0.));
#5938 = LINE('',#5939,#5940);
#5939 = CARTESIAN_POINT('',(52.0129619255,-138.3903606997,0.));
#5940 = VECTOR('',#5941,1.);
#5941 = DIRECTION('',(-0.25766265056,0.966234939601,0.));
#5942 = ORIENTED_EDGE('',*,*,#5943,.T.);
#5943 = EDGE_CURVE('',#5936,#5859,#5944,.T.);
#5944 = LINE('',#5945,#5946);
#5945 = CARTESIAN_POINT('',(52.008877727639,-138.3750449577,0.));
#5946 = VECTOR('',#5947,1.);
#5947 = DIRECTION('',(-0.832050294337,0.554700196226,0.));
#5948 = PLANE('',#5949);
#5949 = AXIS2_PLACEMENT_3D('',#5950,#5951,#5952);
#5950 = CARTESIAN_POINT('',(51.93251877098,-138.3934641917,0.));
#5951 = DIRECTION('',(-0.,-0.,-1.));
#5952 = DIRECTION('',(-1.,0.,0.));
#5953 = SHELL_BASED_SURFACE_MODEL('',(#5954));
#5954 = OPEN_SHELL('',(#5955));
#5955 = ADVANCED_FACE('',(#5956,#6130),#6214,.T.);
#5956 = FACE_BOUND('',#5957,.T.);
#5957 = EDGE_LOOP('',(#5958,#5968,#5977,#5985,#5994,#6002,#6011,#6019,
    #6028,#6036,#6045,#6054,#6063,#6071,#6080,#6089,#6098,#6106,#6115,
    #6123));
#5958 = ORIENTED_EDGE('',*,*,#5959,.T.);
#5959 = EDGE_CURVE('',#5960,#5962,#5964,.T.);
#5960 = VERTEX_POINT('',#5961);
#5961 = CARTESIAN_POINT('',(51.750863601727,-138.0568961137,0.));
#5962 = VERTEX_POINT('',#5963);
#5963 = CARTESIAN_POINT('',(51.750863601727,-137.970535941,0.));
#5964 = LINE('',#5965,#5966);
#5965 = CARTESIAN_POINT('',(51.750863601727,-138.0568961137,0.));
#5966 = VECTOR('',#5967,1.);
#5967 = DIRECTION('',(0.,1.,0.));
#5968 = ORIENTED_EDGE('',*,*,#5969,.T.);
#5969 = EDGE_CURVE('',#5962,#5970,#5972,.T.);
#5970 = VERTEX_POINT('',#5971);
#5971 = CARTESIAN_POINT('',(51.800863601727,-137.920535941,0.));
#5972 = CIRCLE('',#5973,5.000000000001E-02);
#5973 = AXIS2_PLACEMENT_3D('',#5974,#5975,#5976);
#5974 = CARTESIAN_POINT('',(51.800863601727,-137.970535941,0.));
#5975 = DIRECTION('',(0.,0.,-1.));
#5976 = DIRECTION('',(-1.,-7.094855297676E-14,-0.));
#5977 = ORIENTED_EDGE('',*,*,#5978,.T.);
#5978 = EDGE_CURVE('',#5970,#5979,#5981,.T.);
#5979 = VERTEX_POINT('',#5980);
#5980 = CARTESIAN_POINT('',(52.062484124968,-137.920535941,0.));
#5981 = LINE('',#5982,#5983);
#5982 = CARTESIAN_POINT('',(51.800863601727,-137.920535941,0.));
#5983 = VECTOR('',#5984,1.);
#5984 = DIRECTION('',(1.,0.,0.));
#5985 = ORIENTED_EDGE('',*,*,#5986,.T.);
#5986 = EDGE_CURVE('',#5979,#5987,#5989,.T.);
#5987 = VERTEX_POINT('',#5988);
#5988 = CARTESIAN_POINT('',(52.112484124968,-137.970535941,0.));
#5989 = CIRCLE('',#5990,5.000000000001E-02);
#5990 = AXIS2_PLACEMENT_3D('',#5991,#5992,#5993);
#5991 = CARTESIAN_POINT('',(52.062484124968,-137.970535941,0.));
#5992 = DIRECTION('',(0.,0.,-1.));
#5993 = DIRECTION('',(1.421914982895E-13,1.,0.));
#5994 = ORIENTED_EDGE('',*,*,#5995,.T.);
#5995 = EDGE_CURVE('',#5987,#5996,#5998,.T.);
#5996 = VERTEX_POINT('',#5997);
#5997 = CARTESIAN_POINT('',(52.112484124968,-138.0568961137,0.));
#5998 = LINE('',#5999,#6000);
#5999 = CARTESIAN_POINT('',(52.112484124968,-137.970535941,0.));
#6000 = VECTOR('',#6001,1.);
#6001 = DIRECTION('',(0.,-1.,0.));
#6002 = ORIENTED_EDGE('',*,*,#6003,.T.);
#6003 = EDGE_CURVE('',#5996,#6004,#6006,.T.);
#6004 = VERTEX_POINT('',#6005);
#6005 = CARTESIAN_POINT('',(52.110795871948,-138.0697792463,0.));
#6006 = CIRCLE('',#6007,5.000000000012E-02);
#6007 = AXIS2_PLACEMENT_3D('',#6008,#6009,#6010);
#6008 = CARTESIAN_POINT('',(52.062484124968,-138.0568961137,0.));
#6009 = DIRECTION('',(0.,0.,-1.));
#6010 = DIRECTION('',(1.,9.275891735645E-13,0.));
#6011 = ORIENTED_EDGE('',*,*,#6012,.T.);
#6012 = EDGE_CURVE('',#6004,#6013,#6015,.T.);
#6013 = VERTEX_POINT('',#6014);
#6014 = CARTESIAN_POINT('',(52.100635851628,-138.1078793225,0.));
#6015 = LINE('',#6016,#6017);
#6016 = CARTESIAN_POINT('',(52.110795871948,-138.0697792463,0.));
#6017 = VECTOR('',#6018,1.);
#6018 = DIRECTION('',(-0.25766265056,-0.966234939601,0.));
#6019 = ORIENTED_EDGE('',*,*,#6020,.T.);
#6020 = EDGE_CURVE('',#6013,#6021,#6023,.T.);
#6021 = VERTEX_POINT('',#6022);
#6022 = CARTESIAN_POINT('',(52.087679443708,-138.130351529,0.));
#6023 = CIRCLE('',#6024,5.000000000001E-02);
#6024 = AXIS2_PLACEMENT_3D('',#6025,#6026,#6027);
#6025 = CARTESIAN_POINT('',(52.052324104648,-138.0949961899,0.));
#6026 = DIRECTION('',(0.,0.,-1.));
#6027 = DIRECTION('',(0.966234939601,-0.25766265056,0.));
#6028 = ORIENTED_EDGE('',*,*,#6029,.T.);
#6029 = EDGE_CURVE('',#6021,#6030,#6032,.T.);
#6030 = VERTEX_POINT('',#6031);
#6031 = CARTESIAN_POINT('',(52.062279392907,-138.1557515798,0.));
#6032 = LINE('',#6033,#6034);
#6033 = CARTESIAN_POINT('',(52.087679443708,-138.130351529,0.));
#6034 = VECTOR('',#6035,1.);
#6035 = DIRECTION('',(-0.707106781186,-0.707106781187,0.));
#6036 = ORIENTED_EDGE('',*,*,#6037,.T.);
#6037 = EDGE_CURVE('',#6030,#6038,#6040,.T.);
#6038 = VERTEX_POINT('',#6039);
#6039 = CARTESIAN_POINT('',(52.051872276137,-138.1637273636,0.));
#6040 = CIRCLE('',#6041,4.999999999997E-02);
#6041 = AXIS2_PLACEMENT_3D('',#6042,#6043,#6044);
#6042 = CARTESIAN_POINT('',(52.026924053848,-138.1203962407,0.));
#6043 = DIRECTION('',(0.,0.,-1.));
#6044 = DIRECTION('',(0.707106781186,-0.707106781187,0.));
#6045 = ORIENTED_EDGE('',*,*,#6046,.T.);
#6046 = EDGE_CURVE('',#6038,#6047,#6049,.T.);
#6047 = VERTEX_POINT('',#6048);
#6048 = CARTESIAN_POINT('',(51.975241505754,-138.1943796717,0.));
#6049 = CIRCLE('',#6050,0.291801277919);
#6050 = AXIS2_PLACEMENT_3D('',#6051,#6052,#6053);
#6051 = CARTESIAN_POINT('',(51.906273813221,-137.9108458233,0.));
#6052 = DIRECTION('',(0.,0.,-1.));
#6053 = DIRECTION('',(0.498964445786,-0.866622456345,0.));
#6054 = ORIENTED_EDGE('',*,*,#6055,.T.);
#6055 = EDGE_CURVE('',#6047,#6056,#6058,.T.);
#6056 = VERTEX_POINT('',#6057);
#6057 = CARTESIAN_POINT('',(51.963423926848,-138.1957962915,0.));
#6058 = CIRCLE('',#6059,5.000000000001E-02);
#6059 = AXIS2_PLACEMENT_3D('',#6060,#6061,#6062);
#6060 = CARTESIAN_POINT('',(51.963423926848,-138.1457962915,0.));
#6061 = DIRECTION('',(0.,0.,-1.));
#6062 = DIRECTION('',(0.236351578117,-0.971667603413,0.));
#6063 = ORIENTED_EDGE('',*,*,#6064,.T.);
#6064 = EDGE_CURVE('',#6056,#6065,#6067,.T.);
#6065 = VERTEX_POINT('',#6066);
#6066 = CARTESIAN_POINT('',(51.902463804928,-138.1957962915,0.));
#6067 = LINE('',#6068,#6069);
#6068 = CARTESIAN_POINT('',(51.963423926848,-138.1957962915,0.));
#6069 = VECTOR('',#6070,1.);
#6070 = DIRECTION('',(-1.,0.,0.));
#6071 = ORIENTED_EDGE('',*,*,#6072,.T.);
#6072 = EDGE_CURVE('',#6065,#6073,#6075,.T.);
#6073 = VERTEX_POINT('',#6074);
#6074 = CARTESIAN_POINT('',(51.890646226019,-138.1943796717,0.));
#6075 = CIRCLE('',#6076,4.999999999996E-02);
#6076 = AXIS2_PLACEMENT_3D('',#6077,#6078,#6079);
#6077 = CARTESIAN_POINT('',(51.902463804928,-138.1457962915,0.));
#6078 = DIRECTION('',(-0.,0.,-1.));
#6079 = DIRECTION('',(7.126729132947E-13,-1.,-0.));
#6080 = ORIENTED_EDGE('',*,*,#6081,.T.);
#6081 = EDGE_CURVE('',#6073,#6082,#6084,.T.);
#6082 = VERTEX_POINT('',#6083);
#6083 = CARTESIAN_POINT('',(51.81401545564,-138.1637273636,0.));
#6084 = CIRCLE('',#6085,0.291801278002);
#6085 = AXIS2_PLACEMENT_3D('',#6086,#6087,#6088);
#6086 = CARTESIAN_POINT('',(51.959613918586,-137.9108458232,0.));
#6087 = DIRECTION('',(0.,0.,-1.));
#6088 = DIRECTION('',(-0.236351578164,-0.971667603401,-0.));
#6089 = ORIENTED_EDGE('',*,*,#6090,.T.);
#6090 = EDGE_CURVE('',#6082,#6091,#6093,.T.);
#6091 = VERTEX_POINT('',#6092);
#6092 = CARTESIAN_POINT('',(51.803608338868,-138.1557515798,0.));
#6093 = CIRCLE('',#6094,5.00000000001E-02);
#6094 = AXIS2_PLACEMENT_3D('',#6095,#6096,#6097);
#6095 = CARTESIAN_POINT('',(51.838963677927,-138.1203962407,0.));
#6096 = DIRECTION('',(0.,0.,-1.));
#6097 = DIRECTION('',(-0.498964445745,-0.866622456369,-0.));
#6098 = ORIENTED_EDGE('',*,*,#6099,.T.);
#6099 = EDGE_CURVE('',#6091,#6100,#6102,.T.);
#6100 = VERTEX_POINT('',#6101);
#6101 = CARTESIAN_POINT('',(51.778208288068,-138.130351529,0.));
#6102 = LINE('',#6103,#6104);
#6103 = CARTESIAN_POINT('',(51.803608338868,-138.1557515798,0.));
#6104 = VECTOR('',#6105,1.);
#6105 = DIRECTION('',(-0.707106781187,0.707106781186,0.));
#6106 = ORIENTED_EDGE('',*,*,#6107,.T.);
#6107 = EDGE_CURVE('',#6100,#6108,#6110,.T.);
#6108 = VERTEX_POINT('',#6109);
#6109 = CARTESIAN_POINT('',(51.766129462225,-138.1108075782,0.));
#6110 = CIRCLE('',#6111,4.999999999999E-02);
#6111 = AXIS2_PLACEMENT_3D('',#6112,#6113,#6114);
#6112 = CARTESIAN_POINT('',(51.813563627127,-138.0949961899,0.));
#6113 = DIRECTION('',(0.,0.,-1.));
#6114 = DIRECTION('',(-0.707106781186,-0.707106781187,-0.));
#6115 = ORIENTED_EDGE('',*,*,#6116,.T.);
#6116 = EDGE_CURVE('',#6108,#6117,#6119,.T.);
#6117 = VERTEX_POINT('',#6118);
#6118 = CARTESIAN_POINT('',(51.753429436825,-138.072707502,0.));
#6119 = LINE('',#6120,#6121);
#6120 = CARTESIAN_POINT('',(51.766129462225,-138.1108075782,0.));
#6121 = VECTOR('',#6122,1.);
#6122 = DIRECTION('',(-0.316227766017,0.948683298051,0.));
#6123 = ORIENTED_EDGE('',*,*,#6124,.T.);
#6124 = EDGE_CURVE('',#6117,#5960,#6125,.T.);
#6125 = CIRCLE('',#6126,5.E-02);
#6126 = AXIS2_PLACEMENT_3D('',#6127,#6128,#6129);
#6127 = CARTESIAN_POINT('',(51.800863601727,-138.0568961137,0.));
#6128 = DIRECTION('',(0.,0.,-1.));
#6129 = DIRECTION('',(-0.94868329805,-0.316227766017,-0.));
#6130 = FACE_BOUND('',#6131,.T.);
#6131 = EDGE_LOOP('',(#6132,#6142,#6150,#6158,#6166,#6174,#6183,#6191,
    #6200,#6208));
#6132 = ORIENTED_EDGE('',*,*,#6133,.T.);
#6133 = EDGE_CURVE('',#6134,#6136,#6138,.T.);
#6134 = VERTEX_POINT('',#6135);
#6135 = CARTESIAN_POINT('',(52.012484124968,-138.05034393,0.));
#6136 = VERTEX_POINT('',#6137);
#6137 = CARTESIAN_POINT('',(52.012484124968,-138.020535941,0.));
#6138 = LINE('',#6139,#6140);
#6139 = CARTESIAN_POINT('',(52.012484124968,-138.05034393,0.));
#6140 = VECTOR('',#6141,1.);
#6141 = DIRECTION('',(0.,1.,0.));
#6142 = ORIENTED_EDGE('',*,*,#6143,.T.);
#6143 = EDGE_CURVE('',#6136,#6144,#6146,.T.);
#6144 = VERTEX_POINT('',#6145);
#6145 = CARTESIAN_POINT('',(51.850863601727,-138.020535941,0.));
#6146 = LINE('',#6147,#6148);
#6147 = CARTESIAN_POINT('',(52.012484124968,-138.020535941,0.));
#6148 = VECTOR('',#6149,1.);
#6149 = DIRECTION('',(-1.,0.,0.));
#6150 = ORIENTED_EDGE('',*,*,#6151,.T.);
#6151 = EDGE_CURVE('',#6144,#6152,#6154,.T.);
#6152 = VERTEX_POINT('',#6153);
#6153 = CARTESIAN_POINT('',(51.850863601727,-138.0487822307,0.));
#6154 = LINE('',#6155,#6156);
#6155 = CARTESIAN_POINT('',(51.850863601727,-138.020535941,0.));
#6156 = VECTOR('',#6157,1.);
#6157 = DIRECTION('',(0.,-1.,0.));
#6158 = ORIENTED_EDGE('',*,*,#6159,.T.);
#6159 = EDGE_CURVE('',#6152,#6160,#6162,.T.);
#6160 = VERTEX_POINT('',#6161);
#6161 = CARTESIAN_POINT('',(51.857265229572,-138.0679871143,0.));
#6162 = LINE('',#6163,#6164);
#6163 = CARTESIAN_POINT('',(51.850863601727,-138.0487822307,0.));
#6164 = VECTOR('',#6165,1.);
#6165 = DIRECTION('',(0.316227766017,-0.948683298051,0.));
#6166 = ORIENTED_EDGE('',*,*,#6167,.T.);
#6167 = EDGE_CURVE('',#6160,#6168,#6170,.T.);
#6168 = VERTEX_POINT('',#6169);
#6169 = CARTESIAN_POINT('',(51.869367063802,-138.0800889485,0.));
#6170 = LINE('',#6171,#6172);
#6171 = CARTESIAN_POINT('',(51.857265229572,-138.0679871143,0.));
#6172 = VECTOR('',#6173,1.);
#6173 = DIRECTION('',(0.707106781187,-0.707106781186,0.));
#6174 = ORIENTED_EDGE('',*,*,#6175,.T.);
#6175 = EDGE_CURVE('',#6168,#6176,#6178,.T.);
#6176 = VERTEX_POINT('',#6177);
#6177 = CARTESIAN_POINT('',(51.908809838824,-138.0957962915,0.));
#6178 = CIRCLE('',#6179,0.191801278002);
#6179 = AXIS2_PLACEMENT_3D('',#6180,#6181,#6182);
#6180 = CARTESIAN_POINT('',(51.959613918586,-137.9108458232,0.));
#6181 = DIRECTION('',(0.,0.,1.));
#6182 = DIRECTION('',(-0.470522697887,-0.882387891334,0.));
#6183 = ORIENTED_EDGE('',*,*,#6184,.T.);
#6184 = EDGE_CURVE('',#6176,#6185,#6187,.T.);
#6185 = VERTEX_POINT('',#6186);
#6186 = CARTESIAN_POINT('',(51.957077892953,-138.0957962915,0.));
#6187 = LINE('',#6188,#6189);
#6188 = CARTESIAN_POINT('',(51.908809838824,-138.0957962915,0.));
#6189 = VECTOR('',#6190,1.);
#6190 = DIRECTION('',(1.,-5.888306446763E-13,0.));
#6191 = ORIENTED_EDGE('',*,*,#6192,.T.);
#6192 = EDGE_CURVE('',#6185,#6193,#6195,.T.);
#6193 = VERTEX_POINT('',#6194);
#6194 = CARTESIAN_POINT('',(51.996520667973,-138.0800889485,0.));
#6195 = CIRCLE('',#6196,0.191801277919);
#6196 = AXIS2_PLACEMENT_3D('',#6197,#6198,#6199);
#6197 = CARTESIAN_POINT('',(51.906273813221,-137.9108458233,0.));
#6198 = DIRECTION('',(0.,0.,1.));
#6199 = DIRECTION('',(0.264878734299,-0.964281730676,0.));
#6200 = ORIENTED_EDGE('',*,*,#6201,.T.);
#6201 = EDGE_CURVE('',#6193,#6202,#6204,.T.);
#6202 = VERTEX_POINT('',#6203);
#6203 = CARTESIAN_POINT('',(52.007472648072,-138.0691369684,0.));
#6204 = LINE('',#6205,#6206);
#6205 = CARTESIAN_POINT('',(51.996520667973,-138.0800889485,0.));
#6206 = VECTOR('',#6207,1.);
#6207 = DIRECTION('',(0.707106781186,0.707106781187,0.));
#6208 = ORIENTED_EDGE('',*,*,#6209,.T.);
#6209 = EDGE_CURVE('',#6202,#6134,#6210,.T.);
#6210 = LINE('',#6211,#6212);
#6211 = CARTESIAN_POINT('',(52.007472648072,-138.0691369684,0.));
#6212 = VECTOR('',#6213,1.);
#6213 = DIRECTION('',(0.25766265056,0.966234939601,0.));
#6214 = PLANE('',#6215);
#6215 = AXIS2_PLACEMENT_3D('',#6216,#6217,#6218);
#6216 = CARTESIAN_POINT('',(51.932064319835,-138.0439295499,0.));
#6217 = DIRECTION('',(-0.,-0.,-1.));
#6218 = DIRECTION('',(-1.,0.,0.));
#6219 = SHELL_BASED_SURFACE_MODEL('',(#6220));
#6220 = OPEN_SHELL('',(#6221));
#6221 = ADVANCED_FACE('',(#6222),#6612,.T.);
#6222 = FACE_BOUND('',#6223,.T.);
#6223 = EDGE_LOOP('',(#6224,#6234,#6243,#6251,#6260,#6268,#6277,#6286,
    #6295,#6303,#6312,#6321,#6330,#6338,#6347,#6355,#6364,#6372,#6381,
    #6389,#6398,#6406,#6415,#6423,#6432,#6440,#6448,#6456,#6464,#6472,
    #6480,#6489,#6497,#6506,#6514,#6522,#6530,#6538,#6546,#6554,#6563,
    #6571,#6580,#6588,#6597,#6605));
#6224 = ORIENTED_EDGE('',*,*,#6225,.T.);
#6225 = EDGE_CURVE('',#6226,#6228,#6230,.T.);
#6226 = VERTEX_POINT('',#6227);
#6227 = CARTESIAN_POINT('',(54.367068834138,-138.1051562103,0.));
#6228 = VERTEX_POINT('',#6229);
#6229 = CARTESIAN_POINT('',(54.367068834138,-138.0568961137,0.));
#6230 = LINE('',#6231,#6232);
#6231 = CARTESIAN_POINT('',(54.367068834138,-138.1051562103,0.));
#6232 = VECTOR('',#6233,1.);
#6233 = DIRECTION('',(0.,1.,0.));
#6234 = ORIENTED_EDGE('',*,*,#6235,.T.);
#6235 = EDGE_CURVE('',#6228,#6236,#6238,.T.);
#6236 = VERTEX_POINT('',#6237);
#6237 = CARTESIAN_POINT('',(54.372347474588,-138.034535434,0.));
#6238 = CIRCLE('',#6239,5.000000000004E-02);
#6239 = AXIS2_PLACEMENT_3D('',#6240,#6241,#6242);
#6240 = CARTESIAN_POINT('',(54.417068834138,-138.0568961137,0.));
#6241 = DIRECTION('',(0.,0.,-1.));
#6242 = DIRECTION('',(-1.,-5.579736029872E-14,-0.));
#6243 = ORIENTED_EDGE('',*,*,#6244,.T.);
#6244 = EDGE_CURVE('',#6236,#6245,#6247,.T.);
#6245 = VERTEX_POINT('',#6246);
#6246 = CARTESIAN_POINT('',(54.385047499988,-138.0091353832,0.));
#6247 = LINE('',#6248,#6249);
#6248 = CARTESIAN_POINT('',(54.372347474588,-138.034535434,0.));
#6249 = VECTOR('',#6250,1.);
#6250 = DIRECTION('',(0.447213595501,0.894427191,0.));
#6251 = ORIENTED_EDGE('',*,*,#6252,.T.);
#6252 = EDGE_CURVE('',#6245,#6253,#6255,.T.);
#6253 = VERTEX_POINT('',#6254);
#6254 = CARTESIAN_POINT('',(54.394413520478,-137.9961407239,0.));
#6255 = CIRCLE('',#6256,4.999999999999E-02);
#6256 = AXIS2_PLACEMENT_3D('',#6257,#6258,#6259);
#6257 = CARTESIAN_POINT('',(54.429768859538,-138.0314960629,0.));
#6258 = DIRECTION('',(0.,0.,-1.));
#6259 = DIRECTION('',(-0.894427191,0.447213595499,0.));
#6260 = ORIENTED_EDGE('',*,*,#6261,.T.);
#6261 = EDGE_CURVE('',#6253,#6262,#6264,.T.);
#6262 = VERTEX_POINT('',#6263);
#6263 = CARTESIAN_POINT('',(54.419813571278,-137.9707406731,0.));
#6264 = LINE('',#6265,#6266);
#6265 = CARTESIAN_POINT('',(54.394413520478,-137.9961407239,0.));
#6266 = VECTOR('',#6267,1.);
#6267 = DIRECTION('',(0.707106781186,0.707106781187,0.));
#6268 = ORIENTED_EDGE('',*,*,#6269,.T.);
#6269 = EDGE_CURVE('',#6262,#6270,#6272,.T.);
#6270 = VERTEX_POINT('',#6271);
#6271 = CARTESIAN_POINT('',(54.430220688074,-137.9627648893,0.));
#6272 = CIRCLE('',#6273,4.999999999996E-02);
#6273 = AXIS2_PLACEMENT_3D('',#6274,#6275,#6276);
#6274 = CARTESIAN_POINT('',(54.455168910338,-138.0060960121,0.));
#6275 = DIRECTION('',(0.,0.,-1.));
#6276 = DIRECTION('',(-0.707106781187,0.707106781186,0.));
#6277 = ORIENTED_EDGE('',*,*,#6278,.T.);
#6278 = EDGE_CURVE('',#6270,#6279,#6281,.T.);
#6279 = VERTEX_POINT('',#6280);
#6280 = CARTESIAN_POINT('',(54.506851458404,-137.9321125812,0.));
#6281 = CIRCLE('',#6282,0.291801278906);
#6282 = AXIS2_PLACEMENT_3D('',#6283,#6284,#6285);
#6283 = CARTESIAN_POINT('',(54.575819151335,-138.2156464305,0.));
#6284 = DIRECTION('',(0.,0.,-1.));
#6285 = DIRECTION('',(-0.49896444528,0.866622456636,0.));
#6286 = ORIENTED_EDGE('',*,*,#6287,.T.);
#6287 = EDGE_CURVE('',#6279,#6288,#6290,.T.);
#6288 = VERTEX_POINT('',#6289);
#6289 = CARTESIAN_POINT('',(54.518669037338,-137.9306959613,0.));
#6290 = CIRCLE('',#6291,5.000000000001E-02);
#6291 = AXIS2_PLACEMENT_3D('',#6292,#6293,#6294);
#6292 = CARTESIAN_POINT('',(54.518669037338,-137.9806959613,0.));
#6293 = DIRECTION('',(0.,0.,-1.));
#6294 = DIRECTION('',(-0.236351578683,0.971667603275,0.));
#6295 = ORIENTED_EDGE('',*,*,#6296,.T.);
#6296 = EDGE_CURVE('',#6288,#6297,#6299,.T.);
#6297 = VERTEX_POINT('',#6298);
#6298 = CARTESIAN_POINT('',(54.579629159258,-137.9306959613,0.));
#6299 = LINE('',#6300,#6301);
#6300 = CARTESIAN_POINT('',(54.518669037338,-137.9306959613,0.));
#6301 = VECTOR('',#6302,1.);
#6302 = DIRECTION('',(1.,4.662344584478E-13,0.));
#6303 = ORIENTED_EDGE('',*,*,#6304,.T.);
#6304 = EDGE_CURVE('',#6297,#6305,#6307,.T.);
#6305 = VERTEX_POINT('',#6306);
#6306 = CARTESIAN_POINT('',(54.591446738166,-137.9321125812,0.));
#6307 = CIRCLE('',#6308,5.000000000004E-02);
#6308 = AXIS2_PLACEMENT_3D('',#6309,#6310,#6311);
#6309 = CARTESIAN_POINT('',(54.579629159258,-137.9806959613,0.));
#6310 = DIRECTION('',(0.,0.,-1.));
#6311 = DIRECTION('',(1.235016721707E-12,1.,0.));
#6312 = ORIENTED_EDGE('',*,*,#6313,.T.);
#6313 = EDGE_CURVE('',#6305,#6314,#6316,.T.);
#6314 = VERTEX_POINT('',#6315);
#6315 = CARTESIAN_POINT('',(54.668077508546,-137.9627648893,0.));
#6316 = CIRCLE('',#6317,0.291801277998);
#6317 = AXIS2_PLACEMENT_3D('',#6318,#6319,#6320);
#6318 = CARTESIAN_POINT('',(54.522479045602,-138.2156464296,0.));
#6319 = DIRECTION('',(0.,0.,-1.));
#6320 = DIRECTION('',(0.236351578163,0.971667603402,0.));
#6321 = ORIENTED_EDGE('',*,*,#6322,.T.);
#6322 = EDGE_CURVE('',#6314,#6323,#6325,.T.);
#6323 = VERTEX_POINT('',#6324);
#6324 = CARTESIAN_POINT('',(54.678484625318,-137.9707406731,0.));
#6325 = CIRCLE('',#6326,5.000000000003E-02);
#6326 = AXIS2_PLACEMENT_3D('',#6327,#6328,#6329);
#6327 = CARTESIAN_POINT('',(54.643129286259,-138.0060960121,0.));
#6328 = DIRECTION('',(0.,0.,-1.));
#6329 = DIRECTION('',(0.498964445747,0.866622456368,0.));
#6330 = ORIENTED_EDGE('',*,*,#6331,.T.);
#6331 = EDGE_CURVE('',#6323,#6332,#6334,.T.);
#6332 = VERTEX_POINT('',#6333);
#6333 = CARTESIAN_POINT('',(54.703884676118,-137.9961407239,0.));
#6334 = LINE('',#6335,#6336);
#6335 = CARTESIAN_POINT('',(54.678484625318,-137.9707406731,0.));
#6336 = VECTOR('',#6337,1.);
#6337 = DIRECTION('',(0.707106781186,-0.707106781187,0.));
#6338 = ORIENTED_EDGE('',*,*,#6339,.T.);
#6339 = EDGE_CURVE('',#6332,#6340,#6342,.T.);
#6340 = VERTEX_POINT('',#6341);
#6341 = CARTESIAN_POINT('',(54.714953171603,-138.0129265291,0.));
#6342 = CIRCLE('',#6343,4.999999999996E-02);
#6343 = AXIS2_PLACEMENT_3D('',#6344,#6345,#6346);
#6344 = CARTESIAN_POINT('',(54.668529337059,-138.0314960629,0.));
#6345 = DIRECTION('',(0.,0.,-1.));
#6346 = DIRECTION('',(0.707106781188,0.707106781185,0.));
#6347 = ORIENTED_EDGE('',*,*,#6348,.T.);
#6348 = EDGE_CURVE('',#6340,#6349,#6351,.T.);
#6349 = VERTEX_POINT('',#6350);
#6350 = CARTESIAN_POINT('',(54.725113191923,-138.0383265799,0.));
#6351 = LINE('',#6352,#6353);
#6352 = CARTESIAN_POINT('',(54.714953171603,-138.0129265291,0.));
#6353 = VECTOR('',#6354,1.);
#6354 = DIRECTION('',(0.371390676354,-0.928476690885,0.));
#6355 = ORIENTED_EDGE('',*,*,#6356,.T.);
#6356 = EDGE_CURVE('',#6349,#6357,#6359,.T.);
#6357 = VERTEX_POINT('',#6358);
#6358 = CARTESIAN_POINT('',(54.728689357379,-138.0568961137,0.));
#6359 = CIRCLE('',#6360,4.999999999998E-02);
#6360 = AXIS2_PLACEMENT_3D('',#6361,#6362,#6363);
#6361 = CARTESIAN_POINT('',(54.678689357379,-138.0568961137,0.));
#6362 = DIRECTION('',(0.,0.,-1.));
#6363 = DIRECTION('',(0.928476690885,0.371390676354,0.));
#6364 = ORIENTED_EDGE('',*,*,#6365,.T.);
#6365 = EDGE_CURVE('',#6357,#6366,#6368,.T.);
#6366 = VERTEX_POINT('',#6367);
#6367 = CARTESIAN_POINT('',(54.728689357379,-138.1051562103,0.));
#6368 = LINE('',#6369,#6370);
#6369 = CARTESIAN_POINT('',(54.728689357379,-138.0568961137,0.));
#6370 = VECTOR('',#6371,1.);
#6371 = DIRECTION('',(0.,-1.,0.));
#6372 = ORIENTED_EDGE('',*,*,#6373,.T.);
#6373 = EDGE_CURVE('',#6366,#6374,#6376,.T.);
#6374 = VERTEX_POINT('',#6375);
#6375 = CARTESIAN_POINT('',(54.725113191923,-138.1237257441,0.));
#6376 = CIRCLE('',#6377,4.999999999999E-02);
#6377 = AXIS2_PLACEMENT_3D('',#6378,#6379,#6380);
#6378 = CARTESIAN_POINT('',(54.678689357379,-138.1051562103,0.));
#6379 = DIRECTION('',(0.,0.,-1.));
#6380 = DIRECTION('',(1.,6.574900055869E-14,0.));
#6381 = ORIENTED_EDGE('',*,*,#6382,.T.);
#6382 = EDGE_CURVE('',#6374,#6383,#6385,.T.);
#6383 = VERTEX_POINT('',#6384);
#6384 = CARTESIAN_POINT('',(54.714953171603,-138.1491257949,0.));
#6385 = LINE('',#6386,#6387);
#6386 = CARTESIAN_POINT('',(54.725113191923,-138.1237257441,0.));
#6387 = VECTOR('',#6388,1.);
#6388 = DIRECTION('',(-0.371390676354,-0.928476690885,0.));
#6389 = ORIENTED_EDGE('',*,*,#6390,.T.);
#6390 = EDGE_CURVE('',#6383,#6391,#6393,.T.);
#6391 = VERTEX_POINT('',#6392);
#6392 = CARTESIAN_POINT('',(54.703884676118,-138.1659116001,0.));
#6393 = CIRCLE('',#6394,5.000000000002E-02);
#6394 = AXIS2_PLACEMENT_3D('',#6395,#6396,#6397);
#6395 = CARTESIAN_POINT('',(54.668529337059,-138.1305562611,0.));
#6396 = DIRECTION('',(0.,0.,-1.));
#6397 = DIRECTION('',(0.928476690885,-0.371390676354,0.));
#6398 = ORIENTED_EDGE('',*,*,#6399,.T.);
#6399 = EDGE_CURVE('',#6391,#6400,#6402,.T.);
#6400 = VERTEX_POINT('',#6401);
#6401 = CARTESIAN_POINT('',(54.678484625318,-138.1913116509,0.));
#6402 = LINE('',#6403,#6404);
#6403 = CARTESIAN_POINT('',(54.703884676118,-138.1659116001,0.));
#6404 = VECTOR('',#6405,1.);
#6405 = DIRECTION('',(-0.707106781186,-0.707106781187,0.));
#6406 = ORIENTED_EDGE('',*,*,#6407,.T.);
#6407 = EDGE_CURVE('',#6400,#6408,#6410,.T.);
#6408 = VERTEX_POINT('',#6409);
#6409 = CARTESIAN_POINT('',(54.665489966034,-138.2006776714,0.));
#6410 = CIRCLE('',#6411,4.999999999994E-02);
#6411 = AXIS2_PLACEMENT_3D('',#6412,#6413,#6414);
#6412 = CARTESIAN_POINT('',(54.643129286259,-138.1559563119,0.));
#6413 = DIRECTION('',(0.,0.,-1.));
#6414 = DIRECTION('',(0.707106781186,-0.707106781187,0.));
#6415 = ORIENTED_EDGE('',*,*,#6416,.T.);
#6416 = EDGE_CURVE('',#6408,#6417,#6419,.T.);
#6417 = VERTEX_POINT('',#6418);
#6418 = CARTESIAN_POINT('',(54.640089915233,-138.2133776968,0.));
#6419 = LINE('',#6420,#6421);
#6420 = CARTESIAN_POINT('',(54.665489966034,-138.2006776714,0.));
#6421 = VECTOR('',#6422,1.);
#6422 = DIRECTION('',(-0.894427191,-0.447213595501,0.));
#6423 = ORIENTED_EDGE('',*,*,#6424,.T.);
#6424 = EDGE_CURVE('',#6417,#6425,#6427,.T.);
#6425 = VERTEX_POINT('',#6426);
#6426 = CARTESIAN_POINT('',(54.595368555683,-138.1239349777,0.));
#6427 = CIRCLE('',#6428,5.000000000001E-02);
#6428 = AXIS2_PLACEMENT_3D('',#6429,#6430,#6431);
#6429 = CARTESIAN_POINT('',(54.617729235458,-138.1686563373,0.));
#6430 = DIRECTION('',(-0.,0.,-1.));
#6431 = DIRECTION('',(0.4472135955,-0.894427191,-0.));
#6432 = ORIENTED_EDGE('',*,*,#6433,.T.);
#6433 = EDGE_CURVE('',#6425,#6434,#6436,.T.);
#6434 = VERTEX_POINT('',#6435);
#6435 = CARTESIAN_POINT('',(54.613511328896,-138.1148635911,0.));
#6436 = LINE('',#6437,#6438);
#6437 = CARTESIAN_POINT('',(54.595368555683,-138.1239349777,0.));
#6438 = VECTOR('',#6439,1.);
#6439 = DIRECTION('',(0.894427191,0.447213595499,0.));
#6440 = ORIENTED_EDGE('',*,*,#6441,.T.);
#6441 = EDGE_CURVE('',#6434,#6442,#6444,.T.);
#6442 = VERTEX_POINT('',#6443);
#6443 = CARTESIAN_POINT('',(54.625917042352,-138.1024578777,0.));
#6444 = LINE('',#6445,#6446);
#6445 = CARTESIAN_POINT('',(54.613511328896,-138.1148635911,0.));
#6446 = VECTOR('',#6447,1.);
#6447 = DIRECTION('',(0.707106781186,0.707106781187,0.));
#6448 = ORIENTED_EDGE('',*,*,#6449,.T.);
#6449 = EDGE_CURVE('',#6442,#6450,#6452,.T.);
#6450 = VERTEX_POINT('',#6451);
#6451 = CARTESIAN_POINT('',(54.628689357379,-138.0955270901,0.));
#6452 = LINE('',#6453,#6454);
#6453 = CARTESIAN_POINT('',(54.625917042352,-138.1024578777,0.));
#6454 = VECTOR('',#6455,1.);
#6455 = DIRECTION('',(0.371390676355,0.928476690885,0.));
#6456 = ORIENTED_EDGE('',*,*,#6457,.T.);
#6457 = EDGE_CURVE('',#6450,#6458,#6460,.T.);
#6458 = VERTEX_POINT('',#6459);
#6459 = CARTESIAN_POINT('',(54.628689357379,-138.0665252339,0.));
#6460 = LINE('',#6461,#6462);
#6461 = CARTESIAN_POINT('',(54.628689357379,-138.0955270901,0.));
#6462 = VECTOR('',#6463,1.);
#6463 = DIRECTION('',(0.,1.,0.));
#6464 = ORIENTED_EDGE('',*,*,#6465,.T.);
#6465 = EDGE_CURVE('',#6458,#6466,#6468,.T.);
#6466 = VERTEX_POINT('',#6467);
#6467 = CARTESIAN_POINT('',(54.625917042352,-138.0595944464,0.));
#6468 = LINE('',#6469,#6470);
#6469 = CARTESIAN_POINT('',(54.628689357379,-138.0665252339,0.));
#6470 = VECTOR('',#6471,1.);
#6471 = DIRECTION('',(-0.371390676353,0.928476690886,0.));
#6472 = ORIENTED_EDGE('',*,*,#6473,.T.);
#6473 = EDGE_CURVE('',#6466,#6474,#6476,.T.);
#6474 = VERTEX_POINT('',#6475);
#6475 = CARTESIAN_POINT('',(54.612725900384,-138.0464033044,0.));
#6476 = LINE('',#6477,#6478);
#6477 = CARTESIAN_POINT('',(54.625917042352,-138.0595944464,0.));
#6478 = VECTOR('',#6479,1.);
#6479 = DIRECTION('',(-0.707106781186,0.707106781187,0.));
#6480 = ORIENTED_EDGE('',*,*,#6481,.T.);
#6481 = EDGE_CURVE('',#6474,#6482,#6484,.T.);
#6482 = VERTEX_POINT('',#6483);
#6483 = CARTESIAN_POINT('',(54.573283125362,-138.0306959613,0.));
#6484 = CIRCLE('',#6485,0.191801277998);
#6485 = AXIS2_PLACEMENT_3D('',#6486,#6487,#6488);
#6486 = CARTESIAN_POINT('',(54.522479045602,-138.2156464296,0.));
#6487 = DIRECTION('',(0.,0.,1.));
#6488 = DIRECTION('',(0.470522697889,0.882387891333,-0.));
#6489 = ORIENTED_EDGE('',*,*,#6490,.T.);
#6490 = EDGE_CURVE('',#6482,#6491,#6493,.T.);
#6491 = VERTEX_POINT('',#6492);
#6492 = CARTESIAN_POINT('',(54.525015071247,-138.0306959613,0.));
#6493 = LINE('',#6494,#6495);
#6494 = CARTESIAN_POINT('',(54.573283125362,-138.0306959613,0.));
#6495 = VECTOR('',#6496,1.);
#6496 = DIRECTION('',(-1.,0.,0.));
#6497 = ORIENTED_EDGE('',*,*,#6498,.T.);
#6498 = EDGE_CURVE('',#6491,#6499,#6501,.T.);
#6499 = VERTEX_POINT('',#6500);
#6500 = CARTESIAN_POINT('',(54.485572296203,-138.0464033044,0.));
#6501 = CIRCLE('',#6502,0.191801278906);
#6502 = AXIS2_PLACEMENT_3D('',#6503,#6504,#6505);
#6503 = CARTESIAN_POINT('',(54.575819151335,-138.2156464305,0.));
#6504 = DIRECTION('',(0.,0.,1.));
#6505 = DIRECTION('',(-0.264878734794,0.96428173054,0.));
#6506 = ORIENTED_EDGE('',*,*,#6507,.T.);
#6507 = EDGE_CURVE('',#6499,#6508,#6510,.T.);
#6508 = VERTEX_POINT('',#6509);
#6509 = CARTESIAN_POINT('',(54.470861580294,-138.0611140203,0.));
#6510 = LINE('',#6511,#6512);
#6511 = CARTESIAN_POINT('',(54.485572296203,-138.0464033044,0.));
#6512 = VECTOR('',#6513,1.);
#6513 = DIRECTION('',(-0.707106781186,-0.707106781187,0.));
#6514 = ORIENTED_EDGE('',*,*,#6515,.T.);
#6515 = EDGE_CURVE('',#6508,#6516,#6518,.T.);
#6516 = VERTEX_POINT('',#6517);
#6517 = CARTESIAN_POINT('',(54.467068834138,-138.0686995126,0.));
#6518 = LINE('',#6519,#6520);
#6519 = CARTESIAN_POINT('',(54.470861580294,-138.0611140203,0.));
#6520 = VECTOR('',#6521,1.);
#6521 = DIRECTION('',(-0.447213595501,-0.894427191,0.));
#6522 = ORIENTED_EDGE('',*,*,#6523,.T.);
#6523 = EDGE_CURVE('',#6516,#6524,#6526,.T.);
#6524 = VERTEX_POINT('',#6525);
#6525 = CARTESIAN_POINT('',(54.467068834138,-138.0933528114,0.));
#6526 = LINE('',#6527,#6528);
#6527 = CARTESIAN_POINT('',(54.467068834138,-138.0686995126,0.));
#6528 = VECTOR('',#6529,1.);
#6529 = DIRECTION('',(0.,-1.,0.));
#6530 = ORIENTED_EDGE('',*,*,#6531,.T.);
#6531 = EDGE_CURVE('',#6524,#6532,#6534,.T.);
#6532 = VERTEX_POINT('',#6533);
#6533 = CARTESIAN_POINT('',(54.470861580294,-138.1009383037,0.));
#6534 = LINE('',#6535,#6536);
#6535 = CARTESIAN_POINT('',(54.467068834138,-138.0933528114,0.));
#6536 = VECTOR('',#6537,1.);
#6537 = DIRECTION('',(0.447213595501,-0.894427191,0.));
#6538 = ORIENTED_EDGE('',*,*,#6539,.T.);
#6539 = EDGE_CURVE('',#6532,#6540,#6542,.T.);
#6540 = VERTEX_POINT('',#6541);
#6541 = CARTESIAN_POINT('',(54.4847868677,-138.1148635911,0.));
#6542 = LINE('',#6543,#6544);
#6543 = CARTESIAN_POINT('',(54.470861580294,-138.1009383037,0.));
#6544 = VECTOR('',#6545,1.);
#6545 = DIRECTION('',(0.707106781186,-0.707106781187,0.));
#6546 = ORIENTED_EDGE('',*,*,#6547,.T.);
#6547 = EDGE_CURVE('',#6540,#6548,#6550,.T.);
#6548 = VERTEX_POINT('',#6549);
#6549 = CARTESIAN_POINT('',(54.502929640913,-138.1239349777,0.));
#6550 = LINE('',#6551,#6552);
#6551 = CARTESIAN_POINT('',(54.4847868677,-138.1148635911,0.));
#6552 = VECTOR('',#6553,1.);
#6553 = DIRECTION('',(0.894427191001,-0.447213595499,0.));
#6554 = ORIENTED_EDGE('',*,*,#6555,.T.);
#6555 = EDGE_CURVE('',#6548,#6556,#6558,.T.);
#6556 = VERTEX_POINT('',#6557);
#6557 = CARTESIAN_POINT('',(54.458208281363,-138.2133776968,0.));
#6558 = CIRCLE('',#6559,5.000000000001E-02);
#6559 = AXIS2_PLACEMENT_3D('',#6560,#6561,#6562);
#6560 = CARTESIAN_POINT('',(54.480568961138,-138.1686563373,0.));
#6561 = DIRECTION('',(0.,0.,-1.));
#6562 = DIRECTION('',(0.4472135955,0.894427191,0.));
#6563 = ORIENTED_EDGE('',*,*,#6564,.T.);
#6564 = EDGE_CURVE('',#6556,#6565,#6567,.T.);
#6565 = VERTEX_POINT('',#6566);
#6566 = CARTESIAN_POINT('',(54.432808230563,-138.2006776714,0.));
#6567 = LINE('',#6568,#6569);
#6568 = CARTESIAN_POINT('',(54.458208281363,-138.2133776968,0.));
#6569 = VECTOR('',#6570,1.);
#6570 = DIRECTION('',(-0.894427191,0.4472135955,0.));
#6571 = ORIENTED_EDGE('',*,*,#6572,.T.);
#6572 = EDGE_CURVE('',#6565,#6573,#6575,.T.);
#6573 = VERTEX_POINT('',#6574);
#6574 = CARTESIAN_POINT('',(54.419813571278,-138.1913116509,0.));
#6575 = CIRCLE('',#6576,5.000000000005E-02);
#6576 = AXIS2_PLACEMENT_3D('',#6577,#6578,#6579);
#6577 = CARTESIAN_POINT('',(54.455168910338,-138.1559563119,0.));
#6578 = DIRECTION('',(0.,0.,-1.));
#6579 = DIRECTION('',(-0.447213595501,-0.894427190999,-0.));
#6580 = ORIENTED_EDGE('',*,*,#6581,.T.);
#6581 = EDGE_CURVE('',#6573,#6582,#6584,.T.);
#6582 = VERTEX_POINT('',#6583);
#6583 = CARTESIAN_POINT('',(54.394413520478,-138.1659116001,0.));
#6584 = LINE('',#6585,#6586);
#6585 = CARTESIAN_POINT('',(54.419813571278,-138.1913116509,0.));
#6586 = VECTOR('',#6587,1.);
#6587 = DIRECTION('',(-0.707106781186,0.707106781187,0.));
#6588 = ORIENTED_EDGE('',*,*,#6589,.T.);
#6589 = EDGE_CURVE('',#6582,#6590,#6592,.T.);
#6590 = VERTEX_POINT('',#6591);
#6591 = CARTESIAN_POINT('',(54.385047499988,-138.1529169408,0.));
#6592 = CIRCLE('',#6593,4.999999999992E-02);
#6593 = AXIS2_PLACEMENT_3D('',#6594,#6595,#6596);
#6594 = CARTESIAN_POINT('',(54.429768859538,-138.1305562611,0.));
#6595 = DIRECTION('',(0.,0.,-1.));
#6596 = DIRECTION('',(-0.707106781187,-0.707106781186,-0.));
#6597 = ORIENTED_EDGE('',*,*,#6598,.T.);
#6598 = EDGE_CURVE('',#6590,#6599,#6601,.T.);
#6599 = VERTEX_POINT('',#6600);
#6600 = CARTESIAN_POINT('',(54.372347474588,-138.12751689,0.));
#6601 = LINE('',#6602,#6603);
#6602 = CARTESIAN_POINT('',(54.385047499988,-138.1529169408,0.));
#6603 = VECTOR('',#6604,1.);
#6604 = DIRECTION('',(-0.4472135955,0.894427191,0.));
#6605 = ORIENTED_EDGE('',*,*,#6606,.T.);
#6606 = EDGE_CURVE('',#6599,#6226,#6607,.T.);
#6607 = CIRCLE('',#6608,5.000000000004E-02);
#6608 = AXIS2_PLACEMENT_3D('',#6609,#6610,#6611);
#6609 = CARTESIAN_POINT('',(54.417068834138,-138.1051562103,0.));
#6610 = DIRECTION('',(0.,0.,-1.));
#6611 = DIRECTION('',(-0.894427191,-0.4472135955,-0.));
#6612 = PLANE('',#6613);
#6613 = AXIS2_PLACEMENT_3D('',#6614,#6615,#6616);
#6614 = CARTESIAN_POINT('',(54.548554939458,-138.0798852026,0.));
#6615 = DIRECTION('',(-0.,-0.,-1.));
#6616 = DIRECTION('',(-1.,0.,0.));
#6617 = SHELL_BASED_SURFACE_MODEL('',(#6618));
#6618 = OPEN_SHELL('',(#6619));
#6619 = ADVANCED_FACE('',(#6620),#6681,.T.);
#6620 = FACE_BOUND('',#6621,.T.);
#6621 = EDGE_LOOP('',(#6622,#6632,#6640,#6649,#6657,#6666,#6674));
#6622 = ORIENTED_EDGE('',*,*,#6623,.T.);
#6623 = EDGE_CURVE('',#6624,#6626,#6628,.T.);
#6624 = VERTEX_POINT('',#6625);
#6625 = CARTESIAN_POINT('',(54.678689357379,-138.3786766573,0.));
#6626 = VERTEX_POINT('',#6627);
#6627 = CARTESIAN_POINT('',(54.467068834138,-138.3786766573,0.));
#6628 = LINE('',#6629,#6630);
#6629 = CARTESIAN_POINT('',(54.678689357379,-138.3786766573,0.));
#6630 = VECTOR('',#6631,1.);
#6631 = DIRECTION('',(-1.,0.,0.));
#6632 = ORIENTED_EDGE('',*,*,#6633,.T.);
#6633 = EDGE_CURVE('',#6626,#6634,#6636,.T.);
#6634 = VERTEX_POINT('',#6635);
#6635 = CARTESIAN_POINT('',(54.467068834138,-138.478536957,0.));
#6636 = LINE('',#6637,#6638);
#6637 = CARTESIAN_POINT('',(54.467068834138,-138.3786766573,0.));
#6638 = VECTOR('',#6639,1.);
#6639 = DIRECTION('',(0.,-1.,0.));
#6640 = ORIENTED_EDGE('',*,*,#6641,.T.);
#6641 = EDGE_CURVE('',#6634,#6642,#6644,.T.);
#6642 = VERTEX_POINT('',#6643);
#6643 = CARTESIAN_POINT('',(54.367068834138,-138.478536957,0.));
#6644 = CIRCLE('',#6645,5.E-02);
#6645 = AXIS2_PLACEMENT_3D('',#6646,#6647,#6648);
#6646 = CARTESIAN_POINT('',(54.417068834138,-138.478536957,0.));
#6647 = DIRECTION('',(-0.,0.,-1.));
#6648 = DIRECTION('',(1.,-1.110223024625E-16,-0.));
#6649 = ORIENTED_EDGE('',*,*,#6650,.T.);
#6650 = EDGE_CURVE('',#6642,#6651,#6653,.T.);
#6651 = VERTEX_POINT('',#6652);
#6652 = CARTESIAN_POINT('',(54.367068834138,-138.3286766573,0.));
#6653 = LINE('',#6654,#6655);
#6654 = CARTESIAN_POINT('',(54.367068834138,-138.478536957,0.));
#6655 = VECTOR('',#6656,1.);
#6656 = DIRECTION('',(0.,1.,0.));
#6657 = ORIENTED_EDGE('',*,*,#6658,.T.);
#6658 = EDGE_CURVE('',#6651,#6659,#6661,.T.);
#6659 = VERTEX_POINT('',#6660);
#6660 = CARTESIAN_POINT('',(54.417068834138,-138.2786766573,0.));
#6661 = CIRCLE('',#6662,5.000000000001E-02);
#6662 = AXIS2_PLACEMENT_3D('',#6663,#6664,#6665);
#6663 = CARTESIAN_POINT('',(54.417068834138,-138.3286766573,0.));
#6664 = DIRECTION('',(0.,0.,-1.));
#6665 = DIRECTION('',(-1.,-1.419952367322E-13,-0.));
#6666 = ORIENTED_EDGE('',*,*,#6667,.T.);
#6667 = EDGE_CURVE('',#6659,#6668,#6670,.T.);
#6668 = VERTEX_POINT('',#6669);
#6669 = CARTESIAN_POINT('',(54.678689357379,-138.2786766573,0.));
#6670 = LINE('',#6671,#6672);
#6671 = CARTESIAN_POINT('',(54.417068834138,-138.2786766573,0.));
#6672 = VECTOR('',#6673,1.);
#6673 = DIRECTION('',(1.,-1.086371553665E-13,0.));
#6674 = ORIENTED_EDGE('',*,*,#6675,.T.);
#6675 = EDGE_CURVE('',#6668,#6624,#6676,.T.);
#6676 = CIRCLE('',#6677,5.E-02);
#6677 = AXIS2_PLACEMENT_3D('',#6678,#6679,#6680);
#6678 = CARTESIAN_POINT('',(54.678689357379,-138.3286766573,0.));
#6679 = DIRECTION('',(0.,0.,-1.));
#6680 = DIRECTION('',(1.110223024625E-16,1.,0.));
#6681 = PLANE('',#6682);
#6682 = AXIS2_PLACEMENT_3D('',#6683,#6684,#6685);
#6683 = CARTESIAN_POINT('',(54.513246356676,-138.3678390947,0.));
#6684 = DIRECTION('',(-0.,-0.,-1.));
#6685 = DIRECTION('',(-1.,0.,0.));
#6686 = SHELL_BASED_SURFACE_MODEL('',(#6687));
#6687 = OPEN_SHELL('',(#6688));
#6688 = ADVANCED_FACE('',(#6689),#6791,.T.);
#6689 = FACE_BOUND('',#6690,.T.);
#6690 = EDGE_LOOP('',(#6691,#6701,#6709,#6718,#6726,#6734,#6743,#6751,
    #6759,#6768,#6776,#6784));
#6691 = ORIENTED_EDGE('',*,*,#6692,.T.);
#6692 = EDGE_CURVE('',#6693,#6695,#6697,.T.);
#6693 = VERTEX_POINT('',#6694);
#6694 = CARTESIAN_POINT('',(54.650861346701,-137.8622160051,0.));
#6695 = VERTEX_POINT('',#6696);
#6696 = CARTESIAN_POINT('',(54.547879095758,-137.7932278952,0.));
#6697 = LINE('',#6698,#6699);
#6698 = CARTESIAN_POINT('',(54.650861346701,-137.8622160051,0.));
#6699 = VECTOR('',#6700,1.);
#6700 = DIRECTION('',(-0.830807275301,0.556560213551,0.));
#6701 = ORIENTED_EDGE('',*,*,#6702,.T.);
#6702 = EDGE_CURVE('',#6695,#6703,#6705,.T.);
#6703 = VERTEX_POINT('',#6704);
#6704 = CARTESIAN_POINT('',(54.444896844815,-137.8622160051,0.));
#6705 = LINE('',#6706,#6707);
#6706 = CARTESIAN_POINT('',(54.547879095758,-137.7932278952,0.));
#6707 = VECTOR('',#6708,1.);
#6708 = DIRECTION('',(-0.830807275301,-0.556560213551,0.));
#6709 = ORIENTED_EDGE('',*,*,#6710,.T.);
#6710 = EDGE_CURVE('',#6703,#6711,#6713,.T.);
#6711 = VERTEX_POINT('',#6712);
#6712 = CARTESIAN_POINT('',(54.38924082346,-137.7791352775,0.));
#6713 = CIRCLE('',#6714,4.999999999999E-02);
#6714 = AXIS2_PLACEMENT_3D('',#6715,#6716,#6717);
#6715 = CARTESIAN_POINT('',(54.417068834138,-137.8206756413,0.));
#6716 = DIRECTION('',(-0.,0.,-1.));
#6717 = DIRECTION('',(0.556560213551,-0.830807275301,-0.));
#6718 = ORIENTED_EDGE('',*,*,#6719,.T.);
#6719 = EDGE_CURVE('',#6711,#6720,#6722,.T.);
#6720 = VERTEX_POINT('',#6721);
#6721 = CARTESIAN_POINT('',(54.458041556562,-137.733045466,0.));
#6722 = LINE('',#6723,#6724);
#6723 = CARTESIAN_POINT('',(54.38924082346,-137.7791352775,0.));
#6724 = VECTOR('',#6725,1.);
#6725 = DIRECTION('',(0.8308072753,0.556560213551,0.));
#6726 = ORIENTED_EDGE('',*,*,#6727,.T.);
#6727 = EDGE_CURVE('',#6720,#6728,#6730,.T.);
#6728 = VERTEX_POINT('',#6729);
#6729 = CARTESIAN_POINT('',(54.38924082346,-137.6869556545,0.));
#6730 = LINE('',#6731,#6732);
#6731 = CARTESIAN_POINT('',(54.458041556562,-137.733045466,0.));
#6732 = VECTOR('',#6733,1.);
#6733 = DIRECTION('',(-0.830807275301,0.556560213551,0.));
#6734 = ORIENTED_EDGE('',*,*,#6735,.T.);
#6735 = EDGE_CURVE('',#6728,#6736,#6738,.T.);
#6736 = VERTEX_POINT('',#6737);
#6737 = CARTESIAN_POINT('',(54.444896844815,-137.603874927,0.));
#6738 = CIRCLE('',#6739,4.999999999999E-02);
#6739 = AXIS2_PLACEMENT_3D('',#6740,#6741,#6742);
#6740 = CARTESIAN_POINT('',(54.417068834138,-137.6454152908,0.));
#6741 = DIRECTION('',(0.,0.,-1.));
#6742 = DIRECTION('',(-0.556560213551,-0.830807275301,-0.));
#6743 = ORIENTED_EDGE('',*,*,#6744,.T.);
#6744 = EDGE_CURVE('',#6736,#6745,#6747,.T.);
#6745 = VERTEX_POINT('',#6746);
#6746 = CARTESIAN_POINT('',(54.547879095758,-137.6728630369,0.));
#6747 = LINE('',#6748,#6749);
#6748 = CARTESIAN_POINT('',(54.444896844815,-137.603874927,0.));
#6749 = VECTOR('',#6750,1.);
#6750 = DIRECTION('',(0.830807275301,-0.556560213551,0.));
#6751 = ORIENTED_EDGE('',*,*,#6752,.T.);
#6752 = EDGE_CURVE('',#6745,#6753,#6755,.T.);
#6753 = VERTEX_POINT('',#6754);
#6754 = CARTESIAN_POINT('',(54.650861346701,-137.603874927,0.));
#6755 = LINE('',#6756,#6757);
#6756 = CARTESIAN_POINT('',(54.547879095758,-137.6728630369,0.));
#6757 = VECTOR('',#6758,1.);
#6758 = DIRECTION('',(0.830807275301,0.556560213551,0.));
#6759 = ORIENTED_EDGE('',*,*,#6760,.T.);
#6760 = EDGE_CURVE('',#6753,#6761,#6763,.T.);
#6761 = VERTEX_POINT('',#6762);
#6762 = CARTESIAN_POINT('',(54.706517368056,-137.6869556545,0.));
#6763 = CIRCLE('',#6764,4.999999999999E-02);
#6764 = AXIS2_PLACEMENT_3D('',#6765,#6766,#6767);
#6765 = CARTESIAN_POINT('',(54.678689357379,-137.6454152908,0.));
#6766 = DIRECTION('',(0.,0.,-1.));
#6767 = DIRECTION('',(-0.556560213551,0.830807275301,0.));
#6768 = ORIENTED_EDGE('',*,*,#6769,.T.);
#6769 = EDGE_CURVE('',#6761,#6770,#6772,.T.);
#6770 = VERTEX_POINT('',#6771);
#6771 = CARTESIAN_POINT('',(54.637716634955,-137.733045466,0.));
#6772 = LINE('',#6773,#6774);
#6773 = CARTESIAN_POINT('',(54.706517368056,-137.6869556545,0.));
#6774 = VECTOR('',#6775,1.);
#6775 = DIRECTION('',(-0.830807275301,-0.556560213551,0.));
#6776 = ORIENTED_EDGE('',*,*,#6777,.T.);
#6777 = EDGE_CURVE('',#6770,#6778,#6780,.T.);
#6778 = VERTEX_POINT('',#6779);
#6779 = CARTESIAN_POINT('',(54.706517368056,-137.7791352775,0.));
#6780 = LINE('',#6781,#6782);
#6781 = CARTESIAN_POINT('',(54.637716634955,-137.733045466,0.));
#6782 = VECTOR('',#6783,1.);
#6783 = DIRECTION('',(0.8308072753,-0.556560213551,0.));
#6784 = ORIENTED_EDGE('',*,*,#6785,.T.);
#6785 = EDGE_CURVE('',#6778,#6693,#6786,.T.);
#6786 = CIRCLE('',#6787,4.999999999999E-02);
#6787 = AXIS2_PLACEMENT_3D('',#6788,#6789,#6790);
#6788 = CARTESIAN_POINT('',(54.678689357379,-137.8206756413,0.));
#6789 = DIRECTION('',(0.,0.,-1.));
#6790 = DIRECTION('',(0.556560213551,0.830807275301,0.));
#6791 = PLANE('',#6792);
#6792 = AXIS2_PLACEMENT_3D('',#6793,#6794,#6795);
#6793 = CARTESIAN_POINT('',(54.547879095758,-137.733045466,0.));
#6794 = DIRECTION('',(-0.,-0.,-1.));
#6795 = DIRECTION('',(-1.,0.,0.));
#6796 = SHELL_BASED_SURFACE_MODEL('',(#6797));
#6797 = OPEN_SHELL('',(#6798));
#6798 = ADVANCED_FACE('',(#6799),#6876,.T.);
#6799 = FACE_BOUND('',#6800,.T.);
#6800 = EDGE_LOOP('',(#6801,#6811,#6819,#6828,#6836,#6844,#6853,#6861,
    #6869));
#6801 = ORIENTED_EDGE('',*,*,#6802,.T.);
#6802 = EDGE_CURVE('',#6803,#6805,#6807,.T.);
#6803 = VERTEX_POINT('',#6804);
#6804 = CARTESIAN_POINT('',(56.71769531759,-144.9686611818,0.));
#6805 = VERTEX_POINT('',#6806);
#6806 = CARTESIAN_POINT('',(56.645077824896,-145.0269240538,0.));
#6807 = LINE('',#6808,#6809);
#6808 = CARTESIAN_POINT('',(56.71769531759,-144.9686611818,0.));
#6809 = VECTOR('',#6810,1.);
#6810 = DIRECTION('',(-0.779983189835,-0.625800466263,0.));
#6811 = ORIENTED_EDGE('',*,*,#6812,.T.);
#6812 = EDGE_CURVE('',#6805,#6813,#6815,.T.);
#6813 = VERTEX_POINT('',#6814);
#6814 = CARTESIAN_POINT('',(56.71769531759,-145.0851869258,0.));
#6815 = LINE('',#6816,#6817);
#6816 = CARTESIAN_POINT('',(56.645077824896,-145.0269240538,0.));
#6817 = VECTOR('',#6818,1.);
#6818 = DIRECTION('',(0.779983189835,-0.625800466263,0.));
#6819 = ORIENTED_EDGE('',*,*,#6820,.T.);
#6820 = EDGE_CURVE('',#6813,#6821,#6823,.T.);
#6821 = VERTEX_POINT('',#6822);
#6822 = CARTESIAN_POINT('',(56.529955177711,-145.3191818828,0.));
#6823 = CIRCLE('',#6824,0.15);
#6824 = AXIS2_PLACEMENT_3D('',#6825,#6826,#6827);
#6825 = CARTESIAN_POINT('',(56.623825247651,-145.2021844043,0.));
#6826 = DIRECTION('',(0.,0.,-1.));
#6827 = DIRECTION('',(0.625800466263,0.779983189835,0.));
#6828 = ORIENTED_EDGE('',*,*,#6829,.T.);
#6829 = EDGE_CURVE('',#6821,#6830,#6832,.T.);
#6830 = VERTEX_POINT('',#6831);
#6831 = CARTESIAN_POINT('',(56.352648318383,-145.1769240538,0.));
#6832 = LINE('',#6833,#6834);
#6833 = CARTESIAN_POINT('',(56.529955177711,-145.3191818828,0.));
#6834 = VECTOR('',#6835,1.);
#6835 = DIRECTION('',(-0.779983189835,0.625800466263,0.));
#6836 = ORIENTED_EDGE('',*,*,#6837,.T.);
#6837 = EDGE_CURVE('',#6830,#6838,#6840,.T.);
#6838 = VERTEX_POINT('',#6839);
#6839 = CARTESIAN_POINT('',(56.164084328169,-145.1769240538,0.));
#6840 = LINE('',#6841,#6842);
#6841 = CARTESIAN_POINT('',(56.352648318383,-145.1769240538,0.));
#6842 = VECTOR('',#6843,1.);
#6843 = DIRECTION('',(-1.,0.,0.));
#6844 = ORIENTED_EDGE('',*,*,#6845,.T.);
#6845 = EDGE_CURVE('',#6838,#6846,#6848,.T.);
#6846 = VERTEX_POINT('',#6847);
#6847 = CARTESIAN_POINT('',(56.164084328169,-144.8769240538,0.));
#6848 = CIRCLE('',#6849,0.15);
#6849 = AXIS2_PLACEMENT_3D('',#6850,#6851,#6852);
#6850 = CARTESIAN_POINT('',(56.164084328169,-145.0269240538,0.));
#6851 = DIRECTION('',(0.,0.,-1.));
#6852 = DIRECTION('',(-1.110223024625E-16,-1.,-0.));
#6853 = ORIENTED_EDGE('',*,*,#6854,.T.);
#6854 = EDGE_CURVE('',#6846,#6855,#6857,.T.);
#6855 = VERTEX_POINT('',#6856);
#6856 = CARTESIAN_POINT('',(56.352648318383,-144.8769240538,0.));
#6857 = LINE('',#6858,#6859);
#6858 = CARTESIAN_POINT('',(56.164084328169,-144.8769240538,0.));
#6859 = VECTOR('',#6860,1.);
#6860 = DIRECTION('',(1.,-1.507271319308E-13,0.));
#6861 = ORIENTED_EDGE('',*,*,#6862,.T.);
#6862 = EDGE_CURVE('',#6855,#6863,#6865,.T.);
#6863 = VERTEX_POINT('',#6864);
#6864 = CARTESIAN_POINT('',(56.529955177711,-144.7346662248,0.));
#6865 = LINE('',#6866,#6867);
#6866 = CARTESIAN_POINT('',(56.352648318383,-144.8769240538,0.));
#6867 = VECTOR('',#6868,1.);
#6868 = DIRECTION('',(0.779983189835,0.625800466263,0.));
#6869 = ORIENTED_EDGE('',*,*,#6870,.T.);
#6870 = EDGE_CURVE('',#6863,#6803,#6871,.T.);
#6871 = CIRCLE('',#6872,0.15);
#6872 = AXIS2_PLACEMENT_3D('',#6873,#6874,#6875);
#6873 = CARTESIAN_POINT('',(56.623825247651,-144.8516637033,0.));
#6874 = DIRECTION('',(0.,0.,-1.));
#6875 = DIRECTION('',(-0.625800466263,0.779983189835,0.));
#6876 = PLANE('',#6877);
#6877 = AXIS2_PLACEMENT_3D('',#6878,#6879,#6880);
#6878 = CARTESIAN_POINT('',(56.456952353579,-145.0269240538,0.));
#6879 = DIRECTION('',(-0.,-0.,-1.));
#6880 = DIRECTION('',(-1.,0.,0.));
#6881 = SHELL_BASED_SURFACE_MODEL('',(#6882));
#6882 = OPEN_SHELL('',(#6883));
#6883 = ADVANCED_FACE('',(#6884),#6953,.T.);
#6884 = FACE_BOUND('',#6885,.T.);
#6885 = EDGE_LOOP('',(#6886,#6896,#6905,#6913,#6922,#6930,#6938,#6946));
#6886 = ORIENTED_EDGE('',*,*,#6887,.T.);
#6887 = EDGE_CURVE('',#6888,#6890,#6892,.T.);
#6888 = VERTEX_POINT('',#6889);
#6889 = CARTESIAN_POINT('',(56.796978896097,-138.2361963154,0.));
#6890 = VERTEX_POINT('',#6891);
#6891 = CARTESIAN_POINT('',(57.058599419338,-138.3352565135,0.));
#6892 = LINE('',#6893,#6894);
#6893 = CARTESIAN_POINT('',(56.796978896097,-138.2361963154,0.));
#6894 = VECTOR('',#6895,1.);
#6895 = DIRECTION('',(0.935205009024,-0.35410675099,0.));
#6896 = ORIENTED_EDGE('',*,*,#6897,.T.);
#6897 = EDGE_CURVE('',#6890,#6898,#6900,.T.);
#6898 = VERTEX_POINT('',#6899);
#6899 = CARTESIAN_POINT('',(57.058994555823,-138.4286254846,0.));
#6900 = CIRCLE('',#6901,4.999999999998E-02);
#6901 = AXIS2_PLACEMENT_3D('',#6902,#6903,#6904);
#6902 = CARTESIAN_POINT('',(57.040894081788,-138.382016764,0.));
#6903 = DIRECTION('',(0.,0.,-1.));
#6904 = DIRECTION('',(0.35410675099,0.935205009024,0.));
#6905 = ORIENTED_EDGE('',*,*,#6906,.T.);
#6906 = EDGE_CURVE('',#6898,#6907,#6909,.T.);
#6907 = VERTEX_POINT('',#6908);
#6908 = CARTESIAN_POINT('',(56.797374032582,-138.5302256878,0.));
#6909 = LINE('',#6910,#6911);
#6910 = CARTESIAN_POINT('',(57.058994555823,-138.4286254846,0.));
#6911 = VECTOR('',#6912,1.);
#6912 = DIRECTION('',(-0.932174412802,-0.3620094807,0.));
#6913 = ORIENTED_EDGE('',*,*,#6914,.T.);
#6914 = EDGE_CURVE('',#6907,#6915,#6917,.T.);
#6915 = VERTEX_POINT('',#6916);
#6916 = CARTESIAN_POINT('',(56.761173084512,-138.4370082465,0.));
#6917 = CIRCLE('',#6918,4.999999999999E-02);
#6918 = AXIS2_PLACEMENT_3D('',#6919,#6920,#6921);
#6919 = CARTESIAN_POINT('',(56.779273558547,-138.4836169672,0.));
#6920 = DIRECTION('',(-0.,0.,-1.));
#6921 = DIRECTION('',(0.3620094807,-0.932174412802,-0.));
#6922 = ORIENTED_EDGE('',*,*,#6923,.T.);
#6923 = EDGE_CURVE('',#6915,#6924,#6926,.T.);
#6924 = VERTEX_POINT('',#6925);
#6925 = CARTESIAN_POINT('',(56.818173736347,-138.4148720711,0.));
#6926 = LINE('',#6927,#6928);
#6927 = CARTESIAN_POINT('',(56.761173084512,-138.4370082465,0.));
#6928 = VECTOR('',#6929,1.);
#6929 = DIRECTION('',(0.932174412802,0.3620094807,0.));
#6930 = ORIENTED_EDGE('',*,*,#6931,.T.);
#6931 = EDGE_CURVE('',#6924,#6932,#6934,.T.);
#6932 = VERTEX_POINT('',#6933);
#6933 = CARTESIAN_POINT('',(56.818173736347,-138.3511499726,0.));
#6934 = LINE('',#6935,#6936);
#6935 = CARTESIAN_POINT('',(56.818173736347,-138.4148720711,0.));
#6936 = VECTOR('',#6937,1.);
#6937 = DIRECTION('',(0.,1.,0.));
#6938 = ORIENTED_EDGE('',*,*,#6939,.T.);
#6939 = EDGE_CURVE('',#6932,#6940,#6942,.T.);
#6940 = VERTEX_POINT('',#6941);
#6941 = CARTESIAN_POINT('',(56.761568220998,-138.3297168163,0.));
#6942 = LINE('',#6943,#6944);
#6943 = CARTESIAN_POINT('',(56.818173736347,-138.3511499726,0.));
#6944 = VECTOR('',#6945,1.);
#6945 = DIRECTION('',(-0.935205009024,0.35410675099,0.));
#6946 = ORIENTED_EDGE('',*,*,#6947,.T.);
#6947 = EDGE_CURVE('',#6940,#6888,#6948,.T.);
#6948 = CIRCLE('',#6949,5.E-02);
#6949 = AXIS2_PLACEMENT_3D('',#6950,#6951,#6952);
#6950 = CARTESIAN_POINT('',(56.779273558547,-138.2829565659,0.));
#6951 = DIRECTION('',(0.,0.,-1.));
#6952 = DIRECTION('',(-0.35410675099,-0.935205009024,-0.));
#6953 = PLANE('',#6954);
#6954 = AXIS2_PLACEMENT_3D('',#6955,#6956,#6957);
#6955 = CARTESIAN_POINT('',(56.877275938888,-138.3829030284,0.));
#6956 = DIRECTION('',(-0.,-0.,-1.));
#6957 = DIRECTION('',(-1.,0.,0.));
#6958 = SHELL_BASED_SURFACE_MODEL('',(#6959));
#6959 = OPEN_SHELL('',(#6960));
#6960 = ADVANCED_FACE('',(#6961,#7135),#7219,.T.);
#6961 = FACE_BOUND('',#6962,.T.);
#6962 = EDGE_LOOP('',(#6963,#6973,#6982,#6990,#6999,#7007,#7016,#7024,
    #7033,#7041,#7050,#7059,#7068,#7076,#7085,#7094,#7103,#7111,#7120,
    #7128));
#6963 = ORIENTED_EDGE('',*,*,#6964,.T.);
#6964 = EDGE_CURVE('',#6965,#6967,#6969,.T.);
#6965 = VERTEX_POINT('',#6966);
#6966 = CARTESIAN_POINT('',(56.729273558547,-138.034036068,0.));
#6967 = VERTEX_POINT('',#6968);
#6968 = CARTESIAN_POINT('',(56.729273558547,-137.9476758953,0.));
#6969 = LINE('',#6970,#6971);
#6970 = CARTESIAN_POINT('',(56.729273558547,-138.034036068,0.));
#6971 = VECTOR('',#6972,1.);
#6972 = DIRECTION('',(0.,1.,0.));
#6973 = ORIENTED_EDGE('',*,*,#6974,.T.);
#6974 = EDGE_CURVE('',#6967,#6975,#6977,.T.);
#6975 = VERTEX_POINT('',#6976);
#6976 = CARTESIAN_POINT('',(56.779273558547,-137.8976758953,0.));
#6977 = CIRCLE('',#6978,5.000000000001E-02);
#6978 = AXIS2_PLACEMENT_3D('',#6979,#6980,#6981);
#6979 = CARTESIAN_POINT('',(56.779273558547,-137.9476758953,0.));
#6980 = DIRECTION('',(0.,0.,-1.));
#6981 = DIRECTION('',(-1.,-1.419952367322E-13,-0.));
#6982 = ORIENTED_EDGE('',*,*,#6983,.T.);
#6983 = EDGE_CURVE('',#6975,#6984,#6986,.T.);
#6984 = VERTEX_POINT('',#6985);
#6985 = CARTESIAN_POINT('',(57.040894081788,-137.8976758953,0.));
#6986 = LINE('',#6987,#6988);
#6987 = CARTESIAN_POINT('',(56.779273558547,-137.8976758953,0.));
#6988 = VECTOR('',#6989,1.);
#6989 = DIRECTION('',(1.,0.,0.));
#6990 = ORIENTED_EDGE('',*,*,#6991,.T.);
#6991 = EDGE_CURVE('',#6984,#6992,#6994,.T.);
#6992 = VERTEX_POINT('',#6993);
#6993 = CARTESIAN_POINT('',(57.090894081788,-137.9476758953,0.));
#6994 = CIRCLE('',#6995,5.000000000001E-02);
#6995 = AXIS2_PLACEMENT_3D('',#6996,#6997,#6998);
#6996 = CARTESIAN_POINT('',(57.040894081788,-137.9476758953,0.));
#6997 = DIRECTION('',(0.,0.,-1.));
#6998 = DIRECTION('',(1.421914982895E-13,1.,0.));
#6999 = ORIENTED_EDGE('',*,*,#7000,.T.);
#7000 = EDGE_CURVE('',#6992,#7001,#7003,.T.);
#7001 = VERTEX_POINT('',#7002);
#7002 = CARTESIAN_POINT('',(57.090894081788,-138.034036068,0.));
#7003 = LINE('',#7004,#7005);
#7004 = CARTESIAN_POINT('',(57.090894081788,-137.9476758953,0.));
#7005 = VECTOR('',#7006,1.);
#7006 = DIRECTION('',(1.645533382757E-13,-1.,0.));
#7007 = ORIENTED_EDGE('',*,*,#7008,.T.);
#7008 = EDGE_CURVE('',#7001,#7009,#7011,.T.);
#7009 = VERTEX_POINT('',#7010);
#7010 = CARTESIAN_POINT('',(57.089205828768,-138.0469192006,0.));
#7011 = CIRCLE('',#7012,5.000000000014E-02);
#7012 = AXIS2_PLACEMENT_3D('',#7013,#7014,#7015);
#7013 = CARTESIAN_POINT('',(57.040894081788,-138.034036068,0.));
#7014 = DIRECTION('',(0.,0.,-1.));
#7015 = DIRECTION('',(1.,-7.149088736848E-13,0.));
#7016 = ORIENTED_EDGE('',*,*,#7017,.T.);
#7017 = EDGE_CURVE('',#7009,#7018,#7020,.T.);
#7018 = VERTEX_POINT('',#7019);
#7019 = CARTESIAN_POINT('',(57.079045808448,-138.0850192768,0.));
#7020 = LINE('',#7021,#7022);
#7021 = CARTESIAN_POINT('',(57.089205828768,-138.0469192006,0.));
#7022 = VECTOR('',#7023,1.);
#7023 = DIRECTION('',(-0.25766265056,-0.966234939601,0.));
#7024 = ORIENTED_EDGE('',*,*,#7025,.T.);
#7025 = EDGE_CURVE('',#7018,#7026,#7028,.T.);
#7026 = VERTEX_POINT('',#7027);
#7027 = CARTESIAN_POINT('',(57.066089400527,-138.1074914833,0.));
#7028 = CIRCLE('',#7029,5.000000000002E-02);
#7029 = AXIS2_PLACEMENT_3D('',#7030,#7031,#7032);
#7030 = CARTESIAN_POINT('',(57.030734061468,-138.0721361442,0.));
#7031 = DIRECTION('',(0.,0.,-1.));
#7032 = DIRECTION('',(0.966234939601,-0.25766265056,0.));
#7033 = ORIENTED_EDGE('',*,*,#7034,.T.);
#7034 = EDGE_CURVE('',#7026,#7035,#7037,.T.);
#7035 = VERTEX_POINT('',#7036);
#7036 = CARTESIAN_POINT('',(57.040689349727,-138.1328915341,0.));
#7037 = LINE('',#7038,#7039);
#7038 = CARTESIAN_POINT('',(57.066089400527,-138.1074914833,0.));
#7039 = VECTOR('',#7040,1.);
#7040 = DIRECTION('',(-0.707106781187,-0.707106781187,0.));
#7041 = ORIENTED_EDGE('',*,*,#7042,.T.);
#7042 = EDGE_CURVE('',#7035,#7043,#7045,.T.);
#7043 = VERTEX_POINT('',#7044);
#7044 = CARTESIAN_POINT('',(57.030282232909,-138.1408673179,0.));
#7045 = CIRCLE('',#7046,5.000000000003E-02);
#7046 = AXIS2_PLACEMENT_3D('',#7047,#7048,#7049);
#7047 = CARTESIAN_POINT('',(57.005334010668,-138.097536195,0.));
#7048 = DIRECTION('',(0.,0.,-1.));
#7049 = DIRECTION('',(0.707106781186,-0.707106781187,0.));
#7050 = ORIENTED_EDGE('',*,*,#7051,.T.);
#7051 = EDGE_CURVE('',#7043,#7052,#7054,.T.);
#7052 = VERTEX_POINT('',#7053);
#7053 = CARTESIAN_POINT('',(56.953651462628,-138.171519626,0.));
#7054 = CIRCLE('',#7055,0.291801279814);
#7055 = AXIS2_PLACEMENT_3D('',#7056,#7057,#7058);
#7056 = CARTESIAN_POINT('',(56.88468376933,-137.8879857758,0.));
#7057 = DIRECTION('',(0.,0.,-1.));
#7058 = DIRECTION('',(0.498964444815,-0.866622456904,0.));
#7059 = ORIENTED_EDGE('',*,*,#7060,.T.);
#7060 = EDGE_CURVE('',#7052,#7061,#7063,.T.);
#7061 = VERTEX_POINT('',#7062);
#7062 = CARTESIAN_POINT('',(56.941833883668,-138.1729362458,0.));
#7063 = CIRCLE('',#7064,5.000000000001E-02);
#7064 = AXIS2_PLACEMENT_3D('',#7065,#7066,#7067);
#7065 = CARTESIAN_POINT('',(56.941833883668,-138.1229362458,0.));
#7066 = DIRECTION('',(0.,0.,-1.));
#7067 = DIRECTION('',(0.236351579206,-0.971667603148,0.));
#7068 = ORIENTED_EDGE('',*,*,#7069,.T.);
#7069 = EDGE_CURVE('',#7061,#7070,#7072,.T.);
#7070 = VERTEX_POINT('',#7071);
#7071 = CARTESIAN_POINT('',(56.880873761748,-138.1729362458,0.));
#7072 = LINE('',#7073,#7074);
#7073 = CARTESIAN_POINT('',(56.941833883668,-138.1729362458,0.));
#7074 = VECTOR('',#7075,1.);
#7075 = DIRECTION('',(-1.,0.,0.));
#7076 = ORIENTED_EDGE('',*,*,#7077,.T.);
#7077 = EDGE_CURVE('',#7070,#7078,#7080,.T.);
#7078 = VERTEX_POINT('',#7079);
#7079 = CARTESIAN_POINT('',(56.869056182692,-138.171519626,0.));
#7080 = CIRCLE('',#7081,5.000000000004E-02);
#7081 = AXIS2_PLACEMENT_3D('',#7082,#7083,#7084);
#7082 = CARTESIAN_POINT('',(56.880873761748,-138.1229362458,0.));
#7083 = DIRECTION('',(0.,0.,-1.));
#7084 = DIRECTION('',(-2.99011811473E-12,-1.,-0.));
#7085 = ORIENTED_EDGE('',*,*,#7086,.T.);
#7086 = EDGE_CURVE('',#7078,#7087,#7089,.T.);
#7087 = VERTEX_POINT('',#7088);
#7088 = CARTESIAN_POINT('',(56.792425412592,-138.1408673179,0.));
#7089 = CIRCLE('',#7090,0.291801283144);
#7090 = AXIS2_PLACEMENT_3D('',#7091,#7092,#7093);
#7091 = CARTESIAN_POINT('',(56.938023877335,-137.8879857727,0.));
#7092 = DIRECTION('',(0.,0.,-1.));
#7093 = DIRECTION('',(-0.236351581117,-0.971667602683,-0.));
#7094 = ORIENTED_EDGE('',*,*,#7095,.T.);
#7095 = EDGE_CURVE('',#7087,#7096,#7098,.T.);
#7096 = VERTEX_POINT('',#7097);
#7097 = CARTESIAN_POINT('',(56.782018295688,-138.1328915341,0.));
#7098 = CIRCLE('',#7099,4.999999999991E-02);
#7099 = AXIS2_PLACEMENT_3D('',#7100,#7101,#7102);
#7100 = CARTESIAN_POINT('',(56.817373634747,-138.097536195,0.));
#7101 = DIRECTION('',(0.,0.,-1.));
#7102 = DIRECTION('',(-0.498964443111,-0.866622457885,-0.));
#7103 = ORIENTED_EDGE('',*,*,#7104,.T.);
#7104 = EDGE_CURVE('',#7096,#7105,#7107,.T.);
#7105 = VERTEX_POINT('',#7106);
#7106 = CARTESIAN_POINT('',(56.756618244888,-138.1074914833,0.));
#7107 = LINE('',#7108,#7109);
#7108 = CARTESIAN_POINT('',(56.782018295688,-138.1328915341,0.));
#7109 = VECTOR('',#7110,1.);
#7110 = DIRECTION('',(-0.707106781187,0.707106781186,0.));
#7111 = ORIENTED_EDGE('',*,*,#7112,.T.);
#7112 = EDGE_CURVE('',#7105,#7113,#7115,.T.);
#7113 = VERTEX_POINT('',#7114);
#7114 = CARTESIAN_POINT('',(56.744539419045,-138.0879475325,0.));
#7115 = CIRCLE('',#7116,4.999999999998E-02);
#7116 = AXIS2_PLACEMENT_3D('',#7117,#7118,#7119);
#7117 = CARTESIAN_POINT('',(56.791973583947,-138.0721361442,0.));
#7118 = DIRECTION('',(0.,0.,-1.));
#7119 = DIRECTION('',(-0.707106781186,-0.707106781187,-0.));
#7120 = ORIENTED_EDGE('',*,*,#7121,.T.);
#7121 = EDGE_CURVE('',#7113,#7122,#7124,.T.);
#7122 = VERTEX_POINT('',#7123);
#7123 = CARTESIAN_POINT('',(56.731839393645,-138.0498474563,0.));
#7124 = LINE('',#7125,#7126);
#7125 = CARTESIAN_POINT('',(56.744539419045,-138.0879475325,0.));
#7126 = VECTOR('',#7127,1.);
#7127 = DIRECTION('',(-0.316227766017,0.948683298051,0.));
#7128 = ORIENTED_EDGE('',*,*,#7129,.T.);
#7129 = EDGE_CURVE('',#7122,#6965,#7130,.T.);
#7130 = CIRCLE('',#7131,5.E-02);
#7131 = AXIS2_PLACEMENT_3D('',#7132,#7133,#7134);
#7132 = CARTESIAN_POINT('',(56.779273558547,-138.034036068,0.));
#7133 = DIRECTION('',(0.,0.,-1.));
#7134 = DIRECTION('',(-0.94868329805,-0.316227766017,-0.));
#7135 = FACE_BOUND('',#7136,.T.);
#7136 = EDGE_LOOP('',(#7137,#7147,#7155,#7163,#7171,#7179,#7188,#7196,
    #7205,#7213));
#7137 = ORIENTED_EDGE('',*,*,#7138,.T.);
#7138 = EDGE_CURVE('',#7139,#7141,#7143,.T.);
#7139 = VERTEX_POINT('',#7140);
#7140 = CARTESIAN_POINT('',(56.990894081788,-138.0274838843,0.));
#7141 = VERTEX_POINT('',#7142);
#7142 = CARTESIAN_POINT('',(56.990894081788,-137.9976758953,0.));
#7143 = LINE('',#7144,#7145);
#7144 = CARTESIAN_POINT('',(56.990894081788,-138.0274838843,0.));
#7145 = VECTOR('',#7146,1.);
#7146 = DIRECTION('',(0.,1.,0.));
#7147 = ORIENTED_EDGE('',*,*,#7148,.T.);
#7148 = EDGE_CURVE('',#7141,#7149,#7151,.T.);
#7149 = VERTEX_POINT('',#7150);
#7150 = CARTESIAN_POINT('',(56.829273558547,-137.9976758953,0.));
#7151 = LINE('',#7152,#7153);
#7152 = CARTESIAN_POINT('',(56.990894081788,-137.9976758953,0.));
#7153 = VECTOR('',#7154,1.);
#7154 = DIRECTION('',(-1.,0.,0.));
#7155 = ORIENTED_EDGE('',*,*,#7156,.T.);
#7156 = EDGE_CURVE('',#7149,#7157,#7159,.T.);
#7157 = VERTEX_POINT('',#7158);
#7158 = CARTESIAN_POINT('',(56.829273558547,-138.025922185,0.));
#7159 = LINE('',#7160,#7161);
#7160 = CARTESIAN_POINT('',(56.829273558547,-137.9976758953,0.));
#7161 = VECTOR('',#7162,1.);
#7162 = DIRECTION('',(0.,-1.,0.));
#7163 = ORIENTED_EDGE('',*,*,#7164,.T.);
#7164 = EDGE_CURVE('',#7157,#7165,#7167,.T.);
#7165 = VERTEX_POINT('',#7166);
#7166 = CARTESIAN_POINT('',(56.835675186392,-138.0451270685,0.));
#7167 = LINE('',#7168,#7169);
#7168 = CARTESIAN_POINT('',(56.829273558547,-138.025922185,0.));
#7169 = VECTOR('',#7170,1.);
#7170 = DIRECTION('',(0.316227766017,-0.94868329805,0.));
#7171 = ORIENTED_EDGE('',*,*,#7172,.T.);
#7172 = EDGE_CURVE('',#7165,#7173,#7175,.T.);
#7173 = VERTEX_POINT('',#7174);
#7174 = CARTESIAN_POINT('',(56.847777020571,-138.0572289027,0.));
#7175 = LINE('',#7176,#7177);
#7176 = CARTESIAN_POINT('',(56.835675186392,-138.0451270685,0.));
#7177 = VECTOR('',#7178,1.);
#7178 = DIRECTION('',(0.707106781186,-0.707106781187,0.));
#7179 = ORIENTED_EDGE('',*,*,#7180,.T.);
#7180 = EDGE_CURVE('',#7173,#7181,#7183,.T.);
#7181 = VERTEX_POINT('',#7182);
#7182 = CARTESIAN_POINT('',(56.887219795717,-138.0729362458,0.));
#7183 = CIRCLE('',#7184,0.191801283145);
#7184 = AXIS2_PLACEMENT_3D('',#7185,#7186,#7187);
#7185 = CARTESIAN_POINT('',(56.938023877335,-137.8879857727,0.));
#7186 = DIRECTION('',(0.,0.,1.));
#7187 = DIRECTION('',(-0.470522695598,-0.882387892555,0.));
#7188 = ORIENTED_EDGE('',*,*,#7189,.T.);
#7189 = EDGE_CURVE('',#7181,#7190,#7192,.T.);
#7190 = VERTEX_POINT('',#7191);
#7191 = CARTESIAN_POINT('',(56.935487849746,-138.0729362458,0.));
#7192 = LINE('',#7193,#7194);
#7193 = CARTESIAN_POINT('',(56.887219795717,-138.0729362458,0.));
#7194 = VECTOR('',#7195,1.);
#7195 = DIRECTION('',(1.,0.,0.));
#7196 = ORIENTED_EDGE('',*,*,#7197,.T.);
#7197 = EDGE_CURVE('',#7190,#7198,#7200,.T.);
#7198 = VERTEX_POINT('',#7199);
#7199 = CARTESIAN_POINT('',(56.974930624812,-138.0572289028,0.));
#7200 = CIRCLE('',#7201,0.191801279814);
#7201 = AXIS2_PLACEMENT_3D('',#7202,#7203,#7204);
#7202 = CARTESIAN_POINT('',(56.88468376933,-137.8879857758,0.));
#7203 = DIRECTION('',(0.,0.,1.));
#7204 = DIRECTION('',(0.264878735248,-0.964281730416,0.));
#7205 = ORIENTED_EDGE('',*,*,#7206,.T.);
#7206 = EDGE_CURVE('',#7198,#7207,#7209,.T.);
#7207 = VERTEX_POINT('',#7208);
#7208 = CARTESIAN_POINT('',(56.985882604892,-138.0462769227,0.));
#7209 = LINE('',#7210,#7211);
#7210 = CARTESIAN_POINT('',(56.974930624812,-138.0572289028,0.));
#7211 = VECTOR('',#7212,1.);
#7212 = DIRECTION('',(0.707106781187,0.707106781186,0.));
#7213 = ORIENTED_EDGE('',*,*,#7214,.T.);
#7214 = EDGE_CURVE('',#7207,#7139,#7215,.T.);
#7215 = LINE('',#7216,#7217);
#7216 = CARTESIAN_POINT('',(56.985882604892,-138.0462769227,0.));
#7217 = VECTOR('',#7218,1.);
#7218 = DIRECTION('',(0.25766265056,0.966234939601,0.));
#7219 = PLANE('',#7220);
#7220 = AXIS2_PLACEMENT_3D('',#7221,#7222,#7223);
#7221 = CARTESIAN_POINT('',(56.910474276655,-138.0210695042,0.));
#7222 = DIRECTION('',(-0.,-0.,-1.));
#7223 = DIRECTION('',(-1.,0.,0.));
#7224 = SHELL_BASED_SURFACE_MODEL('',(#7225));
#7225 = OPEN_SHELL('',(#7226));
#7226 = ADVANCED_FACE('',(#7227),#7329,.T.);
#7227 = FACE_BOUND('',#7228,.T.);
#7228 = EDGE_LOOP('',(#7229,#7239,#7247,#7256,#7264,#7272,#7281,#7289,
    #7297,#7306,#7314,#7322));
#7229 = ORIENTED_EDGE('',*,*,#7230,.T.);
#7230 = EDGE_CURVE('',#7231,#7233,#7235,.T.);
#7231 = VERTEX_POINT('',#7232);
#7232 = CARTESIAN_POINT('',(57.013066071111,-137.829195939,0.));
#7233 = VERTEX_POINT('',#7234);
#7234 = CARTESIAN_POINT('',(56.910083820168,-137.7602078292,0.));
#7235 = LINE('',#7236,#7237);
#7236 = CARTESIAN_POINT('',(57.013066071111,-137.829195939,0.));
#7237 = VECTOR('',#7238,1.);
#7238 = DIRECTION('',(-0.8308072753,0.556560213551,0.));
#7239 = ORIENTED_EDGE('',*,*,#7240,.T.);
#7240 = EDGE_CURVE('',#7233,#7241,#7243,.T.);
#7241 = VERTEX_POINT('',#7242);
#7242 = CARTESIAN_POINT('',(56.807101569225,-137.829195939,0.));
#7243 = LINE('',#7244,#7245);
#7244 = CARTESIAN_POINT('',(56.910083820168,-137.7602078292,0.));
#7245 = VECTOR('',#7246,1.);
#7246 = DIRECTION('',(-0.830807275301,-0.556560213551,0.));
#7247 = ORIENTED_EDGE('',*,*,#7248,.T.);
#7248 = EDGE_CURVE('',#7241,#7249,#7251,.T.);
#7249 = VERTEX_POINT('',#7250);
#7250 = CARTESIAN_POINT('',(56.75144554787,-137.7461152115,0.));
#7251 = CIRCLE('',#7252,4.999999999999E-02);
#7252 = AXIS2_PLACEMENT_3D('',#7253,#7254,#7255);
#7253 = CARTESIAN_POINT('',(56.779273558547,-137.7876555753,0.));
#7254 = DIRECTION('',(-0.,0.,-1.));
#7255 = DIRECTION('',(0.556560213551,-0.830807275301,-0.));
#7256 = ORIENTED_EDGE('',*,*,#7257,.T.);
#7257 = EDGE_CURVE('',#7249,#7258,#7260,.T.);
#7258 = VERTEX_POINT('',#7259);
#7259 = CARTESIAN_POINT('',(56.820246280971,-137.7000254,0.));
#7260 = LINE('',#7261,#7262);
#7261 = CARTESIAN_POINT('',(56.75144554787,-137.7461152115,0.));
#7262 = VECTOR('',#7263,1.);
#7263 = DIRECTION('',(0.8308072753,0.556560213551,0.));
#7264 = ORIENTED_EDGE('',*,*,#7265,.T.);
#7265 = EDGE_CURVE('',#7258,#7266,#7268,.T.);
#7266 = VERTEX_POINT('',#7267);
#7267 = CARTESIAN_POINT('',(56.75144554787,-137.6539355885,0.));
#7268 = LINE('',#7269,#7270);
#7269 = CARTESIAN_POINT('',(56.820246280971,-137.7000254,0.));
#7270 = VECTOR('',#7271,1.);
#7271 = DIRECTION('',(-0.830807275301,0.556560213551,0.));
#7272 = ORIENTED_EDGE('',*,*,#7273,.T.);
#7273 = EDGE_CURVE('',#7266,#7274,#7276,.T.);
#7274 = VERTEX_POINT('',#7275);
#7275 = CARTESIAN_POINT('',(56.807101569225,-137.570854861,0.));
#7276 = CIRCLE('',#7277,4.999999999999E-02);
#7277 = AXIS2_PLACEMENT_3D('',#7278,#7279,#7280);
#7278 = CARTESIAN_POINT('',(56.779273558547,-137.6123952247,0.));
#7279 = DIRECTION('',(0.,0.,-1.));
#7280 = DIRECTION('',(-0.556560213551,-0.830807275301,-0.));
#7281 = ORIENTED_EDGE('',*,*,#7282,.T.);
#7282 = EDGE_CURVE('',#7274,#7283,#7285,.T.);
#7283 = VERTEX_POINT('',#7284);
#7284 = CARTESIAN_POINT('',(56.910083820168,-137.6398429708,0.));
#7285 = LINE('',#7286,#7287);
#7286 = CARTESIAN_POINT('',(56.807101569225,-137.570854861,0.));
#7287 = VECTOR('',#7288,1.);
#7288 = DIRECTION('',(0.830807275301,-0.556560213551,0.));
#7289 = ORIENTED_EDGE('',*,*,#7290,.T.);
#7290 = EDGE_CURVE('',#7283,#7291,#7293,.T.);
#7291 = VERTEX_POINT('',#7292);
#7292 = CARTESIAN_POINT('',(57.013066071111,-137.570854861,0.));
#7293 = LINE('',#7294,#7295);
#7294 = CARTESIAN_POINT('',(56.910083820168,-137.6398429708,0.));
#7295 = VECTOR('',#7296,1.);
#7296 = DIRECTION('',(0.8308072753,0.556560213551,0.));
#7297 = ORIENTED_EDGE('',*,*,#7298,.T.);
#7298 = EDGE_CURVE('',#7291,#7299,#7301,.T.);
#7299 = VERTEX_POINT('',#7300);
#7300 = CARTESIAN_POINT('',(57.068722092466,-137.6539355885,0.));
#7301 = CIRCLE('',#7302,4.999999999999E-02);
#7302 = AXIS2_PLACEMENT_3D('',#7303,#7304,#7305);
#7303 = CARTESIAN_POINT('',(57.040894081788,-137.6123952247,0.));
#7304 = DIRECTION('',(0.,0.,-1.));
#7305 = DIRECTION('',(-0.556560213551,0.830807275301,0.));
#7306 = ORIENTED_EDGE('',*,*,#7307,.T.);
#7307 = EDGE_CURVE('',#7299,#7308,#7310,.T.);
#7308 = VERTEX_POINT('',#7309);
#7309 = CARTESIAN_POINT('',(56.999921359364,-137.7000254,0.));
#7310 = LINE('',#7311,#7312);
#7311 = CARTESIAN_POINT('',(57.068722092466,-137.6539355885,0.));
#7312 = VECTOR('',#7313,1.);
#7313 = DIRECTION('',(-0.830807275301,-0.556560213551,0.));
#7314 = ORIENTED_EDGE('',*,*,#7315,.T.);
#7315 = EDGE_CURVE('',#7308,#7316,#7318,.T.);
#7316 = VERTEX_POINT('',#7317);
#7317 = CARTESIAN_POINT('',(57.068722092466,-137.7461152115,0.));
#7318 = LINE('',#7319,#7320);
#7319 = CARTESIAN_POINT('',(56.999921359364,-137.7000254,0.));
#7320 = VECTOR('',#7321,1.);
#7321 = DIRECTION('',(0.8308072753,-0.556560213551,0.));
#7322 = ORIENTED_EDGE('',*,*,#7323,.T.);
#7323 = EDGE_CURVE('',#7316,#7231,#7324,.T.);
#7324 = CIRCLE('',#7325,4.999999999999E-02);
#7325 = AXIS2_PLACEMENT_3D('',#7326,#7327,#7328);
#7326 = CARTESIAN_POINT('',(57.040894081788,-137.7876555753,0.));
#7327 = DIRECTION('',(0.,0.,-1.));
#7328 = DIRECTION('',(0.556560213551,0.830807275301,0.));
#7329 = PLANE('',#7330);
#7330 = AXIS2_PLACEMENT_3D('',#7331,#7332,#7333);
#7331 = CARTESIAN_POINT('',(56.910083820168,-137.7000254,0.));
#7332 = DIRECTION('',(-0.,-0.,-1.));
#7333 = DIRECTION('',(-1.,0.,0.));
#7334 = SHELL_BASED_SURFACE_MODEL('',(#7335));
#7335 = OPEN_SHELL('',(#7336));
#7336 = ADVANCED_FACE('',(#7337),#7406,.T.);
#7337 = FACE_BOUND('',#7338,.T.);
#7338 = EDGE_LOOP('',(#7339,#7349,#7358,#7366,#7375,#7383,#7391,#7399));
#7339 = ORIENTED_EDGE('',*,*,#7340,.T.);
#7340 = EDGE_CURVE('',#7341,#7343,#7345,.T.);
#7341 = VERTEX_POINT('',#7342);
#7342 = CARTESIAN_POINT('',(59.380672063483,-138.237466318,0.));
#7343 = VERTEX_POINT('',#7344);
#7344 = CARTESIAN_POINT('',(59.642292586724,-138.3365265161,0.));
#7345 = LINE('',#7346,#7347);
#7346 = CARTESIAN_POINT('',(59.380672063483,-138.237466318,0.));
#7347 = VECTOR('',#7348,1.);
#7348 = DIRECTION('',(0.935205009024,-0.35410675099,0.));
#7349 = ORIENTED_EDGE('',*,*,#7350,.T.);
#7350 = EDGE_CURVE('',#7343,#7351,#7353,.T.);
#7351 = VERTEX_POINT('',#7352);
#7352 = CARTESIAN_POINT('',(59.64268772321,-138.4298954872,0.));
#7353 = CIRCLE('',#7354,5.E-02);
#7354 = AXIS2_PLACEMENT_3D('',#7355,#7356,#7357);
#7355 = CARTESIAN_POINT('',(59.624587249175,-138.3832867665,0.));
#7356 = DIRECTION('',(0.,0.,-1.));
#7357 = DIRECTION('',(0.35410675099,0.935205009024,0.));
#7358 = ORIENTED_EDGE('',*,*,#7359,.T.);
#7359 = EDGE_CURVE('',#7351,#7360,#7362,.T.);
#7360 = VERTEX_POINT('',#7361);
#7361 = CARTESIAN_POINT('',(59.381067199968,-138.5314956904,0.));
#7362 = LINE('',#7363,#7364);
#7363 = CARTESIAN_POINT('',(59.64268772321,-138.4298954872,0.));
#7364 = VECTOR('',#7365,1.);
#7365 = DIRECTION('',(-0.932174412802,-0.3620094807,0.));
#7366 = ORIENTED_EDGE('',*,*,#7367,.T.);
#7367 = EDGE_CURVE('',#7360,#7368,#7370,.T.);
#7368 = VERTEX_POINT('',#7369);
#7369 = CARTESIAN_POINT('',(59.344866251898,-138.4382782491,0.));
#7370 = CIRCLE('',#7371,4.999999999999E-02);
#7371 = AXIS2_PLACEMENT_3D('',#7372,#7373,#7374);
#7372 = CARTESIAN_POINT('',(59.362966725933,-138.4848869697,0.));
#7373 = DIRECTION('',(-0.,0.,-1.));
#7374 = DIRECTION('',(0.3620094807,-0.932174412802,-0.));
#7375 = ORIENTED_EDGE('',*,*,#7376,.T.);
#7376 = EDGE_CURVE('',#7368,#7377,#7379,.T.);
#7377 = VERTEX_POINT('',#7378);
#7378 = CARTESIAN_POINT('',(59.401866903734,-138.4161420736,0.));
#7379 = LINE('',#7380,#7381);
#7380 = CARTESIAN_POINT('',(59.344866251898,-138.4382782491,0.));
#7381 = VECTOR('',#7382,1.);
#7382 = DIRECTION('',(0.932174412802,0.3620094807,0.));
#7383 = ORIENTED_EDGE('',*,*,#7384,.T.);
#7384 = EDGE_CURVE('',#7377,#7385,#7387,.T.);
#7385 = VERTEX_POINT('',#7386);
#7386 = CARTESIAN_POINT('',(59.401866903734,-138.3524199752,0.));
#7387 = LINE('',#7388,#7389);
#7388 = CARTESIAN_POINT('',(59.401866903734,-138.4161420736,0.));
#7389 = VECTOR('',#7390,1.);
#7390 = DIRECTION('',(0.,1.,0.));
#7391 = ORIENTED_EDGE('',*,*,#7392,.T.);
#7392 = EDGE_CURVE('',#7385,#7393,#7395,.T.);
#7393 = VERTEX_POINT('',#7394);
#7394 = CARTESIAN_POINT('',(59.345261388384,-138.3309868189,0.));
#7395 = LINE('',#7396,#7397);
#7396 = CARTESIAN_POINT('',(59.401866903734,-138.3524199752,0.));
#7397 = VECTOR('',#7398,1.);
#7398 = DIRECTION('',(-0.935205009024,0.35410675099,0.));
#7399 = ORIENTED_EDGE('',*,*,#7400,.T.);
#7400 = EDGE_CURVE('',#7393,#7341,#7401,.T.);
#7401 = CIRCLE('',#7402,5.000000000002E-02);
#7402 = AXIS2_PLACEMENT_3D('',#7403,#7404,#7405);
#7403 = CARTESIAN_POINT('',(59.362966725933,-138.2842265684,0.));
#7404 = DIRECTION('',(0.,0.,-1.));
#7405 = DIRECTION('',(-0.35410675099,-0.935205009024,-0.));
#7406 = PLANE('',#7407);
#7407 = AXIS2_PLACEMENT_3D('',#7408,#7409,#7410);
#7408 = CARTESIAN_POINT('',(59.460969106274,-138.3841730309,0.));
#7409 = DIRECTION('',(-0.,-0.,-1.));
#7410 = DIRECTION('',(-1.,0.,0.));
#7411 = SHELL_BASED_SURFACE_MODEL('',(#7412));
#7412 = OPEN_SHELL('',(#7413));
#7413 = ADVANCED_FACE('',(#7414),#7798,.T.);
#7414 = FACE_BOUND('',#7415,.T.);
#7415 = EDGE_LOOP('',(#7416,#7426,#7435,#7443,#7452,#7460,#7469,#7477,
    #7486,#7494,#7503,#7511,#7520,#7528,#7537,#7545,#7553,#7561,#7569,
    #7577,#7585,#7593,#7602,#7610,#7619,#7628,#7637,#7645,#7654,#7662,
    #7671,#7679,#7688,#7697,#7706,#7714,#7723,#7731,#7740,#7748,#7756,
    #7765,#7773,#7782,#7791));
#7416 = ORIENTED_EDGE('',*,*,#7417,.T.);
#7417 = EDGE_CURVE('',#7418,#7420,#7422,.T.);
#7418 = VERTEX_POINT('',#7419);
#7419 = CARTESIAN_POINT('',(59.486927608909,-137.820946912,0.));
#7420 = VERTEX_POINT('',#7421);
#7421 = CARTESIAN_POINT('',(59.461527558109,-137.8336469374,0.));
#7422 = LINE('',#7423,#7424);
#7423 = CARTESIAN_POINT('',(59.486927608909,-137.820946912,0.));
#7424 = VECTOR('',#7425,1.);
#7425 = DIRECTION('',(-0.894427191,-0.447213595499,0.));
#7426 = ORIENTED_EDGE('',*,*,#7427,.T.);
#7427 = EDGE_CURVE('',#7420,#7428,#7430,.T.);
#7428 = VERTEX_POINT('',#7429);
#7429 = CARTESIAN_POINT('',(59.439166878334,-137.8389255778,0.));
#7430 = CIRCLE('',#7431,4.999999999998E-02);
#7431 = AXIS2_PLACEMENT_3D('',#7432,#7433,#7434);
#7432 = CARTESIAN_POINT('',(59.439166878334,-137.7889255778,0.));
#7433 = DIRECTION('',(0.,0.,-1.));
#7434 = DIRECTION('',(0.447213595499,-0.894427191,0.));
#7435 = ORIENTED_EDGE('',*,*,#7436,.T.);
#7436 = EDGE_CURVE('',#7428,#7437,#7439,.T.);
#7437 = VERTEX_POINT('',#7438);
#7438 = CARTESIAN_POINT('',(59.401066802134,-137.8389255778,0.));
#7439 = LINE('',#7440,#7441);
#7440 = CARTESIAN_POINT('',(59.439166878334,-137.8389255778,0.));
#7441 = VECTOR('',#7442,1.);
#7442 = DIRECTION('',(-1.,-7.459751335165E-13,0.));
#7443 = ORIENTED_EDGE('',*,*,#7444,.T.);
#7444 = EDGE_CURVE('',#7437,#7445,#7447,.T.);
#7445 = VERTEX_POINT('',#7446);
#7446 = CARTESIAN_POINT('',(59.365711463074,-137.8242809169,0.));
#7447 = CIRCLE('',#7448,5.000000000001E-02);
#7448 = AXIS2_PLACEMENT_3D('',#7449,#7450,#7451);
#7449 = CARTESIAN_POINT('',(59.401066802134,-137.7889255778,0.));
#7450 = DIRECTION('',(0.,0.,-1.));
#7451 = DIRECTION('',(-3.87757173646E-13,-1.,-0.));
#7452 = ORIENTED_EDGE('',*,*,#7453,.T.);
#7453 = EDGE_CURVE('',#7445,#7454,#7456,.T.);
#7454 = VERTEX_POINT('',#7455);
#7455 = CARTESIAN_POINT('',(59.340311412274,-137.7988808661,0.));
#7456 = LINE('',#7457,#7458);
#7457 = CARTESIAN_POINT('',(59.365711463074,-137.8242809169,0.));
#7458 = VECTOR('',#7459,1.);
#7459 = DIRECTION('',(-0.707106781187,0.707106781186,0.));
#7460 = ORIENTED_EDGE('',*,*,#7461,.T.);
#7461 = EDGE_CURVE('',#7454,#7462,#7464,.T.);
#7462 = VERTEX_POINT('',#7463);
#7463 = CARTESIAN_POINT('',(59.328232586431,-137.7793369153,0.));
#7464 = CIRCLE('',#7465,5.000000000009E-02);
#7465 = AXIS2_PLACEMENT_3D('',#7466,#7467,#7468);
#7466 = CARTESIAN_POINT('',(59.375666751334,-137.763525527,0.));
#7467 = DIRECTION('',(0.,0.,-1.));
#7468 = DIRECTION('',(-0.707106781187,-0.707106781186,-0.));
#7469 = ORIENTED_EDGE('',*,*,#7470,.T.);
#7470 = EDGE_CURVE('',#7462,#7471,#7473,.T.);
#7471 = VERTEX_POINT('',#7472);
#7472 = CARTESIAN_POINT('',(59.315532561031,-137.7412368391,0.));
#7473 = LINE('',#7474,#7475);
#7474 = CARTESIAN_POINT('',(59.328232586431,-137.7793369153,0.));
#7475 = VECTOR('',#7476,1.);
#7476 = DIRECTION('',(-0.316227766017,0.948683298051,0.));
#7477 = ORIENTED_EDGE('',*,*,#7478,.T.);
#7478 = EDGE_CURVE('',#7471,#7479,#7481,.T.);
#7479 = VERTEX_POINT('',#7480);
#7480 = CARTESIAN_POINT('',(59.312966725933,-137.7254254508,0.));
#7481 = CIRCLE('',#7482,5.E-02);
#7482 = AXIS2_PLACEMENT_3D('',#7483,#7484,#7485);
#7483 = CARTESIAN_POINT('',(59.362966725933,-137.7254254508,0.));
#7484 = DIRECTION('',(0.,0.,-1.));
#7485 = DIRECTION('',(-0.94868329805,-0.316227766017,-0.));
#7486 = ORIENTED_EDGE('',*,*,#7487,.T.);
#7487 = EDGE_CURVE('',#7479,#7488,#7490,.T.);
#7488 = VERTEX_POINT('',#7489);
#7489 = CARTESIAN_POINT('',(59.312966725933,-137.6746253492,0.));
#7490 = LINE('',#7491,#7492);
#7491 = CARTESIAN_POINT('',(59.312966725933,-137.7254254508,0.));
#7492 = VECTOR('',#7493,1.);
#7493 = DIRECTION('',(0.,1.,0.));
#7494 = ORIENTED_EDGE('',*,*,#7495,.T.);
#7495 = EDGE_CURVE('',#7488,#7496,#7498,.T.);
#7496 = VERTEX_POINT('',#7497);
#7497 = CARTESIAN_POINT('',(59.315879630354,-137.6578085294,0.));
#7498 = CIRCLE('',#7499,5.000000000011E-02);
#7499 = AXIS2_PLACEMENT_3D('',#7500,#7501,#7502);
#7500 = CARTESIAN_POINT('',(59.362966725934,-137.6746253492,0.));
#7501 = DIRECTION('',(0.,0.,-1.));
#7502 = DIRECTION('',(-1.,-5.587436834312E-13,-0.));
#7503 = ORIENTED_EDGE('',*,*,#7504,.T.);
#7504 = EDGE_CURVE('',#7496,#7505,#7507,.T.);
#7505 = VERTEX_POINT('',#7506);
#7506 = CARTESIAN_POINT('',(59.328579655754,-137.6222484582,0.));
#7507 = LINE('',#7508,#7509);
#7508 = CARTESIAN_POINT('',(59.315879630354,-137.6578085294,0.));
#7509 = VECTOR('',#7510,1.);
#7510 = DIRECTION('',(0.336336396998,0.941741911595,0.));
#7511 = ORIENTED_EDGE('',*,*,#7512,.T.);
#7512 = EDGE_CURVE('',#7505,#7513,#7515,.T.);
#7513 = VERTEX_POINT('',#7514);
#7514 = CARTESIAN_POINT('',(59.340311412274,-137.603709939,0.));
#7515 = CIRCLE('',#7516,5.000000000011E-02);
#7516 = AXIS2_PLACEMENT_3D('',#7517,#7518,#7519);
#7517 = CARTESIAN_POINT('',(59.375666751334,-137.6390652781,0.));
#7518 = DIRECTION('',(0.,0.,-1.));
#7519 = DIRECTION('',(-0.941741911595,0.336336396998,0.));
#7520 = ORIENTED_EDGE('',*,*,#7521,.T.);
#7521 = EDGE_CURVE('',#7513,#7522,#7524,.T.);
#7522 = VERTEX_POINT('',#7523);
#7523 = CARTESIAN_POINT('',(59.365711463074,-137.5783098882,0.));
#7524 = LINE('',#7525,#7526);
#7525 = CARTESIAN_POINT('',(59.340311412274,-137.603709939,0.));
#7526 = VECTOR('',#7527,1.);
#7527 = DIRECTION('',(0.707106781187,0.707106781186,0.));
#7528 = ORIENTED_EDGE('',*,*,#7529,.T.);
#7529 = EDGE_CURVE('',#7522,#7530,#7532,.T.);
#7530 = VERTEX_POINT('',#7531);
#7531 = CARTESIAN_POINT('',(59.436422141193,-137.6490205663,0.));
#7532 = CIRCLE('',#7533,5.E-02);
#7533 = AXIS2_PLACEMENT_3D('',#7534,#7535,#7536);
#7534 = CARTESIAN_POINT('',(59.401066802134,-137.6136652273,0.));
#7535 = DIRECTION('',(0.,0.,-1.));
#7536 = DIRECTION('',(-0.707106781187,0.707106781186,0.));
#7537 = ORIENTED_EDGE('',*,*,#7538,.T.);
#7538 = EDGE_CURVE('',#7530,#7539,#7541,.T.);
#7539 = VERTEX_POINT('',#7540);
#7540 = CARTESIAN_POINT('',(59.418972312086,-137.6664703954,0.));
#7541 = LINE('',#7542,#7543);
#7542 = CARTESIAN_POINT('',(59.436422141193,-137.6490205663,0.));
#7543 = VECTOR('',#7544,1.);
#7544 = DIRECTION('',(-0.707106781186,-0.707106781187,0.));
#7545 = ORIENTED_EDGE('',*,*,#7546,.T.);
#7546 = EDGE_CURVE('',#7539,#7547,#7549,.T.);
#7547 = VERTEX_POINT('',#7548);
#7548 = CARTESIAN_POINT('',(59.412966725933,-137.6832860367,0.));
#7549 = LINE('',#7550,#7551);
#7550 = CARTESIAN_POINT('',(59.418972312086,-137.6664703954,0.));
#7551 = VECTOR('',#7552,1.);
#7552 = DIRECTION('',(-0.336336396998,-0.941741911595,0.));
#7553 = ORIENTED_EDGE('',*,*,#7554,.T.);
#7554 = EDGE_CURVE('',#7547,#7555,#7557,.T.);
#7555 = VERTEX_POINT('',#7556);
#7556 = CARTESIAN_POINT('',(59.412966725933,-137.7173115678,0.));
#7557 = LINE('',#7558,#7559);
#7558 = CARTESIAN_POINT('',(59.412966725933,-137.6832860367,0.));
#7559 = VECTOR('',#7560,1.);
#7560 = DIRECTION('',(0.,-1.,0.));
#7561 = ORIENTED_EDGE('',*,*,#7562,.T.);
#7562 = EDGE_CURVE('',#7555,#7563,#7565,.T.);
#7563 = VERTEX_POINT('',#7564);
#7564 = CARTESIAN_POINT('',(59.419368353778,-137.7365164513,0.));
#7565 = LINE('',#7566,#7567);
#7566 = CARTESIAN_POINT('',(59.412966725933,-137.7173115678,0.));
#7567 = VECTOR('',#7568,1.);
#7568 = DIRECTION('',(0.316227766017,-0.948683298051,0.));
#7569 = ORIENTED_EDGE('',*,*,#7570,.T.);
#7570 = EDGE_CURVE('',#7563,#7571,#7573,.T.);
#7571 = VERTEX_POINT('',#7572);
#7572 = CARTESIAN_POINT('',(59.421777480252,-137.7389255778,0.));
#7573 = LINE('',#7574,#7575);
#7574 = CARTESIAN_POINT('',(59.419368353778,-137.7365164513,0.));
#7575 = VECTOR('',#7576,1.);
#7576 = DIRECTION('',(0.707106781187,-0.707106781187,0.));
#7577 = ORIENTED_EDGE('',*,*,#7578,.T.);
#7578 = EDGE_CURVE('',#7571,#7579,#7581,.T.);
#7579 = VERTEX_POINT('',#7580);
#7580 = CARTESIAN_POINT('',(59.427363479459,-137.7389255778,0.));
#7581 = LINE('',#7582,#7583);
#7582 = CARTESIAN_POINT('',(59.421777480252,-137.7389255778,0.));
#7583 = VECTOR('',#7584,1.);
#7584 = DIRECTION('',(1.,0.,0.));
#7585 = ORIENTED_EDGE('',*,*,#7586,.T.);
#7586 = EDGE_CURVE('',#7579,#7587,#7589,.T.);
#7587 = VERTEX_POINT('',#7588);
#7588 = CARTESIAN_POINT('',(59.432841001238,-137.7361868169,0.));
#7589 = LINE('',#7590,#7591);
#7590 = CARTESIAN_POINT('',(59.427363479459,-137.7389255778,0.));
#7591 = VECTOR('',#7592,1.);
#7592 = DIRECTION('',(0.894427191001,0.447213595499,0.));
#7593 = ORIENTED_EDGE('',*,*,#7594,.T.);
#7594 = EDGE_CURVE('',#7587,#7595,#7597,.T.);
#7595 = VERTEX_POINT('',#7596);
#7596 = CARTESIAN_POINT('',(59.440113950683,-137.7219552027,0.));
#7597 = CIRCLE('',#7598,5.602809407745E-02);
#7598 = AXIS2_PLACEMENT_3D('',#7599,#7600,#7601);
#7599 = CARTESIAN_POINT('',(59.387096779297,-137.7038354107,0.));
#7600 = DIRECTION('',(0.,0.,1.));
#7601 = DIRECTION('',(0.816451508735,-0.577414005619,0.));
#7602 = ORIENTED_EDGE('',*,*,#7603,.T.);
#7603 = EDGE_CURVE('',#7595,#7604,#7606,.T.);
#7604 = VERTEX_POINT('',#7605);
#7605 = CARTESIAN_POINT('',(59.465392860752,-137.6461139355,0.));
#7606 = LINE('',#7607,#7608);
#7607 = CARTESIAN_POINT('',(59.440113950683,-137.7219552027,0.));
#7608 = VECTOR('',#7609,1.);
#7609 = DIRECTION('',(0.316210740005,0.948688973218,0.));
#7610 = ORIENTED_EDGE('',*,*,#7611,.T.);
#7611 = EDGE_CURVE('',#7604,#7612,#7614,.T.);
#7612 = VERTEX_POINT('',#7613);
#7613 = CARTESIAN_POINT('',(59.465721894011,-137.6451590907,0.));
#7614 = CIRCLE('',#7615,4.999999999918E-02);
#7615 = AXIS2_PLACEMENT_3D('',#7616,#7617,#7618);
#7616 = CARTESIAN_POINT('',(59.512827025653,-137.6619253238,0.));
#7617 = DIRECTION('',(0.,0.,-1.));
#7618 = DIRECTION('',(-0.948683298046,0.316227766031,0.));
#7619 = ORIENTED_EDGE('',*,*,#7620,.T.);
#7620 = EDGE_CURVE('',#7612,#7621,#7623,.T.);
#7621 = VERTEX_POINT('',#7622);
#7622 = CARTESIAN_POINT('',(59.507089786217,-137.5872440416,0.));
#7623 = CIRCLE('',#7624,0.129535017148);
#7624 = AXIS2_PLACEMENT_3D('',#7625,#7626,#7627);
#7625 = CARTESIAN_POINT('',(59.587757174714,-137.6885953766,0.));
#7626 = DIRECTION('',(0.,0.,-1.));
#7627 = DIRECTION('',(-0.942102632858,0.335324662324,0.));
#7628 = ORIENTED_EDGE('',*,*,#7629,.T.);
#7629 = EDGE_CURVE('',#7621,#7630,#7632,.T.);
#7630 = VERTEX_POINT('',#7631);
#7631 = CARTESIAN_POINT('',(59.515866396679,-137.5816438931,0.));
#7632 = CIRCLE('',#7633,4.999999999993E-02);
#7633 = AXIS2_PLACEMENT_3D('',#7634,#7635,#7636);
#7634 = CARTESIAN_POINT('',(59.538227076454,-137.6263652527,0.));
#7635 = DIRECTION('',(0.,0.,-1.));
#7636 = DIRECTION('',(-0.622745804745,0.782424221681,0.));
#7637 = ORIENTED_EDGE('',*,*,#7638,.T.);
#7638 = EDGE_CURVE('',#7630,#7639,#7641,.T.);
#7639 = VERTEX_POINT('',#7640);
#7640 = CARTESIAN_POINT('',(59.541266447479,-137.5689438677,0.));
#7641 = LINE('',#7642,#7643);
#7642 = CARTESIAN_POINT('',(59.515866396679,-137.5816438931,0.));
#7643 = VECTOR('',#7644,1.);
#7644 = DIRECTION('',(0.894427191,0.4472135955,0.));
#7645 = ORIENTED_EDGE('',*,*,#7646,.T.);
#7646 = EDGE_CURVE('',#7639,#7647,#7649,.T.);
#7647 = VERTEX_POINT('',#7648);
#7648 = CARTESIAN_POINT('',(59.563627127254,-137.5636652273,0.));
#7649 = CIRCLE('',#7650,5.000000000001E-02);
#7650 = AXIS2_PLACEMENT_3D('',#7651,#7652,#7653);
#7651 = CARTESIAN_POINT('',(59.563627127254,-137.6136652273,0.));
#7652 = DIRECTION('',(0.,0.,-1.));
#7653 = DIRECTION('',(-0.447213595501,0.894427190999,0.));
#7654 = ORIENTED_EDGE('',*,*,#7655,.T.);
#7655 = EDGE_CURVE('',#7647,#7656,#7658,.T.);
#7656 = VERTEX_POINT('',#7657);
#7657 = CARTESIAN_POINT('',(59.589027178054,-137.5636652273,0.));
#7658 = LINE('',#7659,#7660);
#7659 = CARTESIAN_POINT('',(59.563627127254,-137.5636652273,0.));
#7660 = VECTOR('',#7661,1.);
#7661 = DIRECTION('',(1.,-1.118962700275E-12,0.));
#7662 = ORIENTED_EDGE('',*,*,#7663,.T.);
#7663 = EDGE_CURVE('',#7656,#7664,#7666,.T.);
#7664 = VERTEX_POINT('',#7665);
#7665 = CARTESIAN_POINT('',(59.624382517114,-137.5783098882,0.));
#7666 = CIRCLE('',#7667,5.000000000001E-02);
#7667 = AXIS2_PLACEMENT_3D('',#7668,#7669,#7670);
#7668 = CARTESIAN_POINT('',(59.589027178054,-137.6136652273,0.));
#7669 = DIRECTION('',(0.,0.,-1.));
#7670 = DIRECTION('',(-2.984107404854E-13,1.,0.));
#7671 = ORIENTED_EDGE('',*,*,#7672,.T.);
#7672 = EDGE_CURVE('',#7664,#7673,#7675,.T.);
#7673 = VERTEX_POINT('',#7674);
#7674 = CARTESIAN_POINT('',(59.649782567914,-137.603709939,0.));
#7675 = LINE('',#7676,#7677);
#7676 = CARTESIAN_POINT('',(59.624382517114,-137.5783098882,0.));
#7677 = VECTOR('',#7678,1.);
#7678 = DIRECTION('',(0.707106781187,-0.707106781187,0.));
#7679 = ORIENTED_EDGE('',*,*,#7680,.T.);
#7680 = EDGE_CURVE('',#7673,#7681,#7683,.T.);
#7681 = VERTEX_POINT('',#7682);
#7682 = CARTESIAN_POINT('',(59.660771397297,-137.6202978049,0.));
#7683 = CIRCLE('',#7684,4.999999999994E-02);
#7684 = AXIS2_PLACEMENT_3D('',#7685,#7686,#7687);
#7685 = CARTESIAN_POINT('',(59.614427228855,-137.6390652781,0.));
#7686 = DIRECTION('',(0.,0.,-1.));
#7687 = DIRECTION('',(0.707106781186,0.707106781187,0.));
#7688 = ORIENTED_EDGE('',*,*,#7689,.T.);
#7689 = EDGE_CURVE('',#7681,#7690,#7692,.T.);
#7690 = VERTEX_POINT('',#7691);
#7691 = CARTESIAN_POINT('',(59.660771397297,-137.7822930002,0.));
#7692 = CIRCLE('',#7693,0.215792495631);
#7693 = AXIS2_PLACEMENT_3D('',#7694,#7695,#7696);
#7694 = CARTESIAN_POINT('',(59.460756921973,-137.7012954025,0.));
#7695 = DIRECTION('',(0.,0.,-1.));
#7696 = DIRECTION('',(0.926883368859,0.375349464543,0.));
#7697 = ORIENTED_EDGE('',*,*,#7698,.T.);
#7698 = EDGE_CURVE('',#7690,#7699,#7701,.T.);
#7699 = VERTEX_POINT('',#7700);
#7700 = CARTESIAN_POINT('',(59.649782567914,-137.7988808661,0.));
#7701 = CIRCLE('',#7702,4.999999999997E-02);
#7702 = AXIS2_PLACEMENT_3D('',#7703,#7704,#7705);
#7703 = CARTESIAN_POINT('',(59.614427228855,-137.763525527,0.));
#7704 = DIRECTION('',(0.,0.,-1.));
#7705 = DIRECTION('',(0.926883368859,-0.375349464544,0.));
#7706 = ORIENTED_EDGE('',*,*,#7707,.T.);
#7707 = EDGE_CURVE('',#7699,#7708,#7710,.T.);
#7708 = VERTEX_POINT('',#7709);
#7709 = CARTESIAN_POINT('',(59.624382517114,-137.8242809169,0.));
#7710 = LINE('',#7711,#7712);
#7711 = CARTESIAN_POINT('',(59.649782567914,-137.7988808661,0.));
#7712 = VECTOR('',#7713,1.);
#7713 = DIRECTION('',(-0.707106781186,-0.707106781187,0.));
#7714 = ORIENTED_EDGE('',*,*,#7715,.T.);
#7715 = EDGE_CURVE('',#7708,#7716,#7718,.T.);
#7716 = VERTEX_POINT('',#7717);
#7717 = CARTESIAN_POINT('',(59.553671838995,-137.7535702387,0.));
#7718 = CIRCLE('',#7719,5.000000000001E-02);
#7719 = AXIS2_PLACEMENT_3D('',#7720,#7721,#7722);
#7720 = CARTESIAN_POINT('',(59.589027178054,-137.7889255778,0.));
#7721 = DIRECTION('',(-0.,0.,-1.));
#7722 = DIRECTION('',(0.707106781186,-0.707106781187,-0.));
#7723 = ORIENTED_EDGE('',*,*,#7724,.T.);
#7724 = EDGE_CURVE('',#7716,#7725,#7727,.T.);
#7725 = VERTEX_POINT('',#7726);
#7726 = CARTESIAN_POINT('',(59.571219131629,-137.7360229461,0.));
#7727 = LINE('',#7728,#7729);
#7728 = CARTESIAN_POINT('',(59.553671838995,-137.7535702387,0.));
#7729 = VECTOR('',#7730,1.);
#7730 = DIRECTION('',(0.707106781186,0.707106781187,0.));
#7731 = ORIENTED_EDGE('',*,*,#7732,.T.);
#7732 = EDGE_CURVE('',#7725,#7733,#7735,.T.);
#7733 = VERTEX_POINT('',#7734);
#7734 = CARTESIAN_POINT('',(59.571219131629,-137.666567859,0.));
#7735 = CIRCLE('',#7736,0.115792495631);
#7736 = AXIS2_PLACEMENT_3D('',#7737,#7738,#7739);
#7737 = CARTESIAN_POINT('',(59.460756921973,-137.7012954025,0.));
#7738 = DIRECTION('',(0.,0.,1.));
#7739 = DIRECTION('',(0.953966913442,-0.299911867152,0.));
#7740 = ORIENTED_EDGE('',*,*,#7741,.T.);
#7741 = EDGE_CURVE('',#7733,#7742,#7744,.T.);
#7742 = VERTEX_POINT('',#7743);
#7743 = CARTESIAN_POINT('',(59.570687842,-137.6660365693,0.));
#7744 = LINE('',#7745,#7746);
#7745 = CARTESIAN_POINT('',(59.571219131629,-137.666567859,0.));
#7746 = VECTOR('',#7747,1.);
#7747 = DIRECTION('',(-0.707106781177,0.707106781196,0.));
#7748 = ORIENTED_EDGE('',*,*,#7749,.T.);
#7749 = EDGE_CURVE('',#7742,#7750,#7752,.T.);
#7750 = VERTEX_POINT('',#7751);
#7751 = CARTESIAN_POINT('',(59.566426014045,-137.6681674833,0.));
#7752 = LINE('',#7753,#7754);
#7753 = CARTESIAN_POINT('',(59.570687842,-137.6660365693,0.));
#7754 = VECTOR('',#7755,1.);
#7755 = DIRECTION('',(-0.894427190999,-0.447213595501,0.));
#7756 = ORIENTED_EDGE('',*,*,#7757,.T.);
#7757 = EDGE_CURVE('',#7750,#7758,#7760,.T.);
#7758 = VERTEX_POINT('',#7759);
#7759 = CARTESIAN_POINT('',(59.56006272938,-137.6783320956,0.));
#7760 = CIRCLE('',#7761,2.953501714798E-02);
#7761 = AXIS2_PLACEMENT_3D('',#7762,#7763,#7764);
#7762 = CARTESIAN_POINT('',(59.587757174714,-137.6885953766,0.));
#7763 = DIRECTION('',(0.,0.,1.));
#7764 = DIRECTION('',(-0.722232885837,0.691649953817,0.));
#7765 = ORIENTED_EDGE('',*,*,#7766,.T.);
#7766 = EDGE_CURVE('',#7758,#7767,#7769,.T.);
#7767 = VERTEX_POINT('',#7768);
#7768 = CARTESIAN_POINT('',(59.534861139756,-137.7539368645,0.));
#7769 = LINE('',#7770,#7771);
#7770 = CARTESIAN_POINT('',(59.56006272938,-137.6783320956,0.));
#7771 = VECTOR('',#7772,1.);
#7772 = DIRECTION('',(-0.316227766017,-0.948683298051,0.));
#7773 = ORIENTED_EDGE('',*,*,#7774,.T.);
#7774 = EDGE_CURVE('',#7767,#7775,#7777,.T.);
#7775 = VERTEX_POINT('',#7776);
#7776 = CARTESIAN_POINT('',(59.534739999024,-137.7542957497,0.));
#7777 = CIRCLE('',#7778,5.000000000349E-02);
#7778 = AXIS2_PLACEMENT_3D('',#7779,#7780,#7781);
#7779 = CARTESIAN_POINT('',(59.487426974851,-137.7381254762,0.));
#7780 = DIRECTION('',(0.,0.,-1.));
#7781 = DIRECTION('',(0.948683298053,-0.316227766008,0.));
#7782 = ORIENTED_EDGE('',*,*,#7783,.T.);
#7783 = EDGE_CURVE('',#7775,#7784,#7786,.T.);
#7784 = VERTEX_POINT('',#7785);
#7785 = CARTESIAN_POINT('',(59.501099770034,-137.810362798,0.));
#7786 = CIRCLE('',#7787,0.156028094077);
#7787 = AXIS2_PLACEMENT_3D('',#7788,#7789,#7790);
#7788 = CARTESIAN_POINT('',(59.387096779297,-137.7038354107,0.));
#7789 = DIRECTION('',(0.,0.,-1.));
#7790 = DIRECTION('',(0.94626048341,-0.323405469242,0.));
#7791 = ORIENTED_EDGE('',*,*,#7792,.T.);
#7792 = EDGE_CURVE('',#7784,#7418,#7793,.T.);
#7793 = CIRCLE('',#7794,5.000000000005E-02);
#7794 = AXIS2_PLACEMENT_3D('',#7795,#7796,#7797);
#7795 = CARTESIAN_POINT('',(59.464566929134,-137.7762255524,0.));
#7796 = DIRECTION('',(0.,0.,-1.));
#7797 = DIRECTION('',(0.730656817995,-0.682744911602,0.));
#7798 = PLANE('',#7799);
#7799 = AXIS2_PLACEMENT_3D('',#7800,#7801,#7802);
#7800 = CARTESIAN_POINT('',(59.495076370591,-137.7024734042,0.));
#7801 = DIRECTION('',(-0.,-0.,-1.));
#7802 = DIRECTION('',(-1.,0.,0.));
#7803 = SHELL_BASED_SURFACE_MODEL('',(#7804));
#7804 = OPEN_SHELL('',(#7805));
#7805 = ADVANCED_FACE('',(#7806,#7980),#8064,.T.);
#7806 = FACE_BOUND('',#7807,.T.);
#7807 = EDGE_LOOP('',(#7808,#7818,#7827,#7835,#7844,#7852,#7861,#7869,
    #7878,#7886,#7895,#7904,#7913,#7921,#7930,#7939,#7948,#7956,#7965,
    #7973));
#7808 = ORIENTED_EDGE('',*,*,#7809,.T.);
#7809 = EDGE_CURVE('',#7810,#7812,#7814,.T.);
#7810 = VERTEX_POINT('',#7811);
#7811 = CARTESIAN_POINT('',(59.312966725933,-138.0353060706,0.));
#7812 = VERTEX_POINT('',#7813);
#7813 = CARTESIAN_POINT('',(59.312966725933,-137.9489458978,0.));
#7814 = LINE('',#7815,#7816);
#7815 = CARTESIAN_POINT('',(59.312966725933,-138.0353060706,0.));
#7816 = VECTOR('',#7817,1.);
#7817 = DIRECTION('',(0.,1.,0.));
#7818 = ORIENTED_EDGE('',*,*,#7819,.T.);
#7819 = EDGE_CURVE('',#7812,#7820,#7822,.T.);
#7820 = VERTEX_POINT('',#7821);
#7821 = CARTESIAN_POINT('',(59.362966725933,-137.8989458978,0.));
#7822 = CIRCLE('',#7823,5.000000000001E-02);
#7823 = AXIS2_PLACEMENT_3D('',#7824,#7825,#7826);
#7824 = CARTESIAN_POINT('',(59.362966725933,-137.9489458978,0.));
#7825 = DIRECTION('',(0.,0.,-1.));
#7826 = DIRECTION('',(-1.,-1.419952367322E-13,-0.));
#7827 = ORIENTED_EDGE('',*,*,#7828,.T.);
#7828 = EDGE_CURVE('',#7820,#7829,#7831,.T.);
#7829 = VERTEX_POINT('',#7830);
#7830 = CARTESIAN_POINT('',(59.624587249175,-137.8989458978,0.));
#7831 = LINE('',#7832,#7833);
#7832 = CARTESIAN_POINT('',(59.362966725933,-137.8989458978,0.));
#7833 = VECTOR('',#7834,1.);
#7834 = DIRECTION('',(1.,0.,0.));
#7835 = ORIENTED_EDGE('',*,*,#7836,.T.);
#7836 = EDGE_CURVE('',#7829,#7837,#7839,.T.);
#7837 = VERTEX_POINT('',#7838);
#7838 = CARTESIAN_POINT('',(59.674587249175,-137.9489458978,0.));
#7839 = CIRCLE('',#7840,5.000000000001E-02);
#7840 = AXIS2_PLACEMENT_3D('',#7841,#7842,#7843);
#7841 = CARTESIAN_POINT('',(59.624587249175,-137.9489458978,0.));
#7842 = DIRECTION('',(0.,0.,-1.));
#7843 = DIRECTION('',(1.421914982895E-13,1.,0.));
#7844 = ORIENTED_EDGE('',*,*,#7845,.T.);
#7845 = EDGE_CURVE('',#7837,#7846,#7848,.T.);
#7846 = VERTEX_POINT('',#7847);
#7847 = CARTESIAN_POINT('',(59.674587249175,-138.0353060706,0.));
#7848 = LINE('',#7849,#7850);
#7849 = CARTESIAN_POINT('',(59.674587249175,-137.9489458978,0.));
#7850 = VECTOR('',#7851,1.);
#7851 = DIRECTION('',(0.,-1.,0.));
#7852 = ORIENTED_EDGE('',*,*,#7853,.T.);
#7853 = EDGE_CURVE('',#7846,#7854,#7856,.T.);
#7854 = VERTEX_POINT('',#7855);
#7855 = CARTESIAN_POINT('',(59.672898996155,-138.0481892031,0.));
#7856 = CIRCLE('',#7857,5.000000000004E-02);
#7857 = AXIS2_PLACEMENT_3D('',#7858,#7859,#7860);
#7858 = CARTESIAN_POINT('',(59.624587249174,-138.0353060706,0.));
#7859 = DIRECTION('',(0.,0.,-1.));
#7860 = DIRECTION('',(1.,3.724408547082E-13,0.));
#7861 = ORIENTED_EDGE('',*,*,#7862,.T.);
#7862 = EDGE_CURVE('',#7854,#7863,#7865,.T.);
#7863 = VERTEX_POINT('',#7864);
#7864 = CARTESIAN_POINT('',(59.662738975835,-138.0862892793,0.));
#7865 = LINE('',#7866,#7867);
#7866 = CARTESIAN_POINT('',(59.672898996155,-138.0481892031,0.));
#7867 = VECTOR('',#7868,1.);
#7868 = DIRECTION('',(-0.25766265056,-0.966234939601,0.));
#7869 = ORIENTED_EDGE('',*,*,#7870,.T.);
#7870 = EDGE_CURVE('',#7863,#7871,#7873,.T.);
#7871 = VERTEX_POINT('',#7872);
#7872 = CARTESIAN_POINT('',(59.649782567914,-138.1087614858,0.));
#7873 = CIRCLE('',#7874,4.999999999998E-02);
#7874 = AXIS2_PLACEMENT_3D('',#7875,#7876,#7877);
#7875 = CARTESIAN_POINT('',(59.614427228854,-138.0734061468,0.));
#7876 = DIRECTION('',(0.,0.,-1.));
#7877 = DIRECTION('',(0.966234939601,-0.257662650561,0.));
#7878 = ORIENTED_EDGE('',*,*,#7879,.T.);
#7879 = EDGE_CURVE('',#7871,#7880,#7882,.T.);
#7880 = VERTEX_POINT('',#7881);
#7881 = CARTESIAN_POINT('',(59.624382517114,-138.1341615366,0.));
#7882 = LINE('',#7883,#7884);
#7883 = CARTESIAN_POINT('',(59.649782567914,-138.1087614858,0.));
#7884 = VECTOR('',#7885,1.);
#7885 = DIRECTION('',(-0.707106781186,-0.707106781187,0.));
#7886 = ORIENTED_EDGE('',*,*,#7887,.T.);
#7887 = EDGE_CURVE('',#7880,#7888,#7890,.T.);
#7888 = VERTEX_POINT('',#7889);
#7889 = CARTESIAN_POINT('',(59.613975400264,-138.1421373204,0.));
#7890 = CIRCLE('',#7891,4.999999999995E-02);
#7891 = AXIS2_PLACEMENT_3D('',#7892,#7893,#7894);
#7892 = CARTESIAN_POINT('',(59.589027178054,-138.0988061976,0.));
#7893 = DIRECTION('',(0.,0.,-1.));
#7894 = DIRECTION('',(0.707106781186,-0.707106781187,0.));
#7895 = ORIENTED_EDGE('',*,*,#7896,.T.);
#7896 = EDGE_CURVE('',#7888,#7897,#7899,.T.);
#7897 = VERTEX_POINT('',#7898);
#7898 = CARTESIAN_POINT('',(59.537344630049,-138.1727896285,0.));
#7899 = CIRCLE('',#7900,0.291801281026);
#7900 = AXIS2_PLACEMENT_3D('',#7901,#7902,#7903);
#7901 = CARTESIAN_POINT('',(59.468376936261,-137.8892557772,0.));
#7902 = DIRECTION('',(0.,0.,-1.));
#7903 = DIRECTION('',(0.498964444195,-0.866622457261,0.));
#7904 = ORIENTED_EDGE('',*,*,#7905,.T.);
#7905 = EDGE_CURVE('',#7897,#7906,#7908,.T.);
#7906 = VERTEX_POINT('',#7907);
#7907 = CARTESIAN_POINT('',(59.525527051054,-138.1742062484,0.));
#7908 = CIRCLE('',#7909,4.999999999998E-02);
#7909 = AXIS2_PLACEMENT_3D('',#7910,#7911,#7912);
#7910 = CARTESIAN_POINT('',(59.525527051054,-138.1242062484,0.));
#7911 = DIRECTION('',(0.,0.,-1.));
#7912 = DIRECTION('',(0.2363515799,-0.971667602979,0.));
#7913 = ORIENTED_EDGE('',*,*,#7914,.T.);
#7914 = EDGE_CURVE('',#7906,#7915,#7917,.T.);
#7915 = VERTEX_POINT('',#7916);
#7916 = CARTESIAN_POINT('',(59.464566929134,-138.1742062484,0.));
#7917 = LINE('',#7918,#7919);
#7918 = CARTESIAN_POINT('',(59.525527051054,-138.1742062484,0.));
#7919 = VECTOR('',#7920,1.);
#7920 = DIRECTION('',(-1.,0.,0.));
#7921 = ORIENTED_EDGE('',*,*,#7922,.T.);
#7922 = EDGE_CURVE('',#7915,#7923,#7925,.T.);
#7923 = VERTEX_POINT('',#7924);
#7924 = CARTESIAN_POINT('',(59.452749350156,-138.1727896285,0.));
#7925 = CIRCLE('',#7926,5.000000000004E-02);
#7926 = AXIS2_PLACEMENT_3D('',#7927,#7928,#7929);
#7927 = CARTESIAN_POINT('',(59.464566929134,-138.1242062484,0.));
#7928 = DIRECTION('',(0.,0.,-1.));
#7929 = DIRECTION('',(-1.891412548485E-12,-1.,-0.));
#7930 = ORIENTED_EDGE('',*,*,#7931,.T.);
#7931 = EDGE_CURVE('',#7923,#7932,#7934,.T.);
#7932 = VERTEX_POINT('',#7933);
#7933 = CARTESIAN_POINT('',(59.376118579908,-138.1421373204,0.));
#7934 = CIRCLE('',#7935,0.291801280419);
#7935 = AXIS2_PLACEMENT_3D('',#7936,#7937,#7938);
#7936 = CARTESIAN_POINT('',(59.521717043699,-137.8892557778,0.));
#7937 = DIRECTION('',(0.,0.,-1.));
#7938 = DIRECTION('',(-0.236351579552,-0.971667603063,-0.));
#7939 = ORIENTED_EDGE('',*,*,#7940,.T.);
#7940 = EDGE_CURVE('',#7932,#7941,#7943,.T.);
#7941 = VERTEX_POINT('',#7942);
#7942 = CARTESIAN_POINT('',(59.365711463074,-138.1341615366,0.));
#7943 = CIRCLE('',#7944,5.000000000005E-02);
#7944 = AXIS2_PLACEMENT_3D('',#7945,#7946,#7947);
#7945 = CARTESIAN_POINT('',(59.401066802134,-138.0988061976,0.));
#7946 = DIRECTION('',(0.,0.,-1.));
#7947 = DIRECTION('',(-0.498964444506,-0.866622457082,-0.));
#7948 = ORIENTED_EDGE('',*,*,#7949,.T.);
#7949 = EDGE_CURVE('',#7941,#7950,#7952,.T.);
#7950 = VERTEX_POINT('',#7951);
#7951 = CARTESIAN_POINT('',(59.340311412274,-138.1087614858,0.));
#7952 = LINE('',#7953,#7954);
#7953 = CARTESIAN_POINT('',(59.365711463074,-138.1341615366,0.));
#7954 = VECTOR('',#7955,1.);
#7955 = DIRECTION('',(-0.707106781187,0.707106781186,0.));
#7956 = ORIENTED_EDGE('',*,*,#7957,.T.);
#7957 = EDGE_CURVE('',#7950,#7958,#7960,.T.);
#7958 = VERTEX_POINT('',#7959);
#7959 = CARTESIAN_POINT('',(59.328232586431,-138.0892175351,0.));
#7960 = CIRCLE('',#7961,5.000000000009E-02);
#7961 = AXIS2_PLACEMENT_3D('',#7962,#7963,#7964);
#7962 = CARTESIAN_POINT('',(59.375666751334,-138.0734061468,0.));
#7963 = DIRECTION('',(0.,0.,-1.));
#7964 = DIRECTION('',(-0.707106781187,-0.707106781186,-0.));
#7965 = ORIENTED_EDGE('',*,*,#7966,.T.);
#7966 = EDGE_CURVE('',#7958,#7967,#7969,.T.);
#7967 = VERTEX_POINT('',#7968);
#7968 = CARTESIAN_POINT('',(59.315532561031,-138.0511174589,0.));
#7969 = LINE('',#7970,#7971);
#7970 = CARTESIAN_POINT('',(59.328232586431,-138.0892175351,0.));
#7971 = VECTOR('',#7972,1.);
#7972 = DIRECTION('',(-0.316227766017,0.948683298051,0.));
#7973 = ORIENTED_EDGE('',*,*,#7974,.T.);
#7974 = EDGE_CURVE('',#7967,#7810,#7975,.T.);
#7975 = CIRCLE('',#7976,5.E-02);
#7976 = AXIS2_PLACEMENT_3D('',#7977,#7978,#7979);
#7977 = CARTESIAN_POINT('',(59.362966725933,-138.0353060706,0.));
#7978 = DIRECTION('',(0.,0.,-1.));
#7979 = DIRECTION('',(-0.94868329805,-0.316227766017,-0.));
#7980 = FACE_BOUND('',#7981,.T.);
#7981 = EDGE_LOOP('',(#7982,#7992,#8000,#8008,#8016,#8024,#8033,#8041,
    #8050,#8058));
#7982 = ORIENTED_EDGE('',*,*,#7983,.T.);
#7983 = EDGE_CURVE('',#7984,#7986,#7988,.T.);
#7984 = VERTEX_POINT('',#7985);
#7985 = CARTESIAN_POINT('',(59.574587249175,-138.0287538869,0.));
#7986 = VERTEX_POINT('',#7987);
#7987 = CARTESIAN_POINT('',(59.574587249175,-137.9989458978,0.));
#7988 = LINE('',#7989,#7990);
#7989 = CARTESIAN_POINT('',(59.574587249175,-138.0287538869,0.));
#7990 = VECTOR('',#7991,1.);
#7991 = DIRECTION('',(0.,1.,0.));
#7992 = ORIENTED_EDGE('',*,*,#7993,.T.);
#7993 = EDGE_CURVE('',#7986,#7994,#7996,.T.);
#7994 = VERTEX_POINT('',#7995);
#7995 = CARTESIAN_POINT('',(59.412966725933,-137.9989458978,0.));
#7996 = LINE('',#7997,#7998);
#7997 = CARTESIAN_POINT('',(59.574587249175,-137.9989458978,0.));
#7998 = VECTOR('',#7999,1.);
#7999 = DIRECTION('',(-1.,0.,0.));
#8000 = ORIENTED_EDGE('',*,*,#8001,.T.);
#8001 = EDGE_CURVE('',#7994,#8002,#8004,.T.);
#8002 = VERTEX_POINT('',#8003);
#8003 = CARTESIAN_POINT('',(59.412966725933,-138.0271921876,0.));
#8004 = LINE('',#8005,#8006);
#8005 = CARTESIAN_POINT('',(59.412966725933,-137.9989458978,0.));
#8006 = VECTOR('',#8007,1.);
#8007 = DIRECTION('',(0.,-1.,0.));
#8008 = ORIENTED_EDGE('',*,*,#8009,.T.);
#8009 = EDGE_CURVE('',#8002,#8010,#8012,.T.);
#8010 = VERTEX_POINT('',#8011);
#8011 = CARTESIAN_POINT('',(59.419368353778,-138.0463970711,0.));
#8012 = LINE('',#8013,#8014);
#8013 = CARTESIAN_POINT('',(59.412966725933,-138.0271921876,0.));
#8014 = VECTOR('',#8015,1.);
#8015 = DIRECTION('',(0.316227766017,-0.948683298051,0.));
#8016 = ORIENTED_EDGE('',*,*,#8017,.T.);
#8017 = EDGE_CURVE('',#8010,#8018,#8020,.T.);
#8018 = VERTEX_POINT('',#8019);
#8019 = CARTESIAN_POINT('',(59.431470187984,-138.0584989053,0.));
#8020 = LINE('',#8021,#8022);
#8021 = CARTESIAN_POINT('',(59.419368353778,-138.0463970711,0.));
#8022 = VECTOR('',#8023,1.);
#8023 = DIRECTION('',(0.707106781186,-0.707106781187,0.));
#8024 = ORIENTED_EDGE('',*,*,#8025,.T.);
#8025 = EDGE_CURVE('',#8018,#8026,#8028,.T.);
#8026 = VERTEX_POINT('',#8027);
#8027 = CARTESIAN_POINT('',(59.470912963064,-138.0742062484,0.));
#8028 = CIRCLE('',#8029,0.191801280419);
#8029 = AXIS2_PLACEMENT_3D('',#8030,#8031,#8032);
#8030 = CARTESIAN_POINT('',(59.521717043699,-137.8892557778,0.));
#8031 = DIRECTION('',(0.,0.,1.));
#8032 = DIRECTION('',(-0.470522696811,-0.882387891908,0.));
#8033 = ORIENTED_EDGE('',*,*,#8034,.T.);
#8034 = EDGE_CURVE('',#8026,#8035,#8037,.T.);
#8035 = VERTEX_POINT('',#8036);
#8036 = CARTESIAN_POINT('',(59.519181017115,-138.0742062484,0.));
#8037 = LINE('',#8038,#8039);
#8038 = CARTESIAN_POINT('',(59.470912963064,-138.0742062484,0.));
#8039 = VECTOR('',#8040,1.);
#8040 = DIRECTION('',(1.,0.,0.));
#8041 = ORIENTED_EDGE('',*,*,#8042,.T.);
#8042 = EDGE_CURVE('',#8035,#8043,#8045,.T.);
#8043 = VERTEX_POINT('',#8044);
#8044 = CARTESIAN_POINT('',(59.55862379221,-138.0584989053,0.));
#8045 = CIRCLE('',#8046,0.191801281026);
#8046 = AXIS2_PLACEMENT_3D('',#8047,#8048,#8049);
#8047 = CARTESIAN_POINT('',(59.468376936261,-137.8892557772,0.));
#8048 = DIRECTION('',(0.,0.,1.));
#8049 = DIRECTION('',(0.264878735854,-0.964281730249,0.));
#8050 = ORIENTED_EDGE('',*,*,#8051,.T.);
#8051 = EDGE_CURVE('',#8043,#8052,#8054,.T.);
#8052 = VERTEX_POINT('',#8053);
#8053 = CARTESIAN_POINT('',(59.569575772278,-138.0475469252,0.));
#8054 = LINE('',#8055,#8056);
#8055 = CARTESIAN_POINT('',(59.55862379221,-138.0584989053,0.));
#8056 = VECTOR('',#8057,1.);
#8057 = DIRECTION('',(0.707106781187,0.707106781186,0.));
#8058 = ORIENTED_EDGE('',*,*,#8059,.T.);
#8059 = EDGE_CURVE('',#8052,#7984,#8060,.T.);
#8060 = LINE('',#8061,#8062);
#8061 = CARTESIAN_POINT('',(59.569575772278,-138.0475469252,0.));
#8062 = VECTOR('',#8063,1.);
#8063 = DIRECTION('',(0.25766265056,0.966234939601,0.));
#8064 = PLANE('',#8065);
#8065 = AXIS2_PLACEMENT_3D('',#8066,#8067,#8068);
#8066 = CARTESIAN_POINT('',(59.494167444041,-138.0223395067,0.));
#8067 = DIRECTION('',(-0.,-0.,-1.));
#8068 = DIRECTION('',(-1.,0.,0.));
#8069 = SHELL_BASED_SURFACE_MODEL('',(#8070));
#8070 = OPEN_SHELL('',(#8071));
#8071 = ADVANCED_FACE('',(#8072),#8133,.T.);
#8072 = FACE_BOUND('',#8073,.T.);
#8073 = EDGE_LOOP('',(#8074,#8084,#8092,#8101,#8109,#8118,#8126));
#8074 = ORIENTED_EDGE('',*,*,#8075,.T.);
#8075 = EDGE_CURVE('',#8076,#8078,#8080,.T.);
#8076 = VERTEX_POINT('',#8077);
#8077 = CARTESIAN_POINT('',(62.095504191008,-138.3799466598,0.));
#8078 = VERTEX_POINT('',#8079);
#8079 = CARTESIAN_POINT('',(61.883883667767,-138.3799466598,0.));
#8080 = LINE('',#8081,#8082);
#8081 = CARTESIAN_POINT('',(62.095504191008,-138.3799466598,0.));
#8082 = VECTOR('',#8083,1.);
#8083 = DIRECTION('',(-1.,0.,0.));
#8084 = ORIENTED_EDGE('',*,*,#8085,.T.);
#8085 = EDGE_CURVE('',#8078,#8086,#8088,.T.);
#8086 = VERTEX_POINT('',#8087);
#8087 = CARTESIAN_POINT('',(61.883883667767,-138.4798069596,0.));
#8088 = LINE('',#8089,#8090);
#8089 = CARTESIAN_POINT('',(61.883883667767,-138.3799466598,0.));
#8090 = VECTOR('',#8091,1.);
#8091 = DIRECTION('',(0.,-1.,0.));
#8092 = ORIENTED_EDGE('',*,*,#8093,.T.);
#8093 = EDGE_CURVE('',#8086,#8094,#8096,.T.);
#8094 = VERTEX_POINT('',#8095);
#8095 = CARTESIAN_POINT('',(61.783883667767,-138.4798069596,0.));
#8096 = CIRCLE('',#8097,5.E-02);
#8097 = AXIS2_PLACEMENT_3D('',#8098,#8099,#8100);
#8098 = CARTESIAN_POINT('',(61.833883667767,-138.4798069596,0.));
#8099 = DIRECTION('',(-0.,0.,-1.));
#8100 = DIRECTION('',(1.,-1.110223024625E-16,-0.));
#8101 = ORIENTED_EDGE('',*,*,#8102,.T.);
#8102 = EDGE_CURVE('',#8094,#8103,#8105,.T.);
#8103 = VERTEX_POINT('',#8104);
#8104 = CARTESIAN_POINT('',(61.783883667767,-138.3299466598,0.));
#8105 = LINE('',#8106,#8107);
#8106 = CARTESIAN_POINT('',(61.783883667767,-138.4798069596,0.));
#8107 = VECTOR('',#8108,1.);
#8108 = DIRECTION('',(0.,1.,0.));
#8109 = ORIENTED_EDGE('',*,*,#8110,.T.);
#8110 = EDGE_CURVE('',#8103,#8111,#8113,.T.);
#8111 = VERTEX_POINT('',#8112);
#8112 = CARTESIAN_POINT('',(61.833883667767,-138.2799466598,0.));
#8113 = CIRCLE('',#8114,5.000000000001E-02);
#8114 = AXIS2_PLACEMENT_3D('',#8115,#8116,#8117);
#8115 = CARTESIAN_POINT('',(61.833883667767,-138.3299466598,0.));
#8116 = DIRECTION('',(0.,0.,-1.));
#8117 = DIRECTION('',(-1.,-1.419952367322E-13,-0.));
#8118 = ORIENTED_EDGE('',*,*,#8119,.T.);
#8119 = EDGE_CURVE('',#8111,#8120,#8122,.T.);
#8120 = VERTEX_POINT('',#8121);
#8121 = CARTESIAN_POINT('',(62.095504191008,-138.2799466598,0.));
#8122 = LINE('',#8123,#8124);
#8123 = CARTESIAN_POINT('',(61.833883667767,-138.2799466598,0.));
#8124 = VECTOR('',#8125,1.);
#8125 = DIRECTION('',(1.,0.,0.));
#8126 = ORIENTED_EDGE('',*,*,#8127,.T.);
#8127 = EDGE_CURVE('',#8120,#8076,#8128,.T.);
#8128 = CIRCLE('',#8129,5.000000000001E-02);
#8129 = AXIS2_PLACEMENT_3D('',#8130,#8131,#8132);
#8130 = CARTESIAN_POINT('',(62.095504191008,-138.3299466598,0.));
#8131 = DIRECTION('',(0.,0.,-1.));
#8132 = DIRECTION('',(1.110223024625E-16,1.,0.));
#8133 = PLANE('',#8134);
#8134 = AXIS2_PLACEMENT_3D('',#8135,#8136,#8137);
#8135 = CARTESIAN_POINT('',(61.930061190306,-138.3691090973,0.));
#8136 = DIRECTION('',(-0.,-0.,-1.));
#8137 = DIRECTION('',(-1.,0.,0.));
#8138 = SHELL_BASED_SURFACE_MODEL('',(#8139));
#8139 = OPEN_SHELL('',(#8140));
#8140 = ADVANCED_FACE('',(#8141),#8531,.T.);
#8141 = FACE_BOUND('',#8142,.T.);
#8142 = EDGE_LOOP('',(#8143,#8154,#8163,#8171,#8180,#8189,#8198,#8206,
    #8215,#8223,#8232,#8240,#8249,#8257,#8266,#8274,#8283,#8291,#8300,
    #8308,#8316,#8324,#8332,#8340,#8348,#8357,#8365,#8374,#8382,#8390,
    #8398,#8406,#8414,#8422,#8431,#8439,#8448,#8456,#8465,#8473,#8482,
    #8490,#8499,#8507,#8516,#8524));
#8143 = ORIENTED_EDGE('',*,*,#8144,.T.);
#8144 = EDGE_CURVE('',#8145,#8147,#8149,.T.);
#8145 = VERTEX_POINT('',#8146);
#8146 = CARTESIAN_POINT('',(61.847035521735,-137.9640348918,0.));
#8147 = VERTEX_POINT('',#8148);
#8148 = CARTESIAN_POINT('',(61.923666291999,-137.9333825837,0.));
#8149 = CIRCLE('',#8150,0.291801280118);
#8150 = AXIS2_PLACEMENT_3D('',#8151,#8152,#8153);
#8151 = CARTESIAN_POINT('',(61.99263398542,-138.2169164342,0.));
#8152 = DIRECTION('',(0.,0.,-1.));
#8153 = DIRECTION('',(-0.49896444466,0.866622456993,0.));
#8154 = ORIENTED_EDGE('',*,*,#8155,.T.);
#8155 = EDGE_CURVE('',#8147,#8156,#8158,.T.);
#8156 = VERTEX_POINT('',#8157);
#8157 = CARTESIAN_POINT('',(61.935483870968,-137.9319659639,0.));
#8158 = CIRCLE('',#8159,5.000000000004E-02);
#8159 = AXIS2_PLACEMENT_3D('',#8160,#8161,#8162);
#8160 = CARTESIAN_POINT('',(61.935483870968,-137.9819659639,0.));
#8161 = DIRECTION('',(0.,0.,-1.));
#8162 = DIRECTION('',(-0.236351579381,0.971667603105,0.));
#8163 = ORIENTED_EDGE('',*,*,#8164,.T.);
#8164 = EDGE_CURVE('',#8156,#8165,#8167,.T.);
#8165 = VERTEX_POINT('',#8166);
#8166 = CARTESIAN_POINT('',(61.996443992888,-137.9319659639,0.));
#8167 = LINE('',#8168,#8169);
#8168 = CARTESIAN_POINT('',(61.935483870968,-137.9319659639,0.));
#8169 = VECTOR('',#8170,1.);
#8170 = DIRECTION('',(1.,-4.662344584479E-13,0.));
#8171 = ORIENTED_EDGE('',*,*,#8172,.T.);
#8172 = EDGE_CURVE('',#8165,#8173,#8175,.T.);
#8173 = VERTEX_POINT('',#8174);
#8174 = CARTESIAN_POINT('',(62.008261571848,-137.9333825837,0.));
#8175 = CIRCLE('',#8176,4.999999999998E-02);
#8176 = AXIS2_PLACEMENT_3D('',#8177,#8178,#8179);
#8177 = CARTESIAN_POINT('',(61.996443992888,-137.9819659639,0.));
#8178 = DIRECTION('',(0.,0.,-1.));
#8179 = DIRECTION('',(-1.2345430341E-12,1.,0.));
#8180 = ORIENTED_EDGE('',*,*,#8181,.T.);
#8181 = EDGE_CURVE('',#8173,#8182,#8184,.T.);
#8182 = VERTEX_POINT('',#8183);
#8183 = CARTESIAN_POINT('',(62.084892342129,-137.9640348918,0.));
#8184 = CIRCLE('',#8185,0.291801279814);
#8185 = AXIS2_PLACEMENT_3D('',#8186,#8187,#8188);
#8186 = CARTESIAN_POINT('',(61.93929387855,-138.2169164339,0.));
#8187 = DIRECTION('',(0.,0.,-1.));
#8188 = DIRECTION('',(0.236351579205,0.971667603148,0.));
#8189 = ORIENTED_EDGE('',*,*,#8190,.T.);
#8190 = EDGE_CURVE('',#8182,#8191,#8193,.T.);
#8191 = VERTEX_POINT('',#8192);
#8192 = CARTESIAN_POINT('',(62.095299458948,-137.9720106756,0.));
#8193 = CIRCLE('',#8194,4.999999999999E-02);
#8194 = AXIS2_PLACEMENT_3D('',#8195,#8196,#8197);
#8195 = CARTESIAN_POINT('',(62.059944119888,-138.0073660147,0.));
#8196 = DIRECTION('',(0.,0.,-1.));
#8197 = DIRECTION('',(0.498964444814,0.866622456904,0.));
#8198 = ORIENTED_EDGE('',*,*,#8199,.T.);
#8199 = EDGE_CURVE('',#8191,#8200,#8202,.T.);
#8200 = VERTEX_POINT('',#8201);
#8201 = CARTESIAN_POINT('',(62.120699509748,-137.9974107264,0.));
#8202 = LINE('',#8203,#8204);
#8203 = CARTESIAN_POINT('',(62.095299458948,-137.9720106756,0.));
#8204 = VECTOR('',#8205,1.);
#8205 = DIRECTION('',(0.707106781187,-0.707106781187,0.));
#8206 = ORIENTED_EDGE('',*,*,#8207,.T.);
#8207 = EDGE_CURVE('',#8200,#8208,#8210,.T.);
#8208 = VERTEX_POINT('',#8209);
#8209 = CARTESIAN_POINT('',(62.131768005233,-138.0141965317,0.));
#8210 = CIRCLE('',#8211,4.999999999999E-02);
#8211 = AXIS2_PLACEMENT_3D('',#8212,#8213,#8214);
#8212 = CARTESIAN_POINT('',(62.085344170688,-138.0327660655,0.));
#8213 = DIRECTION('',(0.,0.,-1.));
#8214 = DIRECTION('',(0.707106781187,0.707106781186,0.));
#8215 = ORIENTED_EDGE('',*,*,#8216,.T.);
#8216 = EDGE_CURVE('',#8208,#8217,#8219,.T.);
#8217 = VERTEX_POINT('',#8218);
#8218 = CARTESIAN_POINT('',(62.141928025553,-138.0395965825,0.));
#8219 = LINE('',#8220,#8221);
#8220 = CARTESIAN_POINT('',(62.131768005233,-138.0141965317,0.));
#8221 = VECTOR('',#8222,1.);
#8222 = DIRECTION('',(0.371390676354,-0.928476690885,0.));
#8223 = ORIENTED_EDGE('',*,*,#8224,.T.);
#8224 = EDGE_CURVE('',#8217,#8225,#8227,.T.);
#8225 = VERTEX_POINT('',#8226);
#8226 = CARTESIAN_POINT('',(62.145504191008,-138.0581661163,0.));
#8227 = CIRCLE('',#8228,5.000000000013E-02);
#8228 = AXIS2_PLACEMENT_3D('',#8229,#8230,#8231);
#8229 = CARTESIAN_POINT('',(62.095504191008,-138.0581661163,0.));
#8230 = DIRECTION('',(0.,0.,-1.));
#8231 = DIRECTION('',(0.928476690885,0.371390676354,0.));
#8232 = ORIENTED_EDGE('',*,*,#8233,.T.);
#8233 = EDGE_CURVE('',#8225,#8234,#8236,.T.);
#8234 = VERTEX_POINT('',#8235);
#8235 = CARTESIAN_POINT('',(62.145504191008,-138.1064262128,0.));
#8236 = LINE('',#8237,#8238);
#8237 = CARTESIAN_POINT('',(62.145504191008,-138.0581661163,0.));
#8238 = VECTOR('',#8239,1.);
#8239 = DIRECTION('',(0.,-1.,0.));
#8240 = ORIENTED_EDGE('',*,*,#8241,.T.);
#8241 = EDGE_CURVE('',#8234,#8242,#8244,.T.);
#8242 = VERTEX_POINT('',#8243);
#8243 = CARTESIAN_POINT('',(62.141928025553,-138.1249957466,0.));
#8244 = CIRCLE('',#8245,4.999999999999E-02);
#8245 = AXIS2_PLACEMENT_3D('',#8246,#8247,#8248);
#8246 = CARTESIAN_POINT('',(62.095504191008,-138.1064262128,0.));
#8247 = DIRECTION('',(0.,0.,-1.));
#8248 = DIRECTION('',(1.,6.574900055869E-14,0.));
#8249 = ORIENTED_EDGE('',*,*,#8250,.T.);
#8250 = EDGE_CURVE('',#8242,#8251,#8253,.T.);
#8251 = VERTEX_POINT('',#8252);
#8252 = CARTESIAN_POINT('',(62.131768005233,-138.1503957974,0.));
#8253 = LINE('',#8254,#8255);
#8254 = CARTESIAN_POINT('',(62.141928025553,-138.1249957466,0.));
#8255 = VECTOR('',#8256,1.);
#8256 = DIRECTION('',(-0.371390676354,-0.928476690885,0.));
#8257 = ORIENTED_EDGE('',*,*,#8258,.T.);
#8258 = EDGE_CURVE('',#8251,#8259,#8261,.T.);
#8259 = VERTEX_POINT('',#8260);
#8260 = CARTESIAN_POINT('',(62.120699509748,-138.1671816027,0.));
#8261 = CIRCLE('',#8262,4.999999999999E-02);
#8262 = AXIS2_PLACEMENT_3D('',#8263,#8264,#8265);
#8263 = CARTESIAN_POINT('',(62.085344170688,-138.1318262636,0.));
#8264 = DIRECTION('',(0.,0.,-1.));
#8265 = DIRECTION('',(0.928476690885,-0.371390676354,0.));
#8266 = ORIENTED_EDGE('',*,*,#8267,.T.);
#8267 = EDGE_CURVE('',#8259,#8268,#8270,.T.);
#8268 = VERTEX_POINT('',#8269);
#8269 = CARTESIAN_POINT('',(62.095299458948,-138.1925816535,0.));
#8270 = LINE('',#8271,#8272);
#8271 = CARTESIAN_POINT('',(62.120699509748,-138.1671816027,0.));
#8272 = VECTOR('',#8273,1.);
#8273 = DIRECTION('',(-0.707106781186,-0.707106781187,0.));
#8274 = ORIENTED_EDGE('',*,*,#8275,.T.);
#8275 = EDGE_CURVE('',#8268,#8276,#8278,.T.);
#8276 = VERTEX_POINT('',#8277);
#8277 = CARTESIAN_POINT('',(62.082304799663,-138.201947674,0.));
#8278 = CIRCLE('',#8279,4.999999999988E-02);
#8279 = AXIS2_PLACEMENT_3D('',#8280,#8281,#8282);
#8280 = CARTESIAN_POINT('',(62.059944119888,-138.1572263144,0.));
#8281 = DIRECTION('',(0.,0.,-1.));
#8282 = DIRECTION('',(0.707106781186,-0.707106781187,0.));
#8283 = ORIENTED_EDGE('',*,*,#8284,.T.);
#8284 = EDGE_CURVE('',#8276,#8285,#8287,.T.);
#8285 = VERTEX_POINT('',#8286);
#8286 = CARTESIAN_POINT('',(62.056904748863,-138.2146476994,0.));
#8287 = LINE('',#8288,#8289);
#8288 = CARTESIAN_POINT('',(62.082304799663,-138.201947674,0.));
#8289 = VECTOR('',#8290,1.);
#8290 = DIRECTION('',(-0.894427191,-0.447213595499,0.));
#8291 = ORIENTED_EDGE('',*,*,#8292,.T.);
#8292 = EDGE_CURVE('',#8285,#8293,#8295,.T.);
#8293 = VERTEX_POINT('',#8294);
#8294 = CARTESIAN_POINT('',(62.012183389313,-138.1252049803,0.));
#8295 = CIRCLE('',#8296,4.999999999999E-02);
#8296 = AXIS2_PLACEMENT_3D('',#8297,#8298,#8299);
#8297 = CARTESIAN_POINT('',(62.034544069088,-138.1699263398,0.));
#8298 = DIRECTION('',(-0.,0.,-1.));
#8299 = DIRECTION('',(0.4472135955,-0.894427191,-0.));
#8300 = ORIENTED_EDGE('',*,*,#8301,.T.);
#8301 = EDGE_CURVE('',#8293,#8302,#8304,.T.);
#8302 = VERTEX_POINT('',#8303);
#8303 = CARTESIAN_POINT('',(62.030326162526,-138.1161335936,0.));
#8304 = LINE('',#8305,#8306);
#8305 = CARTESIAN_POINT('',(62.012183389313,-138.1252049803,0.));
#8306 = VECTOR('',#8307,1.);
#8307 = DIRECTION('',(0.894427191,0.447213595499,0.));
#8308 = ORIENTED_EDGE('',*,*,#8309,.T.);
#8309 = EDGE_CURVE('',#8302,#8310,#8312,.T.);
#8310 = VERTEX_POINT('',#8311);
#8311 = CARTESIAN_POINT('',(62.042731875982,-138.1037278802,0.));
#8312 = LINE('',#8313,#8314);
#8313 = CARTESIAN_POINT('',(62.030326162526,-138.1161335936,0.));
#8314 = VECTOR('',#8315,1.);
#8315 = DIRECTION('',(0.707106781186,0.707106781187,0.));
#8316 = ORIENTED_EDGE('',*,*,#8317,.T.);
#8317 = EDGE_CURVE('',#8310,#8318,#8320,.T.);
#8318 = VERTEX_POINT('',#8319);
#8319 = CARTESIAN_POINT('',(62.045504191008,-138.0967970926,0.));
#8320 = LINE('',#8321,#8322);
#8321 = CARTESIAN_POINT('',(62.042731875982,-138.1037278802,0.));
#8322 = VECTOR('',#8323,1.);
#8323 = DIRECTION('',(0.371390676354,0.928476690885,0.));
#8324 = ORIENTED_EDGE('',*,*,#8325,.T.);
#8325 = EDGE_CURVE('',#8318,#8326,#8328,.T.);
#8326 = VERTEX_POINT('',#8327);
#8327 = CARTESIAN_POINT('',(62.045504191008,-138.0677952365,0.));
#8328 = LINE('',#8329,#8330);
#8329 = CARTESIAN_POINT('',(62.045504191008,-138.0967970926,0.));
#8330 = VECTOR('',#8331,1.);
#8331 = DIRECTION('',(0.,1.,0.));
#8332 = ORIENTED_EDGE('',*,*,#8333,.T.);
#8333 = EDGE_CURVE('',#8326,#8334,#8336,.T.);
#8334 = VERTEX_POINT('',#8335);
#8335 = CARTESIAN_POINT('',(62.042731875982,-138.0608644489,0.));
#8336 = LINE('',#8337,#8338);
#8337 = CARTESIAN_POINT('',(62.045504191008,-138.0677952365,0.));
#8338 = VECTOR('',#8339,1.);
#8339 = DIRECTION('',(-0.371390676353,0.928476690886,0.));
#8340 = ORIENTED_EDGE('',*,*,#8341,.T.);
#8341 = EDGE_CURVE('',#8334,#8342,#8344,.T.);
#8342 = VERTEX_POINT('',#8343);
#8343 = CARTESIAN_POINT('',(62.029540734032,-138.0476733069,0.));
#8344 = LINE('',#8345,#8346);
#8345 = CARTESIAN_POINT('',(62.042731875982,-138.0608644489,0.));
#8346 = VECTOR('',#8347,1.);
#8347 = DIRECTION('',(-0.707106781187,0.707106781187,0.));
#8348 = ORIENTED_EDGE('',*,*,#8349,.T.);
#8349 = EDGE_CURVE('',#8342,#8350,#8352,.T.);
#8350 = VERTEX_POINT('',#8351);
#8351 = CARTESIAN_POINT('',(61.990097958966,-138.0319659639,0.));
#8352 = CIRCLE('',#8353,0.191801279814);
#8353 = AXIS2_PLACEMENT_3D('',#8354,#8355,#8356);
#8354 = CARTESIAN_POINT('',(61.93929387855,-138.2169164339,0.));
#8355 = DIRECTION('',(0.,0.,1.));
#8356 = DIRECTION('',(0.47052269708,0.882387891764,-0.));
#8357 = ORIENTED_EDGE('',*,*,#8358,.T.);
#8358 = EDGE_CURVE('',#8350,#8359,#8361,.T.);
#8359 = VERTEX_POINT('',#8360);
#8360 = CARTESIAN_POINT('',(61.941829904894,-138.0319659639,0.));
#8361 = LINE('',#8362,#8363);
#8362 = CARTESIAN_POINT('',(61.990097958966,-138.0319659639,0.));
#8363 = VECTOR('',#8364,1.);
#8364 = DIRECTION('',(-1.,0.,0.));
#8365 = ORIENTED_EDGE('',*,*,#8366,.T.);
#8366 = EDGE_CURVE('',#8359,#8367,#8369,.T.);
#8367 = VERTEX_POINT('',#8368);
#8368 = CARTESIAN_POINT('',(61.902387129821,-138.0476733069,0.));
#8369 = CIRCLE('',#8370,0.191801280118);
#8370 = AXIS2_PLACEMENT_3D('',#8371,#8372,#8373);
#8371 = CARTESIAN_POINT('',(61.99263398542,-138.2169164342,0.));
#8372 = DIRECTION('',(0.,0.,1.));
#8373 = DIRECTION('',(-0.264878735401,0.964281730374,0.));
#8374 = ORIENTED_EDGE('',*,*,#8375,.T.);
#8375 = EDGE_CURVE('',#8367,#8376,#8378,.T.);
#8376 = VERTEX_POINT('',#8377);
#8377 = CARTESIAN_POINT('',(61.887676413924,-138.0623840228,0.));
#8378 = LINE('',#8379,#8380);
#8379 = CARTESIAN_POINT('',(61.902387129821,-138.0476733069,0.));
#8380 = VECTOR('',#8381,1.);
#8381 = DIRECTION('',(-0.707106781186,-0.707106781187,0.));
#8382 = ORIENTED_EDGE('',*,*,#8383,.T.);
#8383 = EDGE_CURVE('',#8376,#8384,#8386,.T.);
#8384 = VERTEX_POINT('',#8385);
#8385 = CARTESIAN_POINT('',(61.883883667767,-138.0699695152,0.));
#8386 = LINE('',#8387,#8388);
#8387 = CARTESIAN_POINT('',(61.887676413924,-138.0623840228,0.));
#8388 = VECTOR('',#8389,1.);
#8389 = DIRECTION('',(-0.447213595501,-0.894427190999,0.));
#8390 = ORIENTED_EDGE('',*,*,#8391,.T.);
#8391 = EDGE_CURVE('',#8384,#8392,#8394,.T.);
#8392 = VERTEX_POINT('',#8393);
#8393 = CARTESIAN_POINT('',(61.883883667767,-138.0946228139,0.));
#8394 = LINE('',#8395,#8396);
#8395 = CARTESIAN_POINT('',(61.883883667767,-138.0699695152,0.));
#8396 = VECTOR('',#8397,1.);
#8397 = DIRECTION('',(0.,-1.,0.));
#8398 = ORIENTED_EDGE('',*,*,#8399,.T.);
#8399 = EDGE_CURVE('',#8392,#8400,#8402,.T.);
#8400 = VERTEX_POINT('',#8401);
#8401 = CARTESIAN_POINT('',(61.887676413924,-138.1022083062,0.));
#8402 = LINE('',#8403,#8404);
#8403 = CARTESIAN_POINT('',(61.883883667767,-138.0946228139,0.));
#8404 = VECTOR('',#8405,1.);
#8405 = DIRECTION('',(0.447213595501,-0.894427191,0.));
#8406 = ORIENTED_EDGE('',*,*,#8407,.T.);
#8407 = EDGE_CURVE('',#8400,#8408,#8410,.T.);
#8408 = VERTEX_POINT('',#8409);
#8409 = CARTESIAN_POINT('',(61.90160170133,-138.1161335936,0.));
#8410 = LINE('',#8411,#8412);
#8411 = CARTESIAN_POINT('',(61.887676413924,-138.1022083062,0.));
#8412 = VECTOR('',#8413,1.);
#8413 = DIRECTION('',(0.707106781186,-0.707106781187,0.));
#8414 = ORIENTED_EDGE('',*,*,#8415,.T.);
#8415 = EDGE_CURVE('',#8408,#8416,#8418,.T.);
#8416 = VERTEX_POINT('',#8417);
#8417 = CARTESIAN_POINT('',(61.919744474543,-138.1252049803,0.));
#8418 = LINE('',#8419,#8420);
#8419 = CARTESIAN_POINT('',(61.90160170133,-138.1161335936,0.));
#8420 = VECTOR('',#8421,1.);
#8421 = DIRECTION('',(0.894427191,-0.447213595499,0.));
#8422 = ORIENTED_EDGE('',*,*,#8423,.T.);
#8423 = EDGE_CURVE('',#8416,#8424,#8426,.T.);
#8424 = VERTEX_POINT('',#8425);
#8425 = CARTESIAN_POINT('',(61.875023114993,-138.2146476994,0.));
#8426 = CIRCLE('',#8427,5.E-02);
#8427 = AXIS2_PLACEMENT_3D('',#8428,#8429,#8430);
#8428 = CARTESIAN_POINT('',(61.897383794768,-138.1699263398,0.));
#8429 = DIRECTION('',(0.,0.,-1.));
#8430 = DIRECTION('',(0.447213595499,0.894427191,0.));
#8431 = ORIENTED_EDGE('',*,*,#8432,.T.);
#8432 = EDGE_CURVE('',#8424,#8433,#8435,.T.);
#8433 = VERTEX_POINT('',#8434);
#8434 = CARTESIAN_POINT('',(61.849623064193,-138.201947674,0.));
#8435 = LINE('',#8436,#8437);
#8436 = CARTESIAN_POINT('',(61.875023114993,-138.2146476994,0.));
#8437 = VECTOR('',#8438,1.);
#8438 = DIRECTION('',(-0.894427191,0.4472135955,0.));
#8439 = ORIENTED_EDGE('',*,*,#8440,.T.);
#8440 = EDGE_CURVE('',#8433,#8441,#8443,.T.);
#8441 = VERTEX_POINT('',#8442);
#8442 = CARTESIAN_POINT('',(61.836628404908,-138.1925816535,0.));
#8443 = CIRCLE('',#8444,4.999999999998E-02);
#8444 = AXIS2_PLACEMENT_3D('',#8445,#8446,#8447);
#8445 = CARTESIAN_POINT('',(61.871983743967,-138.1572263144,0.));
#8446 = DIRECTION('',(0.,0.,-1.));
#8447 = DIRECTION('',(-0.447213595499,-0.894427191001,-0.));
#8448 = ORIENTED_EDGE('',*,*,#8449,.T.);
#8449 = EDGE_CURVE('',#8441,#8450,#8452,.T.);
#8450 = VERTEX_POINT('',#8451);
#8451 = CARTESIAN_POINT('',(61.811228354108,-138.1671816027,0.));
#8452 = LINE('',#8453,#8454);
#8453 = CARTESIAN_POINT('',(61.836628404908,-138.1925816535,0.));
#8454 = VECTOR('',#8455,1.);
#8455 = DIRECTION('',(-0.707106781186,0.707106781187,0.));
#8456 = ORIENTED_EDGE('',*,*,#8457,.T.);
#8457 = EDGE_CURVE('',#8450,#8458,#8460,.T.);
#8458 = VERTEX_POINT('',#8459);
#8459 = CARTESIAN_POINT('',(61.801862333617,-138.1541869434,0.));
#8460 = CIRCLE('',#8461,5.000000000008E-02);
#8461 = AXIS2_PLACEMENT_3D('',#8462,#8463,#8464);
#8462 = CARTESIAN_POINT('',(61.846583693167,-138.1318262636,0.));
#8463 = DIRECTION('',(0.,0.,-1.));
#8464 = DIRECTION('',(-0.707106781187,-0.707106781186,-0.));
#8465 = ORIENTED_EDGE('',*,*,#8466,.T.);
#8466 = EDGE_CURVE('',#8458,#8467,#8469,.T.);
#8467 = VERTEX_POINT('',#8468);
#8468 = CARTESIAN_POINT('',(61.789162308217,-138.1287868926,0.));
#8469 = LINE('',#8470,#8471);
#8470 = CARTESIAN_POINT('',(61.801862333617,-138.1541869434,0.));
#8471 = VECTOR('',#8472,1.);
#8472 = DIRECTION('',(-0.4472135955,0.894427191,0.));
#8473 = ORIENTED_EDGE('',*,*,#8474,.T.);
#8474 = EDGE_CURVE('',#8467,#8475,#8477,.T.);
#8475 = VERTEX_POINT('',#8476);
#8476 = CARTESIAN_POINT('',(61.783883667767,-138.1064262128,0.));
#8477 = CIRCLE('',#8478,4.999999999992E-02);
#8478 = AXIS2_PLACEMENT_3D('',#8479,#8480,#8481);
#8479 = CARTESIAN_POINT('',(61.833883667767,-138.1064262128,0.));
#8480 = DIRECTION('',(0.,0.,-1.));
#8481 = DIRECTION('',(-0.894427191,-0.4472135955,-0.));
#8482 = ORIENTED_EDGE('',*,*,#8483,.T.);
#8483 = EDGE_CURVE('',#8475,#8484,#8486,.T.);
#8484 = VERTEX_POINT('',#8485);
#8485 = CARTESIAN_POINT('',(61.783883667767,-138.0581661163,0.));
#8486 = LINE('',#8487,#8488);
#8487 = CARTESIAN_POINT('',(61.783883667767,-138.1064262128,0.));
#8488 = VECTOR('',#8489,1.);
#8489 = DIRECTION('',(0.,1.,0.));
#8490 = ORIENTED_EDGE('',*,*,#8491,.T.);
#8491 = EDGE_CURVE('',#8484,#8492,#8494,.T.);
#8492 = VERTEX_POINT('',#8493);
#8493 = CARTESIAN_POINT('',(61.789162308217,-138.0358054365,0.));
#8494 = CIRCLE('',#8495,4.999999999993E-02);
#8495 = AXIS2_PLACEMENT_3D('',#8496,#8497,#8498);
#8496 = CARTESIAN_POINT('',(61.833883667767,-138.0581661163,0.));
#8497 = DIRECTION('',(0.,0.,-1.));
#8498 = DIRECTION('',(-1.,-5.579736029872E-14,-0.));
#8499 = ORIENTED_EDGE('',*,*,#8500,.T.);
#8500 = EDGE_CURVE('',#8492,#8501,#8503,.T.);
#8501 = VERTEX_POINT('',#8502);
#8502 = CARTESIAN_POINT('',(61.801862333617,-138.0104053857,0.));
#8503 = LINE('',#8504,#8505);
#8504 = CARTESIAN_POINT('',(61.789162308217,-138.0358054365,0.));
#8505 = VECTOR('',#8506,1.);
#8506 = DIRECTION('',(0.4472135955,0.894427191,0.));
#8507 = ORIENTED_EDGE('',*,*,#8508,.T.);
#8508 = EDGE_CURVE('',#8501,#8509,#8511,.T.);
#8509 = VERTEX_POINT('',#8510);
#8510 = CARTESIAN_POINT('',(61.811228354108,-137.9974107264,0.));
#8511 = CIRCLE('',#8512,4.999999999993E-02);
#8512 = AXIS2_PLACEMENT_3D('',#8513,#8514,#8515);
#8513 = CARTESIAN_POINT('',(61.846583693167,-138.0327660655,0.));
#8514 = DIRECTION('',(0.,0.,-1.));
#8515 = DIRECTION('',(-0.894427191,0.4472135955,0.));
#8516 = ORIENTED_EDGE('',*,*,#8517,.T.);
#8517 = EDGE_CURVE('',#8509,#8518,#8520,.T.);
#8518 = VERTEX_POINT('',#8519);
#8519 = CARTESIAN_POINT('',(61.836628404908,-137.9720106756,0.));
#8520 = LINE('',#8521,#8522);
#8521 = CARTESIAN_POINT('',(61.811228354108,-137.9974107264,0.));
#8522 = VECTOR('',#8523,1.);
#8523 = DIRECTION('',(0.707106781187,0.707106781187,0.));
#8524 = ORIENTED_EDGE('',*,*,#8525,.T.);
#8525 = EDGE_CURVE('',#8518,#8145,#8526,.T.);
#8526 = CIRCLE('',#8527,5.000000000006E-02);
#8527 = AXIS2_PLACEMENT_3D('',#8528,#8529,#8530);
#8528 = CARTESIAN_POINT('',(61.871983743968,-138.0073660147,0.));
#8529 = DIRECTION('',(0.,0.,-1.));
#8530 = DIRECTION('',(-0.707106781187,0.707106781186,0.));
#8531 = PLANE('',#8532);
#8532 = AXIS2_PLACEMENT_3D('',#8533,#8534,#8535);
#8533 = CARTESIAN_POINT('',(61.965369773088,-138.0811552052,0.));
#8534 = DIRECTION('',(-0.,-0.,-1.));
#8535 = DIRECTION('',(-1.,0.,0.));
#8536 = SHELL_BASED_SURFACE_MODEL('',(#8537));
#8537 = OPEN_SHELL('',(#8538));
#8538 = ADVANCED_FACE('',(#8539),#8923,.T.);
#8539 = FACE_BOUND('',#8540,.T.);
#8540 = EDGE_LOOP('',(#8541,#8551,#8560,#8569,#8578,#8586,#8595,#8603,
    #8612,#8620,#8629,#8637,#8646,#8654,#8663,#8671,#8680,#8688,#8697,
    #8705,#8713,#8721,#8729,#8737,#8745,#8753,#8762,#8770,#8779,#8788,
    #8797,#8805,#8814,#8822,#8831,#8839,#8848,#8857,#8866,#8874,#8883,
    #8891,#8900,#8908,#8916));
#8541 = ORIENTED_EDGE('',*,*,#8542,.T.);
#8542 = EDGE_CURVE('',#8543,#8545,#8547,.T.);
#8543 = VERTEX_POINT('',#8544);
#8544 = CARTESIAN_POINT('',(62.030979671258,-137.7113521615,0.));
#8545 = VERTEX_POINT('',#8546);
#8546 = CARTESIAN_POINT('',(62.00577808159,-137.7869569305,0.));
#8547 = LINE('',#8548,#8549);
#8548 = CARTESIAN_POINT('',(62.030979671258,-137.7113521615,0.));
#8549 = VECTOR('',#8550,1.);
#8550 = DIRECTION('',(-0.316227766017,-0.948683298051,0.));
#8551 = ORIENTED_EDGE('',*,*,#8552,.T.);
#8552 = EDGE_CURVE('',#8545,#8553,#8555,.T.);
#8553 = VERTEX_POINT('',#8554);
#8554 = CARTESIAN_POINT('',(62.005656940683,-137.7873158162,0.));
#8555 = CIRCLE('',#8556,5.000000000442E-02);
#8556 = AXIS2_PLACEMENT_3D('',#8557,#8558,#8559);
#8557 = CARTESIAN_POINT('',(61.958343916684,-137.7711455422,0.));
#8558 = DIRECTION('',(0.,0.,-1.));
#8559 = DIRECTION('',(0.948683298051,-0.316227766014,0.));
#8560 = ORIENTED_EDGE('',*,*,#8561,.T.);
#8561 = EDGE_CURVE('',#8553,#8562,#8564,.T.);
#8562 = VERTEX_POINT('',#8563);
#8563 = CARTESIAN_POINT('',(61.972016712237,-137.8433828636,0.));
#8564 = CIRCLE('',#8565,0.15602809944);
#8565 = AXIS2_PLACEMENT_3D('',#8566,#8567,#8568);
#8566 = CARTESIAN_POINT('',(61.858013716428,-137.7368554739,0.));
#8567 = DIRECTION('',(0.,0.,-1.));
#8568 = DIRECTION('',(0.946260479905,-0.323405479498,0.));
#8569 = ORIENTED_EDGE('',*,*,#8570,.T.);
#8570 = EDGE_CURVE('',#8562,#8571,#8573,.T.);
#8571 = VERTEX_POINT('',#8572);
#8572 = CARTESIAN_POINT('',(61.957844550743,-137.853966978,0.));
#8573 = CIRCLE('',#8574,5.000000000005E-02);
#8574 = AXIS2_PLACEMENT_3D('',#8575,#8576,#8577);
#8575 = CARTESIAN_POINT('',(61.935483870968,-137.8092456184,0.));
#8576 = DIRECTION('',(0.,0.,-1.));
#8577 = DIRECTION('',(0.730656825395,-0.682744903682,0.));
#8578 = ORIENTED_EDGE('',*,*,#8579,.T.);
#8579 = EDGE_CURVE('',#8571,#8580,#8582,.T.);
#8580 = VERTEX_POINT('',#8581);
#8581 = CARTESIAN_POINT('',(61.932444499943,-137.8666670034,0.));
#8582 = LINE('',#8583,#8584);
#8583 = CARTESIAN_POINT('',(61.957844550743,-137.853966978,0.));
#8584 = VECTOR('',#8585,1.);
#8585 = DIRECTION('',(-0.894427191,-0.447213595499,0.));
#8586 = ORIENTED_EDGE('',*,*,#8587,.T.);
#8587 = EDGE_CURVE('',#8580,#8588,#8590,.T.);
#8588 = VERTEX_POINT('',#8589);
#8589 = CARTESIAN_POINT('',(61.910083820168,-137.8719456438,0.));
#8590 = CIRCLE('',#8591,4.999999999998E-02);
#8591 = AXIS2_PLACEMENT_3D('',#8592,#8593,#8594);
#8592 = CARTESIAN_POINT('',(61.910083820168,-137.8219456438,0.));
#8593 = DIRECTION('',(0.,0.,-1.));
#8594 = DIRECTION('',(0.447213595499,-0.894427191,0.));
#8595 = ORIENTED_EDGE('',*,*,#8596,.T.);
#8596 = EDGE_CURVE('',#8588,#8597,#8599,.T.);
#8597 = VERTEX_POINT('',#8598);
#8598 = CARTESIAN_POINT('',(61.871983743967,-137.8719456438,0.));
#8599 = LINE('',#8600,#8601);
#8600 = CARTESIAN_POINT('',(61.910083820168,-137.8719456438,0.));
#8601 = VECTOR('',#8602,1.);
#8602 = DIRECTION('',(-1.,-7.459751335165E-13,0.));
#8603 = ORIENTED_EDGE('',*,*,#8604,.T.);
#8604 = EDGE_CURVE('',#8597,#8605,#8607,.T.);
#8605 = VERTEX_POINT('',#8606);
#8606 = CARTESIAN_POINT('',(61.836628404908,-137.8573009829,0.));
#8607 = CIRCLE('',#8608,5.000000000001E-02);
#8608 = AXIS2_PLACEMENT_3D('',#8609,#8610,#8611);
#8609 = CARTESIAN_POINT('',(61.871983743968,-137.8219456438,0.));
#8610 = DIRECTION('',(0.,0.,-1.));
#8611 = DIRECTION('',(-3.87757173646E-13,-1.,-0.));
#8612 = ORIENTED_EDGE('',*,*,#8613,.T.);
#8613 = EDGE_CURVE('',#8605,#8614,#8616,.T.);
#8614 = VERTEX_POINT('',#8615);
#8615 = CARTESIAN_POINT('',(61.811228354108,-137.8319009321,0.));
#8616 = LINE('',#8617,#8618);
#8617 = CARTESIAN_POINT('',(61.836628404908,-137.8573009829,0.));
#8618 = VECTOR('',#8619,1.);
#8619 = DIRECTION('',(-0.707106781187,0.707106781186,0.));
#8620 = ORIENTED_EDGE('',*,*,#8621,.T.);
#8621 = EDGE_CURVE('',#8614,#8622,#8624,.T.);
#8622 = VERTEX_POINT('',#8623);
#8623 = CARTESIAN_POINT('',(61.799149528265,-137.8123569813,0.));
#8624 = CIRCLE('',#8625,5.000000000009E-02);
#8625 = AXIS2_PLACEMENT_3D('',#8626,#8627,#8628);
#8626 = CARTESIAN_POINT('',(61.846583693167,-137.796545593,0.));
#8627 = DIRECTION('',(0.,0.,-1.));
#8628 = DIRECTION('',(-0.707106781187,-0.707106781186,-0.));
#8629 = ORIENTED_EDGE('',*,*,#8630,.T.);
#8630 = EDGE_CURVE('',#8622,#8631,#8633,.T.);
#8631 = VERTEX_POINT('',#8632);
#8632 = CARTESIAN_POINT('',(61.786449502865,-137.7742569051,0.));
#8633 = LINE('',#8634,#8635);
#8634 = CARTESIAN_POINT('',(61.799149528265,-137.8123569813,0.));
#8635 = VECTOR('',#8636,1.);
#8636 = DIRECTION('',(-0.316227766017,0.948683298051,0.));
#8637 = ORIENTED_EDGE('',*,*,#8638,.T.);
#8638 = EDGE_CURVE('',#8631,#8639,#8641,.T.);
#8639 = VERTEX_POINT('',#8640);
#8640 = CARTESIAN_POINT('',(61.783883667767,-137.7584455168,0.));
#8641 = CIRCLE('',#8642,5.E-02);
#8642 = AXIS2_PLACEMENT_3D('',#8643,#8644,#8645);
#8643 = CARTESIAN_POINT('',(61.833883667767,-137.7584455168,0.));
#8644 = DIRECTION('',(0.,0.,-1.));
#8645 = DIRECTION('',(-0.94868329805,-0.316227766017,-0.));
#8646 = ORIENTED_EDGE('',*,*,#8647,.T.);
#8647 = EDGE_CURVE('',#8639,#8648,#8650,.T.);
#8648 = VERTEX_POINT('',#8649);
#8649 = CARTESIAN_POINT('',(61.783883667767,-137.7076454152,0.));
#8650 = LINE('',#8651,#8652);
#8651 = CARTESIAN_POINT('',(61.783883667767,-137.7584455168,0.));
#8652 = VECTOR('',#8653,1.);
#8653 = DIRECTION('',(1.398703375345E-13,1.,0.));
#8654 = ORIENTED_EDGE('',*,*,#8655,.T.);
#8655 = EDGE_CURVE('',#8648,#8656,#8658,.T.);
#8656 = VERTEX_POINT('',#8657);
#8657 = CARTESIAN_POINT('',(61.786796572188,-137.6908285954,0.));
#8658 = CIRCLE('',#8659,4.999999999991E-02);
#8659 = AXIS2_PLACEMENT_3D('',#8660,#8661,#8662);
#8660 = CARTESIAN_POINT('',(61.833883667767,-137.7076454152,0.));
#8661 = DIRECTION('',(0.,0.,-1.));
#8662 = DIRECTION('',(-1.,-7.606272872749E-13,-0.));
#8663 = ORIENTED_EDGE('',*,*,#8664,.T.);
#8664 = EDGE_CURVE('',#8656,#8665,#8667,.T.);
#8665 = VERTEX_POINT('',#8666);
#8666 = CARTESIAN_POINT('',(61.799496597588,-137.6552685243,0.));
#8667 = LINE('',#8668,#8669);
#8668 = CARTESIAN_POINT('',(61.786796572188,-137.6908285954,0.));
#8669 = VECTOR('',#8670,1.);
#8670 = DIRECTION('',(0.336336396998,0.941741911595,0.));
#8671 = ORIENTED_EDGE('',*,*,#8672,.T.);
#8672 = EDGE_CURVE('',#8665,#8673,#8675,.T.);
#8673 = VERTEX_POINT('',#8674);
#8674 = CARTESIAN_POINT('',(61.811228354108,-137.6367300051,0.));
#8675 = CIRCLE('',#8676,4.999999999993E-02);
#8676 = AXIS2_PLACEMENT_3D('',#8677,#8678,#8679);
#8677 = CARTESIAN_POINT('',(61.846583693167,-137.6720853441,0.));
#8678 = DIRECTION('',(0.,0.,-1.));
#8679 = DIRECTION('',(-0.941741911595,0.336336396999,0.));
#8680 = ORIENTED_EDGE('',*,*,#8681,.T.);
#8681 = EDGE_CURVE('',#8673,#8682,#8684,.T.);
#8682 = VERTEX_POINT('',#8683);
#8683 = CARTESIAN_POINT('',(61.836628404908,-137.6113299543,0.));
#8684 = LINE('',#8685,#8686);
#8685 = CARTESIAN_POINT('',(61.811228354108,-137.6367300051,0.));
#8686 = VECTOR('',#8687,1.);
#8687 = DIRECTION('',(0.707106781186,0.707106781187,0.));
#8688 = ORIENTED_EDGE('',*,*,#8689,.T.);
#8689 = EDGE_CURVE('',#8682,#8690,#8692,.T.);
#8690 = VERTEX_POINT('',#8691);
#8691 = CARTESIAN_POINT('',(61.907339083027,-137.6820406324,0.));
#8692 = CIRCLE('',#8693,4.999999999999E-02);
#8693 = AXIS2_PLACEMENT_3D('',#8694,#8695,#8696);
#8694 = CARTESIAN_POINT('',(61.871983743967,-137.6466852933,0.));
#8695 = DIRECTION('',(0.,0.,-1.));
#8696 = DIRECTION('',(-0.707106781186,0.707106781187,0.));
#8697 = ORIENTED_EDGE('',*,*,#8698,.T.);
#8698 = EDGE_CURVE('',#8690,#8699,#8701,.T.);
#8699 = VERTEX_POINT('',#8700);
#8700 = CARTESIAN_POINT('',(61.88988925392,-137.6994904615,0.));
#8701 = LINE('',#8702,#8703);
#8702 = CARTESIAN_POINT('',(61.907339083027,-137.6820406324,0.));
#8703 = VECTOR('',#8704,1.);
#8704 = DIRECTION('',(-0.707106781187,-0.707106781186,0.));
#8705 = ORIENTED_EDGE('',*,*,#8706,.T.);
#8706 = EDGE_CURVE('',#8699,#8707,#8709,.T.);
#8707 = VERTEX_POINT('',#8708);
#8708 = CARTESIAN_POINT('',(61.883883667767,-137.7163061027,0.));
#8709 = LINE('',#8710,#8711);
#8710 = CARTESIAN_POINT('',(61.88988925392,-137.6994904615,0.));
#8711 = VECTOR('',#8712,1.);
#8712 = DIRECTION('',(-0.336336396998,-0.941741911595,0.));
#8713 = ORIENTED_EDGE('',*,*,#8714,.T.);
#8714 = EDGE_CURVE('',#8707,#8715,#8717,.T.);
#8715 = VERTEX_POINT('',#8716);
#8716 = CARTESIAN_POINT('',(61.883883667767,-137.7503316338,0.));
#8717 = LINE('',#8718,#8719);
#8718 = CARTESIAN_POINT('',(61.883883667767,-137.7163061027,0.));
#8719 = VECTOR('',#8720,1.);
#8720 = DIRECTION('',(0.,-1.,0.));
#8721 = ORIENTED_EDGE('',*,*,#8722,.T.);
#8722 = EDGE_CURVE('',#8715,#8723,#8725,.T.);
#8723 = VERTEX_POINT('',#8724);
#8724 = CARTESIAN_POINT('',(61.890285295612,-137.7695365174,0.));
#8725 = LINE('',#8726,#8727);
#8726 = CARTESIAN_POINT('',(61.883883667767,-137.7503316338,0.));
#8727 = VECTOR('',#8728,1.);
#8728 = DIRECTION('',(0.316227766017,-0.948683298051,0.));
#8729 = ORIENTED_EDGE('',*,*,#8730,.T.);
#8730 = EDGE_CURVE('',#8723,#8731,#8733,.T.);
#8731 = VERTEX_POINT('',#8732);
#8732 = CARTESIAN_POINT('',(61.892694422086,-137.7719456438,0.));
#8733 = LINE('',#8734,#8735);
#8734 = CARTESIAN_POINT('',(61.890285295612,-137.7695365174,0.));
#8735 = VECTOR('',#8736,1.);
#8736 = DIRECTION('',(0.707106781188,-0.707106781186,0.));
#8737 = ORIENTED_EDGE('',*,*,#8738,.T.);
#8738 = EDGE_CURVE('',#8731,#8739,#8741,.T.);
#8739 = VERTEX_POINT('',#8740);
#8740 = CARTESIAN_POINT('',(61.898280421293,-137.7719456438,0.));
#8741 = LINE('',#8742,#8743);
#8742 = CARTESIAN_POINT('',(61.892694422086,-137.7719456438,0.));
#8743 = VECTOR('',#8744,1.);
#8744 = DIRECTION('',(1.,0.,0.));
#8745 = ORIENTED_EDGE('',*,*,#8746,.T.);
#8746 = EDGE_CURVE('',#8739,#8747,#8749,.T.);
#8747 = VERTEX_POINT('',#8748);
#8748 = CARTESIAN_POINT('',(61.903757942871,-137.7692068831,0.));
#8749 = LINE('',#8750,#8751);
#8750 = CARTESIAN_POINT('',(61.898280421293,-137.7719456438,0.));
#8751 = VECTOR('',#8752,1.);
#8752 = DIRECTION('',(0.894427191001,0.447213595498,0.));
#8753 = ORIENTED_EDGE('',*,*,#8754,.T.);
#8754 = EDGE_CURVE('',#8747,#8755,#8757,.T.);
#8755 = VERTEX_POINT('',#8756);
#8756 = CARTESIAN_POINT('',(61.911030892693,-137.7549752683,0.));
#8757 = CIRCLE('',#8758,5.602809944007E-02);
#8758 = AXIS2_PLACEMENT_3D('',#8759,#8760,#8761);
#8759 = CARTESIAN_POINT('',(61.858013716428,-137.7368554739,0.));
#8760 = DIRECTION('',(0.,0.,1.));
#8761 = DIRECTION('',(0.816451510932,-0.577414002511,0.));
#8762 = ORIENTED_EDGE('',*,*,#8763,.T.);
#8763 = EDGE_CURVE('',#8755,#8764,#8766,.T.);
#8764 = VERTEX_POINT('',#8765);
#8765 = CARTESIAN_POINT('',(61.936309802585,-137.6791340015,0.));
#8766 = LINE('',#8767,#8768);
#8767 = CARTESIAN_POINT('',(61.911030892693,-137.7549752683,0.));
#8768 = VECTOR('',#8769,1.);
#8769 = DIRECTION('',(0.316210739956,0.948688973234,0.));
#8770 = ORIENTED_EDGE('',*,*,#8771,.T.);
#8771 = EDGE_CURVE('',#8764,#8772,#8774,.T.);
#8772 = VERTEX_POINT('',#8773);
#8773 = CARTESIAN_POINT('',(61.936638835767,-137.6781791569,0.));
#8774 = CIRCLE('',#8775,4.999999999995E-02);
#8775 = AXIS2_PLACEMENT_3D('',#8776,#8777,#8778);
#8776 = CARTESIAN_POINT('',(61.983743967488,-137.6949453898,0.));
#8777 = DIRECTION('',(0.,0.,-1.));
#8778 = DIRECTION('',(-0.948683298052,0.316227766013,0.));
#8779 = ORIENTED_EDGE('',*,*,#8780,.T.);
#8780 = EDGE_CURVE('',#8772,#8781,#8783,.T.);
#8781 = VERTEX_POINT('',#8782);
#8782 = CARTESIAN_POINT('',(61.978006728232,-137.6202641075,0.));
#8783 = CIRCLE('',#8784,0.129535015855);
#8784 = AXIS2_PLACEMENT_3D('',#8785,#8786,#8787);
#8785 = CARTESIAN_POINT('',(62.058674115454,-137.7216154418,0.));
#8786 = DIRECTION('',(0.,0.,-1.));
#8787 = DIRECTION('',(-0.942102634414,0.33532465795,0.));
#8788 = ORIENTED_EDGE('',*,*,#8789,.T.);
#8789 = EDGE_CURVE('',#8781,#8790,#8792,.T.);
#8790 = VERTEX_POINT('',#8791);
#8791 = CARTESIAN_POINT('',(61.986783338513,-137.6146639592,0.));
#8792 = CIRCLE('',#8793,4.999999999996E-02);
#8793 = AXIS2_PLACEMENT_3D('',#8794,#8795,#8796);
#8794 = CARTESIAN_POINT('',(62.009144018288,-137.6593853187,0.));
#8795 = DIRECTION('',(0.,0.,-1.));
#8796 = DIRECTION('',(-0.622745801112,0.782424224572,0.));
#8797 = ORIENTED_EDGE('',*,*,#8798,.T.);
#8798 = EDGE_CURVE('',#8790,#8799,#8801,.T.);
#8799 = VERTEX_POINT('',#8800);
#8800 = CARTESIAN_POINT('',(62.012183389313,-137.6019639338,0.));
#8801 = LINE('',#8802,#8803);
#8802 = CARTESIAN_POINT('',(61.986783338513,-137.6146639592,0.));
#8803 = VECTOR('',#8804,1.);
#8804 = DIRECTION('',(0.894427191,0.4472135955,0.));
#8805 = ORIENTED_EDGE('',*,*,#8806,.T.);
#8806 = EDGE_CURVE('',#8799,#8807,#8809,.T.);
#8807 = VERTEX_POINT('',#8808);
#8808 = CARTESIAN_POINT('',(62.034544069088,-137.5966852933,0.));
#8809 = CIRCLE('',#8810,5.000000000001E-02);
#8810 = AXIS2_PLACEMENT_3D('',#8811,#8812,#8813);
#8811 = CARTESIAN_POINT('',(62.034544069088,-137.6466852933,0.));
#8812 = DIRECTION('',(0.,0.,-1.));
#8813 = DIRECTION('',(-0.447213595501,0.894427190999,0.));
#8814 = ORIENTED_EDGE('',*,*,#8815,.T.);
#8815 = EDGE_CURVE('',#8807,#8816,#8818,.T.);
#8816 = VERTEX_POINT('',#8817);
#8817 = CARTESIAN_POINT('',(62.059944119888,-137.5966852933,0.));
#8818 = LINE('',#8819,#8820);
#8819 = CARTESIAN_POINT('',(62.034544069088,-137.5966852933,0.));
#8820 = VECTOR('',#8821,1.);
#8821 = DIRECTION('',(1.,-1.118962700275E-12,0.));
#8822 = ORIENTED_EDGE('',*,*,#8823,.T.);
#8823 = EDGE_CURVE('',#8816,#8824,#8826,.T.);
#8824 = VERTEX_POINT('',#8825);
#8825 = CARTESIAN_POINT('',(62.095299458948,-137.6113299543,0.));
#8826 = CIRCLE('',#8827,5.000000000001E-02);
#8827 = AXIS2_PLACEMENT_3D('',#8828,#8829,#8830);
#8828 = CARTESIAN_POINT('',(62.059944119888,-137.6466852933,0.));
#8829 = DIRECTION('',(0.,0.,-1.));
#8830 = DIRECTION('',(-1.457375863073E-13,1.,0.));
#8831 = ORIENTED_EDGE('',*,*,#8832,.T.);
#8832 = EDGE_CURVE('',#8824,#8833,#8835,.T.);
#8833 = VERTEX_POINT('',#8834);
#8834 = CARTESIAN_POINT('',(62.120699509748,-137.6367300051,0.));
#8835 = LINE('',#8836,#8837);
#8836 = CARTESIAN_POINT('',(62.095299458948,-137.6113299543,0.));
#8837 = VECTOR('',#8838,1.);
#8838 = DIRECTION('',(0.707106781187,-0.707106781186,0.));
#8839 = ORIENTED_EDGE('',*,*,#8840,.T.);
#8840 = EDGE_CURVE('',#8833,#8841,#8843,.T.);
#8841 = VERTEX_POINT('',#8842);
#8842 = CARTESIAN_POINT('',(62.131688339164,-137.653317871,0.));
#8843 = CIRCLE('',#8844,5.000000000008E-02);
#8844 = AXIS2_PLACEMENT_3D('',#8845,#8846,#8847);
#8845 = CARTESIAN_POINT('',(62.085344170688,-137.6720853441,0.));
#8846 = DIRECTION('',(0.,0.,-1.));
#8847 = DIRECTION('',(0.707106781187,0.707106781186,0.));
#8848 = ORIENTED_EDGE('',*,*,#8849,.T.);
#8849 = EDGE_CURVE('',#8841,#8850,#8852,.T.);
#8850 = VERTEX_POINT('',#8851);
#8851 = CARTESIAN_POINT('',(62.131688339164,-137.8153130662,0.));
#8852 = CIRCLE('',#8853,0.215792496352);
#8853 = AXIS2_PLACEMENT_3D('',#8854,#8855,#8856);
#8854 = CARTESIAN_POINT('',(61.931673863029,-137.7343154686,0.));
#8855 = DIRECTION('',(0.,0.,-1.));
#8856 = DIRECTION('',(0.92688336952,0.375349462911,0.));
#8857 = ORIENTED_EDGE('',*,*,#8858,.T.);
#8858 = EDGE_CURVE('',#8850,#8859,#8861,.T.);
#8859 = VERTEX_POINT('',#8860);
#8860 = CARTESIAN_POINT('',(62.120699509748,-137.8319009321,0.));
#8861 = CIRCLE('',#8862,4.999999999995E-02);
#8862 = AXIS2_PLACEMENT_3D('',#8863,#8864,#8865);
#8863 = CARTESIAN_POINT('',(62.085344170688,-137.796545593,0.));
#8864 = DIRECTION('',(0.,0.,-1.));
#8865 = DIRECTION('',(0.92688336952,-0.375349462911,0.));
#8866 = ORIENTED_EDGE('',*,*,#8867,.T.);
#8867 = EDGE_CURVE('',#8859,#8868,#8870,.T.);
#8868 = VERTEX_POINT('',#8869);
#8869 = CARTESIAN_POINT('',(62.095299458948,-137.8573009829,0.));
#8870 = LINE('',#8871,#8872);
#8871 = CARTESIAN_POINT('',(62.120699509748,-137.8319009321,0.));
#8872 = VECTOR('',#8873,1.);
#8873 = DIRECTION('',(-0.707106781186,-0.707106781187,0.));
#8874 = ORIENTED_EDGE('',*,*,#8875,.T.);
#8875 = EDGE_CURVE('',#8868,#8876,#8878,.T.);
#8876 = VERTEX_POINT('',#8877);
#8877 = CARTESIAN_POINT('',(62.024588780829,-137.7865903048,0.));
#8878 = CIRCLE('',#8879,5.000000000001E-02);
#8879 = AXIS2_PLACEMENT_3D('',#8880,#8881,#8882);
#8880 = CARTESIAN_POINT('',(62.059944119888,-137.8219456438,0.));
#8881 = DIRECTION('',(-0.,0.,-1.));
#8882 = DIRECTION('',(0.707106781186,-0.707106781187,-0.));
#8883 = ORIENTED_EDGE('',*,*,#8884,.T.);
#8884 = EDGE_CURVE('',#8876,#8885,#8887,.T.);
#8885 = VERTEX_POINT('',#8886);
#8886 = CARTESIAN_POINT('',(62.042136073431,-137.7690430122,0.));
#8887 = LINE('',#8888,#8889);
#8888 = CARTESIAN_POINT('',(62.024588780829,-137.7865903048,0.));
#8889 = VECTOR('',#8890,1.);
#8890 = DIRECTION('',(0.707106781187,0.707106781186,0.));
#8891 = ORIENTED_EDGE('',*,*,#8892,.T.);
#8892 = EDGE_CURVE('',#8885,#8893,#8895,.T.);
#8893 = VERTEX_POINT('',#8894);
#8894 = CARTESIAN_POINT('',(62.042136073431,-137.699587925,0.));
#8895 = CIRCLE('',#8896,0.115792496352);
#8896 = AXIS2_PLACEMENT_3D('',#8897,#8898,#8899);
#8897 = CARTESIAN_POINT('',(61.931673863029,-137.7343154686,0.));
#8898 = DIRECTION('',(0.,-0.,1.));
#8899 = DIRECTION('',(0.953966913941,-0.299911865562,-0.));
#8900 = ORIENTED_EDGE('',*,*,#8901,.T.);
#8901 = EDGE_CURVE('',#8893,#8902,#8904,.T.);
#8902 = VERTEX_POINT('',#8903);
#8903 = CARTESIAN_POINT('',(62.041604783834,-137.6990566354,0.));
#8904 = LINE('',#8905,#8906);
#8905 = CARTESIAN_POINT('',(62.042136073431,-137.699587925,0.));
#8906 = VECTOR('',#8907,1.);
#8907 = DIRECTION('',(-0.707106781191,0.707106781182,0.));
#8908 = ORIENTED_EDGE('',*,*,#8909,.T.);
#8909 = EDGE_CURVE('',#8902,#8910,#8912,.T.);
#8910 = VERTEX_POINT('',#8911);
#8911 = CARTESIAN_POINT('',(62.037342955779,-137.7011875494,0.));
#8912 = LINE('',#8913,#8914);
#8913 = CARTESIAN_POINT('',(62.041604783834,-137.6990566354,0.));
#8914 = VECTOR('',#8915,1.);
#8915 = DIRECTION('',(-0.894427191001,-0.447213595498,0.));
#8916 = ORIENTED_EDGE('',*,*,#8917,.T.);
#8917 = EDGE_CURVE('',#8910,#8543,#8918,.T.);
#8918 = CIRCLE('',#8919,2.953501585546E-02);
#8919 = AXIS2_PLACEMENT_3D('',#8920,#8921,#8922);
#8920 = CARTESIAN_POINT('',(62.058674115454,-137.7216154418,0.));
#8921 = DIRECTION('',(0.,0.,1.));
#8922 = DIRECTION('',(-0.722232883816,0.691649955927,0.));
#8923 = PLANE('',#8924);
#8924 = AXIS2_PLACEMENT_3D('',#8925,#8926,#8927);
#8925 = CARTESIAN_POINT('',(61.965993312414,-137.7354934703,0.));
#8926 = DIRECTION('',(-0.,-0.,-1.));
#8927 = DIRECTION('',(-1.,0.,0.));
#8928 = SHELL_BASED_SURFACE_MODEL('',(#8929));
#8929 = OPEN_SHELL('',(#8930));
#8930 = ADVANCED_FACE('',(#8931,#9182),#9300,.T.);
#8931 = FACE_BOUND('',#8932,.T.);
#8932 = EDGE_LOOP('',(#8933,#8943,#8952,#8961,#8970,#8978,#8987,#8995,
    #9004,#9012,#9021,#9029,#9038,#9046,#9055,#9064,#9072,#9081,#9089,
    #9098,#9106,#9115,#9123,#9132,#9140,#9149,#9157,#9166,#9175));
#8933 = ORIENTED_EDGE('',*,*,#8934,.T.);
#8934 = EDGE_CURVE('',#8935,#8937,#8939,.T.);
#8935 = VERTEX_POINT('',#8936);
#8936 = CARTESIAN_POINT('',(64.43205486411,-137.5750952501,0.));
#8937 = VERTEX_POINT('',#8938);
#8938 = CARTESIAN_POINT('',(64.49301498603,-137.5750952501,0.));
#8939 = LINE('',#8940,#8941);
#8940 = CARTESIAN_POINT('',(64.43205486411,-137.5750952501,0.));
#8941 = VECTOR('',#8942,1.);
#8942 = DIRECTION('',(1.,-4.662344584478E-13,0.));
#8943 = ORIENTED_EDGE('',*,*,#8944,.T.);
#8944 = EDGE_CURVE('',#8937,#8945,#8947,.T.);
#8945 = VERTEX_POINT('',#8946);
#8946 = CARTESIAN_POINT('',(64.501853610314,-137.5758826631,0.));
#8947 = CIRCLE('',#8948,5.000000000004E-02);
#8948 = AXIS2_PLACEMENT_3D('',#8949,#8950,#8951);
#8949 = CARTESIAN_POINT('',(64.49301498603,-137.6250952501,0.));
#8950 = DIRECTION('',(0.,0.,-1.));
#8951 = DIRECTION('',(4.391483213631E-13,1.,0.));
#8952 = ORIENTED_EDGE('',*,*,#8953,.T.);
#8953 = EDGE_CURVE('',#8945,#8954,#8956,.T.);
#8954 = VERTEX_POINT('',#8955);
#8955 = CARTESIAN_POINT('',(64.618369242865,-137.6391340065,0.));
#8956 = CIRCLE('',#8957,0.210960915912);
#8957 = AXIS2_PLACEMENT_3D('',#8958,#8959,#8960);
#8958 = CARTESIAN_POINT('',(64.464561524827,-137.7835213118,0.));
#8959 = DIRECTION('',(0.,0.,-1.));
#8960 = DIRECTION('',(0.176772485682,0.984251740311,0.));
#8961 = ORIENTED_EDGE('',*,*,#8962,.T.);
#8962 = EDGE_CURVE('',#8954,#8963,#8965,.T.);
#8963 = VERTEX_POINT('',#8964);
#8964 = CARTESIAN_POINT('',(64.628338998375,-137.6547858128,0.));
#8965 = CIRCLE('',#8966,5.000000000006E-02);
#8966 = AXIS2_PLACEMENT_3D('',#8967,#8968,#8969);
#8967 = CARTESIAN_POINT('',(64.58191516383,-137.6733553467,0.));
#8968 = DIRECTION('',(0.,0.,-1.));
#8969 = DIRECTION('',(0.729081580697,0.684426803017,0.));
#8970 = ORIENTED_EDGE('',*,*,#8971,.T.);
#8971 = EDGE_CURVE('',#8963,#8972,#8974,.T.);
#8972 = VERTEX_POINT('',#8973);
#8973 = CARTESIAN_POINT('',(64.638499018695,-137.6801858636,0.));
#8974 = LINE('',#8975,#8976);
#8975 = CARTESIAN_POINT('',(64.628338998375,-137.6547858128,0.));
#8976 = VECTOR('',#8977,1.);
#8977 = DIRECTION('',(0.371390676354,-0.928476690885,0.));
#8978 = ORIENTED_EDGE('',*,*,#8979,.T.);
#8979 = EDGE_CURVE('',#8972,#8980,#8982,.T.);
#8980 = VERTEX_POINT('',#8981);
#8981 = CARTESIAN_POINT('',(64.64207518415,-137.6987553975,0.));
#8982 = CIRCLE('',#8983,5.E-02);
#8983 = AXIS2_PLACEMENT_3D('',#8984,#8985,#8986);
#8984 = CARTESIAN_POINT('',(64.59207518415,-137.6987553975,0.));
#8985 = DIRECTION('',(0.,0.,-1.));
#8986 = DIRECTION('',(0.928476690885,0.371390676354,0.));
#8987 = ORIENTED_EDGE('',*,*,#8988,.T.);
#8988 = EDGE_CURVE('',#8980,#8989,#8991,.T.);
#8989 = VERTEX_POINT('',#8990);
#8990 = CARTESIAN_POINT('',(64.64207518415,-137.7495554991,0.));
#8991 = LINE('',#8992,#8993);
#8992 = CARTESIAN_POINT('',(64.64207518415,-137.6987553975,0.));
#8993 = VECTOR('',#8994,1.);
#8994 = DIRECTION('',(0.,-1.,0.));
#8995 = ORIENTED_EDGE('',*,*,#8996,.T.);
#8996 = EDGE_CURVE('',#8989,#8997,#8999,.T.);
#8997 = VERTEX_POINT('',#8998);
#8998 = CARTESIAN_POINT('',(64.638499018695,-137.7681250329,0.));
#8999 = CIRCLE('',#9000,4.999999999993E-02);
#9000 = AXIS2_PLACEMENT_3D('',#9001,#9002,#9003);
#9001 = CARTESIAN_POINT('',(64.59207518415,-137.7495554991,0.));
#9002 = DIRECTION('',(0.,0.,-1.));
#9003 = DIRECTION('',(1.,9.500466850858E-13,0.));
#9004 = ORIENTED_EDGE('',*,*,#9005,.T.);
#9005 = EDGE_CURVE('',#8997,#9006,#9008,.T.);
#9006 = VERTEX_POINT('',#9007);
#9007 = CARTESIAN_POINT('',(64.628338998375,-137.7935250837,0.));
#9008 = LINE('',#9009,#9010);
#9009 = CARTESIAN_POINT('',(64.638499018695,-137.7681250329,0.));
#9010 = VECTOR('',#9011,1.);
#9011 = DIRECTION('',(-0.371390676355,-0.928476690885,0.));
#9012 = ORIENTED_EDGE('',*,*,#9013,.T.);
#9013 = EDGE_CURVE('',#9006,#9014,#9016,.T.);
#9014 = VERTEX_POINT('',#9015);
#9015 = CARTESIAN_POINT('',(64.61727050289,-137.8103108889,0.));
#9016 = CIRCLE('',#9017,4.999999999992E-02);
#9017 = AXIS2_PLACEMENT_3D('',#9018,#9019,#9020);
#9018 = CARTESIAN_POINT('',(64.58191516383,-137.7749555499,0.));
#9019 = DIRECTION('',(0.,0.,-1.));
#9020 = DIRECTION('',(0.928476690885,-0.371390676354,0.));
#9021 = ORIENTED_EDGE('',*,*,#9022,.T.);
#9022 = EDGE_CURVE('',#9014,#9023,#9025,.T.);
#9023 = VERTEX_POINT('',#9024);
#9024 = CARTESIAN_POINT('',(64.59187045209,-137.8357109397,0.));
#9025 = LINE('',#9026,#9027);
#9026 = CARTESIAN_POINT('',(64.61727050289,-137.8103108889,0.));
#9027 = VECTOR('',#9028,1.);
#9028 = DIRECTION('',(-0.707106781187,-0.707106781187,0.));
#9029 = ORIENTED_EDGE('',*,*,#9030,.T.);
#9030 = EDGE_CURVE('',#9023,#9031,#9033,.T.);
#9031 = VERTEX_POINT('',#9032);
#9032 = CARTESIAN_POINT('',(64.578875792805,-137.8450769602,0.));
#9033 = CIRCLE('',#9034,5.000000000006E-02);
#9034 = AXIS2_PLACEMENT_3D('',#9035,#9036,#9037);
#9035 = CARTESIAN_POINT('',(64.55651511303,-137.8003556007,0.));
#9036 = DIRECTION('',(0.,0.,-1.));
#9037 = DIRECTION('',(0.707106781187,-0.707106781186,0.));
#9038 = ORIENTED_EDGE('',*,*,#9039,.T.);
#9039 = EDGE_CURVE('',#9031,#9040,#9042,.T.);
#9040 = VERTEX_POINT('',#9041);
#9041 = CARTESIAN_POINT('',(64.553475742005,-137.8577769856,0.));
#9042 = LINE('',#9043,#9044);
#9043 = CARTESIAN_POINT('',(64.578875792805,-137.8450769602,0.));
#9044 = VECTOR('',#9045,1.);
#9045 = DIRECTION('',(-0.894427191,-0.447213595501,0.));
#9046 = ORIENTED_EDGE('',*,*,#9047,.T.);
#9047 = EDGE_CURVE('',#9040,#9048,#9050,.T.);
#9048 = VERTEX_POINT('',#9049);
#9049 = CARTESIAN_POINT('',(64.48158496317,-137.8198944335,0.));
#9050 = CIRCLE('',#9051,5.E-02);
#9051 = AXIS2_PLACEMENT_3D('',#9052,#9053,#9054);
#9052 = CARTESIAN_POINT('',(64.53111506223,-137.8130556261,0.));
#9053 = DIRECTION('',(-0.,0.,-1.));
#9054 = DIRECTION('',(0.447213595501,-0.894427191,-0.));
#9055 = ORIENTED_EDGE('',*,*,#9056,.T.);
#9056 = EDGE_CURVE('',#9048,#9057,#9059,.T.);
#9057 = VERTEX_POINT('',#9058);
#9058 = CARTESIAN_POINT('',(64.43205486411,-137.8630556261,0.));
#9059 = CIRCLE('',#9060,5.000000000001E-02);
#9060 = AXIS2_PLACEMENT_3D('',#9061,#9062,#9063);
#9061 = CARTESIAN_POINT('',(64.43205486411,-137.8130556261,0.));
#9062 = DIRECTION('',(0.,0.,-1.));
#9063 = DIRECTION('',(0.990601981204,-0.136776148631,0.));
#9064 = ORIENTED_EDGE('',*,*,#9065,.T.);
#9065 = EDGE_CURVE('',#9057,#9066,#9068,.T.);
#9066 = VERTEX_POINT('',#9067);
#9067 = CARTESIAN_POINT('',(64.39395478791,-137.8630556261,0.));
#9068 = LINE('',#9069,#9070);
#9069 = CARTESIAN_POINT('',(64.43205486411,-137.8630556261,0.));
#9070 = VECTOR('',#9071,1.);
#9071 = DIRECTION('',(-1.,7.459751335167E-13,0.));
#9072 = ORIENTED_EDGE('',*,*,#9073,.T.);
#9073 = EDGE_CURVE('',#9066,#9074,#9076,.T.);
#9074 = VERTEX_POINT('',#9075);
#9075 = CARTESIAN_POINT('',(64.371594108135,-137.8577769856,0.));
#9076 = CIRCLE('',#9077,4.999999999998E-02);
#9077 = AXIS2_PLACEMENT_3D('',#9078,#9079,#9080);
#9078 = CARTESIAN_POINT('',(64.39395478791,-137.8130556261,0.));
#9079 = DIRECTION('',(-0.,0.,-1.));
#9080 = DIRECTION('',(9.113694688565E-13,-1.,-0.));
#9081 = ORIENTED_EDGE('',*,*,#9082,.T.);
#9082 = EDGE_CURVE('',#9074,#9083,#9085,.T.);
#9083 = VERTEX_POINT('',#9084);
#9084 = CARTESIAN_POINT('',(64.346194057334,-137.8450769602,0.));
#9085 = LINE('',#9086,#9087);
#9086 = CARTESIAN_POINT('',(64.371594108135,-137.8577769856,0.));
#9087 = VECTOR('',#9088,1.);
#9088 = DIRECTION('',(-0.894427191,0.447213595501,0.));
#9089 = ORIENTED_EDGE('',*,*,#9090,.T.);
#9090 = EDGE_CURVE('',#9083,#9091,#9093,.T.);
#9091 = VERTEX_POINT('',#9092);
#9092 = CARTESIAN_POINT('',(64.33319939805,-137.8357109397,0.));
#9093 = CIRCLE('',#9094,4.999999999996E-02);
#9094 = AXIS2_PLACEMENT_3D('',#9095,#9096,#9097);
#9095 = CARTESIAN_POINT('',(64.368554737109,-137.8003556007,0.));
#9096 = DIRECTION('',(0.,0.,-1.));
#9097 = DIRECTION('',(-0.447213595501,-0.894427190999,-0.));
#9098 = ORIENTED_EDGE('',*,*,#9099,.T.);
#9099 = EDGE_CURVE('',#9091,#9100,#9102,.T.);
#9100 = VERTEX_POINT('',#9101);
#9101 = CARTESIAN_POINT('',(64.30779934725,-137.8103108889,0.));
#9102 = LINE('',#9103,#9104);
#9103 = CARTESIAN_POINT('',(64.33319939805,-137.8357109397,0.));
#9104 = VECTOR('',#9105,1.);
#9105 = DIRECTION('',(-0.707106781186,0.707106781187,0.));
#9106 = ORIENTED_EDGE('',*,*,#9107,.T.);
#9107 = EDGE_CURVE('',#9100,#9108,#9110,.T.);
#9108 = VERTEX_POINT('',#9109);
#9109 = CARTESIAN_POINT('',(64.298433326759,-137.7973162296,0.));
#9110 = CIRCLE('',#9111,5.000000000008E-02);
#9111 = AXIS2_PLACEMENT_3D('',#9112,#9113,#9114);
#9112 = CARTESIAN_POINT('',(64.343154686309,-137.7749555499,0.));
#9113 = DIRECTION('',(0.,0.,-1.));
#9114 = DIRECTION('',(-0.707106781186,-0.707106781187,-0.));
#9115 = ORIENTED_EDGE('',*,*,#9116,.T.);
#9116 = EDGE_CURVE('',#9108,#9117,#9119,.T.);
#9117 = VERTEX_POINT('',#9118);
#9118 = CARTESIAN_POINT('',(64.285733301359,-137.7719161788,0.));
#9119 = LINE('',#9120,#9121);
#9120 = CARTESIAN_POINT('',(64.298433326759,-137.7973162296,0.));
#9121 = VECTOR('',#9122,1.);
#9122 = DIRECTION('',(-0.4472135955,0.894427191,0.));
#9123 = ORIENTED_EDGE('',*,*,#9124,.T.);
#9124 = EDGE_CURVE('',#9117,#9125,#9127,.T.);
#9125 = VERTEX_POINT('',#9126);
#9126 = CARTESIAN_POINT('',(64.280454660909,-137.7495554991,0.));
#9127 = CIRCLE('',#9128,5.000000000004E-02);
#9128 = AXIS2_PLACEMENT_3D('',#9129,#9130,#9131);
#9129 = CARTESIAN_POINT('',(64.330454660909,-137.7495554991,0.));
#9130 = DIRECTION('',(0.,0.,-1.));
#9131 = DIRECTION('',(-0.894427191,-0.4472135955,-0.));
#9132 = ORIENTED_EDGE('',*,*,#9133,.T.);
#9133 = EDGE_CURVE('',#9125,#9134,#9136,.T.);
#9134 = VERTEX_POINT('',#9135);
#9135 = CARTESIAN_POINT('',(64.280454660909,-137.6987553975,0.));
#9136 = LINE('',#9137,#9138);
#9137 = CARTESIAN_POINT('',(64.280454660909,-137.7495554991,0.));
#9138 = VECTOR('',#9139,1.);
#9139 = DIRECTION('',(-2.797406750686E-13,1.,0.));
#9140 = ORIENTED_EDGE('',*,*,#9141,.T.);
#9141 = EDGE_CURVE('',#9134,#9142,#9144,.T.);
#9142 = VERTEX_POINT('',#9143);
#9143 = CARTESIAN_POINT('',(64.285733301359,-137.6763947177,0.));
#9144 = CIRCLE('',#9145,5.000000000003E-02);
#9145 = AXIS2_PLACEMENT_3D('',#9146,#9147,#9148);
#9146 = CARTESIAN_POINT('',(64.330454660909,-137.6987553975,0.));
#9147 = DIRECTION('',(0.,0.,-1.));
#9148 = DIRECTION('',(-1.,-3.567935400428E-13,-0.));
#9149 = ORIENTED_EDGE('',*,*,#9150,.T.);
#9150 = EDGE_CURVE('',#9142,#9151,#9153,.T.);
#9151 = VERTEX_POINT('',#9152);
#9152 = CARTESIAN_POINT('',(64.298433326759,-137.6509946669,0.));
#9153 = LINE('',#9154,#9155);
#9154 = CARTESIAN_POINT('',(64.285733301359,-137.6763947177,0.));
#9155 = VECTOR('',#9156,1.);
#9156 = DIRECTION('',(0.447213595501,0.894427191,0.));
#9157 = ORIENTED_EDGE('',*,*,#9158,.T.);
#9158 = EDGE_CURVE('',#9151,#9159,#9161,.T.);
#9159 = VERTEX_POINT('',#9160);
#9160 = CARTESIAN_POINT('',(64.30670060726,-137.6391340065,0.));
#9161 = CIRCLE('',#9162,4.999999999992E-02);
#9162 = AXIS2_PLACEMENT_3D('',#9163,#9164,#9165);
#9163 = CARTESIAN_POINT('',(64.343154686309,-137.6733553467,0.));
#9164 = DIRECTION('',(0.,0.,-1.));
#9165 = DIRECTION('',(-0.894427191,0.4472135955,0.));
#9166 = ORIENTED_EDGE('',*,*,#9167,.T.);
#9167 = EDGE_CURVE('',#9159,#9168,#9170,.T.);
#9168 = VERTEX_POINT('',#9169);
#9169 = CARTESIAN_POINT('',(64.423216239846,-137.5758826631,0.));
#9170 = CIRCLE('',#9171,0.210960915712);
#9171 = AXIS2_PLACEMENT_3D('',#9172,#9173,#9174);
#9172 = CARTESIAN_POINT('',(64.460508325212,-137.7835213116,0.));
#9173 = DIRECTION('',(0.,0.,-1.));
#9174 = DIRECTION('',(-0.729081580979,0.684426802717,0.));
#9175 = ORIENTED_EDGE('',*,*,#9176,.T.);
#9176 = EDGE_CURVE('',#9168,#8935,#9177,.T.);
#9177 = CIRCLE('',#9178,5.000000000001E-02);
#9178 = AXIS2_PLACEMENT_3D('',#9179,#9180,#9181);
#9179 = CARTESIAN_POINT('',(64.43205486411,-137.6250952501,0.));
#9180 = DIRECTION('',(0.,0.,-1.));
#9181 = DIRECTION('',(-0.176772485274,0.984251740385,0.));
#9182 = FACE_BOUND('',#9183,.T.);
#9183 = EDGE_LOOP('',(#9184,#9194,#9203,#9211,#9220,#9228,#9236,#9244,
    #9253,#9261,#9270,#9278,#9286,#9294));
#9184 = ORIENTED_EDGE('',*,*,#9185,.T.);
#9185 = EDGE_CURVE('',#9186,#9188,#9190,.T.);
#9186 = VERTEX_POINT('',#9187);
#9187 = CARTESIAN_POINT('',(64.54207518415,-137.7083845176,0.));
#9188 = VERTEX_POINT('',#9189);
#9189 = CARTESIAN_POINT('',(64.539337525733,-137.7015403716,0.));
#9190 = LINE('',#9191,#9192);
#9191 = CARTESIAN_POINT('',(64.54207518415,-137.7083845176,0.));
#9192 = VECTOR('',#9193,1.);
#9193 = DIRECTION('',(-0.371390676354,0.928476690885,0.));
#9194 = ORIENTED_EDGE('',*,*,#9195,.T.);
#9195 = EDGE_CURVE('',#9188,#9196,#9198,.T.);
#9196 = VERTEX_POINT('',#9197);
#9197 = CARTESIAN_POINT('',(64.488143594797,-137.6750952501,0.));
#9198 = CIRCLE('',#9199,0.110960915912);
#9199 = AXIS2_PLACEMENT_3D('',#9200,#9201,#9202);
#9200 = CARTESIAN_POINT('',(64.464561524827,-137.7835213117,0.));
#9201 = DIRECTION('',(0.,0.,1.));
#9202 = DIRECTION('',(0.673894950229,0.73882717604,-0.));
#9203 = ORIENTED_EDGE('',*,*,#9204,.T.);
#9204 = EDGE_CURVE('',#9196,#9205,#9207,.T.);
#9205 = VERTEX_POINT('',#9206);
#9206 = CARTESIAN_POINT('',(64.436926255332,-137.6750952501,0.));
#9207 = LINE('',#9208,#9209);
#9208 = CARTESIAN_POINT('',(64.488143594797,-137.6750952501,0.));
#9209 = VECTOR('',#9210,1.);
#9210 = DIRECTION('',(-1.,0.,0.));
#9211 = ORIENTED_EDGE('',*,*,#9212,.T.);
#9212 = EDGE_CURVE('',#9205,#9213,#9215,.T.);
#9213 = VERTEX_POINT('',#9214);
#9214 = CARTESIAN_POINT('',(64.384298110174,-137.7028718978,0.));
#9215 = CIRCLE('',#9216,0.110960915712);
#9216 = AXIS2_PLACEMENT_3D('',#9217,#9218,#9219);
#9217 = CARTESIAN_POINT('',(64.460508325212,-137.7835213116,0.));
#9218 = DIRECTION('',(0.,0.,1.));
#9219 = DIRECTION('',(-0.212525912655,0.97715543106,0.));
#9220 = ORIENTED_EDGE('',*,*,#9221,.T.);
#9221 = EDGE_CURVE('',#9213,#9222,#9224,.T.);
#9222 = VERTEX_POINT('',#9223);
#9223 = CARTESIAN_POINT('',(64.380454660909,-137.7105587963,0.));
#9224 = LINE('',#9225,#9226);
#9225 = CARTESIAN_POINT('',(64.384298110174,-137.7028718978,0.));
#9226 = VECTOR('',#9227,1.);
#9227 = DIRECTION('',(-0.447213595499,-0.894427191001,0.));
#9228 = ORIENTED_EDGE('',*,*,#9229,.T.);
#9229 = EDGE_CURVE('',#9222,#9230,#9232,.T.);
#9230 = VERTEX_POINT('',#9231);
#9231 = CARTESIAN_POINT('',(64.380454660909,-137.7377521002,0.));
#9232 = LINE('',#9233,#9234);
#9233 = CARTESIAN_POINT('',(64.380454660909,-137.7105587963,0.));
#9234 = VECTOR('',#9235,1.);
#9235 = DIRECTION('',(0.,-1.,0.));
#9236 = ORIENTED_EDGE('',*,*,#9237,.T.);
#9237 = EDGE_CURVE('',#9230,#9238,#9240,.T.);
#9238 = VERTEX_POINT('',#9239);
#9239 = CARTESIAN_POINT('',(64.382617261442,-137.7420773013,0.));
#9240 = LINE('',#9241,#9242);
#9241 = CARTESIAN_POINT('',(64.380454660909,-137.7377521002,0.));
#9242 = VECTOR('',#9243,1.);
#9243 = DIRECTION('',(0.447213595502,-0.894427190999,0.));
#9244 = ORIENTED_EDGE('',*,*,#9245,.T.);
#9245 = EDGE_CURVE('',#9238,#9246,#9248,.T.);
#9246 = VERTEX_POINT('',#9247);
#9247 = CARTESIAN_POINT('',(64.48205486411,-137.7495554991,0.));
#9248 = CIRCLE('',#9249,5.E-02);
#9249 = AXIS2_PLACEMENT_3D('',#9250,#9251,#9252);
#9250 = CARTESIAN_POINT('',(64.43205486411,-137.7495554991,0.));
#9251 = DIRECTION('',(0.,0.,-1.));
#9252 = DIRECTION('',(-0.988752053353,0.14956395619,0.));
#9253 = ORIENTED_EDGE('',*,*,#9254,.T.);
#9254 = EDGE_CURVE('',#9246,#9255,#9257,.T.);
#9255 = VERTEX_POINT('',#9256);
#9256 = CARTESIAN_POINT('',(64.48205486411,-137.8034069494,0.));
#9257 = LINE('',#9258,#9259);
#9258 = CARTESIAN_POINT('',(64.48205486411,-137.7495554991,0.));
#9259 = VECTOR('',#9260,1.);
#9260 = DIRECTION('',(0.,-1.,0.));
#9261 = ORIENTED_EDGE('',*,*,#9262,.T.);
#9262 = EDGE_CURVE('',#9255,#9263,#9265,.T.);
#9263 = VERTEX_POINT('',#9264);
#9264 = CARTESIAN_POINT('',(64.508754382455,-137.7683342665,0.));
#9265 = CIRCLE('',#9266,4.999999999998E-02);
#9266 = AXIS2_PLACEMENT_3D('',#9267,#9268,#9269);
#9267 = CARTESIAN_POINT('',(64.53111506223,-137.8130556261,0.));
#9268 = DIRECTION('',(0.,0.,-1.));
#9269 = DIRECTION('',(-0.981203962408,0.192973532264,0.));
#9270 = ORIENTED_EDGE('',*,*,#9271,.T.);
#9271 = EDGE_CURVE('',#9263,#9272,#9274,.T.);
#9272 = VERTEX_POINT('',#9273);
#9273 = CARTESIAN_POINT('',(64.526897155668,-137.7592628799,0.));
#9274 = LINE('',#9275,#9276);
#9275 = CARTESIAN_POINT('',(64.508754382455,-137.7683342665,0.));
#9276 = VECTOR('',#9277,1.);
#9277 = DIRECTION('',(0.894427190999,0.447213595501,0.));
#9278 = ORIENTED_EDGE('',*,*,#9279,.T.);
#9279 = EDGE_CURVE('',#9272,#9280,#9282,.T.);
#9280 = VERTEX_POINT('',#9281);
#9281 = CARTESIAN_POINT('',(64.539302869124,-137.7468571664,0.));
#9282 = LINE('',#9283,#9284);
#9283 = CARTESIAN_POINT('',(64.526897155668,-137.7592628799,0.));
#9284 = VECTOR('',#9285,1.);
#9285 = DIRECTION('',(0.707106781187,0.707106781186,0.));
#9286 = ORIENTED_EDGE('',*,*,#9287,.T.);
#9287 = EDGE_CURVE('',#9280,#9288,#9290,.T.);
#9288 = VERTEX_POINT('',#9289);
#9289 = CARTESIAN_POINT('',(64.54207518415,-137.7399263789,0.));
#9290 = LINE('',#9291,#9292);
#9291 = CARTESIAN_POINT('',(64.539302869124,-137.7468571664,0.));
#9292 = VECTOR('',#9293,1.);
#9293 = DIRECTION('',(0.371390676355,0.928476690885,0.));
#9294 = ORIENTED_EDGE('',*,*,#9295,.T.);
#9295 = EDGE_CURVE('',#9288,#9186,#9296,.T.);
#9296 = LINE('',#9297,#9298);
#9297 = CARTESIAN_POINT('',(64.54207518415,-137.7399263789,0.));
#9298 = VECTOR('',#9299,1.);
#9299 = DIRECTION('',(0.,1.,0.));
#9300 = PLANE('',#9301);
#9301 = AXIS2_PLACEMENT_3D('',#9302,#9303,#9304);
#9302 = CARTESIAN_POINT('',(64.462654195155,-137.7265271325,0.));
#9303 = DIRECTION('',(-0.,-0.,-1.));
#9304 = DIRECTION('',(-1.,0.,0.));
#9305 = SHELL_BASED_SURFACE_MODEL('',(#9306));
#9306 = OPEN_SHELL('',(#9307));
#9307 = ADVANCED_FACE('',(#9308),#9394,.T.);
#9308 = FACE_BOUND('',#9309,.T.);
#9309 = EDGE_LOOP('',(#9310,#9320,#9329,#9337,#9345,#9354,#9362,#9371,
    #9379,#9387));
#9310 = ORIENTED_EDGE('',*,*,#9311,.T.);
#9311 = EDGE_CURVE('',#9312,#9314,#9316,.T.);
#9312 = VERTEX_POINT('',#9313);
#9313 = CARTESIAN_POINT('',(64.330454660909,-137.9230759461,0.));
#9314 = VERTEX_POINT('',#9315);
#9315 = CARTESIAN_POINT('',(64.59207518415,-137.9230759461,0.));
#9316 = LINE('',#9317,#9318);
#9317 = CARTESIAN_POINT('',(64.330454660909,-137.9230759461,0.));
#9318 = VECTOR('',#9319,1.);
#9319 = DIRECTION('',(1.,0.,0.));
#9320 = ORIENTED_EDGE('',*,*,#9321,.T.);
#9321 = EDGE_CURVE('',#9314,#9322,#9324,.T.);
#9322 = VERTEX_POINT('',#9323);
#9323 = CARTESIAN_POINT('',(64.619903194828,-138.0146163099,0.));
#9324 = CIRCLE('',#9325,5.E-02);
#9325 = AXIS2_PLACEMENT_3D('',#9326,#9327,#9328);
#9326 = CARTESIAN_POINT('',(64.59207518415,-137.9730759461,0.));
#9327 = DIRECTION('',(0.,0.,-1.));
#9328 = DIRECTION('',(-2.433192419153E-14,1.,0.));
#9329 = ORIENTED_EDGE('',*,*,#9330,.T.);
#9330 = EDGE_CURVE('',#9322,#9331,#9333,.T.);
#9331 = VERTEX_POINT('',#9332);
#9332 = CARTESIAN_POINT('',(64.494929881265,-138.0983362966,0.));
#9333 = LINE('',#9334,#9335);
#9334 = CARTESIAN_POINT('',(64.619903194828,-138.0146163099,0.));
#9335 = VECTOR('',#9336,1.);
#9336 = DIRECTION('',(-0.830807275301,-0.556560213551,0.));
#9337 = ORIENTED_EDGE('',*,*,#9338,.T.);
#9338 = EDGE_CURVE('',#9331,#9339,#9341,.T.);
#9339 = VERTEX_POINT('',#9340);
#9340 = CARTESIAN_POINT('',(64.59207518415,-138.0983362966,0.));
#9341 = LINE('',#9342,#9343);
#9342 = CARTESIAN_POINT('',(64.494929881265,-138.0983362966,0.));
#9343 = VECTOR('',#9344,1.);
#9344 = DIRECTION('',(1.,0.,0.));
#9345 = ORIENTED_EDGE('',*,*,#9346,.T.);
#9346 = EDGE_CURVE('',#9339,#9347,#9349,.T.);
#9347 = VERTEX_POINT('',#9348);
#9348 = CARTESIAN_POINT('',(64.59207518415,-138.1983362966,0.));
#9349 = CIRCLE('',#9350,5.E-02);
#9350 = AXIS2_PLACEMENT_3D('',#9351,#9352,#9353);
#9351 = CARTESIAN_POINT('',(64.59207518415,-138.1483362966,0.));
#9352 = DIRECTION('',(0.,0.,-1.));
#9353 = DIRECTION('',(1.110223024625E-16,1.,0.));
#9354 = ORIENTED_EDGE('',*,*,#9355,.T.);
#9355 = EDGE_CURVE('',#9347,#9356,#9358,.T.);
#9356 = VERTEX_POINT('',#9357);
#9357 = CARTESIAN_POINT('',(64.330454660909,-138.1983362966,0.));
#9358 = LINE('',#9359,#9360);
#9359 = CARTESIAN_POINT('',(64.59207518415,-138.1983362966,0.));
#9360 = VECTOR('',#9361,1.);
#9361 = DIRECTION('',(-1.,0.,0.));
#9362 = ORIENTED_EDGE('',*,*,#9363,.T.);
#9363 = EDGE_CURVE('',#9356,#9364,#9366,.T.);
#9364 = VERTEX_POINT('',#9365);
#9365 = CARTESIAN_POINT('',(64.302626650232,-138.1067959329,0.));
#9366 = CIRCLE('',#9367,5.E-02);
#9367 = AXIS2_PLACEMENT_3D('',#9368,#9369,#9370);
#9368 = CARTESIAN_POINT('',(64.330454660909,-138.1483362966,0.));
#9369 = DIRECTION('',(-0.,0.,-1.));
#9370 = DIRECTION('',(2.433192419153E-14,-1.,-0.));
#9371 = ORIENTED_EDGE('',*,*,#9372,.T.);
#9372 = EDGE_CURVE('',#9364,#9373,#9375,.T.);
#9373 = VERTEX_POINT('',#9374);
#9374 = CARTESIAN_POINT('',(64.427599963795,-138.0230759461,0.));
#9375 = LINE('',#9376,#9377);
#9376 = CARTESIAN_POINT('',(64.302626650232,-138.1067959329,0.));
#9377 = VECTOR('',#9378,1.);
#9378 = DIRECTION('',(0.830807275301,0.556560213551,0.));
#9379 = ORIENTED_EDGE('',*,*,#9380,.T.);
#9380 = EDGE_CURVE('',#9373,#9381,#9383,.T.);
#9381 = VERTEX_POINT('',#9382);
#9382 = CARTESIAN_POINT('',(64.330454660909,-138.0230759461,0.));
#9383 = LINE('',#9384,#9385);
#9384 = CARTESIAN_POINT('',(64.427599963795,-138.0230759461,0.));
#9385 = VECTOR('',#9386,1.);
#9386 = DIRECTION('',(-1.,0.,0.));
#9387 = ORIENTED_EDGE('',*,*,#9388,.T.);
#9388 = EDGE_CURVE('',#9381,#9312,#9389,.T.);
#9389 = CIRCLE('',#9390,5.000000000001E-02);
#9390 = AXIS2_PLACEMENT_3D('',#9391,#9392,#9393);
#9391 = CARTESIAN_POINT('',(64.330454660909,-137.9730759461,0.));
#9392 = DIRECTION('',(0.,0.,-1.));
#9393 = DIRECTION('',(-1.110223024625E-16,-1.,-0.));
#9394 = PLANE('',#9395);
#9395 = AXIS2_PLACEMENT_3D('',#9396,#9397,#9398);
#9396 = CARTESIAN_POINT('',(64.46126492253,-138.0607061214,0.));
#9397 = DIRECTION('',(-0.,-0.,-1.));
#9398 = DIRECTION('',(-1.,0.,0.));
#9399 = SHELL_BASED_SURFACE_MODEL('',(#9400));
#9400 = OPEN_SHELL('',(#9401));
#9401 = ADVANCED_FACE('',(#9402,#9576),#9660,.T.);
#9402 = FACE_BOUND('',#9403,.T.);
#9403 = EDGE_LOOP('',(#9404,#9414,#9423,#9431,#9440,#9448,#9457,#9465,
    #9474,#9483,#9492,#9500,#9509,#9518,#9527,#9535,#9544,#9552,#9561,
    #9569));
#9404 = ORIENTED_EDGE('',*,*,#9405,.T.);
#9405 = EDGE_CURVE('',#9406,#9408,#9410,.T.);
#9406 = VERTEX_POINT('',#9407);
#9407 = CARTESIAN_POINT('',(64.330454660909,-138.2583566167,0.));
#9408 = VERTEX_POINT('',#9409);
#9409 = CARTESIAN_POINT('',(64.59207518415,-138.2583566167,0.));
#9410 = LINE('',#9411,#9412);
#9411 = CARTESIAN_POINT('',(64.330454660909,-138.2583566167,0.));
#9412 = VECTOR('',#9413,1.);
#9413 = DIRECTION('',(1.,0.,0.));
#9414 = ORIENTED_EDGE('',*,*,#9415,.T.);
#9415 = EDGE_CURVE('',#9408,#9416,#9418,.T.);
#9416 = VERTEX_POINT('',#9417);
#9417 = CARTESIAN_POINT('',(64.64207518415,-138.3083566167,0.));
#9418 = CIRCLE('',#9419,5.E-02);
#9419 = AXIS2_PLACEMENT_3D('',#9420,#9421,#9422);
#9420 = CARTESIAN_POINT('',(64.59207518415,-138.3083566167,0.));
#9421 = DIRECTION('',(0.,0.,-1.));
#9422 = DIRECTION('',(-1.419952367322E-13,1.,0.));
#9423 = ORIENTED_EDGE('',*,*,#9424,.T.);
#9424 = EDGE_CURVE('',#9416,#9425,#9427,.T.);
#9425 = VERTEX_POINT('',#9426);
#9426 = CARTESIAN_POINT('',(64.64207518415,-138.3947167894,0.));
#9427 = LINE('',#9428,#9429);
#9428 = CARTESIAN_POINT('',(64.64207518415,-138.3083566167,0.));
#9429 = VECTOR('',#9430,1.);
#9430 = DIRECTION('',(0.,-1.,0.));
#9431 = ORIENTED_EDGE('',*,*,#9432,.T.);
#9432 = EDGE_CURVE('',#9425,#9433,#9435,.T.);
#9433 = VERTEX_POINT('',#9434);
#9434 = CARTESIAN_POINT('',(64.64038693113,-138.4075999219,0.));
#9435 = CIRCLE('',#9436,5.000000000004E-02);
#9436 = AXIS2_PLACEMENT_3D('',#9437,#9438,#9439);
#9437 = CARTESIAN_POINT('',(64.59207518415,-138.3947167894,0.));
#9438 = DIRECTION('',(0.,0.,-1.));
#9439 = DIRECTION('',(1.,3.724408547082E-13,0.));
#9440 = ORIENTED_EDGE('',*,*,#9441,.T.);
#9441 = EDGE_CURVE('',#9433,#9442,#9444,.T.);
#9442 = VERTEX_POINT('',#9443);
#9443 = CARTESIAN_POINT('',(64.63022691081,-138.4456999981,0.));
#9444 = LINE('',#9445,#9446);
#9445 = CARTESIAN_POINT('',(64.64038693113,-138.4075999219,0.));
#9446 = VECTOR('',#9447,1.);
#9447 = DIRECTION('',(-0.25766265056,-0.966234939601,0.));
#9448 = ORIENTED_EDGE('',*,*,#9449,.T.);
#9449 = EDGE_CURVE('',#9442,#9450,#9452,.T.);
#9450 = VERTEX_POINT('',#9451);
#9451 = CARTESIAN_POINT('',(64.61727050289,-138.4681722046,0.));
#9452 = CIRCLE('',#9453,4.999999999997E-02);
#9453 = AXIS2_PLACEMENT_3D('',#9454,#9455,#9456);
#9454 = CARTESIAN_POINT('',(64.58191516383,-138.4328168656,0.));
#9455 = DIRECTION('',(0.,0.,-1.));
#9456 = DIRECTION('',(0.966234939601,-0.257662650561,0.));
#9457 = ORIENTED_EDGE('',*,*,#9458,.T.);
#9458 = EDGE_CURVE('',#9450,#9459,#9461,.T.);
#9459 = VERTEX_POINT('',#9460);
#9460 = CARTESIAN_POINT('',(64.59187045209,-138.4935722554,0.));
#9461 = LINE('',#9462,#9463);
#9462 = CARTESIAN_POINT('',(64.61727050289,-138.4681722046,0.));
#9463 = VECTOR('',#9464,1.);
#9464 = DIRECTION('',(-0.707106781186,-0.707106781187,0.));
#9465 = ORIENTED_EDGE('',*,*,#9466,.T.);
#9466 = EDGE_CURVE('',#9459,#9467,#9469,.T.);
#9467 = VERTEX_POINT('',#9468);
#9468 = CARTESIAN_POINT('',(64.581463335263,-138.5015480392,0.));
#9469 = CIRCLE('',#9470,5.000000000012E-02);
#9470 = AXIS2_PLACEMENT_3D('',#9471,#9472,#9473);
#9471 = CARTESIAN_POINT('',(64.55651511303,-138.4582169164,0.));
#9472 = DIRECTION('',(0.,0.,-1.));
#9473 = DIRECTION('',(0.707106781187,-0.707106781186,0.));
#9474 = ORIENTED_EDGE('',*,*,#9475,.T.);
#9475 = EDGE_CURVE('',#9467,#9476,#9478,.T.);
#9476 = VERTEX_POINT('',#9477);
#9477 = CARTESIAN_POINT('',(64.504832564999,-138.5322003473,0.));
#9478 = CIRCLE('',#9479,0.291801280117);
#9479 = AXIS2_PLACEMENT_3D('',#9480,#9481,#9482);
#9480 = CARTESIAN_POINT('',(64.435864871578,-138.2486664969,0.));
#9481 = DIRECTION('',(0.,0.,-1.));
#9482 = DIRECTION('',(0.498964444661,-0.866622456993,0.));
#9483 = ORIENTED_EDGE('',*,*,#9484,.T.);
#9484 = EDGE_CURVE('',#9476,#9485,#9487,.T.);
#9485 = VERTEX_POINT('',#9486);
#9486 = CARTESIAN_POINT('',(64.49301498603,-138.5336169672,0.));
#9487 = CIRCLE('',#9488,5.000000000004E-02);
#9488 = AXIS2_PLACEMENT_3D('',#9489,#9490,#9491);
#9489 = CARTESIAN_POINT('',(64.49301498603,-138.4836169672,0.));
#9490 = DIRECTION('',(0.,0.,-1.));
#9491 = DIRECTION('',(0.236351579377,-0.971667603106,0.));
#9492 = ORIENTED_EDGE('',*,*,#9493,.T.);
#9493 = EDGE_CURVE('',#9485,#9494,#9496,.T.);
#9494 = VERTEX_POINT('',#9495);
#9495 = CARTESIAN_POINT('',(64.43205486411,-138.5336169672,0.));
#9496 = LINE('',#9497,#9498);
#9497 = CARTESIAN_POINT('',(64.49301498603,-138.5336169672,0.));
#9498 = VECTOR('',#9499,1.);
#9499 = DIRECTION('',(-1.,-4.662344584479E-13,0.));
#9500 = ORIENTED_EDGE('',*,*,#9501,.T.);
#9501 = EDGE_CURVE('',#9494,#9502,#9504,.T.);
#9502 = VERTEX_POINT('',#9503);
#9503 = CARTESIAN_POINT('',(64.420237285149,-138.5322003473,0.));
#9504 = CIRCLE('',#9505,5.000000000007E-02);
#9505 = AXIS2_PLACEMENT_3D('',#9506,#9507,#9508);
#9506 = CARTESIAN_POINT('',(64.43205486411,-138.4836169672,0.));
#9507 = DIRECTION('',(0.,0.,-1.));
#9508 = DIRECTION('',(-1.136308657819E-12,-1.,-0.));
#9509 = ORIENTED_EDGE('',*,*,#9510,.T.);
#9510 = EDGE_CURVE('',#9502,#9511,#9513,.T.);
#9511 = VERTEX_POINT('',#9512);
#9512 = CARTESIAN_POINT('',(64.343606514869,-138.5015480392,0.));
#9513 = CIRCLE('',#9514,0.291801279814);
#9514 = AXIS2_PLACEMENT_3D('',#9515,#9516,#9517);
#9515 = CARTESIAN_POINT('',(64.489204978448,-138.2486664972,0.));
#9516 = DIRECTION('',(0.,0.,-1.));
#9517 = DIRECTION('',(-0.236351579205,-0.971667603148,-0.));
#9518 = ORIENTED_EDGE('',*,*,#9519,.T.);
#9519 = EDGE_CURVE('',#9511,#9520,#9522,.T.);
#9520 = VERTEX_POINT('',#9521);
#9521 = CARTESIAN_POINT('',(64.33319939805,-138.4935722554,0.));
#9522 = CIRCLE('',#9523,5.000000000003E-02);
#9523 = AXIS2_PLACEMENT_3D('',#9524,#9525,#9526);
#9524 = CARTESIAN_POINT('',(64.368554737109,-138.4582169164,0.));
#9525 = DIRECTION('',(0.,0.,-1.));
#9526 = DIRECTION('',(-0.498964444816,-0.866622456904,-0.));
#9527 = ORIENTED_EDGE('',*,*,#9528,.T.);
#9528 = EDGE_CURVE('',#9520,#9529,#9531,.T.);
#9529 = VERTEX_POINT('',#9530);
#9530 = CARTESIAN_POINT('',(64.30779934725,-138.4681722046,0.));
#9531 = LINE('',#9532,#9533);
#9532 = CARTESIAN_POINT('',(64.33319939805,-138.4935722554,0.));
#9533 = VECTOR('',#9534,1.);
#9534 = DIRECTION('',(-0.707106781186,0.707106781187,0.));
#9535 = ORIENTED_EDGE('',*,*,#9536,.T.);
#9536 = EDGE_CURVE('',#9529,#9537,#9539,.T.);
#9537 = VERTEX_POINT('',#9538);
#9538 = CARTESIAN_POINT('',(64.295720521407,-138.4486282539,0.));
#9539 = CIRCLE('',#9540,4.999999999997E-02);
#9540 = AXIS2_PLACEMENT_3D('',#9541,#9542,#9543);
#9541 = CARTESIAN_POINT('',(64.343154686309,-138.4328168656,0.));
#9542 = DIRECTION('',(0.,0.,-1.));
#9543 = DIRECTION('',(-0.707106781186,-0.707106781187,-0.));
#9544 = ORIENTED_EDGE('',*,*,#9545,.T.);
#9545 = EDGE_CURVE('',#9537,#9546,#9548,.T.);
#9546 = VERTEX_POINT('',#9547);
#9547 = CARTESIAN_POINT('',(64.283020496007,-138.4105281777,0.));
#9548 = LINE('',#9549,#9550);
#9549 = CARTESIAN_POINT('',(64.295720521407,-138.4486282539,0.));
#9550 = VECTOR('',#9551,1.);
#9551 = DIRECTION('',(-0.316227766017,0.948683298051,0.));
#9552 = ORIENTED_EDGE('',*,*,#9553,.T.);
#9553 = EDGE_CURVE('',#9546,#9554,#9556,.T.);
#9554 = VERTEX_POINT('',#9555);
#9555 = CARTESIAN_POINT('',(64.280454660909,-138.3947167894,0.));
#9556 = CIRCLE('',#9557,5.E-02);
#9557 = AXIS2_PLACEMENT_3D('',#9558,#9559,#9560);
#9558 = CARTESIAN_POINT('',(64.330454660909,-138.3947167894,0.));
#9559 = DIRECTION('',(0.,0.,-1.));
#9560 = DIRECTION('',(-0.948683298051,-0.316227766017,-0.));
#9561 = ORIENTED_EDGE('',*,*,#9562,.T.);
#9562 = EDGE_CURVE('',#9554,#9563,#9565,.T.);
#9563 = VERTEX_POINT('',#9564);
#9564 = CARTESIAN_POINT('',(64.280454660909,-138.3083566167,0.));
#9565 = LINE('',#9566,#9567);
#9566 = CARTESIAN_POINT('',(64.280454660909,-138.3947167894,0.));
#9567 = VECTOR('',#9568,1.);
#9568 = DIRECTION('',(0.,1.,0.));
#9569 = ORIENTED_EDGE('',*,*,#9570,.T.);
#9570 = EDGE_CURVE('',#9563,#9406,#9571,.T.);
#9571 = CIRCLE('',#9572,5.000000000001E-02);
#9572 = AXIS2_PLACEMENT_3D('',#9573,#9574,#9575);
#9573 = CARTESIAN_POINT('',(64.330454660909,-138.3083566167,0.));
#9574 = DIRECTION('',(0.,0.,-1.));
#9575 = DIRECTION('',(-1.,-1.419952367322E-13,-0.));
#9576 = FACE_BOUND('',#9577,.T.);
#9577 = EDGE_LOOP('',(#9578,#9588,#9596,#9604,#9612,#9620,#9628,#9637,
    #9645,#9654));
#9578 = ORIENTED_EDGE('',*,*,#9579,.T.);
#9579 = EDGE_CURVE('',#9580,#9582,#9584,.T.);
#9580 = VERTEX_POINT('',#9581);
#9581 = CARTESIAN_POINT('',(64.537063707254,-138.406957644,0.));
#9582 = VERTEX_POINT('',#9583);
#9583 = CARTESIAN_POINT('',(64.54207518415,-138.3881646057,0.));
#9584 = LINE('',#9585,#9586);
#9585 = CARTESIAN_POINT('',(64.537063707254,-138.406957644,0.));
#9586 = VECTOR('',#9587,1.);
#9587 = DIRECTION('',(0.257662650561,0.966234939601,0.));
#9588 = ORIENTED_EDGE('',*,*,#9589,.T.);
#9589 = EDGE_CURVE('',#9582,#9590,#9592,.T.);
#9590 = VERTEX_POINT('',#9591);
#9591 = CARTESIAN_POINT('',(64.54207518415,-138.3583566167,0.));
#9592 = LINE('',#9593,#9594);
#9593 = CARTESIAN_POINT('',(64.54207518415,-138.3881646057,0.));
#9594 = VECTOR('',#9595,1.);
#9595 = DIRECTION('',(0.,1.,0.));
#9596 = ORIENTED_EDGE('',*,*,#9597,.T.);
#9597 = EDGE_CURVE('',#9590,#9598,#9600,.T.);
#9598 = VERTEX_POINT('',#9599);
#9599 = CARTESIAN_POINT('',(64.380454660909,-138.3583566167,0.));
#9600 = LINE('',#9601,#9602);
#9601 = CARTESIAN_POINT('',(64.54207518415,-138.3583566167,0.));
#9602 = VECTOR('',#9603,1.);
#9603 = DIRECTION('',(-1.,0.,0.));
#9604 = ORIENTED_EDGE('',*,*,#9605,.T.);
#9605 = EDGE_CURVE('',#9598,#9606,#9608,.T.);
#9606 = VERTEX_POINT('',#9607);
#9607 = CARTESIAN_POINT('',(64.380454660909,-138.3866029064,0.));
#9608 = LINE('',#9609,#9610);
#9609 = CARTESIAN_POINT('',(64.380454660909,-138.3583566167,0.));
#9610 = VECTOR('',#9611,1.);
#9611 = DIRECTION('',(0.,-1.,0.));
#9612 = ORIENTED_EDGE('',*,*,#9613,.T.);
#9613 = EDGE_CURVE('',#9606,#9614,#9616,.T.);
#9614 = VERTEX_POINT('',#9615);
#9615 = CARTESIAN_POINT('',(64.386856288754,-138.4058077899,0.));
#9616 = LINE('',#9617,#9618);
#9617 = CARTESIAN_POINT('',(64.380454660909,-138.3866029064,0.));
#9618 = VECTOR('',#9619,1.);
#9619 = DIRECTION('',(0.316227766017,-0.948683298051,0.));
#9620 = ORIENTED_EDGE('',*,*,#9621,.T.);
#9621 = EDGE_CURVE('',#9614,#9622,#9624,.T.);
#9622 = VERTEX_POINT('',#9623);
#9623 = CARTESIAN_POINT('',(64.398958122966,-138.4179096241,0.));
#9624 = LINE('',#9625,#9626);
#9625 = CARTESIAN_POINT('',(64.386856288754,-138.4058077899,0.));
#9626 = VECTOR('',#9627,1.);
#9627 = DIRECTION('',(0.707106781188,-0.707106781185,0.));
#9628 = ORIENTED_EDGE('',*,*,#9629,.T.);
#9629 = EDGE_CURVE('',#9622,#9630,#9632,.T.);
#9630 = VERTEX_POINT('',#9631);
#9631 = CARTESIAN_POINT('',(64.438400898032,-138.4336169672,0.));
#9632 = CIRCLE('',#9633,0.191801279814);
#9633 = AXIS2_PLACEMENT_3D('',#9634,#9635,#9636);
#9634 = CARTESIAN_POINT('',(64.489204978448,-138.2486664972,0.));
#9635 = DIRECTION('',(0.,0.,1.));
#9636 = DIRECTION('',(-0.47052269708,-0.882387891765,0.));
#9637 = ORIENTED_EDGE('',*,*,#9638,.T.);
#9638 = EDGE_CURVE('',#9630,#9639,#9641,.T.);
#9639 = VERTEX_POINT('',#9640);
#9640 = CARTESIAN_POINT('',(64.486668952104,-138.4336169672,0.));
#9641 = LINE('',#9642,#9643);
#9642 = CARTESIAN_POINT('',(64.438400898032,-138.4336169672,0.));
#9643 = VECTOR('',#9644,1.);
#9644 = DIRECTION('',(1.,-5.888306453737E-13,0.));
#9645 = ORIENTED_EDGE('',*,*,#9646,.T.);
#9646 = EDGE_CURVE('',#9639,#9647,#9649,.T.);
#9647 = VERTEX_POINT('',#9648);
#9648 = CARTESIAN_POINT('',(64.526111727177,-138.4179096241,0.));
#9649 = CIRCLE('',#9650,0.191801280117);
#9650 = AXIS2_PLACEMENT_3D('',#9651,#9652,#9653);
#9651 = CARTESIAN_POINT('',(64.435864871578,-138.2486664969,0.));
#9652 = DIRECTION('',(0.,0.,1.));
#9653 = DIRECTION('',(0.264878735401,-0.964281730374,0.));
#9654 = ORIENTED_EDGE('',*,*,#9655,.T.);
#9655 = EDGE_CURVE('',#9647,#9580,#9656,.T.);
#9656 = LINE('',#9657,#9658);
#9657 = CARTESIAN_POINT('',(64.526111727177,-138.4179096241,0.));
#9658 = VECTOR('',#9659,1.);
#9659 = DIRECTION('',(0.707106781187,0.707106781187,0.));
#9660 = PLANE('',#9661);
#9661 = AXIS2_PLACEMENT_3D('',#9662,#9663,#9664);
#9662 = CARTESIAN_POINT('',(64.461655379017,-138.3817502255,0.));
#9663 = DIRECTION('',(-0.,-0.,-1.));
#9664 = DIRECTION('',(-1.,0.,0.));
#9665 = SHELL_BASED_SURFACE_MODEL('',(#9666));
#9666 = OPEN_SHELL('',(#9667));
#9667 = ADVANCED_FACE('',(#9668),#9706,.T.);
#9668 = FACE_BOUND('',#9669,.T.);
#9669 = EDGE_LOOP('',(#9670,#9681,#9690,#9699));
#9670 = ORIENTED_EDGE('',*,*,#9671,.T.);
#9671 = EDGE_CURVE('',#9672,#9674,#9676,.T.);
#9672 = VERTEX_POINT('',#9673);
#9673 = CARTESIAN_POINT('',(65.053060151712,-144.1178370596,0.));
#9674 = VERTEX_POINT('',#9675);
#9675 = CARTESIAN_POINT('',(64.477038908486,-144.1178370596,0.));
#9676 = CIRCLE('',#9677,0.388049581552);
#9677 = AXIS2_PLACEMENT_3D('',#9678,#9679,#9680);
#9678 = CARTESIAN_POINT('',(64.765049530099,-144.3778992821,0.));
#9679 = DIRECTION('',(0.,0.,1.));
#9680 = DIRECTION('',(0.742200572568,0.670177819746,-0.));
#9681 = ORIENTED_EDGE('',*,*,#9682,.T.);
#9682 = EDGE_CURVE('',#9674,#9683,#9685,.T.);
#9683 = VERTEX_POINT('',#9684);
#9684 = CARTESIAN_POINT('',(64.402818851229,-144.0508192776,0.));
#9685 = CIRCLE('',#9686,5.E-02);
#9686 = AXIS2_PLACEMENT_3D('',#9687,#9688,#9689);
#9687 = CARTESIAN_POINT('',(64.439928879858,-144.0843281686,0.));
#9688 = DIRECTION('',(-0.,0.,-1.));
#9689 = DIRECTION('',(0.742200572568,-0.670177819746,-0.));
#9690 = ORIENTED_EDGE('',*,*,#9691,.T.);
#9691 = EDGE_CURVE('',#9683,#9692,#9694,.T.);
#9692 = VERTEX_POINT('',#9693);
#9693 = CARTESIAN_POINT('',(65.127280208969,-144.0508192776,0.));
#9694 = CIRCLE('',#9695,0.488049581552);
#9695 = AXIS2_PLACEMENT_3D('',#9696,#9697,#9698);
#9696 = CARTESIAN_POINT('',(64.765049530099,-144.3778992821,0.));
#9697 = DIRECTION('',(0.,0.,-1.));
#9698 = DIRECTION('',(-0.742200572568,0.670177819746,0.));
#9699 = ORIENTED_EDGE('',*,*,#9700,.T.);
#9700 = EDGE_CURVE('',#9692,#9672,#9701,.T.);
#9701 = CIRCLE('',#9702,4.999999999999E-02);
#9702 = AXIS2_PLACEMENT_3D('',#9703,#9704,#9705);
#9703 = CARTESIAN_POINT('',(65.09017018034,-144.0843281686,0.));
#9704 = DIRECTION('',(0.,0.,-1.));
#9705 = DIRECTION('',(0.742200572568,0.670177819746,0.));
#9706 = PLANE('',#9707);
#9707 = AXIS2_PLACEMENT_3D('',#9708,#9709,#9710);
#9708 = CARTESIAN_POINT('',(64.765049530099,-144.0134868393,0.));
#9709 = DIRECTION('',(-0.,-0.,-1.));
#9710 = DIRECTION('',(-1.,0.,0.));
#9711 = SHELL_BASED_SURFACE_MODEL('',(#9712));
#9712 = OPEN_SHELL('',(#9713));
#9713 = ADVANCED_FACE('',(#9714),#9752,.T.);
#9714 = FACE_BOUND('',#9715,.T.);
#9715 = EDGE_LOOP('',(#9716,#9727,#9736,#9745));
#9716 = ORIENTED_EDGE('',*,*,#9717,.T.);
#9717 = EDGE_CURVE('',#9718,#9720,#9722,.T.);
#9718 = VERTEX_POINT('',#9719);
#9719 = CARTESIAN_POINT('',(64.477038908486,-145.4529020818,0.));
#9720 = VERTEX_POINT('',#9721);
#9721 = CARTESIAN_POINT('',(65.053060151712,-145.4529020818,0.));
#9722 = CIRCLE('',#9723,0.388049581556);
#9723 = AXIS2_PLACEMENT_3D('',#9724,#9725,#9726);
#9724 = CARTESIAN_POINT('',(64.765049530099,-145.1928398593,0.));
#9725 = DIRECTION('',(0.,0.,1.));
#9726 = DIRECTION('',(-0.742200572562,-0.670177819753,0.));
#9727 = ORIENTED_EDGE('',*,*,#9728,.T.);
#9728 = EDGE_CURVE('',#9720,#9729,#9731,.T.);
#9729 = VERTEX_POINT('',#9730);
#9730 = CARTESIAN_POINT('',(65.127280208968,-145.5199198638,0.));
#9731 = CIRCLE('',#9732,4.999999999999E-02);
#9732 = AXIS2_PLACEMENT_3D('',#9733,#9734,#9735);
#9733 = CARTESIAN_POINT('',(65.09017018034,-145.4864109728,0.));
#9734 = DIRECTION('',(0.,0.,-1.));
#9735 = DIRECTION('',(-0.742200572562,0.670177819753,0.));
#9736 = ORIENTED_EDGE('',*,*,#9737,.T.);
#9737 = EDGE_CURVE('',#9729,#9738,#9740,.T.);
#9738 = VERTEX_POINT('',#9739);
#9739 = CARTESIAN_POINT('',(64.40281885123,-145.5199198638,0.));
#9740 = CIRCLE('',#9741,0.488049581556);
#9741 = AXIS2_PLACEMENT_3D('',#9742,#9743,#9744);
#9742 = CARTESIAN_POINT('',(64.765049530099,-145.1928398593,0.));
#9743 = DIRECTION('',(-0.,0.,-1.));
#9744 = DIRECTION('',(0.742200572562,-0.670177819753,-0.));
#9745 = ORIENTED_EDGE('',*,*,#9746,.T.);
#9746 = EDGE_CURVE('',#9738,#9718,#9747,.T.);
#9747 = CIRCLE('',#9748,5.E-02);
#9748 = AXIS2_PLACEMENT_3D('',#9749,#9750,#9751);
#9749 = CARTESIAN_POINT('',(64.439928879858,-145.4864109728,0.));
#9750 = DIRECTION('',(0.,0.,-1.));
#9751 = DIRECTION('',(-0.742200572562,-0.670177819753,-0.));
#9752 = PLANE('',#9753);
#9753 = AXIS2_PLACEMENT_3D('',#9754,#9755,#9756);
#9754 = CARTESIAN_POINT('',(64.765049530099,-145.5572523021,0.));
#9755 = DIRECTION('',(-0.,-0.,-1.));
#9756 = DIRECTION('',(-1.,0.,0.));
#9757 = SHELL_BASED_SURFACE_MODEL('',(#9758));
#9758 = OPEN_SHELL('',(#9759));
#9759 = ADVANCED_FACE('',(#9760),#9871,.T.);
#9760 = FACE_BOUND('',#9761,.T.);
#9761 = EDGE_LOOP('',(#9762,#9772,#9781,#9789,#9797,#9806,#9814,#9823,
    #9831,#9839,#9848,#9856,#9864));
#9762 = ORIENTED_EDGE('',*,*,#9763,.T.);
#9763 = EDGE_CURVE('',#9764,#9766,#9768,.T.);
#9764 = VERTEX_POINT('',#9765);
#9765 = CARTESIAN_POINT('',(64.582169164338,-144.4305689611,0.));
#9766 = VERTEX_POINT('',#9767);
#9767 = CARTESIAN_POINT('',(65.00889001778,-144.4305689611,0.));
#9768 = LINE('',#9769,#9770);
#9769 = CARTESIAN_POINT('',(64.582169164338,-144.4305689611,0.));
#9770 = VECTOR('',#9771,1.);
#9771 = DIRECTION('',(1.,0.,0.));
#9772 = ORIENTED_EDGE('',*,*,#9773,.T.);
#9773 = EDGE_CURVE('',#9766,#9774,#9776,.T.);
#9774 = VERTEX_POINT('',#9775);
#9775 = CARTESIAN_POINT('',(65.02668978416,-144.5272933478,0.));
#9776 = CIRCLE('',#9777,4.999999999999E-02);
#9777 = AXIS2_PLACEMENT_3D('',#9778,#9779,#9780);
#9778 = CARTESIAN_POINT('',(65.00889001778,-144.4805689611,0.));
#9779 = DIRECTION('',(0.,0.,-1.));
#9780 = DIRECTION('',(-2.141316927177E-14,1.,0.));
#9781 = ORIENTED_EDGE('',*,*,#9782,.T.);
#9782 = EDGE_CURVE('',#9774,#9783,#9785,.T.);
#9783 = VERTEX_POINT('',#9784);
#9784 = CARTESIAN_POINT('',(64.722620445927,-144.6431292862,0.));
#9785 = LINE('',#9786,#9787);
#9786 = CARTESIAN_POINT('',(65.02668978416,-144.5272933478,0.));
#9787 = VECTOR('',#9788,1.);
#9788 = DIRECTION('',(-0.934487734929,-0.355995327592,0.));
#9789 = ORIENTED_EDGE('',*,*,#9790,.T.);
#9790 = EDGE_CURVE('',#9783,#9791,#9793,.T.);
#9791 = VERTEX_POINT('',#9792);
#9792 = CARTESIAN_POINT('',(65.02668978416,-144.7589652246,0.));
#9793 = LINE('',#9794,#9795);
#9794 = CARTESIAN_POINT('',(64.722620445927,-144.6431292862,0.));
#9795 = VECTOR('',#9796,1.);
#9796 = DIRECTION('',(0.934487734929,-0.355995327592,0.));
#9797 = ORIENTED_EDGE('',*,*,#9798,.T.);
#9798 = EDGE_CURVE('',#9791,#9799,#9801,.T.);
#9799 = VERTEX_POINT('',#9800);
#9800 = CARTESIAN_POINT('',(65.00889001778,-144.8556896113,0.));
#9801 = CIRCLE('',#9802,5.000000000001E-02);
#9802 = AXIS2_PLACEMENT_3D('',#9803,#9804,#9805);
#9803 = CARTESIAN_POINT('',(65.00889001778,-144.8056896113,0.));
#9804 = DIRECTION('',(0.,0.,-1.));
#9805 = DIRECTION('',(0.355995327592,0.934487734929,0.));
#9806 = ORIENTED_EDGE('',*,*,#9807,.T.);
#9807 = EDGE_CURVE('',#9799,#9808,#9810,.T.);
#9808 = VERTEX_POINT('',#9809);
#9809 = CARTESIAN_POINT('',(64.582169164338,-144.8556896113,0.));
#9810 = LINE('',#9811,#9812);
#9811 = CARTESIAN_POINT('',(65.00889001778,-144.8556896113,0.));
#9812 = VECTOR('',#9813,1.);
#9813 = DIRECTION('',(-1.,6.660492263542E-14,0.));
#9814 = ORIENTED_EDGE('',*,*,#9815,.T.);
#9815 = EDGE_CURVE('',#9808,#9816,#9818,.T.);
#9816 = VERTEX_POINT('',#9817);
#9817 = CARTESIAN_POINT('',(64.582169164338,-144.7556896113,0.));
#9818 = CIRCLE('',#9819,5.E-02);
#9819 = AXIS2_PLACEMENT_3D('',#9820,#9821,#9822);
#9820 = CARTESIAN_POINT('',(64.582169164338,-144.8056896113,0.));
#9821 = DIRECTION('',(0.,0.,-1.));
#9822 = DIRECTION('',(-1.110223024625E-16,-1.,-0.));
#9823 = ORIENTED_EDGE('',*,*,#9824,.T.);
#9824 = EDGE_CURVE('',#9816,#9825,#9827,.T.);
#9825 = VERTEX_POINT('',#9826);
#9826 = CARTESIAN_POINT('',(64.737188736191,-144.7556896113,0.));
#9827 = LINE('',#9828,#9829);
#9828 = CARTESIAN_POINT('',(64.582169164338,-144.7556896113,0.));
#9829 = VECTOR('',#9830,1.);
#9830 = DIRECTION('',(1.,0.,0.));
#9831 = ORIENTED_EDGE('',*,*,#9832,.T.);
#9832 = EDGE_CURVE('',#9825,#9833,#9835,.T.);
#9833 = VERTEX_POINT('',#9834);
#9834 = CARTESIAN_POINT('',(64.564369397959,-144.689853673,0.));
#9835 = LINE('',#9836,#9837);
#9836 = CARTESIAN_POINT('',(64.737188736191,-144.7556896113,0.));
#9837 = VECTOR('',#9838,1.);
#9838 = DIRECTION('',(-0.934487734929,0.355995327592,0.));
#9839 = ORIENTED_EDGE('',*,*,#9840,.T.);
#9840 = EDGE_CURVE('',#9833,#9841,#9843,.T.);
#9841 = VERTEX_POINT('',#9842);
#9842 = CARTESIAN_POINT('',(64.564369397959,-144.5964048995,0.));
#9843 = CIRCLE('',#9844,5.E-02);
#9844 = AXIS2_PLACEMENT_3D('',#9845,#9846,#9847);
#9845 = CARTESIAN_POINT('',(64.582169164338,-144.6431292862,0.));
#9846 = DIRECTION('',(0.,0.,-1.));
#9847 = DIRECTION('',(-0.355995327592,-0.934487734929,-0.));
#9848 = ORIENTED_EDGE('',*,*,#9849,.T.);
#9849 = EDGE_CURVE('',#9841,#9850,#9852,.T.);
#9850 = VERTEX_POINT('',#9851);
#9851 = CARTESIAN_POINT('',(64.737188736191,-144.5305689611,0.));
#9852 = LINE('',#9853,#9854);
#9853 = CARTESIAN_POINT('',(64.564369397959,-144.5964048995,0.));
#9854 = VECTOR('',#9855,1.);
#9855 = DIRECTION('',(0.934487734929,0.355995327592,0.));
#9856 = ORIENTED_EDGE('',*,*,#9857,.T.);
#9857 = EDGE_CURVE('',#9850,#9858,#9860,.T.);
#9858 = VERTEX_POINT('',#9859);
#9859 = CARTESIAN_POINT('',(64.582169164338,-144.5305689611,0.));
#9860 = LINE('',#9861,#9862);
#9861 = CARTESIAN_POINT('',(64.737188736191,-144.5305689611,0.));
#9862 = VECTOR('',#9863,1.);
#9863 = DIRECTION('',(-1.,0.,0.));
#9864 = ORIENTED_EDGE('',*,*,#9865,.T.);
#9865 = EDGE_CURVE('',#9858,#9764,#9866,.T.);
#9866 = CIRCLE('',#9867,5.000000000001E-02);
#9867 = AXIS2_PLACEMENT_3D('',#9868,#9869,#9870);
#9868 = CARTESIAN_POINT('',(64.582169164338,-144.4805689611,0.));
#9869 = DIRECTION('',(0.,0.,-1.));
#9870 = DIRECTION('',(-1.110223024625E-16,-1.,-0.));
#9871 = PLANE('',#9872);
#9872 = AXIS2_PLACEMENT_3D('',#9873,#9874,#9875);
#9873 = CARTESIAN_POINT('',(64.76752165154,-144.6431292862,0.));
#9874 = DIRECTION('',(-0.,-0.,-1.));
#9875 = DIRECTION('',(-1.,0.,0.));
#9876 = SHELL_BASED_SURFACE_MODEL('',(#9877));
#9877 = OPEN_SHELL('',(#9878));
#9878 = ADVANCED_FACE('',(#9879),#9915,.T.);
#9879 = FACE_BOUND('',#9880,.T.);
#9880 = EDGE_LOOP('',(#9881,#9892,#9900,#9909));
#9881 = ORIENTED_EDGE('',*,*,#9882,.T.);
#9882 = EDGE_CURVE('',#9883,#9885,#9887,.T.);
#9883 = VERTEX_POINT('',#9884);
#9884 = CARTESIAN_POINT('',(65.00889001778,-144.2324485648,0.));
#9885 = VERTEX_POINT('',#9886);
#9886 = CARTESIAN_POINT('',(65.00889001778,-144.3324485648,0.));
#9887 = CIRCLE('',#9888,5.000000000001E-02);
#9888 = AXIS2_PLACEMENT_3D('',#9889,#9890,#9891);
#9889 = CARTESIAN_POINT('',(65.00889001778,-144.2824485648,0.));
#9890 = DIRECTION('',(0.,0.,-1.));
#9891 = DIRECTION('',(1.110223024625E-16,1.,0.));
#9892 = ORIENTED_EDGE('',*,*,#9893,.T.);
#9893 = EDGE_CURVE('',#9885,#9894,#9896,.T.);
#9894 = VERTEX_POINT('',#9895);
#9895 = CARTESIAN_POINT('',(64.582169164338,-144.3324485648,0.));
#9896 = LINE('',#9897,#9898);
#9897 = CARTESIAN_POINT('',(65.00889001778,-144.3324485648,0.));
#9898 = VECTOR('',#9899,1.);
#9899 = DIRECTION('',(-1.,6.660492263542E-14,0.));
#9900 = ORIENTED_EDGE('',*,*,#9901,.T.);
#9901 = EDGE_CURVE('',#9894,#9902,#9904,.T.);
#9902 = VERTEX_POINT('',#9903);
#9903 = CARTESIAN_POINT('',(64.582169164338,-144.2324485648,0.));
#9904 = CIRCLE('',#9905,5.E-02);
#9905 = AXIS2_PLACEMENT_3D('',#9906,#9907,#9908);
#9906 = CARTESIAN_POINT('',(64.582169164338,-144.2824485648,0.));
#9907 = DIRECTION('',(0.,0.,-1.));
#9908 = DIRECTION('',(-1.110223024625E-16,-1.,-0.));
#9909 = ORIENTED_EDGE('',*,*,#9910,.T.);
#9910 = EDGE_CURVE('',#9902,#9883,#9911,.T.);
#9911 = LINE('',#9912,#9913);
#9912 = CARTESIAN_POINT('',(64.582169164338,-144.2324485648,0.));
#9913 = VECTOR('',#9914,1.);
#9914 = DIRECTION('',(1.,0.,0.));
#9915 = PLANE('',#9916);
#9916 = AXIS2_PLACEMENT_3D('',#9917,#9918,#9919);
#9917 = CARTESIAN_POINT('',(64.795529591059,-144.2824485648,0.));
#9918 = DIRECTION('',(-0.,-0.,-1.));
#9919 = DIRECTION('',(-1.,0.,0.));
#9920 = SHELL_BASED_SURFACE_MODEL('',(#9921));
#9921 = OPEN_SHELL('',(#9922));
#9922 = ADVANCED_FACE('',(#9923),#10159,.T.);
#9923 = FACE_BOUND('',#9924,.T.);
#9924 = EDGE_LOOP('',(#9925,#9935,#9943,#9951,#9959,#9967,#9975,#9983,
    #9992,#10000,#10009,#10017,#10026,#10034,#10043,#10051,#10060,#10068
    ,#10077,#10085,#10094,#10102,#10111,#10119,#10128,#10136,#10145,
    #10153));
#9925 = ORIENTED_EDGE('',*,*,#9926,.T.);
#9926 = EDGE_CURVE('',#9927,#9929,#9931,.T.);
#9927 = VERTEX_POINT('',#9928);
#9928 = CARTESIAN_POINT('',(64.670138361932,-145.0678316507,0.));
#9929 = VERTEX_POINT('',#9930);
#9930 = CARTESIAN_POINT('',(64.646190807423,-145.0917792052,0.));
#9931 = LINE('',#9932,#9933);
#9932 = CARTESIAN_POINT('',(64.670138361932,-145.0678316507,0.));
#9933 = VECTOR('',#9934,1.);
#9934 = DIRECTION('',(-0.707106781187,-0.707106781186,0.));
#9935 = ORIENTED_EDGE('',*,*,#9936,.T.);
#9936 = EDGE_CURVE('',#9929,#9937,#9939,.T.);
#9937 = VERTEX_POINT('',#9938);
#9938 = CARTESIAN_POINT('',(64.632169164338,-145.1338441344,0.));
#9939 = LINE('',#9940,#9941);
#9940 = CARTESIAN_POINT('',(64.646190807423,-145.0917792052,0.));
#9941 = VECTOR('',#9942,1.);
#9942 = DIRECTION('',(-0.316227766017,-0.948683298051,0.));
#9943 = ORIENTED_EDGE('',*,*,#9944,.T.);
#9944 = EDGE_CURVE('',#9937,#9945,#9947,.T.);
#9945 = VERTEX_POINT('',#9946);
#9946 = CARTESIAN_POINT('',(64.632169164338,-145.1582564497,0.));
#9947 = LINE('',#9948,#9949);
#9948 = CARTESIAN_POINT('',(64.632169164338,-145.1338441344,0.));
#9949 = VECTOR('',#9950,1.);
#9950 = DIRECTION('',(0.,-1.,0.));
#9951 = ORIENTED_EDGE('',*,*,#9952,.T.);
#9952 = EDGE_CURVE('',#9945,#9953,#9955,.T.);
#9953 = VERTEX_POINT('',#9954);
#9954 = CARTESIAN_POINT('',(64.646190807423,-145.2003213789,0.));
#9955 = LINE('',#9956,#9957);
#9956 = CARTESIAN_POINT('',(64.632169164338,-145.1582564497,0.));
#9957 = VECTOR('',#9958,1.);
#9958 = DIRECTION('',(0.316227766017,-0.948683298051,0.));
#9959 = ORIENTED_EDGE('',*,*,#9960,.T.);
#9960 = EDGE_CURVE('',#9953,#9961,#9963,.T.);
#9961 = VERTEX_POINT('',#9962);
#9962 = CARTESIAN_POINT('',(64.670138361932,-145.2242689334,0.));
#9963 = LINE('',#9964,#9965);
#9964 = CARTESIAN_POINT('',(64.646190807423,-145.2003213789,0.));
#9965 = VECTOR('',#9966,1.);
#9966 = DIRECTION('',(0.707106781187,-0.707106781186,0.));
#9967 = ORIENTED_EDGE('',*,*,#9968,.T.);
#9968 = EDGE_CURVE('',#9961,#9969,#9971,.T.);
#9969 = VERTEX_POINT('',#9970);
#9970 = CARTESIAN_POINT('',(64.712203291187,-145.2382905765,0.));
#9971 = LINE('',#9972,#9973);
#9972 = CARTESIAN_POINT('',(64.670138361932,-145.2242689334,0.));
#9973 = VECTOR('',#9974,1.);
#9974 = DIRECTION('',(0.94868329805,-0.316227766017,0.));
#9975 = ORIENTED_EDGE('',*,*,#9976,.T.);
#9976 = EDGE_CURVE('',#9969,#9977,#9979,.T.);
#9977 = VERTEX_POINT('',#9978);
#9978 = CARTESIAN_POINT('',(65.00889001778,-145.2382905765,0.));
#9979 = LINE('',#9980,#9981);
#9980 = CARTESIAN_POINT('',(64.712203291187,-145.2382905765,0.));
#9981 = VECTOR('',#9982,1.);
#9982 = DIRECTION('',(1.,0.,0.));
#9983 = ORIENTED_EDGE('',*,*,#9984,.T.);
#9984 = EDGE_CURVE('',#9977,#9985,#9987,.T.);
#9985 = VERTEX_POINT('',#9986);
#9986 = CARTESIAN_POINT('',(65.00889001778,-145.3382905765,0.));
#9987 = CIRCLE('',#9988,5.000000000001E-02);
#9988 = AXIS2_PLACEMENT_3D('',#9989,#9990,#9991);
#9989 = CARTESIAN_POINT('',(65.00889001778,-145.2882905765,0.));
#9990 = DIRECTION('',(0.,0.,-1.));
#9991 = DIRECTION('',(1.110223024625E-16,1.,0.));
#9992 = ORIENTED_EDGE('',*,*,#9993,.T.);
#9993 = EDGE_CURVE('',#9985,#9994,#9996,.T.);
#9994 = VERTEX_POINT('',#9995);
#9995 = CARTESIAN_POINT('',(64.704089408179,-145.3382905765,0.));
#9996 = LINE('',#9997,#9998);
#9997 = CARTESIAN_POINT('',(65.00889001778,-145.3382905765,0.));
#9998 = VECTOR('',#9999,1.);
#9999 = DIRECTION('',(-1.,9.324689168959E-14,0.));
#10000 = ORIENTED_EDGE('',*,*,#10001,.T.);
#10001 = EDGE_CURVE('',#9994,#10002,#10004,.T.);
#10002 = VERTEX_POINT('',#10003);
#10003 = CARTESIAN_POINT('',(64.688278019878,-145.3357247414,0.));
#10004 = CIRCLE('',#10005,4.999999999998E-02);
#10005 = AXIS2_PLACEMENT_3D('',#10006,#10007,#10008);
#10006 = CARTESIAN_POINT('',(64.704089408179,-145.2882905765,0.));
#10007 = DIRECTION('',(-0.,0.,-1.));
#10008 = DIRECTION('',(4.638625473702E-13,-1.,-0.));
#10009 = ORIENTED_EDGE('',*,*,#10010,.T.);
#10010 = EDGE_CURVE('',#10002,#10011,#10013,.T.);
#10011 = VERTEX_POINT('',#10012);
#10012 = CARTESIAN_POINT('',(64.627317897958,-145.3154047008,0.));
#10013 = LINE('',#10014,#10015);
#10014 = CARTESIAN_POINT('',(64.688278019878,-145.3357247414,0.));
#10015 = VECTOR('',#10016,1.);
#10016 = DIRECTION('',(-0.94868329805,0.316227766017,0.));
#10017 = ORIENTED_EDGE('',*,*,#10018,.T.);
#10018 = EDGE_CURVE('',#10011,#10019,#10021,.T.);
#10019 = VERTEX_POINT('',#10020);
#10020 = CARTESIAN_POINT('',(64.607773947199,-145.303325875,0.));
#10021 = CIRCLE('',#10022,5.000000000007E-02);
#10022 = AXIS2_PLACEMENT_3D('',#10023,#10024,#10025);
#10023 = CARTESIAN_POINT('',(64.643129286259,-145.2679705359,0.));
#10024 = DIRECTION('',(0.,0.,-1.));
#10025 = DIRECTION('',(-0.316227766017,-0.948683298051,-0.));
#10026 = ORIENTED_EDGE('',*,*,#10027,.T.);
#10027 = EDGE_CURVE('',#10019,#10028,#10030,.T.);
#10028 = VERTEX_POINT('',#10029);
#10029 = CARTESIAN_POINT('',(64.567133865919,-145.2626857937,0.));
#10030 = LINE('',#10031,#10032);
#10031 = CARTESIAN_POINT('',(64.607773947199,-145.303325875,0.));
#10032 = VECTOR('',#10033,1.);
#10033 = DIRECTION('',(-0.707106781187,0.707106781186,0.));
#10034 = ORIENTED_EDGE('',*,*,#10035,.T.);
#10035 = EDGE_CURVE('',#10028,#10036,#10038,.T.);
#10036 = VERTEX_POINT('',#10037);
#10037 = CARTESIAN_POINT('',(64.555055040076,-145.2431418429,0.));
#10038 = CIRCLE('',#10039,4.999999999997E-02);
#10039 = AXIS2_PLACEMENT_3D('',#10040,#10041,#10042);
#10040 = CARTESIAN_POINT('',(64.602489204978,-145.2273304546,0.));
#10041 = DIRECTION('',(0.,0.,-1.));
#10042 = DIRECTION('',(-0.707106781186,-0.707106781187,-0.));
#10043 = ORIENTED_EDGE('',*,*,#10044,.T.);
#10044 = EDGE_CURVE('',#10036,#10045,#10047,.T.);
#10045 = VERTEX_POINT('',#10046);
#10046 = CARTESIAN_POINT('',(64.534734999436,-145.182181721,0.));
#10047 = LINE('',#10048,#10049);
#10048 = CARTESIAN_POINT('',(64.555055040076,-145.2431418429,0.));
#10049 = VECTOR('',#10050,1.);
#10050 = DIRECTION('',(-0.316227766017,0.948683298051,0.));
#10051 = ORIENTED_EDGE('',*,*,#10052,.T.);
#10052 = EDGE_CURVE('',#10045,#10053,#10055,.T.);
#10053 = VERTEX_POINT('',#10054);
#10054 = CARTESIAN_POINT('',(64.532169164338,-145.1663703327,0.));
#10055 = CIRCLE('',#10056,5.E-02);
#10056 = AXIS2_PLACEMENT_3D('',#10057,#10058,#10059);
#10057 = CARTESIAN_POINT('',(64.582169164338,-145.1663703327,0.));
#10058 = DIRECTION('',(0.,0.,-1.));
#10059 = DIRECTION('',(-0.948683298051,-0.316227766016,-0.));
#10060 = ORIENTED_EDGE('',*,*,#10061,.T.);
#10061 = EDGE_CURVE('',#10053,#10062,#10064,.T.);
#10062 = VERTEX_POINT('',#10063);
#10063 = CARTESIAN_POINT('',(64.532169164338,-145.1257302514,0.));
#10064 = LINE('',#10065,#10066);
#10065 = CARTESIAN_POINT('',(64.532169164338,-145.1663703327,0.));
#10066 = VECTOR('',#10067,1.);
#10067 = DIRECTION('',(-3.496758438361E-13,1.,0.));
#10068 = ORIENTED_EDGE('',*,*,#10069,.T.);
#10069 = EDGE_CURVE('',#10062,#10070,#10072,.T.);
#10070 = VERTEX_POINT('',#10071);
#10071 = CARTESIAN_POINT('',(64.534734999436,-145.1099188631,0.));
#10072 = CIRCLE('',#10073,5.E-02);
#10073 = AXIS2_PLACEMENT_3D('',#10074,#10075,#10076);
#10074 = CARTESIAN_POINT('',(64.582169164338,-145.1257302514,0.));
#10075 = DIRECTION('',(0.,0.,-1.));
#10076 = DIRECTION('',(-1.,5.670965340118E-13,0.));
#10077 = ORIENTED_EDGE('',*,*,#10078,.T.);
#10078 = EDGE_CURVE('',#10070,#10079,#10081,.T.);
#10079 = VERTEX_POINT('',#10080);
#10080 = CARTESIAN_POINT('',(64.555055040076,-145.0489587412,0.));
#10081 = LINE('',#10082,#10083);
#10082 = CARTESIAN_POINT('',(64.534734999436,-145.1099188631,0.));
#10083 = VECTOR('',#10084,1.);
#10084 = DIRECTION('',(0.316227766017,0.948683298051,0.));
#10085 = ORIENTED_EDGE('',*,*,#10086,.T.);
#10086 = EDGE_CURVE('',#10079,#10087,#10089,.T.);
#10087 = VERTEX_POINT('',#10088);
#10088 = CARTESIAN_POINT('',(64.567133865919,-145.0294147904,0.));
#10089 = CIRCLE('',#10090,4.999999999999E-02);
#10090 = AXIS2_PLACEMENT_3D('',#10091,#10092,#10093);
#10091 = CARTESIAN_POINT('',(64.602489204978,-145.0647701295,0.));
#10092 = DIRECTION('',(0.,0.,-1.));
#10093 = DIRECTION('',(-0.948683298051,0.316227766017,0.));
#10094 = ORIENTED_EDGE('',*,*,#10095,.T.);
#10095 = EDGE_CURVE('',#10087,#10096,#10098,.T.);
#10096 = VERTEX_POINT('',#10097);
#10097 = CARTESIAN_POINT('',(64.607773947199,-144.9887747092,0.));
#10098 = LINE('',#10099,#10100);
#10099 = CARTESIAN_POINT('',(64.567133865919,-145.0294147904,0.));
#10100 = VECTOR('',#10101,1.);
#10101 = DIRECTION('',(0.707106781187,0.707106781186,0.));
#10102 = ORIENTED_EDGE('',*,*,#10103,.T.);
#10103 = EDGE_CURVE('',#10096,#10104,#10106,.T.);
#10104 = VERTEX_POINT('',#10105);
#10105 = CARTESIAN_POINT('',(64.627317897958,-144.9766958833,0.));
#10106 = CIRCLE('',#10107,4.999999999995E-02);
#10107 = AXIS2_PLACEMENT_3D('',#10108,#10109,#10110);
#10108 = CARTESIAN_POINT('',(64.643129286259,-145.0241300482,0.));
#10109 = DIRECTION('',(0.,0.,-1.));
#10110 = DIRECTION('',(-0.707106781186,0.707106781187,0.));
#10111 = ORIENTED_EDGE('',*,*,#10112,.T.);
#10112 = EDGE_CURVE('',#10104,#10113,#10115,.T.);
#10113 = VERTEX_POINT('',#10114);
#10114 = CARTESIAN_POINT('',(64.688278019878,-144.9563758427,0.));
#10115 = LINE('',#10116,#10117);
#10116 = CARTESIAN_POINT('',(64.627317897958,-144.9766958833,0.));
#10117 = VECTOR('',#10118,1.);
#10118 = DIRECTION('',(0.948683298051,0.316227766017,0.));
#10119 = ORIENTED_EDGE('',*,*,#10120,.T.);
#10120 = EDGE_CURVE('',#10113,#10121,#10123,.T.);
#10121 = VERTEX_POINT('',#10122);
#10122 = CARTESIAN_POINT('',(64.704089408179,-144.9538100076,0.));
#10123 = CIRCLE('',#10124,4.999999999998E-02);
#10124 = AXIS2_PLACEMENT_3D('',#10125,#10126,#10127);
#10125 = CARTESIAN_POINT('',(64.704089408179,-145.0038100076,0.));
#10126 = DIRECTION('',(0.,0.,-1.));
#10127 = DIRECTION('',(-0.316227766017,0.948683298051,0.));
#10128 = ORIENTED_EDGE('',*,*,#10129,.T.);
#10129 = EDGE_CURVE('',#10121,#10130,#10132,.T.);
#10130 = VERTEX_POINT('',#10131);
#10131 = CARTESIAN_POINT('',(65.00889001778,-144.9538100076,0.));
#10132 = LINE('',#10133,#10134);
#10133 = CARTESIAN_POINT('',(64.704089408179,-144.9538100076,0.));
#10134 = VECTOR('',#10135,1.);
#10135 = DIRECTION('',(1.,9.324689168958E-14,0.));
#10136 = ORIENTED_EDGE('',*,*,#10137,.T.);
#10137 = EDGE_CURVE('',#10130,#10138,#10140,.T.);
#10138 = VERTEX_POINT('',#10139);
#10139 = CARTESIAN_POINT('',(65.00889001778,-145.0538100076,0.));
#10140 = CIRCLE('',#10141,5.000000000001E-02);
#10141 = AXIS2_PLACEMENT_3D('',#10142,#10143,#10144);
#10142 = CARTESIAN_POINT('',(65.00889001778,-145.0038100076,0.));
#10143 = DIRECTION('',(0.,0.,-1.));
#10144 = DIRECTION('',(1.110223024625E-16,1.,0.));
#10145 = ORIENTED_EDGE('',*,*,#10146,.T.);
#10146 = EDGE_CURVE('',#10138,#10147,#10149,.T.);
#10147 = VERTEX_POINT('',#10148);
#10148 = CARTESIAN_POINT('',(64.712203291187,-145.0538100076,0.));
#10149 = LINE('',#10150,#10151);
#10150 = CARTESIAN_POINT('',(65.00889001778,-145.0538100076,0.));
#10151 = VECTOR('',#10152,1.);
#10152 = DIRECTION('',(-1.,9.579703735588E-14,0.));
#10153 = ORIENTED_EDGE('',*,*,#10154,.T.);
#10154 = EDGE_CURVE('',#10147,#9927,#10155,.T.);
#10155 = LINE('',#10156,#10157);
#10156 = CARTESIAN_POINT('',(64.712203291187,-145.0538100076,0.));
#10157 = VECTOR('',#10158,1.);
#10158 = DIRECTION('',(-0.94868329805,-0.316227766017,0.));
#10159 = PLANE('',#10160);
#10160 = AXIS2_PLACEMENT_3D('',#10161,#10162,#10163);
#10161 = CARTESIAN_POINT('',(64.79410981483,-145.1460502921,0.));
#10162 = DIRECTION('',(-0.,-0.,-1.));
#10163 = DIRECTION('',(-1.,0.,0.));
#10164 = SHELL_BASED_SURFACE_MODEL('',(#10165));
#10165 = OPEN_SHELL('',(#10166));
#10166 = ADVANCED_FACE('',(#10167),#10228,.T.);
#10167 = FACE_BOUND('',#10168,.T.);
#10168 = EDGE_LOOP('',(#10169,#10179,#10187,#10196,#10204,#10213,#10221)
  );
#10169 = ORIENTED_EDGE('',*,*,#10170,.T.);
#10170 = EDGE_CURVE('',#10171,#10173,#10175,.T.);
#10171 = VERTEX_POINT('',#10172);
#10172 = CARTESIAN_POINT('',(67.269419840979,-137.6604254777,0.));
#10173 = VERTEX_POINT('',#10174);
#10174 = CARTESIAN_POINT('',(67.13129433816,-137.7127254254,0.));
#10175 = LINE('',#10176,#10177);
#10176 = CARTESIAN_POINT('',(67.269419840979,-137.6604254777,0.));
#10177 = VECTOR('',#10178,1.);
#10178 = DIRECTION('',(-0.935205009024,-0.35410675099,0.));
#10179 = ORIENTED_EDGE('',*,*,#10180,.T.);
#10180 = EDGE_CURVE('',#10173,#10181,#10183,.T.);
#10181 = VERTEX_POINT('',#10182);
#10182 = CARTESIAN_POINT('',(67.269419840979,-137.7650253731,0.));
#10183 = LINE('',#10184,#10185);
#10184 = CARTESIAN_POINT('',(67.13129433816,-137.7127254254,0.));
#10185 = VECTOR('',#10186,1.);
#10186 = DIRECTION('',(0.935205009024,-0.35410675099,0.));
#10187 = ORIENTED_EDGE('',*,*,#10188,.T.);
#10188 = EDGE_CURVE('',#10181,#10189,#10191,.T.);
#10189 = VERTEX_POINT('',#10190);
#10190 = CARTESIAN_POINT('',(67.23400916588,-137.858545874,0.));
#10191 = CIRCLE('',#10192,5.E-02);
#10192 = AXIS2_PLACEMENT_3D('',#10193,#10194,#10195);
#10193 = CARTESIAN_POINT('',(67.251714503429,-137.8117856235,0.));
#10194 = DIRECTION('',(0.,0.,-1.));
#10195 = DIRECTION('',(0.35410675099,0.935205009024,0.));
#10196 = ORIENTED_EDGE('',*,*,#10197,.T.);
#10197 = EDGE_CURVE('',#10189,#10198,#10200,.T.);
#10198 = VERTEX_POINT('',#10199);
#10199 = CARTESIAN_POINT('',(66.972388642638,-137.7594856759,0.));
#10200 = LINE('',#10201,#10202);
#10201 = CARTESIAN_POINT('',(67.23400916588,-137.858545874,0.));
#10202 = VECTOR('',#10203,1.);
#10203 = DIRECTION('',(-0.935205009024,0.35410675099,0.));
#10204 = ORIENTED_EDGE('',*,*,#10205,.T.);
#10205 = EDGE_CURVE('',#10198,#10206,#10208,.T.);
#10206 = VERTEX_POINT('',#10207);
#10207 = CARTESIAN_POINT('',(66.972388642638,-137.665965175,0.));
#10208 = CIRCLE('',#10209,5.000000000002E-02);
#10209 = AXIS2_PLACEMENT_3D('',#10210,#10211,#10212);
#10210 = CARTESIAN_POINT('',(66.990093980188,-137.7127254254,0.));
#10211 = DIRECTION('',(0.,0.,-1.));
#10212 = DIRECTION('',(-0.35410675099,-0.935205009024,-0.));
#10213 = ORIENTED_EDGE('',*,*,#10214,.T.);
#10214 = EDGE_CURVE('',#10206,#10215,#10217,.T.);
#10215 = VERTEX_POINT('',#10216);
#10216 = CARTESIAN_POINT('',(67.23400916588,-137.5669049768,0.));
#10217 = LINE('',#10218,#10219);
#10218 = CARTESIAN_POINT('',(66.972388642638,-137.665965175,0.));
#10219 = VECTOR('',#10220,1.);
#10220 = DIRECTION('',(0.935205009024,0.35410675099,0.));
#10221 = ORIENTED_EDGE('',*,*,#10222,.T.);
#10222 = EDGE_CURVE('',#10215,#10171,#10223,.T.);
#10223 = CIRCLE('',#10224,5.E-02);
#10224 = AXIS2_PLACEMENT_3D('',#10225,#10226,#10227);
#10225 = CARTESIAN_POINT('',(67.251714503429,-137.6136652273,0.));
#10226 = DIRECTION('',(0.,0.,-1.));
#10227 = DIRECTION('',(-0.35410675099,0.935205009024,0.));
#10228 = PLANE('',#10229);
#10229 = AXIS2_PLACEMENT_3D('',#10230,#10231,#10232);
#10230 = CARTESIAN_POINT('',(67.153293361254,-137.7127254254,0.));
#10231 = DIRECTION('',(-0.,-0.,-1.));
#10232 = DIRECTION('',(-1.,0.,0.));
#10233 = SHELL_BASED_SURFACE_MODEL('',(#10234));
#10234 = OPEN_SHELL('',(#10235));
#10235 = ADVANCED_FACE('',(#10236,#10410),#10494,.T.);
#10236 = FACE_BOUND('',#10237,.T.);
#10237 = EDGE_LOOP('',(#10238,#10248,#10257,#10265,#10274,#10282,#10291,
    #10299,#10308,#10316,#10325,#10334,#10343,#10351,#10360,#10369,
    #10378,#10386,#10395,#10403));
#10238 = ORIENTED_EDGE('',*,*,#10239,.T.);
#10239 = EDGE_CURVE('',#10240,#10242,#10244,.T.);
#10240 = VERTEX_POINT('',#10241);
#10241 = CARTESIAN_POINT('',(66.940093980188,-138.0581661163,0.));
#10242 = VERTEX_POINT('',#10243);
#10243 = CARTESIAN_POINT('',(66.940093980188,-137.9718059436,0.));
#10244 = LINE('',#10245,#10246);
#10245 = CARTESIAN_POINT('',(66.940093980188,-138.0581661163,0.));
#10246 = VECTOR('',#10247,1.);
#10247 = DIRECTION('',(0.,1.,0.));
#10248 = ORIENTED_EDGE('',*,*,#10249,.T.);
#10249 = EDGE_CURVE('',#10242,#10250,#10252,.T.);
#10250 = VERTEX_POINT('',#10251);
#10251 = CARTESIAN_POINT('',(66.990093980188,-137.9218059436,0.));
#10252 = CIRCLE('',#10253,5.000000000001E-02);
#10253 = AXIS2_PLACEMENT_3D('',#10254,#10255,#10256);
#10254 = CARTESIAN_POINT('',(66.990093980188,-137.9718059436,0.));
#10255 = DIRECTION('',(0.,0.,-1.));
#10256 = DIRECTION('',(-1.,-1.419952367322E-13,-0.));
#10257 = ORIENTED_EDGE('',*,*,#10258,.T.);
#10258 = EDGE_CURVE('',#10250,#10259,#10261,.T.);
#10259 = VERTEX_POINT('',#10260);
#10260 = CARTESIAN_POINT('',(67.251714503429,-137.9218059436,0.));
#10261 = LINE('',#10262,#10263);
#10262 = CARTESIAN_POINT('',(66.990093980188,-137.9218059436,0.));
#10263 = VECTOR('',#10264,1.);
#10264 = DIRECTION('',(1.,-1.086371553665E-13,0.));
#10265 = ORIENTED_EDGE('',*,*,#10266,.T.);
#10266 = EDGE_CURVE('',#10259,#10267,#10269,.T.);
#10267 = VERTEX_POINT('',#10268);
#10268 = CARTESIAN_POINT('',(67.301714503429,-137.9718059436,0.));
#10269 = CIRCLE('',#10270,5.E-02);
#10270 = AXIS2_PLACEMENT_3D('',#10271,#10272,#10273);
#10271 = CARTESIAN_POINT('',(67.251714503429,-137.9718059436,0.));
#10272 = DIRECTION('',(0.,0.,-1.));
#10273 = DIRECTION('',(-1.419952367322E-13,1.,0.));
#10274 = ORIENTED_EDGE('',*,*,#10275,.T.);
#10275 = EDGE_CURVE('',#10267,#10276,#10278,.T.);
#10276 = VERTEX_POINT('',#10277);
#10277 = CARTESIAN_POINT('',(67.301714503429,-138.0581661163,0.));
#10278 = LINE('',#10279,#10280);
#10279 = CARTESIAN_POINT('',(67.301714503429,-137.9718059436,0.));
#10280 = VECTOR('',#10281,1.);
#10281 = DIRECTION('',(0.,-1.,0.));
#10282 = ORIENTED_EDGE('',*,*,#10283,.T.);
#10283 = EDGE_CURVE('',#10276,#10284,#10286,.T.);
#10284 = VERTEX_POINT('',#10285);
#10285 = CARTESIAN_POINT('',(67.300026250409,-138.0710492488,0.));
#10286 = CIRCLE('',#10287,5.000000000004E-02);
#10287 = AXIS2_PLACEMENT_3D('',#10288,#10289,#10290);
#10288 = CARTESIAN_POINT('',(67.251714503429,-138.0581661163,0.));
#10289 = DIRECTION('',(0.,0.,-1.));
#10290 = DIRECTION('',(1.,3.724408547082E-13,0.));
#10291 = ORIENTED_EDGE('',*,*,#10292,.T.);
#10292 = EDGE_CURVE('',#10284,#10293,#10295,.T.);
#10293 = VERTEX_POINT('',#10294);
#10294 = CARTESIAN_POINT('',(67.289866230089,-138.109149325,0.));
#10295 = LINE('',#10296,#10297);
#10296 = CARTESIAN_POINT('',(67.300026250409,-138.0710492488,0.));
#10297 = VECTOR('',#10298,1.);
#10298 = DIRECTION('',(-0.257662650561,-0.966234939601,0.));
#10299 = ORIENTED_EDGE('',*,*,#10300,.T.);
#10300 = EDGE_CURVE('',#10293,#10301,#10303,.T.);
#10301 = VERTEX_POINT('',#10302);
#10302 = CARTESIAN_POINT('',(67.276909822168,-138.1316215315,0.));
#10303 = CIRCLE('',#10304,4.999999999998E-02);
#10304 = AXIS2_PLACEMENT_3D('',#10305,#10306,#10307);
#10305 = CARTESIAN_POINT('',(67.241554483109,-138.0962661925,0.));
#10306 = DIRECTION('',(0.,0.,-1.));
#10307 = DIRECTION('',(0.966234939601,-0.25766265056,0.));
#10308 = ORIENTED_EDGE('',*,*,#10309,.T.);
#10309 = EDGE_CURVE('',#10301,#10310,#10312,.T.);
#10310 = VERTEX_POINT('',#10311);
#10311 = CARTESIAN_POINT('',(67.251509771368,-138.1570215823,0.));
#10312 = LINE('',#10313,#10314);
#10313 = CARTESIAN_POINT('',(67.276909822168,-138.1316215315,0.));
#10314 = VECTOR('',#10315,1.);
#10315 = DIRECTION('',(-0.707106781187,-0.707106781187,0.));
#10316 = ORIENTED_EDGE('',*,*,#10317,.T.);
#10317 = EDGE_CURVE('',#10310,#10318,#10320,.T.);
#10318 = VERTEX_POINT('',#10319);
#10319 = CARTESIAN_POINT('',(67.241102654581,-138.1649973661,0.));
#10320 = CIRCLE('',#10321,4.999999999992E-02);
#10321 = AXIS2_PLACEMENT_3D('',#10322,#10323,#10324);
#10322 = CARTESIAN_POINT('',(67.216154432309,-138.1216662433,0.));
#10323 = DIRECTION('',(0.,0.,-1.));
#10324 = DIRECTION('',(0.707106781186,-0.707106781187,0.));
#10325 = ORIENTED_EDGE('',*,*,#10326,.T.);
#10326 = EDGE_CURVE('',#10318,#10327,#10329,.T.);
#10327 = VERTEX_POINT('',#10328);
#10328 = CARTESIAN_POINT('',(67.164471884234,-138.1956496742,0.));
#10329 = CIRCLE('',#10330,0.291801278605);
#10330 = AXIS2_PLACEMENT_3D('',#10331,#10332,#10333);
#10331 = CARTESIAN_POINT('',(67.095504191424,-137.9121158252,0.));
#10332 = DIRECTION('',(0.,0.,-1.));
#10333 = DIRECTION('',(0.498964445435,-0.866622456547,0.));
#10334 = ORIENTED_EDGE('',*,*,#10335,.T.);
#10335 = EDGE_CURVE('',#10327,#10336,#10338,.T.);
#10336 = VERTEX_POINT('',#10337);
#10337 = CARTESIAN_POINT('',(67.152654305309,-138.1970662941,0.));
#10338 = CIRCLE('',#10339,5.000000000004E-02);
#10339 = AXIS2_PLACEMENT_3D('',#10340,#10341,#10342);
#10340 = CARTESIAN_POINT('',(67.152654305309,-138.1470662941,0.));
#10341 = DIRECTION('',(0.,0.,-1.));
#10342 = DIRECTION('',(0.236351578512,-0.971667603317,0.));
#10343 = ORIENTED_EDGE('',*,*,#10344,.T.);
#10344 = EDGE_CURVE('',#10336,#10345,#10347,.T.);
#10345 = VERTEX_POINT('',#10346);
#10346 = CARTESIAN_POINT('',(67.091694183388,-138.1970662941,0.));
#10347 = LINE('',#10348,#10349);
#10348 = CARTESIAN_POINT('',(67.152654305309,-138.1970662941,0.));
#10349 = VECTOR('',#10350,1.);
#10350 = DIRECTION('',(-1.,0.,0.));
#10351 = ORIENTED_EDGE('',*,*,#10352,.T.);
#10352 = EDGE_CURVE('',#10345,#10353,#10355,.T.);
#10353 = VERTEX_POINT('',#10354);
#10354 = CARTESIAN_POINT('',(67.079876604428,-138.1956496742,0.));
#10355 = CIRCLE('',#10356,5.000000000004E-02);
#10356 = AXIS2_PLACEMENT_3D('',#10357,#10358,#10359);
#10357 = CARTESIAN_POINT('',(67.091694183388,-138.1470662941,0.));
#10358 = DIRECTION('',(-0.,0.,-1.));
#10359 = DIRECTION('',(1.234670563891E-12,-1.,-0.));
#10360 = ORIENTED_EDGE('',*,*,#10361,.T.);
#10361 = EDGE_CURVE('',#10353,#10362,#10364,.T.);
#10362 = VERTEX_POINT('',#10363);
#10363 = CARTESIAN_POINT('',(67.003245834147,-138.1649973661,0.));
#10364 = CIRCLE('',#10365,0.291801279814);
#10365 = AXIS2_PLACEMENT_3D('',#10366,#10367,#10368);
#10366 = CARTESIAN_POINT('',(67.148844297726,-137.9121158241,0.));
#10367 = DIRECTION('',(0.,0.,-1.));
#10368 = DIRECTION('',(-0.236351579205,-0.971667603148,-0.));
#10369 = ORIENTED_EDGE('',*,*,#10370,.T.);
#10370 = EDGE_CURVE('',#10362,#10371,#10373,.T.);
#10371 = VERTEX_POINT('',#10372);
#10372 = CARTESIAN_POINT('',(66.992838717329,-138.1570215823,0.));
#10373 = CIRCLE('',#10374,5.000000000005E-02);
#10374 = AXIS2_PLACEMENT_3D('',#10375,#10376,#10377);
#10375 = CARTESIAN_POINT('',(67.028194056388,-138.1216662433,0.));
#10376 = DIRECTION('',(0.,0.,-1.));
#10377 = DIRECTION('',(-0.498964444814,-0.866622456905,-0.));
#10378 = ORIENTED_EDGE('',*,*,#10379,.T.);
#10379 = EDGE_CURVE('',#10371,#10380,#10382,.T.);
#10380 = VERTEX_POINT('',#10381);
#10381 = CARTESIAN_POINT('',(66.967438666529,-138.1316215315,0.));
#10382 = LINE('',#10383,#10384);
#10383 = CARTESIAN_POINT('',(66.992838717329,-138.1570215823,0.));
#10384 = VECTOR('',#10385,1.);
#10385 = DIRECTION('',(-0.707106781187,0.707106781186,0.));
#10386 = ORIENTED_EDGE('',*,*,#10387,.T.);
#10387 = EDGE_CURVE('',#10380,#10388,#10390,.T.);
#10388 = VERTEX_POINT('',#10389);
#10389 = CARTESIAN_POINT('',(66.955359840686,-138.1120775808,0.));
#10390 = CIRCLE('',#10391,4.999999999996E-02);
#10391 = AXIS2_PLACEMENT_3D('',#10392,#10393,#10394);
#10392 = CARTESIAN_POINT('',(67.002794005588,-138.0962661925,0.));
#10393 = DIRECTION('',(0.,0.,-1.));
#10394 = DIRECTION('',(-0.707106781187,-0.707106781187,-0.));
#10395 = ORIENTED_EDGE('',*,*,#10396,.T.);
#10396 = EDGE_CURVE('',#10388,#10397,#10399,.T.);
#10397 = VERTEX_POINT('',#10398);
#10398 = CARTESIAN_POINT('',(66.942659815285,-138.0739775046,0.));
#10399 = LINE('',#10400,#10401);
#10400 = CARTESIAN_POINT('',(66.955359840686,-138.1120775808,0.));
#10401 = VECTOR('',#10402,1.);
#10402 = DIRECTION('',(-0.316227766017,0.948683298051,0.));
#10403 = ORIENTED_EDGE('',*,*,#10404,.T.);
#10404 = EDGE_CURVE('',#10397,#10240,#10405,.T.);
#10405 = CIRCLE('',#10406,5.E-02);
#10406 = AXIS2_PLACEMENT_3D('',#10407,#10408,#10409);
#10407 = CARTESIAN_POINT('',(66.990093980188,-138.0581661163,0.));
#10408 = DIRECTION('',(0.,0.,-1.));
#10409 = DIRECTION('',(-0.948683298051,-0.316227766017,-0.));
#10410 = FACE_BOUND('',#10411,.T.);
#10411 = EDGE_LOOP('',(#10412,#10422,#10430,#10438,#10446,#10454,#10463,
    #10471,#10480,#10488));
#10412 = ORIENTED_EDGE('',*,*,#10413,.T.);
#10413 = EDGE_CURVE('',#10414,#10416,#10418,.T.);
#10414 = VERTEX_POINT('',#10415);
#10415 = CARTESIAN_POINT('',(67.201714503429,-138.0516139326,0.));
#10416 = VERTEX_POINT('',#10417);
#10417 = CARTESIAN_POINT('',(67.201714503429,-138.0218059436,0.));
#10418 = LINE('',#10419,#10420);
#10419 = CARTESIAN_POINT('',(67.201714503429,-138.0516139326,0.));
#10420 = VECTOR('',#10421,1.);
#10421 = DIRECTION('',(0.,1.,0.));
#10422 = ORIENTED_EDGE('',*,*,#10423,.T.);
#10423 = EDGE_CURVE('',#10416,#10424,#10426,.T.);
#10424 = VERTEX_POINT('',#10425);
#10425 = CARTESIAN_POINT('',(67.040093980188,-138.0218059436,0.));
#10426 = LINE('',#10427,#10428);
#10427 = CARTESIAN_POINT('',(67.201714503429,-138.0218059436,0.));
#10428 = VECTOR('',#10429,1.);
#10429 = DIRECTION('',(-1.,0.,0.));
#10430 = ORIENTED_EDGE('',*,*,#10431,.T.);
#10431 = EDGE_CURVE('',#10424,#10432,#10434,.T.);
#10432 = VERTEX_POINT('',#10433);
#10433 = CARTESIAN_POINT('',(67.040093980188,-138.0500522333,0.));
#10434 = LINE('',#10435,#10436);
#10435 = CARTESIAN_POINT('',(67.040093980188,-138.0218059436,0.));
#10436 = VECTOR('',#10437,1.);
#10437 = DIRECTION('',(0.,-1.,0.));
#10438 = ORIENTED_EDGE('',*,*,#10439,.T.);
#10439 = EDGE_CURVE('',#10432,#10440,#10442,.T.);
#10440 = VERTEX_POINT('',#10441);
#10441 = CARTESIAN_POINT('',(67.046495608033,-138.0692571168,0.));
#10442 = LINE('',#10443,#10444);
#10443 = CARTESIAN_POINT('',(67.040093980188,-138.0500522333,0.));
#10444 = VECTOR('',#10445,1.);
#10445 = DIRECTION('',(0.316227766017,-0.948683298051,0.));
#10446 = ORIENTED_EDGE('',*,*,#10447,.T.);
#10447 = EDGE_CURVE('',#10440,#10448,#10450,.T.);
#10448 = VERTEX_POINT('',#10449);
#10449 = CARTESIAN_POINT('',(67.058597442245,-138.081358951,0.));
#10450 = LINE('',#10451,#10452);
#10451 = CARTESIAN_POINT('',(67.046495608033,-138.0692571168,0.));
#10452 = VECTOR('',#10453,1.);
#10453 = DIRECTION('',(0.707106781187,-0.707106781186,0.));
#10454 = ORIENTED_EDGE('',*,*,#10455,.T.);
#10455 = EDGE_CURVE('',#10448,#10456,#10458,.T.);
#10456 = VERTEX_POINT('',#10457);
#10457 = CARTESIAN_POINT('',(67.09804021731,-138.0970662941,0.));
#10458 = CIRCLE('',#10459,0.191801279814);
#10459 = AXIS2_PLACEMENT_3D('',#10460,#10461,#10462);
#10460 = CARTESIAN_POINT('',(67.148844297726,-137.9121158241,0.));
#10461 = DIRECTION('',(0.,0.,1.));
#10462 = DIRECTION('',(-0.47052269708,-0.882387891764,0.));
#10463 = ORIENTED_EDGE('',*,*,#10464,.T.);
#10464 = EDGE_CURVE('',#10456,#10465,#10467,.T.);
#10465 = VERTEX_POINT('',#10466);
#10466 = CARTESIAN_POINT('',(67.146308271404,-138.0970662941,0.));
#10467 = LINE('',#10468,#10469);
#10468 = CARTESIAN_POINT('',(67.09804021731,-138.0970662941,0.));
#10469 = VECTOR('',#10470,1.);
#10470 = DIRECTION('',(1.,-5.888306451114E-13,0.));
#10471 = ORIENTED_EDGE('',*,*,#10472,.T.);
#10472 = EDGE_CURVE('',#10465,#10473,#10475,.T.);
#10473 = VERTEX_POINT('',#10474);
#10474 = CARTESIAN_POINT('',(67.18575104644,-138.081358951,0.));
#10475 = CIRCLE('',#10476,0.191801278605);
#10476 = AXIS2_PLACEMENT_3D('',#10477,#10478,#10479);
#10477 = CARTESIAN_POINT('',(67.095504191424,-137.9121158252,0.));
#10478 = DIRECTION('',(0.,0.,1.));
#10479 = DIRECTION('',(0.264878734642,-0.964281730582,0.));
#10480 = ORIENTED_EDGE('',*,*,#10481,.T.);
#10481 = EDGE_CURVE('',#10473,#10482,#10484,.T.);
#10482 = VERTEX_POINT('',#10483);
#10483 = CARTESIAN_POINT('',(67.196703026533,-138.0704069709,0.));
#10484 = LINE('',#10485,#10486);
#10485 = CARTESIAN_POINT('',(67.18575104644,-138.081358951,0.));
#10486 = VECTOR('',#10487,1.);
#10487 = DIRECTION('',(0.707106781186,0.707106781187,0.));
#10488 = ORIENTED_EDGE('',*,*,#10489,.T.);
#10489 = EDGE_CURVE('',#10482,#10414,#10490,.T.);
#10490 = LINE('',#10491,#10492);
#10491 = CARTESIAN_POINT('',(67.196703026533,-138.0704069709,0.));
#10492 = VECTOR('',#10493,1.);
#10493 = DIRECTION('',(0.25766265056,0.966234939601,0.));
#10494 = PLANE('',#10495);
#10495 = AXIS2_PLACEMENT_3D('',#10496,#10497,#10498);
#10496 = CARTESIAN_POINT('',(67.121294698296,-138.0451995524,0.));
#10497 = DIRECTION('',(-0.,-0.,-1.));
#10498 = DIRECTION('',(-1.,0.,0.));
#10499 = SHELL_BASED_SURFACE_MODEL('',(#10500));
#10500 = OPEN_SHELL('',(#10501));
#10501 = ADVANCED_FACE('',(#10502,#10676),#10760,.T.);
#10502 = FACE_BOUND('',#10503,.T.);
#10503 = EDGE_LOOP('',(#10504,#10514,#10523,#10531,#10540,#10548,#10557,
    #10565,#10574,#10583,#10592,#10600,#10609,#10618,#10627,#10635,
    #10644,#10652,#10661,#10669));
#10504 = ORIENTED_EDGE('',*,*,#10505,.T.);
#10505 = EDGE_CURVE('',#10506,#10508,#10510,.T.);
#10506 = VERTEX_POINT('',#10507);
#10507 = CARTESIAN_POINT('',(66.990093980188,-138.2570866141,0.));
#10508 = VERTEX_POINT('',#10509);
#10509 = CARTESIAN_POINT('',(67.251714503429,-138.2570866141,0.));
#10510 = LINE('',#10511,#10512);
#10511 = CARTESIAN_POINT('',(66.990093980188,-138.2570866141,0.));
#10512 = VECTOR('',#10513,1.);
#10513 = DIRECTION('',(1.,0.,0.));
#10514 = ORIENTED_EDGE('',*,*,#10515,.T.);
#10515 = EDGE_CURVE('',#10508,#10516,#10518,.T.);
#10516 = VERTEX_POINT('',#10517);
#10517 = CARTESIAN_POINT('',(67.301714503429,-138.3070866141,0.));
#10518 = CIRCLE('',#10519,5.000000000001E-02);
#10519 = AXIS2_PLACEMENT_3D('',#10520,#10521,#10522);
#10520 = CARTESIAN_POINT('',(67.251714503429,-138.3070866141,0.));
#10521 = DIRECTION('',(0.,0.,-1.));
#10522 = DIRECTION('',(1.421914982895E-13,1.,0.));
#10523 = ORIENTED_EDGE('',*,*,#10524,.T.);
#10524 = EDGE_CURVE('',#10516,#10525,#10527,.T.);
#10525 = VERTEX_POINT('',#10526);
#10526 = CARTESIAN_POINT('',(67.301714503429,-138.3934467868,0.));
#10527 = LINE('',#10528,#10529);
#10528 = CARTESIAN_POINT('',(67.301714503429,-138.3070866141,0.));
#10529 = VECTOR('',#10530,1.);
#10530 = DIRECTION('',(0.,-1.,0.));
#10531 = ORIENTED_EDGE('',*,*,#10532,.T.);
#10532 = EDGE_CURVE('',#10525,#10533,#10535,.T.);
#10533 = VERTEX_POINT('',#10534);
#10534 = CARTESIAN_POINT('',(67.300026250409,-138.4063299194,0.));
#10535 = CIRCLE('',#10536,5.000000000004E-02);
#10536 = AXIS2_PLACEMENT_3D('',#10537,#10538,#10539);
#10537 = CARTESIAN_POINT('',(67.251714503429,-138.3934467868,0.));
#10538 = DIRECTION('',(0.,0.,-1.));
#10539 = DIRECTION('',(1.,3.724408547082E-13,0.));
#10540 = ORIENTED_EDGE('',*,*,#10541,.T.);
#10541 = EDGE_CURVE('',#10533,#10542,#10544,.T.);
#10542 = VERTEX_POINT('',#10543);
#10543 = CARTESIAN_POINT('',(67.289866230089,-138.4444299956,0.));
#10544 = LINE('',#10545,#10546);
#10545 = CARTESIAN_POINT('',(67.300026250409,-138.4063299194,0.));
#10546 = VECTOR('',#10547,1.);
#10547 = DIRECTION('',(-0.257662650561,-0.966234939601,0.));
#10548 = ORIENTED_EDGE('',*,*,#10549,.T.);
#10549 = EDGE_CURVE('',#10542,#10550,#10552,.T.);
#10550 = VERTEX_POINT('',#10551);
#10551 = CARTESIAN_POINT('',(67.276909822168,-138.4669022021,0.));
#10552 = CIRCLE('',#10553,5.000000000007E-02);
#10553 = AXIS2_PLACEMENT_3D('',#10554,#10555,#10556);
#10554 = CARTESIAN_POINT('',(67.241554483109,-138.431546863,0.));
#10555 = DIRECTION('',(0.,0.,-1.));
#10556 = DIRECTION('',(0.966234939601,-0.25766265056,0.));
#10557 = ORIENTED_EDGE('',*,*,#10558,.T.);
#10558 = EDGE_CURVE('',#10550,#10559,#10561,.T.);
#10559 = VERTEX_POINT('',#10560);
#10560 = CARTESIAN_POINT('',(67.251509771368,-138.4923022529,0.));
#10561 = LINE('',#10562,#10563);
#10562 = CARTESIAN_POINT('',(67.276909822168,-138.4669022021,0.));
#10563 = VECTOR('',#10564,1.);
#10564 = DIRECTION('',(-0.707106781187,-0.707106781187,0.));
#10565 = ORIENTED_EDGE('',*,*,#10566,.T.);
#10566 = EDGE_CURVE('',#10559,#10567,#10569,.T.);
#10567 = VERTEX_POINT('',#10568);
#10568 = CARTESIAN_POINT('',(67.241102654573,-138.5002780367,0.));
#10569 = CIRCLE('',#10570,4.999999999991E-02);
#10570 = AXIS2_PLACEMENT_3D('',#10571,#10572,#10573);
#10571 = CARTESIAN_POINT('',(67.216154432309,-138.4569469138,0.));
#10572 = DIRECTION('',(0.,0.,-1.));
#10573 = DIRECTION('',(0.707106781188,-0.707106781185,0.));
#10574 = ORIENTED_EDGE('',*,*,#10575,.T.);
#10575 = EDGE_CURVE('',#10567,#10576,#10578,.T.);
#10576 = VERTEX_POINT('',#10577);
#10577 = CARTESIAN_POINT('',(67.164471884243,-138.5309303448,0.));
#10578 = CIRCLE('',#10579,0.291801278908);
#10579 = AXIS2_PLACEMENT_3D('',#10580,#10581,#10582);
#10580 = CARTESIAN_POINT('',(67.095504191311,-138.2473964955,0.));
#10581 = DIRECTION('',(0.,0.,-1.));
#10582 = DIRECTION('',(0.498964445279,-0.866622456637,0.));
#10583 = ORIENTED_EDGE('',*,*,#10584,.T.);
#10584 = EDGE_CURVE('',#10576,#10585,#10587,.T.);
#10585 = VERTEX_POINT('',#10586);
#10586 = CARTESIAN_POINT('',(67.152654305309,-138.5323469646,0.));
#10587 = CIRCLE('',#10588,4.999999999995E-02);
#10588 = AXIS2_PLACEMENT_3D('',#10589,#10590,#10591);
#10589 = CARTESIAN_POINT('',(67.152654305309,-138.4823469646,0.));
#10590 = DIRECTION('',(0.,0.,-1.));
#10591 = DIRECTION('',(0.236351578687,-0.971667603274,0.));
#10592 = ORIENTED_EDGE('',*,*,#10593,.T.);
#10593 = EDGE_CURVE('',#10585,#10594,#10596,.T.);
#10594 = VERTEX_POINT('',#10595);
#10595 = CARTESIAN_POINT('',(67.091694183388,-138.5323469646,0.));
#10596 = LINE('',#10597,#10598);
#10597 = CARTESIAN_POINT('',(67.152654305309,-138.5323469646,0.));
#10598 = VECTOR('',#10599,1.);
#10599 = DIRECTION('',(-1.,4.662344584479E-13,0.));
#10600 = ORIENTED_EDGE('',*,*,#10601,.T.);
#10601 = EDGE_CURVE('',#10594,#10602,#10604,.T.);
#10602 = VERTEX_POINT('',#10603);
#10603 = CARTESIAN_POINT('',(67.07987660448,-138.5309303448,0.));
#10604 = CIRCLE('',#10605,5.000000000001E-02);
#10605 = AXIS2_PLACEMENT_3D('',#10606,#10607,#10608);
#10606 = CARTESIAN_POINT('',(67.091694183388,-138.4823469646,0.));
#10607 = DIRECTION('',(-0.,0.,-1.));
#10608 = DIRECTION('',(1.064910198075E-12,-1.,-0.));
#10609 = ORIENTED_EDGE('',*,*,#10610,.T.);
#10610 = EDGE_CURVE('',#10602,#10611,#10613,.T.);
#10611 = VERTEX_POINT('',#10612);
#10612 = CARTESIAN_POINT('',(67.003245834101,-138.5002780367,0.));
#10613 = CIRCLE('',#10614,0.291801277998);
#10614 = AXIS2_PLACEMENT_3D('',#10615,#10616,#10617);
#10615 = CARTESIAN_POINT('',(67.148844297045,-138.2473964964,0.));
#10616 = DIRECTION('',(0.,0.,-1.));
#10617 = DIRECTION('',(-0.236351578163,-0.971667603402,-0.));
#10618 = ORIENTED_EDGE('',*,*,#10619,.T.);
#10619 = EDGE_CURVE('',#10611,#10620,#10622,.T.);
#10620 = VERTEX_POINT('',#10621);
#10621 = CARTESIAN_POINT('',(66.992838717329,-138.4923022529,0.));
#10622 = CIRCLE('',#10623,4.999999999995E-02);
#10623 = AXIS2_PLACEMENT_3D('',#10624,#10625,#10626);
#10624 = CARTESIAN_POINT('',(67.028194056388,-138.4569469138,0.));
#10625 = DIRECTION('',(0.,0.,-1.));
#10626 = DIRECTION('',(-0.498964445746,-0.866622456368,-0.));
#10627 = ORIENTED_EDGE('',*,*,#10628,.T.);
#10628 = EDGE_CURVE('',#10620,#10629,#10631,.T.);
#10629 = VERTEX_POINT('',#10630);
#10630 = CARTESIAN_POINT('',(66.967438666529,-138.4669022021,0.));
#10631 = LINE('',#10632,#10633);
#10632 = CARTESIAN_POINT('',(66.992838717329,-138.4923022529,0.));
#10633 = VECTOR('',#10634,1.);
#10634 = DIRECTION('',(-0.707106781187,0.707106781186,0.));
#10635 = ORIENTED_EDGE('',*,*,#10636,.T.);
#10636 = EDGE_CURVE('',#10629,#10637,#10639,.T.);
#10637 = VERTEX_POINT('',#10638);
#10638 = CARTESIAN_POINT('',(66.955359840686,-138.4473582513,0.));
#10639 = CIRCLE('',#10640,4.999999999996E-02);
#10640 = AXIS2_PLACEMENT_3D('',#10641,#10642,#10643);
#10641 = CARTESIAN_POINT('',(67.002794005588,-138.431546863,0.));
#10642 = DIRECTION('',(0.,0.,-1.));
#10643 = DIRECTION('',(-0.707106781187,-0.707106781187,-0.));
#10644 = ORIENTED_EDGE('',*,*,#10645,.T.);
#10645 = EDGE_CURVE('',#10637,#10646,#10648,.T.);
#10646 = VERTEX_POINT('',#10647);
#10647 = CARTESIAN_POINT('',(66.942659815285,-138.4092581751,0.));
#10648 = LINE('',#10649,#10650);
#10649 = CARTESIAN_POINT('',(66.955359840686,-138.4473582513,0.));
#10650 = VECTOR('',#10651,1.);
#10651 = DIRECTION('',(-0.316227766017,0.948683298051,0.));
#10652 = ORIENTED_EDGE('',*,*,#10653,.T.);
#10653 = EDGE_CURVE('',#10646,#10654,#10656,.T.);
#10654 = VERTEX_POINT('',#10655);
#10655 = CARTESIAN_POINT('',(66.940093980188,-138.3934467868,0.));
#10656 = CIRCLE('',#10657,5.000000000017E-02);
#10657 = AXIS2_PLACEMENT_3D('',#10658,#10659,#10660);
#10658 = CARTESIAN_POINT('',(66.990093980188,-138.3934467868,0.));
#10659 = DIRECTION('',(0.,0.,-1.));
#10660 = DIRECTION('',(-0.948683298051,-0.316227766016,-0.));
#10661 = ORIENTED_EDGE('',*,*,#10662,.T.);
#10662 = EDGE_CURVE('',#10654,#10663,#10665,.T.);
#10663 = VERTEX_POINT('',#10664);
#10664 = CARTESIAN_POINT('',(66.940093980188,-138.3070866141,0.));
#10665 = LINE('',#10666,#10667);
#10666 = CARTESIAN_POINT('',(66.940093980188,-138.3934467868,0.));
#10667 = VECTOR('',#10668,1.);
#10668 = DIRECTION('',(0.,1.,0.));
#10669 = ORIENTED_EDGE('',*,*,#10670,.T.);
#10670 = EDGE_CURVE('',#10663,#10506,#10671,.T.);
#10671 = CIRCLE('',#10672,5.000000000001E-02);
#10672 = AXIS2_PLACEMENT_3D('',#10673,#10674,#10675);
#10673 = CARTESIAN_POINT('',(66.990093980188,-138.3070866141,0.));
#10674 = DIRECTION('',(0.,0.,-1.));
#10675 = DIRECTION('',(-1.,-1.419952367322E-13,-0.));
#10676 = FACE_BOUND('',#10677,.T.);
#10677 = EDGE_LOOP('',(#10678,#10688,#10696,#10704,#10712,#10720,#10728,
    #10737,#10745,#10754));
#10678 = ORIENTED_EDGE('',*,*,#10679,.T.);
#10679 = EDGE_CURVE('',#10680,#10682,#10684,.T.);
#10680 = VERTEX_POINT('',#10681);
#10681 = CARTESIAN_POINT('',(67.196703026533,-138.4056876415,0.));
#10682 = VERTEX_POINT('',#10683);
#10683 = CARTESIAN_POINT('',(67.201714503429,-138.3868946031,0.));
#10684 = LINE('',#10685,#10686);
#10685 = CARTESIAN_POINT('',(67.196703026533,-138.4056876415,0.));
#10686 = VECTOR('',#10687,1.);
#10687 = DIRECTION('',(0.25766265056,0.966234939601,0.));
#10688 = ORIENTED_EDGE('',*,*,#10689,.T.);
#10689 = EDGE_CURVE('',#10682,#10690,#10692,.T.);
#10690 = VERTEX_POINT('',#10691);
#10691 = CARTESIAN_POINT('',(67.201714503429,-138.3570866141,0.));
#10692 = LINE('',#10693,#10694);
#10693 = CARTESIAN_POINT('',(67.201714503429,-138.3868946031,0.));
#10694 = VECTOR('',#10695,1.);
#10695 = DIRECTION('',(0.,1.,0.));
#10696 = ORIENTED_EDGE('',*,*,#10697,.T.);
#10697 = EDGE_CURVE('',#10690,#10698,#10700,.T.);
#10698 = VERTEX_POINT('',#10699);
#10699 = CARTESIAN_POINT('',(67.040093980188,-138.3570866141,0.));
#10700 = LINE('',#10701,#10702);
#10701 = CARTESIAN_POINT('',(67.201714503429,-138.3570866141,0.));
#10702 = VECTOR('',#10703,1.);
#10703 = DIRECTION('',(-1.,0.,0.));
#10704 = ORIENTED_EDGE('',*,*,#10705,.T.);
#10705 = EDGE_CURVE('',#10698,#10706,#10708,.T.);
#10706 = VERTEX_POINT('',#10707);
#10707 = CARTESIAN_POINT('',(67.040093980188,-138.3853329038,0.));
#10708 = LINE('',#10709,#10710);
#10709 = CARTESIAN_POINT('',(67.040093980188,-138.3570866141,0.));
#10710 = VECTOR('',#10711,1.);
#10711 = DIRECTION('',(0.,-1.,0.));
#10712 = ORIENTED_EDGE('',*,*,#10713,.T.);
#10713 = EDGE_CURVE('',#10706,#10714,#10716,.T.);
#10714 = VERTEX_POINT('',#10715);
#10715 = CARTESIAN_POINT('',(67.046495608033,-138.4045377874,0.));
#10716 = LINE('',#10717,#10718);
#10717 = CARTESIAN_POINT('',(67.040093980188,-138.3853329038,0.));
#10718 = VECTOR('',#10719,1.);
#10719 = DIRECTION('',(0.316227766017,-0.948683298051,0.));
#10720 = ORIENTED_EDGE('',*,*,#10721,.T.);
#10721 = EDGE_CURVE('',#10714,#10722,#10724,.T.);
#10722 = VERTEX_POINT('',#10723);
#10723 = CARTESIAN_POINT('',(67.058597442263,-138.4166396216,0.));
#10724 = LINE('',#10725,#10726);
#10725 = CARTESIAN_POINT('',(67.046495608033,-138.4045377874,0.));
#10726 = VECTOR('',#10727,1.);
#10727 = DIRECTION('',(0.707106781187,-0.707106781186,0.));
#10728 = ORIENTED_EDGE('',*,*,#10729,.T.);
#10729 = EDGE_CURVE('',#10722,#10730,#10732,.T.);
#10730 = VERTEX_POINT('',#10731);
#10731 = CARTESIAN_POINT('',(67.098040217284,-138.4323469646,0.));
#10732 = CIRCLE('',#10733,0.191801277998);
#10733 = AXIS2_PLACEMENT_3D('',#10734,#10735,#10736);
#10734 = CARTESIAN_POINT('',(67.148844297045,-138.2473964964,0.));
#10735 = DIRECTION('',(0.,0.,1.));
#10736 = DIRECTION('',(-0.470522697888,-0.882387891333,0.));
#10737 = ORIENTED_EDGE('',*,*,#10738,.T.);
#10738 = EDGE_CURVE('',#10730,#10739,#10741,.T.);
#10739 = VERTEX_POINT('',#10740);
#10740 = CARTESIAN_POINT('',(67.1463082714,-138.4323469646,0.));
#10741 = LINE('',#10742,#10743);
#10742 = CARTESIAN_POINT('',(67.098040217284,-138.4323469646,0.));
#10743 = VECTOR('',#10744,1.);
#10744 = DIRECTION('',(1.,0.,0.));
#10745 = ORIENTED_EDGE('',*,*,#10746,.T.);
#10746 = EDGE_CURVE('',#10739,#10747,#10749,.T.);
#10747 = VERTEX_POINT('',#10748);
#10748 = CARTESIAN_POINT('',(67.185751046443,-138.4166396216,0.));
#10749 = CIRCLE('',#10750,0.191801278907);
#10750 = AXIS2_PLACEMENT_3D('',#10751,#10752,#10753);
#10751 = CARTESIAN_POINT('',(67.095504191311,-138.2473964955,0.));
#10752 = DIRECTION('',(0.,0.,1.));
#10753 = DIRECTION('',(0.264878734794,-0.96428173054,0.));
#10754 = ORIENTED_EDGE('',*,*,#10755,.T.);
#10755 = EDGE_CURVE('',#10747,#10680,#10756,.T.);
#10756 = LINE('',#10757,#10758);
#10757 = CARTESIAN_POINT('',(67.185751046443,-138.4166396216,0.));
#10758 = VECTOR('',#10759,1.);
#10759 = DIRECTION('',(0.707106781186,0.707106781187,0.));
#10760 = PLANE('',#10761);
#10761 = AXIS2_PLACEMENT_3D('',#10762,#10763,#10764);
#10762 = CARTESIAN_POINT('',(67.121294698295,-138.380480223,0.));
#10763 = DIRECTION('',(-0.,-0.,-1.));
#10764 = DIRECTION('',(-1.,0.,0.));
#10765 = SHELL_BASED_SURFACE_MODEL('',(#10766));
#10766 = OPEN_SHELL('',(#10767));
#10767 = ADVANCED_FACE('',(#10768),#11004,.T.);
#10768 = FACE_BOUND('',#10769,.T.);
#10769 = EDGE_LOOP('',(#10770,#10780,#10789,#10797,#10806,#10814,#10823,
    #10831,#10839,#10847,#10855,#10863,#10871,#10879,#10887,#10895,
    #10904,#10912,#10921,#10929,#10938,#10946,#10955,#10963,#10972,
    #10980,#10989,#10997));
#10770 = ORIENTED_EDGE('',*,*,#10771,.T.);
#10771 = EDGE_CURVE('',#10772,#10774,#10776,.T.);
#10772 = VERTEX_POINT('',#10773);
#10773 = CARTESIAN_POINT('',(67.530811793275,-145.6087899492,0.));
#10774 = VERTEX_POINT('',#10775);
#10775 = CARTESIAN_POINT('',(67.586691905035,-145.5529098374,0.));
#10776 = LINE('',#10777,#10778);
#10777 = CARTESIAN_POINT('',(67.530811793275,-145.6087899492,0.));
#10778 = VECTOR('',#10779,1.);
#10779 = DIRECTION('',(0.707106781187,0.707106781186,0.));
#10780 = ORIENTED_EDGE('',*,*,#10781,.T.);
#10781 = EDGE_CURVE('',#10774,#10782,#10784,.T.);
#10782 = VERTEX_POINT('',#10783);
#10783 = CARTESIAN_POINT('',(67.606656229824,-145.5406929506,0.));
#10784 = CIRCLE('',#10785,4.999999999996E-02);
#10785 = AXIS2_PLACEMENT_3D('',#10786,#10787,#10788);
#10786 = CARTESIAN_POINT('',(67.622047244094,-145.5882651765,0.));
#10787 = DIRECTION('',(0.,0.,-1.));
#10788 = DIRECTION('',(-0.707106781186,0.707106781187,0.));
#10789 = ORIENTED_EDGE('',*,*,#10790,.T.);
#10790 = EDGE_CURVE('',#10782,#10791,#10793,.T.);
#10791 = VERTEX_POINT('',#10792);
#10792 = CARTESIAN_POINT('',(67.693016402544,-145.5127528947,0.));
#10793 = LINE('',#10794,#10795);
#10794 = CARTESIAN_POINT('',(67.606656229824,-145.5406929506,0.));
#10795 = VECTOR('',#10796,1.);
#10796 = DIRECTION('',(0.951444518554,0.307820285415,0.));
#10797 = ORIENTED_EDGE('',*,*,#10798,.T.);
#10798 = EDGE_CURVE('',#10791,#10799,#10801,.T.);
#10799 = VERTEX_POINT('',#10800);
#10800 = CARTESIAN_POINT('',(67.708407416815,-145.5103251206,0.));
#10801 = CIRCLE('',#10802,4.999999999998E-02);
#10802 = AXIS2_PLACEMENT_3D('',#10803,#10804,#10805);
#10803 = CARTESIAN_POINT('',(67.708407416815,-145.5603251206,0.));
#10804 = DIRECTION('',(0.,0.,-1.));
#10805 = DIRECTION('',(-0.307820285415,0.951444518554,0.));
#10806 = ORIENTED_EDGE('',*,*,#10807,.T.);
#10807 = EDGE_CURVE('',#10799,#10808,#10810,.T.);
#10808 = VERTEX_POINT('',#10809);
#10809 = CARTESIAN_POINT('',(68.130048260097,-145.5103251206,0.));
#10810 = LINE('',#10811,#10812);
#10811 = CARTESIAN_POINT('',(67.708407416815,-145.5103251206,0.));
#10812 = VECTOR('',#10813,1.);
#10813 = DIRECTION('',(1.,0.,0.));
#10814 = ORIENTED_EDGE('',*,*,#10815,.T.);
#10815 = EDGE_CURVE('',#10808,#10816,#10818,.T.);
#10816 = VERTEX_POINT('',#10817);
#10817 = CARTESIAN_POINT('',(68.130048260097,-145.6103251206,0.));
#10818 = CIRCLE('',#10819,5.E-02);
#10819 = AXIS2_PLACEMENT_3D('',#10820,#10821,#10822);
#10820 = CARTESIAN_POINT('',(68.130048260097,-145.5603251206,0.));
#10821 = DIRECTION('',(0.,0.,-1.));
#10822 = DIRECTION('',(1.110223024625E-16,1.,0.));
#10823 = ORIENTED_EDGE('',*,*,#10824,.T.);
#10824 = EDGE_CURVE('',#10816,#10825,#10827,.T.);
#10825 = VERTEX_POINT('',#10826);
#10826 = CARTESIAN_POINT('',(67.716294402135,-145.6103251206,0.));
#10827 = LINE('',#10828,#10829);
#10828 = CARTESIAN_POINT('',(68.130048260097,-145.6103251206,0.));
#10829 = VECTOR('',#10830,1.);
#10830 = DIRECTION('',(-1.,0.,0.));
#10831 = ORIENTED_EDGE('',*,*,#10832,.T.);
#10832 = EDGE_CURVE('',#10825,#10833,#10835,.T.);
#10833 = VERTEX_POINT('',#10834);
#10834 = CARTESIAN_POINT('',(67.648890992682,-145.632132106,0.));
#10835 = LINE('',#10836,#10837);
#10836 = CARTESIAN_POINT('',(67.716294402135,-145.6103251206,0.));
#10837 = VECTOR('',#10838,1.);
#10838 = DIRECTION('',(-0.951444518554,-0.307820285415,0.));
#10839 = ORIENTED_EDGE('',*,*,#10840,.T.);
#10840 = EDGE_CURVE('',#10833,#10841,#10843,.T.);
#10841 = VERTEX_POINT('',#10842);
#10842 = CARTESIAN_POINT('',(67.609868734779,-145.6711543639,0.));
#10843 = LINE('',#10844,#10845);
#10844 = CARTESIAN_POINT('',(67.648890992682,-145.632132106,0.));
#10845 = VECTOR('',#10846,1.);
#10846 = DIRECTION('',(-0.707106781187,-0.707106781186,0.));
#10847 = ORIENTED_EDGE('',*,*,#10848,.T.);
#10848 = EDGE_CURVE('',#10841,#10849,#10851,.T.);
#10849 = VERTEX_POINT('',#10850);
#10850 = CARTESIAN_POINT('',(67.588227076454,-145.7360793389,0.));
#10851 = LINE('',#10852,#10853);
#10852 = CARTESIAN_POINT('',(67.609868734779,-145.6711543639,0.));
#10853 = VECTOR('',#10854,1.);
#10854 = DIRECTION('',(-0.316227766017,-0.94868329805,0.));
#10855 = ORIENTED_EDGE('',*,*,#10856,.T.);
#10856 = EDGE_CURVE('',#10849,#10857,#10859,.T.);
#10857 = VERTEX_POINT('',#10858);
#10858 = CARTESIAN_POINT('',(67.588227076454,-145.7757316846,0.));
#10859 = LINE('',#10860,#10861);
#10860 = CARTESIAN_POINT('',(67.588227076454,-145.7360793389,0.));
#10861 = VECTOR('',#10862,1.);
#10862 = DIRECTION('',(0.,-1.,0.));
#10863 = ORIENTED_EDGE('',*,*,#10864,.T.);
#10864 = EDGE_CURVE('',#10857,#10865,#10867,.T.);
#10865 = VERTEX_POINT('',#10866);
#10866 = CARTESIAN_POINT('',(67.609868734779,-145.8406566596,0.));
#10867 = LINE('',#10868,#10869);
#10868 = CARTESIAN_POINT('',(67.588227076454,-145.7757316846,0.));
#10869 = VECTOR('',#10870,1.);
#10870 = DIRECTION('',(0.316227766017,-0.94868329805,0.));
#10871 = ORIENTED_EDGE('',*,*,#10872,.T.);
#10872 = EDGE_CURVE('',#10865,#10873,#10875,.T.);
#10873 = VERTEX_POINT('',#10874);
#10874 = CARTESIAN_POINT('',(67.649383035836,-145.8801709607,0.));
#10875 = LINE('',#10876,#10877);
#10876 = CARTESIAN_POINT('',(67.609868734779,-145.8406566596,0.));
#10877 = VECTOR('',#10878,1.);
#10878 = DIRECTION('',(0.707106781187,-0.707106781187,0.));
#10879 = ORIENTED_EDGE('',*,*,#10880,.T.);
#10880 = EDGE_CURVE('',#10873,#10881,#10883,.T.);
#10881 = VERTEX_POINT('',#10882);
#10882 = CARTESIAN_POINT('',(67.716972053293,-145.904025908,0.));
#10883 = LINE('',#10884,#10885);
#10884 = CARTESIAN_POINT('',(67.649383035836,-145.8801709607,0.));
#10885 = VECTOR('',#10886,1.);
#10886 = DIRECTION('',(0.942990333583,-0.332820117735,0.));
#10887 = ORIENTED_EDGE('',*,*,#10888,.T.);
#10888 = EDGE_CURVE('',#10881,#10889,#10891,.T.);
#10889 = VERTEX_POINT('',#10890);
#10890 = CARTESIAN_POINT('',(68.130048260097,-145.904025908,0.));
#10891 = LINE('',#10892,#10893);
#10892 = CARTESIAN_POINT('',(67.716972053293,-145.904025908,0.));
#10893 = VECTOR('',#10894,1.);
#10894 = DIRECTION('',(1.,0.,0.));
#10895 = ORIENTED_EDGE('',*,*,#10896,.T.);
#10896 = EDGE_CURVE('',#10889,#10897,#10899,.T.);
#10897 = VERTEX_POINT('',#10898);
#10898 = CARTESIAN_POINT('',(68.130048260097,-146.004025908,0.));
#10899 = CIRCLE('',#10900,5.000000000001E-02);
#10900 = AXIS2_PLACEMENT_3D('',#10901,#10902,#10903);
#10901 = CARTESIAN_POINT('',(68.130048260097,-145.954025908,0.));
#10902 = DIRECTION('',(0.,0.,-1.));
#10903 = DIRECTION('',(1.110223024625E-16,1.,0.));
#10904 = ORIENTED_EDGE('',*,*,#10905,.T.);
#10905 = EDGE_CURVE('',#10897,#10906,#10908,.T.);
#10906 = VERTEX_POINT('',#10907);
#10907 = CARTESIAN_POINT('',(67.708407416815,-146.004025908,0.));
#10908 = LINE('',#10909,#10910);
#10909 = CARTESIAN_POINT('',(68.130048260097,-146.004025908,0.));
#10910 = VECTOR('',#10911,1.);
#10911 = DIRECTION('',(-1.,6.740739158283E-14,0.));
#10912 = ORIENTED_EDGE('',*,*,#10913,.T.);
#10913 = EDGE_CURVE('',#10906,#10914,#10916,.T.);
#10914 = VERTEX_POINT('',#10915);
#10915 = CARTESIAN_POINT('',(67.691766410928,-146.0011754247,0.));
#10916 = CIRCLE('',#10917,5.000000000001E-02);
#10917 = AXIS2_PLACEMENT_3D('',#10918,#10919,#10920);
#10918 = CARTESIAN_POINT('',(67.708407416815,-145.954025908,0.));
#10919 = DIRECTION('',(-0.,0.,-1.));
#10920 = DIRECTION('',(1.544833424917E-12,-1.,-0.));
#10921 = ORIENTED_EDGE('',*,*,#10922,.T.);
#10922 = EDGE_CURVE('',#10914,#10923,#10925,.T.);
#10923 = VERTEX_POINT('',#10924);
#10924 = CARTESIAN_POINT('',(67.605406238208,-145.9706953637,0.));
#10925 = LINE('',#10926,#10927);
#10926 = CARTESIAN_POINT('',(67.691766410928,-146.0011754247,0.));
#10927 = VECTOR('',#10928,1.);
#10928 = DIRECTION('',(-0.942990333583,0.332820117735,0.));
#10929 = ORIENTED_EDGE('',*,*,#10930,.T.);
#10930 = EDGE_CURVE('',#10923,#10931,#10933,.T.);
#10931 = VERTEX_POINT('',#10932);
#10932 = CARTESIAN_POINT('',(67.586691905035,-145.9589011861,0.));
#10933 = CIRCLE('',#10934,4.999999999994E-02);
#10934 = AXIS2_PLACEMENT_3D('',#10935,#10936,#10937);
#10935 = CARTESIAN_POINT('',(67.622047244094,-145.923545847,0.));
#10936 = DIRECTION('',(0.,0.,-1.));
#10937 = DIRECTION('',(-0.332820117735,-0.942990333583,-0.));
#10938 = ORIENTED_EDGE('',*,*,#10939,.T.);
#10939 = EDGE_CURVE('',#10931,#10940,#10942,.T.);
#10940 = VERTEX_POINT('',#10941);
#10941 = CARTESIAN_POINT('',(67.530811793275,-145.9030210743,0.));
#10942 = LINE('',#10943,#10944);
#10943 = CARTESIAN_POINT('',(67.586691905035,-145.9589011861,0.));
#10944 = VECTOR('',#10945,1.);
#10945 = DIRECTION('',(-0.707106781187,0.707106781186,0.));
#10946 = ORIENTED_EDGE('',*,*,#10947,.T.);
#10947 = EDGE_CURVE('',#10940,#10948,#10950,.T.);
#10948 = VERTEX_POINT('',#10949);
#10949 = CARTESIAN_POINT('',(67.518732967432,-145.8834771236,0.));
#10950 = CIRCLE('',#10951,4.999999999998E-02);
#10951 = AXIS2_PLACEMENT_3D('',#10952,#10953,#10954);
#10952 = CARTESIAN_POINT('',(67.566167132334,-145.8676657353,0.));
#10953 = DIRECTION('',(0.,0.,-1.));
#10954 = DIRECTION('',(-0.707106781187,-0.707106781186,-0.));
#10955 = ORIENTED_EDGE('',*,*,#10956,.T.);
#10956 = EDGE_CURVE('',#10948,#10957,#10959,.T.);
#10957 = VERTEX_POINT('',#10958);
#10958 = CARTESIAN_POINT('',(67.490792911552,-145.7996569559,0.));
#10959 = LINE('',#10960,#10961);
#10960 = CARTESIAN_POINT('',(67.518732967432,-145.8834771236,0.));
#10961 = VECTOR('',#10962,1.);
#10962 = DIRECTION('',(-0.316227766017,0.94868329805,0.));
#10963 = ORIENTED_EDGE('',*,*,#10964,.T.);
#10964 = EDGE_CURVE('',#10957,#10965,#10967,.T.);
#10965 = VERTEX_POINT('',#10966);
#10966 = CARTESIAN_POINT('',(67.488227076454,-145.7838455676,0.));
#10967 = CIRCLE('',#10968,5.E-02);
#10968 = AXIS2_PLACEMENT_3D('',#10969,#10970,#10971);
#10969 = CARTESIAN_POINT('',(67.538227076454,-145.7838455676,0.));
#10970 = DIRECTION('',(0.,0.,-1.));
#10971 = DIRECTION('',(-0.948683298051,-0.316227766017,-0.));
#10972 = ORIENTED_EDGE('',*,*,#10973,.T.);
#10973 = EDGE_CURVE('',#10965,#10974,#10976,.T.);
#10974 = VERTEX_POINT('',#10975);
#10975 = CARTESIAN_POINT('',(67.488227076454,-145.7279654559,0.));
#10976 = LINE('',#10977,#10978);
#10977 = CARTESIAN_POINT('',(67.488227076454,-145.7838455676,0.));
#10978 = VECTOR('',#10979,1.);
#10979 = DIRECTION('',(0.,1.,0.));
#10980 = ORIENTED_EDGE('',*,*,#10981,.T.);
#10981 = EDGE_CURVE('',#10974,#10982,#10984,.T.);
#10982 = VERTEX_POINT('',#10983);
#10983 = CARTESIAN_POINT('',(67.490792911552,-145.7121540676,0.));
#10984 = CIRCLE('',#10985,5.E-02);
#10985 = AXIS2_PLACEMENT_3D('',#10986,#10987,#10988);
#10986 = CARTESIAN_POINT('',(67.538227076454,-145.7279654559,0.));
#10987 = DIRECTION('',(0.,0.,-1.));
#10988 = DIRECTION('',(-1.,-3.086189912729E-13,-0.));
#10989 = ORIENTED_EDGE('',*,*,#10990,.T.);
#10990 = EDGE_CURVE('',#10982,#10991,#10993,.T.);
#10991 = VERTEX_POINT('',#10992);
#10992 = CARTESIAN_POINT('',(67.518732967432,-145.6283338999,0.));
#10993 = LINE('',#10994,#10995);
#10994 = CARTESIAN_POINT('',(67.490792911552,-145.7121540676,0.));
#10995 = VECTOR('',#10996,1.);
#10996 = DIRECTION('',(0.316227766017,0.94868329805,0.));
#10997 = ORIENTED_EDGE('',*,*,#10998,.T.);
#10998 = EDGE_CURVE('',#10991,#10772,#10999,.T.);
#10999 = CIRCLE('',#11000,4.999999999999E-02);
#11000 = AXIS2_PLACEMENT_3D('',#11001,#11002,#11003);
#11001 = CARTESIAN_POINT('',(67.566167132334,-145.6441452882,0.));
#11002 = DIRECTION('',(0.,0.,-1.));
#11003 = DIRECTION('',(-0.948683298051,0.316227766017,0.));
#11004 = PLANE('',#11005);
#11005 = AXIS2_PLACEMENT_3D('',#11006,#11007,#11008);
#11006 = CARTESIAN_POINT('',(67.821743844288,-145.7568811973,0.));
#11007 = DIRECTION('',(-0.,-0.,-1.));
#11008 = DIRECTION('',(-1.,0.,0.));
#11009 = SHELL_BASED_SURFACE_MODEL('',(#11010));
#11010 = OPEN_SHELL('',(#11011));
#11011 = ADVANCED_FACE('',(#11012,#11397),#11520,.T.);
#11012 = FACE_BOUND('',#11013,.T.);
#11013 = EDGE_LOOP('',(#11014,#11024,#11033,#11042,#11051,#11060,#11069,
    #11077,#11086,#11094,#11103,#11111,#11120,#11128,#11137,#11145,
    #11154,#11162,#11170,#11178,#11186,#11194,#11203,#11212,#11220,
    #11229,#11237,#11246,#11254,#11263,#11271,#11280,#11288,#11297,
    #11305,#11314,#11322,#11331,#11339,#11348,#11356,#11365,#11373,
    #11382,#11390));
#11014 = ORIENTED_EDGE('',*,*,#11015,.T.);
#11015 = EDGE_CURVE('',#11016,#11018,#11020,.T.);
#11016 = VERTEX_POINT('',#11017);
#11017 = CARTESIAN_POINT('',(67.530811793275,-146.238711209,0.));
#11018 = VERTEX_POINT('',#11019);
#11019 = CARTESIAN_POINT('',(67.586691905035,-146.1828310973,0.));
#11020 = LINE('',#11021,#11022);
#11021 = CARTESIAN_POINT('',(67.530811793275,-146.238711209,0.));
#11022 = VECTOR('',#11023,1.);
#11023 = DIRECTION('',(0.707106781187,0.707106781187,0.));
#11024 = ORIENTED_EDGE('',*,*,#11025,.T.);
#11025 = EDGE_CURVE('',#11018,#11026,#11028,.T.);
#11026 = VERTEX_POINT('',#11027);
#11027 = CARTESIAN_POINT('',(67.606205197072,-146.170762502,0.));
#11028 = CIRCLE('',#11029,4.999999999998E-02);
#11029 = AXIS2_PLACEMENT_3D('',#11030,#11031,#11032);
#11030 = CARTESIAN_POINT('',(67.622047244094,-146.2181864363,0.));
#11031 = DIRECTION('',(0.,0.,-1.));
#11032 = DIRECTION('',(-0.707106781185,0.707106781188,0.));
#11033 = ORIENTED_EDGE('',*,*,#11034,.T.);
#11034 = EDGE_CURVE('',#11026,#11035,#11037,.T.);
#11035 = VERTEX_POINT('',#11036);
#11036 = CARTESIAN_POINT('',(67.717721812628,-146.1438450358,0.));
#11037 = CIRCLE('',#11038,0.67129090206);
#11038 = AXIS2_PLACEMENT_3D('',#11039,#11040,#11041);
#11039 = CARTESIAN_POINT('',(67.818897637796,-146.8074676149,0.));
#11040 = DIRECTION('',(0.,0.,-1.));
#11041 = DIRECTION('',(-0.316840940449,0.948478686348,0.));
#11042 = ORIENTED_EDGE('',*,*,#11043,.T.);
#11043 = EDGE_CURVE('',#11035,#11044,#11046,.T.);
#11044 = VERTEX_POINT('',#11045);
#11045 = CARTESIAN_POINT('',(67.742124738556,-146.14058127,0.));
#11046 = CIRCLE('',#11047,4.999999999996E-02);
#11047 = AXIS2_PLACEMENT_3D('',#11048,#11049,#11050);
#11048 = CARTESIAN_POINT('',(67.736347472695,-146.1902463804,0.));
#11049 = DIRECTION('',(0.,0.,-1.));
#11050 = DIRECTION('',(-0.372513201338,0.928026893376,0.));
#11051 = ORIENTED_EDGE('',*,*,#11052,.T.);
#11052 = EDGE_CURVE('',#11044,#11053,#11055,.T.);
#11053 = VERTEX_POINT('',#11054);
#11054 = CARTESIAN_POINT('',(68.031590078519,-146.170762502,0.));
#11055 = CIRCLE('',#11056,0.67129090206);
#11056 = AXIS2_PLACEMENT_3D('',#11057,#11058,#11059);
#11057 = CARTESIAN_POINT('',(67.818897637795,-146.8074676149,0.));
#11058 = DIRECTION('',(0.,0.,-1.));
#11059 = DIRECTION('',(-0.114366065448,0.993438676051,0.));
#11060 = ORIENTED_EDGE('',*,*,#11061,.T.);
#11061 = EDGE_CURVE('',#11053,#11062,#11064,.T.);
#11062 = VERTEX_POINT('',#11063);
#11063 = CARTESIAN_POINT('',(68.042910595404,-146.1762079285,0.));
#11064 = CIRCLE('',#11065,4.999999999998E-02);
#11065 = AXIS2_PLACEMENT_3D('',#11066,#11067,#11068);
#11066 = CARTESIAN_POINT('',(68.015748031496,-146.2181864363,0.));
#11067 = DIRECTION('',(0.,0.,-1.));
#11068 = DIRECTION('',(0.316840940449,0.948478686347,0.));
#11069 = ORIENTED_EDGE('',*,*,#11070,.T.);
#11070 = EDGE_CURVE('',#11062,#11071,#11073,.T.);
#11071 = VERTEX_POINT('',#11072);
#11072 = CARTESIAN_POINT('',(68.129270768124,-146.2320880402,0.));
#11073 = LINE('',#11074,#11075);
#11074 = CARTESIAN_POINT('',(68.042910595404,-146.1762079285,0.));
#11075 = VECTOR('',#11076,1.);
#11076 = DIRECTION('',(0.839570157152,-0.543251278157,0.));
#11077 = ORIENTED_EDGE('',*,*,#11078,.T.);
#11078 = EDGE_CURVE('',#11071,#11079,#11081,.T.);
#11079 = VERTEX_POINT('',#11080);
#11080 = CARTESIAN_POINT('',(68.149542369119,-146.2582551598,0.));
#11081 = CIRCLE('',#11082,5.E-02);
#11082 = AXIS2_PLACEMENT_3D('',#11083,#11084,#11085);
#11083 = CARTESIAN_POINT('',(68.102108204216,-146.2740665481,0.));
#11084 = DIRECTION('',(0.,0.,-1.));
#11085 = DIRECTION('',(0.543251278158,0.839570157152,0.));
#11086 = ORIENTED_EDGE('',*,*,#11087,.T.);
#11087 = EDGE_CURVE('',#11079,#11088,#11090,.T.);
#11088 = VERTEX_POINT('',#11089);
#11089 = CARTESIAN_POINT('',(68.177482424999,-146.3420753274,0.));
#11090 = LINE('',#11091,#11092);
#11091 = CARTESIAN_POINT('',(68.149542369119,-146.2582551598,0.));
#11092 = VECTOR('',#11093,1.);
#11093 = DIRECTION('',(0.316227766017,-0.94868329805,0.));
#11094 = ORIENTED_EDGE('',*,*,#11095,.T.);
#11095 = EDGE_CURVE('',#11088,#11096,#11098,.T.);
#11096 = VERTEX_POINT('',#11097);
#11097 = CARTESIAN_POINT('',(68.180048260097,-146.3578867157,0.));
#11098 = CIRCLE('',#11099,5.E-02);
#11099 = AXIS2_PLACEMENT_3D('',#11100,#11101,#11102);
#11100 = CARTESIAN_POINT('',(68.130048260097,-146.3578867157,0.));
#11101 = DIRECTION('',(0.,0.,-1.));
#11102 = DIRECTION('',(0.948683298051,0.316227766017,0.));
#11103 = ORIENTED_EDGE('',*,*,#11104,.T.);
#11104 = EDGE_CURVE('',#11096,#11105,#11107,.T.);
#11105 = VERTEX_POINT('',#11106);
#11106 = CARTESIAN_POINT('',(68.180048260097,-146.4137668275,0.));
#11107 = LINE('',#11108,#11109);
#11108 = CARTESIAN_POINT('',(68.180048260097,-146.3578867157,0.));
#11109 = VECTOR('',#11110,1.);
#11110 = DIRECTION('',(0.,-1.,0.));
#11111 = ORIENTED_EDGE('',*,*,#11112,.T.);
#11112 = EDGE_CURVE('',#11105,#11113,#11115,.T.);
#11113 = VERTEX_POINT('',#11114);
#11114 = CARTESIAN_POINT('',(68.177482424999,-146.4295782158,0.));
#11115 = CIRCLE('',#11116,5.E-02);
#11116 = AXIS2_PLACEMENT_3D('',#11117,#11118,#11119);
#11117 = CARTESIAN_POINT('',(68.130048260097,-146.4137668275,0.));
#11118 = DIRECTION('',(0.,0.,-1.));
#11119 = DIRECTION('',(1.,3.093229208959E-13,0.));
#11120 = ORIENTED_EDGE('',*,*,#11121,.T.);
#11121 = EDGE_CURVE('',#11113,#11122,#11124,.T.);
#11122 = VERTEX_POINT('',#11123);
#11123 = CARTESIAN_POINT('',(68.149542369119,-146.5133983834,0.));
#11124 = LINE('',#11125,#11126);
#11125 = CARTESIAN_POINT('',(68.177482424999,-146.4295782158,0.));
#11126 = VECTOR('',#11127,1.);
#11127 = DIRECTION('',(-0.316227766017,-0.948683298051,0.));
#11128 = ORIENTED_EDGE('',*,*,#11129,.T.);
#11129 = EDGE_CURVE('',#11122,#11130,#11132,.T.);
#11130 = VERTEX_POINT('',#11131);
#11131 = CARTESIAN_POINT('',(68.124468883991,-146.5423083547,0.));
#11132 = CIRCLE('',#11133,5.000000000003E-02);
#11133 = AXIS2_PLACEMENT_3D('',#11134,#11135,#11136);
#11134 = CARTESIAN_POINT('',(68.102108204216,-146.4975869951,0.));
#11135 = DIRECTION('',(0.,0.,-1.));
#11136 = DIRECTION('',(0.94868329805,-0.316227766017,0.));
#11137 = ORIENTED_EDGE('',*,*,#11138,.T.);
#11138 = EDGE_CURVE('',#11130,#11139,#11141,.T.);
#11139 = VERTEX_POINT('',#11140);
#11140 = CARTESIAN_POINT('',(68.068588772231,-146.5702484106,0.));
#11141 = LINE('',#11142,#11143);
#11142 = CARTESIAN_POINT('',(68.124468883991,-146.5423083547,0.));
#11143 = VECTOR('',#11144,1.);
#11144 = DIRECTION('',(-0.894427191,-0.4472135955,0.));
#11145 = ORIENTED_EDGE('',*,*,#11146,.T.);
#11146 = EDGE_CURVE('',#11139,#11147,#11149,.T.);
#11147 = VERTEX_POINT('',#11148);
#11148 = CARTESIAN_POINT('',(68.023867412681,-146.4808056915,0.));
#11149 = CIRCLE('',#11150,5.E-02);
#11150 = AXIS2_PLACEMENT_3D('',#11151,#11152,#11153);
#11151 = CARTESIAN_POINT('',(68.046228092456,-146.525527051,0.));
#11152 = DIRECTION('',(-0.,0.,-1.));
#11153 = DIRECTION('',(0.4472135955,-0.894427191,-0.));
#11154 = ORIENTED_EDGE('',*,*,#11155,.T.);
#11155 = EDGE_CURVE('',#11147,#11156,#11158,.T.);
#11156 = VERTEX_POINT('',#11157);
#11157 = CARTESIAN_POINT('',(68.061223330788,-146.4621277324,0.));
#11158 = LINE('',#11159,#11160);
#11159 = CARTESIAN_POINT('',(68.023867412681,-146.4808056915,0.));
#11160 = VECTOR('',#11161,1.);
#11161 = DIRECTION('',(0.894427191,0.4472135955,0.));
#11162 = ORIENTED_EDGE('',*,*,#11163,.T.);
#11163 = EDGE_CURVE('',#11156,#11164,#11166,.T.);
#11164 = VERTEX_POINT('',#11165);
#11165 = CARTESIAN_POINT('',(68.080048260097,-146.4056529445,0.));
#11166 = LINE('',#11167,#11168);
#11167 = CARTESIAN_POINT('',(68.061223330788,-146.4621277324,0.));
#11168 = VECTOR('',#11169,1.);
#11169 = DIRECTION('',(0.316227766017,0.948683298051,0.));
#11170 = ORIENTED_EDGE('',*,*,#11171,.T.);
#11171 = EDGE_CURVE('',#11164,#11172,#11174,.T.);
#11172 = VERTEX_POINT('',#11173);
#11173 = CARTESIAN_POINT('',(68.080048260097,-146.3660005987,0.));
#11174 = LINE('',#11175,#11176);
#11175 = CARTESIAN_POINT('',(68.080048260097,-146.4056529445,0.));
#11176 = VECTOR('',#11177,1.);
#11177 = DIRECTION('',(0.,1.,0.));
#11178 = ORIENTED_EDGE('',*,*,#11179,.T.);
#11179 = EDGE_CURVE('',#11172,#11180,#11182,.T.);
#11180 = VERTEX_POINT('',#11181);
#11181 = CARTESIAN_POINT('',(68.060220374852,-146.306516943,0.));
#11182 = LINE('',#11183,#11184);
#11183 = CARTESIAN_POINT('',(68.080048260097,-146.3660005987,0.));
#11184 = VECTOR('',#11185,1.);
#11185 = DIRECTION('',(-0.316227766017,0.94868329805,0.));
#11186 = ORIENTED_EDGE('',*,*,#11187,.T.);
#11187 = EDGE_CURVE('',#11180,#11188,#11190,.T.);
#11188 = VERTEX_POINT('',#11189);
#11189 = CARTESIAN_POINT('',(67.994014307146,-146.2636777227,0.));
#11190 = LINE('',#11191,#11192);
#11191 = CARTESIAN_POINT('',(68.060220374852,-146.306516943,0.));
#11192 = VECTOR('',#11193,1.);
#11193 = DIRECTION('',(-0.839570157152,0.543251278157,0.));
#11194 = ORIENTED_EDGE('',*,*,#11195,.T.);
#11195 = EDGE_CURVE('',#11188,#11196,#11198,.T.);
#11196 = VERTEX_POINT('',#11197);
#11197 = CARTESIAN_POINT('',(67.916413841638,-146.2445609755,0.));
#11198 = CIRCLE('',#11199,0.57129090206);
#11199 = AXIS2_PLACEMENT_3D('',#11200,#11201,#11202);
#11200 = CARTESIAN_POINT('',(67.818897637795,-146.8074676149,0.));
#11201 = DIRECTION('',(0.,0.,1.));
#11202 = DIRECTION('',(0.306528020522,0.951861635236,-0.));
#11203 = ORIENTED_EDGE('',*,*,#11204,.T.);
#11204 = EDGE_CURVE('',#11196,#11205,#11207,.T.);
#11205 = VERTEX_POINT('',#11206);
#11206 = CARTESIAN_POINT('',(67.923481916998,-146.2582551598,0.));
#11207 = CIRCLE('',#11208,5.000000000004E-02);
#11208 = AXIS2_PLACEMENT_3D('',#11209,#11210,#11211);
#11209 = CARTESIAN_POINT('',(67.876047752096,-146.2740665481,0.));
#11210 = DIRECTION('',(0.,0.,-1.));
#11211 = DIRECTION('',(0.807321790855,0.590111452194,0.));
#11212 = ORIENTED_EDGE('',*,*,#11213,.T.);
#11213 = EDGE_CURVE('',#11205,#11214,#11216,.T.);
#11214 = VERTEX_POINT('',#11215);
#11215 = CARTESIAN_POINT('',(67.951421972878,-146.3420753274,0.));
#11216 = LINE('',#11217,#11218);
#11217 = CARTESIAN_POINT('',(67.923481916998,-146.2582551598,0.));
#11218 = VECTOR('',#11219,1.);
#11219 = DIRECTION('',(0.316227766017,-0.94868329805,0.));
#11220 = ORIENTED_EDGE('',*,*,#11221,.T.);
#11221 = EDGE_CURVE('',#11214,#11222,#11224,.T.);
#11222 = VERTEX_POINT('',#11223);
#11223 = CARTESIAN_POINT('',(67.953987807976,-146.3578867157,0.));
#11224 = CIRCLE('',#11225,5.E-02);
#11225 = AXIS2_PLACEMENT_3D('',#11226,#11227,#11228);
#11226 = CARTESIAN_POINT('',(67.903987807976,-146.3578867157,0.));
#11227 = DIRECTION('',(0.,0.,-1.));
#11228 = DIRECTION('',(0.948683298051,0.316227766017,0.));
#11229 = ORIENTED_EDGE('',*,*,#11230,.T.);
#11230 = EDGE_CURVE('',#11222,#11231,#11233,.T.);
#11231 = VERTEX_POINT('',#11232);
#11232 = CARTESIAN_POINT('',(67.953987807976,-146.3858267716,0.));
#11233 = LINE('',#11234,#11235);
#11234 = CARTESIAN_POINT('',(67.953987807976,-146.3578867157,0.));
#11235 = VECTOR('',#11236,1.);
#11236 = DIRECTION('',(0.,-1.,0.));
#11237 = ORIENTED_EDGE('',*,*,#11238,.T.);
#11238 = EDGE_CURVE('',#11231,#11239,#11241,.T.);
#11239 = VERTEX_POINT('',#11240);
#11240 = CARTESIAN_POINT('',(67.951421972878,-146.4016381599,0.));
#11241 = CIRCLE('',#11242,5.E-02);
#11242 = AXIS2_PLACEMENT_3D('',#11243,#11244,#11245);
#11243 = CARTESIAN_POINT('',(67.903987807976,-146.3858267716,0.));
#11244 = DIRECTION('',(0.,0.,-1.));
#11245 = DIRECTION('',(1.,3.093229208959E-13,0.));
#11246 = ORIENTED_EDGE('',*,*,#11247,.T.);
#11247 = EDGE_CURVE('',#11239,#11248,#11250,.T.);
#11248 = VERTEX_POINT('',#11249);
#11249 = CARTESIAN_POINT('',(67.923481916998,-146.4854583275,0.));
#11250 = LINE('',#11251,#11252);
#11251 = CARTESIAN_POINT('',(67.951421972878,-146.4016381599,0.));
#11252 = VECTOR('',#11253,1.);
#11253 = DIRECTION('',(-0.316227766017,-0.948683298051,0.));
#11254 = ORIENTED_EDGE('',*,*,#11255,.T.);
#11255 = EDGE_CURVE('',#11248,#11256,#11258,.T.);
#11256 = VERTEX_POINT('',#11257);
#11257 = CARTESIAN_POINT('',(67.911403091155,-146.5050022783,0.));
#11258 = CIRCLE('',#11259,4.999999999999E-02);
#11259 = AXIS2_PLACEMENT_3D('',#11260,#11261,#11262);
#11260 = CARTESIAN_POINT('',(67.876047752096,-146.4696469392,0.));
#11261 = DIRECTION('',(0.,0.,-1.));
#11262 = DIRECTION('',(0.948683298051,-0.316227766017,0.));
#11263 = ORIENTED_EDGE('',*,*,#11264,.T.);
#11264 = EDGE_CURVE('',#11256,#11265,#11267,.T.);
#11265 = VERTEX_POINT('',#11266);
#11266 = CARTESIAN_POINT('',(67.855522979395,-146.5608823901,0.));
#11267 = LINE('',#11268,#11269);
#11268 = CARTESIAN_POINT('',(67.911403091155,-146.5050022783,0.));
#11269 = VECTOR('',#11270,1.);
#11270 = DIRECTION('',(-0.707106781187,-0.707106781186,0.));
#11271 = ORIENTED_EDGE('',*,*,#11272,.T.);
#11272 = EDGE_CURVE('',#11265,#11273,#11275,.T.);
#11273 = VERTEX_POINT('',#11274);
#11274 = CARTESIAN_POINT('',(67.835979028636,-146.5729612159,0.));
#11275 = CIRCLE('',#11276,5.E-02);
#11276 = AXIS2_PLACEMENT_3D('',#11277,#11278,#11279);
#11277 = CARTESIAN_POINT('',(67.820167640335,-146.525527051,0.));
#11278 = DIRECTION('',(0.,0.,-1.));
#11279 = DIRECTION('',(0.707106781187,-0.707106781186,0.));
#11280 = ORIENTED_EDGE('',*,*,#11281,.T.);
#11281 = EDGE_CURVE('',#11273,#11282,#11284,.T.);
#11282 = VERTEX_POINT('',#11283);
#11283 = CARTESIAN_POINT('',(67.752158860996,-146.6009012718,0.));
#11284 = LINE('',#11285,#11286);
#11285 = CARTESIAN_POINT('',(67.835979028636,-146.5729612159,0.));
#11286 = VECTOR('',#11287,1.);
#11287 = DIRECTION('',(-0.948683298051,-0.316227766016,0.));
#11288 = ORIENTED_EDGE('',*,*,#11289,.T.);
#11289 = EDGE_CURVE('',#11282,#11290,#11292,.T.);
#11290 = VERTEX_POINT('',#11291);
#11291 = CARTESIAN_POINT('',(67.736347472695,-146.6034671069,0.));
#11292 = CIRCLE('',#11293,4.999999999998E-02);
#11293 = AXIS2_PLACEMENT_3D('',#11294,#11295,#11296);
#11294 = CARTESIAN_POINT('',(67.736347472695,-146.5534671069,0.));
#11295 = DIRECTION('',(0.,0.,-1.));
#11296 = DIRECTION('',(0.316227766017,-0.948683298051,0.));
#11297 = ORIENTED_EDGE('',*,*,#11298,.T.);
#11298 = EDGE_CURVE('',#11290,#11299,#11301,.T.);
#11299 = VERTEX_POINT('',#11300);
#11300 = CARTESIAN_POINT('',(67.708407416815,-146.6034671069,0.));
#11301 = LINE('',#11302,#11303);
#11302 = CARTESIAN_POINT('',(67.736347472695,-146.6034671069,0.));
#11303 = VECTOR('',#11304,1.);
#11304 = DIRECTION('',(-1.,-1.017238818431E-12,0.));
#11305 = ORIENTED_EDGE('',*,*,#11306,.T.);
#11306 = EDGE_CURVE('',#11299,#11307,#11309,.T.);
#11307 = VERTEX_POINT('',#11308);
#11308 = CARTESIAN_POINT('',(67.693016402544,-146.6010393328,0.));
#11309 = CIRCLE('',#11310,4.999999999998E-02);
#11310 = AXIS2_PLACEMENT_3D('',#11311,#11312,#11313);
#11311 = CARTESIAN_POINT('',(67.708407416815,-146.5534671069,0.));
#11312 = DIRECTION('',(0.,0.,-1.));
#11313 = DIRECTION('',(-5.579481681076E-13,-1.,-0.));
#11314 = ORIENTED_EDGE('',*,*,#11315,.T.);
#11315 = EDGE_CURVE('',#11307,#11316,#11318,.T.);
#11316 = VERTEX_POINT('',#11317);
#11317 = CARTESIAN_POINT('',(67.606656229824,-146.5730992769,0.));
#11318 = LINE('',#11319,#11320);
#11319 = CARTESIAN_POINT('',(67.693016402544,-146.6010393328,0.));
#11320 = VECTOR('',#11321,1.);
#11321 = DIRECTION('',(-0.951444518554,0.307820285415,0.));
#11322 = ORIENTED_EDGE('',*,*,#11323,.T.);
#11323 = EDGE_CURVE('',#11316,#11324,#11326,.T.);
#11324 = VERTEX_POINT('',#11325);
#11325 = CARTESIAN_POINT('',(67.586691905035,-146.5608823901,0.));
#11326 = CIRCLE('',#11327,4.999999999998E-02);
#11327 = AXIS2_PLACEMENT_3D('',#11328,#11329,#11330);
#11328 = CARTESIAN_POINT('',(67.622047244095,-146.525527051,0.));
#11329 = DIRECTION('',(0.,0.,-1.));
#11330 = DIRECTION('',(-0.307820285415,-0.951444518554,-0.));
#11331 = ORIENTED_EDGE('',*,*,#11332,.T.);
#11332 = EDGE_CURVE('',#11324,#11333,#11335,.T.);
#11333 = VERTEX_POINT('',#11334);
#11334 = CARTESIAN_POINT('',(67.530811793275,-146.5050022783,0.));
#11335 = LINE('',#11336,#11337);
#11336 = CARTESIAN_POINT('',(67.586691905035,-146.5608823901,0.));
#11337 = VECTOR('',#11338,1.);
#11338 = DIRECTION('',(-0.707106781187,0.707106781186,0.));
#11339 = ORIENTED_EDGE('',*,*,#11340,.T.);
#11340 = EDGE_CURVE('',#11333,#11341,#11343,.T.);
#11341 = VERTEX_POINT('',#11342);
#11342 = CARTESIAN_POINT('',(67.518732967432,-146.4854583275,0.));
#11343 = CIRCLE('',#11344,4.999999999999E-02);
#11344 = AXIS2_PLACEMENT_3D('',#11345,#11346,#11347);
#11345 = CARTESIAN_POINT('',(67.566167132334,-146.4696469392,0.));
#11346 = DIRECTION('',(0.,0.,-1.));
#11347 = DIRECTION('',(-0.707106781187,-0.707106781186,-0.));
#11348 = ORIENTED_EDGE('',*,*,#11349,.T.);
#11349 = EDGE_CURVE('',#11341,#11350,#11352,.T.);
#11350 = VERTEX_POINT('',#11351);
#11351 = CARTESIAN_POINT('',(67.490792911552,-146.4016381599,0.));
#11352 = LINE('',#11353,#11354);
#11353 = CARTESIAN_POINT('',(67.518732967432,-146.4854583275,0.));
#11354 = VECTOR('',#11355,1.);
#11355 = DIRECTION('',(-0.316227766017,0.94868329805,0.));
#11356 = ORIENTED_EDGE('',*,*,#11357,.T.);
#11357 = EDGE_CURVE('',#11350,#11358,#11360,.T.);
#11358 = VERTEX_POINT('',#11359);
#11359 = CARTESIAN_POINT('',(67.488227076454,-146.3858267716,0.));
#11360 = CIRCLE('',#11361,5.E-02);
#11361 = AXIS2_PLACEMENT_3D('',#11362,#11363,#11364);
#11362 = CARTESIAN_POINT('',(67.538227076454,-146.3858267716,0.));
#11363 = DIRECTION('',(0.,0.,-1.));
#11364 = DIRECTION('',(-0.948683298051,-0.316227766017,-0.));
#11365 = ORIENTED_EDGE('',*,*,#11366,.T.);
#11366 = EDGE_CURVE('',#11358,#11367,#11369,.T.);
#11367 = VERTEX_POINT('',#11368);
#11368 = CARTESIAN_POINT('',(67.488227076454,-146.3578867157,0.));
#11369 = LINE('',#11370,#11371);
#11370 = CARTESIAN_POINT('',(67.488227076454,-146.3858267716,0.));
#11371 = VECTOR('',#11372,1.);
#11372 = DIRECTION('',(0.,1.,0.));
#11373 = ORIENTED_EDGE('',*,*,#11374,.T.);
#11374 = EDGE_CURVE('',#11367,#11375,#11377,.T.);
#11375 = VERTEX_POINT('',#11376);
#11376 = CARTESIAN_POINT('',(67.490792911552,-146.3420753274,0.));
#11377 = CIRCLE('',#11378,5.E-02);
#11378 = AXIS2_PLACEMENT_3D('',#11379,#11380,#11381);
#11379 = CARTESIAN_POINT('',(67.538227076454,-146.3578867157,0.));
#11380 = DIRECTION('',(0.,0.,-1.));
#11381 = DIRECTION('',(-1.,-3.086189912729E-13,-0.));
#11382 = ORIENTED_EDGE('',*,*,#11383,.T.);
#11383 = EDGE_CURVE('',#11375,#11384,#11386,.T.);
#11384 = VERTEX_POINT('',#11385);
#11385 = CARTESIAN_POINT('',(67.518732967432,-146.2582551598,0.));
#11386 = LINE('',#11387,#11388);
#11387 = CARTESIAN_POINT('',(67.490792911552,-146.3420753274,0.));
#11388 = VECTOR('',#11389,1.);
#11389 = DIRECTION('',(0.316227766017,0.94868329805,0.));
#11390 = ORIENTED_EDGE('',*,*,#11391,.T.);
#11391 = EDGE_CURVE('',#11384,#11016,#11392,.T.);
#11392 = CIRCLE('',#11393,4.999999999999E-02);
#11393 = AXIS2_PLACEMENT_3D('',#11394,#11395,#11396);
#11394 = CARTESIAN_POINT('',(67.566167132334,-146.2740665481,0.));
#11395 = DIRECTION('',(0.,0.,-1.));
#11396 = DIRECTION('',(-0.948683298051,0.316227766017,0.));
#11397 = FACE_BOUND('',#11398,.T.);
#11398 = EDGE_LOOP('',(#11399,#11409,#11417,#11425,#11433,#11441,#11449,
    #11457,#11465,#11473,#11481,#11489,#11498,#11506,#11514));
#11399 = ORIENTED_EDGE('',*,*,#11400,.T.);
#11400 = EDGE_CURVE('',#11401,#11403,#11405,.T.);
#11401 = VERTEX_POINT('',#11402);
#11402 = CARTESIAN_POINT('',(67.588227076454,-146.3777128886,0.));
#11403 = VERTEX_POINT('',#11404);
#11404 = CARTESIAN_POINT('',(67.609868734779,-146.4426378636,0.));
#11405 = LINE('',#11406,#11407);
#11406 = CARTESIAN_POINT('',(67.588227076454,-146.3777128886,0.));
#11407 = VECTOR('',#11408,1.);
#11408 = DIRECTION('',(0.316227766017,-0.94868329805,0.));
#11409 = ORIENTED_EDGE('',*,*,#11410,.T.);
#11410 = EDGE_CURVE('',#11403,#11411,#11413,.T.);
#11411 = VERTEX_POINT('',#11412);
#11412 = CARTESIAN_POINT('',(67.648890992682,-146.4816601215,0.));
#11413 = LINE('',#11414,#11415);
#11414 = CARTESIAN_POINT('',(67.609868734779,-146.4426378636,0.));
#11415 = VECTOR('',#11416,1.);
#11416 = DIRECTION('',(0.707106781186,-0.707106781187,0.));
#11417 = ORIENTED_EDGE('',*,*,#11418,.T.);
#11418 = EDGE_CURVE('',#11411,#11419,#11421,.T.);
#11419 = VERTEX_POINT('',#11420);
#11420 = CARTESIAN_POINT('',(67.716294402135,-146.5034671069,0.));
#11421 = LINE('',#11422,#11423);
#11422 = CARTESIAN_POINT('',(67.648890992682,-146.4816601215,0.));
#11423 = VECTOR('',#11424,1.);
#11424 = DIRECTION('',(0.951444518555,-0.307820285414,0.));
#11425 = ORIENTED_EDGE('',*,*,#11426,.T.);
#11426 = EDGE_CURVE('',#11419,#11427,#11429,.T.);
#11427 = VERTEX_POINT('',#11428);
#11428 = CARTESIAN_POINT('',(67.728233589687,-146.5034671069,0.));
#11429 = LINE('',#11430,#11431);
#11430 = CARTESIAN_POINT('',(67.716294402135,-146.5034671069,0.));
#11431 = VECTOR('',#11432,1.);
#11432 = DIRECTION('',(1.,0.,0.));
#11433 = ORIENTED_EDGE('',*,*,#11434,.T.);
#11434 = EDGE_CURVE('',#11427,#11435,#11437,.T.);
#11435 = VERTEX_POINT('',#11436);
#11436 = CARTESIAN_POINT('',(67.793158564662,-146.4818254486,0.));
#11437 = LINE('',#11438,#11439);
#11438 = CARTESIAN_POINT('',(67.728233589687,-146.5034671069,0.));
#11439 = VECTOR('',#11440,1.);
#11440 = DIRECTION('',(0.948683298051,0.316227766017,0.));
#11441 = ORIENTED_EDGE('',*,*,#11442,.T.);
#11442 = EDGE_CURVE('',#11435,#11443,#11445,.T.);
#11443 = VERTEX_POINT('',#11444);
#11444 = CARTESIAN_POINT('',(67.832346149651,-146.4426378636,0.));
#11445 = LINE('',#11446,#11447);
#11446 = CARTESIAN_POINT('',(67.793158564662,-146.4818254486,0.));
#11447 = VECTOR('',#11448,1.);
#11448 = DIRECTION('',(0.707106781187,0.707106781187,0.));
#11449 = ORIENTED_EDGE('',*,*,#11450,.T.);
#11450 = EDGE_CURVE('',#11443,#11451,#11453,.T.);
#11451 = VERTEX_POINT('',#11452);
#11452 = CARTESIAN_POINT('',(67.853987807976,-146.3777128886,0.));
#11453 = LINE('',#11454,#11455);
#11454 = CARTESIAN_POINT('',(67.832346149651,-146.4426378636,0.));
#11455 = VECTOR('',#11456,1.);
#11456 = DIRECTION('',(0.316227766017,0.948683298051,0.));
#11457 = ORIENTED_EDGE('',*,*,#11458,.T.);
#11458 = EDGE_CURVE('',#11451,#11459,#11461,.T.);
#11459 = VERTEX_POINT('',#11460);
#11460 = CARTESIAN_POINT('',(67.853987807976,-146.3660005987,0.));
#11461 = LINE('',#11462,#11463);
#11462 = CARTESIAN_POINT('',(67.853987807976,-146.3777128886,0.));
#11463 = VECTOR('',#11464,1.);
#11464 = DIRECTION('',(0.,1.,0.));
#11465 = ORIENTED_EDGE('',*,*,#11466,.T.);
#11466 = EDGE_CURVE('',#11459,#11467,#11469,.T.);
#11467 = VERTEX_POINT('',#11468);
#11468 = CARTESIAN_POINT('',(67.832346149651,-146.3010756238,0.));
#11469 = LINE('',#11470,#11471);
#11470 = CARTESIAN_POINT('',(67.853987807976,-146.3660005987,0.));
#11471 = VECTOR('',#11472,1.);
#11472 = DIRECTION('',(-0.316227766017,0.948683298051,0.));
#11473 = ORIENTED_EDGE('',*,*,#11474,.T.);
#11474 = EDGE_CURVE('',#11467,#11475,#11477,.T.);
#11475 = VERTEX_POINT('',#11476);
#11476 = CARTESIAN_POINT('',(67.793158564661,-146.2618880388,0.));
#11477 = LINE('',#11478,#11479);
#11478 = CARTESIAN_POINT('',(67.832346149651,-146.3010756238,0.));
#11479 = VECTOR('',#11480,1.);
#11480 = DIRECTION('',(-0.707106781187,0.707106781187,0.));
#11481 = ORIENTED_EDGE('',*,*,#11482,.T.);
#11482 = EDGE_CURVE('',#11475,#11483,#11485,.T.);
#11483 = VERTEX_POINT('',#11484);
#11484 = CARTESIAN_POINT('',(67.734728006314,-146.242411186,0.));
#11485 = LINE('',#11486,#11487);
#11486 = CARTESIAN_POINT('',(67.793158564661,-146.2618880388,0.));
#11487 = VECTOR('',#11488,1.);
#11488 = DIRECTION('',(-0.94868329805,0.316227766017,0.));
#11489 = ORIENTED_EDGE('',*,*,#11490,.T.);
#11490 = EDGE_CURVE('',#11483,#11491,#11493,.T.);
#11491 = VERTEX_POINT('',#11492);
#11492 = CARTESIAN_POINT('',(67.648883443773,-146.2620609148,0.));
#11493 = CIRCLE('',#11494,0.57129090206);
#11494 = AXIS2_PLACEMENT_3D('',#11495,#11496,#11497);
#11495 = CARTESIAN_POINT('',(67.818897637795,-146.8074676149,0.));
#11496 = DIRECTION('',(0.,0.,1.));
#11497 = DIRECTION('',(-0.147332350608,0.989087042916,0.));
#11498 = ORIENTED_EDGE('',*,*,#11499,.T.);
#11499 = EDGE_CURVE('',#11491,#11500,#11502,.T.);
#11500 = VERTEX_POINT('',#11501);
#11501 = CARTESIAN_POINT('',(67.609868734779,-146.3010756238,0.));
#11502 = LINE('',#11503,#11504);
#11503 = CARTESIAN_POINT('',(67.648883443773,-146.2620609148,0.));
#11504 = VECTOR('',#11505,1.);
#11505 = DIRECTION('',(-0.707106781186,-0.707106781187,0.));
#11506 = ORIENTED_EDGE('',*,*,#11507,.T.);
#11507 = EDGE_CURVE('',#11500,#11508,#11510,.T.);
#11508 = VERTEX_POINT('',#11509);
#11509 = CARTESIAN_POINT('',(67.588227076454,-146.3660005987,0.));
#11510 = LINE('',#11511,#11512);
#11511 = CARTESIAN_POINT('',(67.609868734779,-146.3010756238,0.));
#11512 = VECTOR('',#11513,1.);
#11513 = DIRECTION('',(-0.316227766017,-0.94868329805,0.));
#11514 = ORIENTED_EDGE('',*,*,#11515,.T.);
#11515 = EDGE_CURVE('',#11508,#11401,#11516,.T.);
#11516 = LINE('',#11517,#11518);
#11517 = CARTESIAN_POINT('',(67.588227076454,-146.3660005987,0.));
#11518 = VECTOR('',#11519,1.);
#11519 = DIRECTION('',(0.,-1.,0.));
#11520 = PLANE('',#11521);
#11521 = AXIS2_PLACEMENT_3D('',#11522,#11523,#11524);
#11522 = CARTESIAN_POINT('',(67.875952387154,-146.3664806711,0.));
#11523 = DIRECTION('',(-0.,-0.,-1.));
#11524 = DIRECTION('',(-1.,0.,0.));
#11525 = SHELL_BASED_SURFACE_MODEL('',(#11526));
#11526 = OPEN_SHELL('',(#11527));
#11527 = ADVANCED_FACE('',(#11528),#11922,.T.);
#11528 = FACE_BOUND('',#11529,.T.);
#11529 = EDGE_LOOP('',(#11530,#11540,#11549,#11557,#11566,#11574,#11583,
    #11591,#11600,#11608,#11617,#11625,#11634,#11642,#11651,#11659,
    #11667,#11675,#11683,#11691,#11699,#11707,#11715,#11723,#11731,
    #11739,#11747,#11755,#11763,#11772,#11780,#11789,#11797,#11806,
    #11814,#11822,#11830,#11839,#11847,#11856,#11864,#11873,#11881,
    #11890,#11898,#11907,#11915));
#11530 = ORIENTED_EDGE('',*,*,#11531,.T.);
#11531 = EDGE_CURVE('',#11532,#11534,#11536,.T.);
#11532 = VERTEX_POINT('',#11533);
#11533 = CARTESIAN_POINT('',(67.691766410928,-147.8604591432,0.));
#11534 = VERTEX_POINT('',#11535);
#11535 = CARTESIAN_POINT('',(67.605406238208,-147.8299790823,0.));
#11536 = LINE('',#11537,#11538);
#11537 = CARTESIAN_POINT('',(67.691766410928,-147.8604591432,0.));
#11538 = VECTOR('',#11539,1.);
#11539 = DIRECTION('',(-0.942990333583,0.332820117735,0.));
#11540 = ORIENTED_EDGE('',*,*,#11541,.T.);
#11541 = EDGE_CURVE('',#11534,#11542,#11544,.T.);
#11542 = VERTEX_POINT('',#11543);
#11543 = CARTESIAN_POINT('',(67.586691905035,-147.8181849047,0.));
#11544 = CIRCLE('',#11545,4.999999999999E-02);
#11545 = AXIS2_PLACEMENT_3D('',#11546,#11547,#11548);
#11546 = CARTESIAN_POINT('',(67.622047244095,-147.7828295656,0.));
#11547 = DIRECTION('',(0.,0.,-1.));
#11548 = DIRECTION('',(-0.332820117736,-0.942990333583,-0.));
#11549 = ORIENTED_EDGE('',*,*,#11550,.T.);
#11550 = EDGE_CURVE('',#11542,#11551,#11553,.T.);
#11551 = VERTEX_POINT('',#11552);
#11552 = CARTESIAN_POINT('',(67.530811793275,-147.7623047929,0.));
#11553 = LINE('',#11554,#11555);
#11554 = CARTESIAN_POINT('',(67.586691905035,-147.8181849047,0.));
#11555 = VECTOR('',#11556,1.);
#11556 = DIRECTION('',(-0.707106781187,0.707106781186,0.));
#11557 = ORIENTED_EDGE('',*,*,#11558,.T.);
#11558 = EDGE_CURVE('',#11551,#11559,#11561,.T.);
#11559 = VERTEX_POINT('',#11560);
#11560 = CARTESIAN_POINT('',(67.518732967432,-147.7427608422,0.));
#11561 = CIRCLE('',#11562,4.999999999999E-02);
#11562 = AXIS2_PLACEMENT_3D('',#11563,#11564,#11565);
#11563 = CARTESIAN_POINT('',(67.566167132334,-147.7269494538,0.));
#11564 = DIRECTION('',(0.,0.,-1.));
#11565 = DIRECTION('',(-0.707106781187,-0.707106781186,-0.));
#11566 = ORIENTED_EDGE('',*,*,#11567,.T.);
#11567 = EDGE_CURVE('',#11559,#11568,#11570,.T.);
#11568 = VERTEX_POINT('',#11569);
#11569 = CARTESIAN_POINT('',(67.490792911552,-147.6589406745,0.));
#11570 = LINE('',#11571,#11572);
#11571 = CARTESIAN_POINT('',(67.518732967432,-147.7427608422,0.));
#11572 = VECTOR('',#11573,1.);
#11573 = DIRECTION('',(-0.316227766017,0.94868329805,0.));
#11574 = ORIENTED_EDGE('',*,*,#11575,.T.);
#11575 = EDGE_CURVE('',#11568,#11576,#11578,.T.);
#11576 = VERTEX_POINT('',#11577);
#11577 = CARTESIAN_POINT('',(67.488227076454,-147.6431292862,0.));
#11578 = CIRCLE('',#11579,5.E-02);
#11579 = AXIS2_PLACEMENT_3D('',#11580,#11581,#11582);
#11580 = CARTESIAN_POINT('',(67.538227076454,-147.6431292862,0.));
#11581 = DIRECTION('',(0.,0.,-1.));
#11582 = DIRECTION('',(-0.948683298051,-0.316227766017,-0.));
#11583 = ORIENTED_EDGE('',*,*,#11584,.T.);
#11584 = EDGE_CURVE('',#11576,#11585,#11587,.T.);
#11585 = VERTEX_POINT('',#11586);
#11586 = CARTESIAN_POINT('',(67.488227076454,-147.5593091186,0.));
#11587 = LINE('',#11588,#11589);
#11588 = CARTESIAN_POINT('',(67.488227076454,-147.6431292862,0.));
#11589 = VECTOR('',#11590,1.);
#11590 = DIRECTION('',(0.,1.,0.));
#11591 = ORIENTED_EDGE('',*,*,#11592,.T.);
#11592 = EDGE_CURVE('',#11585,#11593,#11595,.T.);
#11593 = VERTEX_POINT('',#11594);
#11594 = CARTESIAN_POINT('',(67.490792911552,-147.5434977303,0.));
#11595 = CIRCLE('',#11596,5.E-02);
#11596 = AXIS2_PLACEMENT_3D('',#11597,#11598,#11599);
#11597 = CARTESIAN_POINT('',(67.538227076454,-147.5593091186,0.));
#11598 = DIRECTION('',(0.,0.,-1.));
#11599 = DIRECTION('',(-1.,-3.086189912729E-13,-0.));
#11600 = ORIENTED_EDGE('',*,*,#11601,.T.);
#11601 = EDGE_CURVE('',#11593,#11602,#11604,.T.);
#11602 = VERTEX_POINT('',#11603);
#11603 = CARTESIAN_POINT('',(67.518732967432,-147.4596775626,0.));
#11604 = LINE('',#11605,#11606);
#11605 = CARTESIAN_POINT('',(67.490792911552,-147.5434977303,0.));
#11606 = VECTOR('',#11607,1.);
#11607 = DIRECTION('',(0.316227766017,0.94868329805,0.));
#11608 = ORIENTED_EDGE('',*,*,#11609,.T.);
#11609 = EDGE_CURVE('',#11602,#11610,#11612,.T.);
#11610 = VERTEX_POINT('',#11611);
#11611 = CARTESIAN_POINT('',(67.530811793275,-147.4401336119,0.));
#11612 = CIRCLE('',#11613,5.000000000001E-02);
#11613 = AXIS2_PLACEMENT_3D('',#11614,#11615,#11616);
#11614 = CARTESIAN_POINT('',(67.566167132334,-147.4754889509,0.));
#11615 = DIRECTION('',(0.,0.,-1.));
#11616 = DIRECTION('',(-0.94868329805,0.316227766017,0.));
#11617 = ORIENTED_EDGE('',*,*,#11618,.T.);
#11618 = EDGE_CURVE('',#11610,#11619,#11621,.T.);
#11619 = VERTEX_POINT('',#11620);
#11620 = CARTESIAN_POINT('',(67.558751849155,-147.412193556,0.));
#11621 = LINE('',#11622,#11623);
#11622 = CARTESIAN_POINT('',(67.530811793275,-147.4401336119,0.));
#11623 = VECTOR('',#11624,1.);
#11624 = DIRECTION('',(0.707106781187,0.707106781187,0.));
#11625 = ORIENTED_EDGE('',*,*,#11626,.T.);
#11626 = EDGE_CURVE('',#11619,#11627,#11629,.T.);
#11627 = VERTEX_POINT('',#11628);
#11628 = CARTESIAN_POINT('',(67.571746508439,-147.4028275355,0.));
#11629 = CIRCLE('',#11630,5.000000000005E-02);
#11630 = AXIS2_PLACEMENT_3D('',#11631,#11632,#11633);
#11631 = CARTESIAN_POINT('',(67.594107188214,-147.447548895,0.));
#11632 = DIRECTION('',(0.,0.,-1.));
#11633 = DIRECTION('',(-0.707106781187,0.707106781186,0.));
#11634 = ORIENTED_EDGE('',*,*,#11635,.T.);
#11635 = EDGE_CURVE('',#11627,#11636,#11638,.T.);
#11636 = VERTEX_POINT('',#11637);
#11637 = CARTESIAN_POINT('',(67.6276266202,-147.3748874796,0.));
#11638 = LINE('',#11639,#11640);
#11639 = CARTESIAN_POINT('',(67.571746508439,-147.4028275355,0.));
#11640 = VECTOR('',#11641,1.);
#11641 = DIRECTION('',(0.894427191,0.4472135955,0.));
#11642 = ORIENTED_EDGE('',*,*,#11643,.T.);
#11643 = EDGE_CURVE('',#11636,#11644,#11646,.T.);
#11644 = VERTEX_POINT('',#11645);
#11645 = CARTESIAN_POINT('',(67.67234797975,-147.4643301987,0.));
#11646 = CIRCLE('',#11647,5.E-02);
#11647 = AXIS2_PLACEMENT_3D('',#11648,#11649,#11650);
#11648 = CARTESIAN_POINT('',(67.649987299975,-147.4196088392,0.));
#11649 = DIRECTION('',(0.,0.,-1.));
#11650 = DIRECTION('',(-0.4472135955,0.894427191,0.));
#11651 = ORIENTED_EDGE('',*,*,#11652,.T.);
#11652 = EDGE_CURVE('',#11644,#11653,#11655,.T.);
#11653 = VERTEX_POINT('',#11654);
#11654 = CARTESIAN_POINT('',(67.623725145577,-147.4886416158,0.));
#11655 = LINE('',#11656,#11657);
#11656 = CARTESIAN_POINT('',(67.67234797975,-147.4643301987,0.));
#11657 = VECTOR('',#11658,1.);
#11658 = DIRECTION('',(-0.894427191,-0.4472135955,0.));
#11659 = ORIENTED_EDGE('',*,*,#11660,.T.);
#11660 = EDGE_CURVE('',#11653,#11661,#11663,.T.);
#11661 = VERTEX_POINT('',#11662);
#11662 = CARTESIAN_POINT('',(67.609868734779,-147.5024980266,0.));
#11663 = LINE('',#11664,#11665);
#11664 = CARTESIAN_POINT('',(67.623725145577,-147.4886416158,0.));
#11665 = VECTOR('',#11666,1.);
#11666 = DIRECTION('',(-0.707106781187,-0.707106781186,0.));
#11667 = ORIENTED_EDGE('',*,*,#11668,.T.);
#11668 = EDGE_CURVE('',#11661,#11669,#11671,.T.);
#11669 = VERTEX_POINT('',#11670);
#11670 = CARTESIAN_POINT('',(67.588227076454,-147.5674230016,0.));
#11671 = LINE('',#11672,#11673);
#11672 = CARTESIAN_POINT('',(67.609868734779,-147.5024980266,0.));
#11673 = VECTOR('',#11674,1.);
#11674 = DIRECTION('',(-0.316227766017,-0.94868329805,0.));
#11675 = ORIENTED_EDGE('',*,*,#11676,.T.);
#11676 = EDGE_CURVE('',#11669,#11677,#11679,.T.);
#11677 = VERTEX_POINT('',#11678);
#11678 = CARTESIAN_POINT('',(67.588227076454,-147.6350154032,0.));
#11679 = LINE('',#11680,#11681);
#11680 = CARTESIAN_POINT('',(67.588227076454,-147.5674230016,0.));
#11681 = VECTOR('',#11682,1.);
#11682 = DIRECTION('',(0.,-1.,0.));
#11683 = ORIENTED_EDGE('',*,*,#11684,.T.);
#11684 = EDGE_CURVE('',#11677,#11685,#11687,.T.);
#11685 = VERTEX_POINT('',#11686);
#11686 = CARTESIAN_POINT('',(67.609868734779,-147.6999403782,0.));
#11687 = LINE('',#11688,#11689);
#11688 = CARTESIAN_POINT('',(67.588227076454,-147.6350154032,0.));
#11689 = VECTOR('',#11690,1.);
#11690 = DIRECTION('',(0.316227766017,-0.94868329805,0.));
#11691 = ORIENTED_EDGE('',*,*,#11692,.T.);
#11692 = EDGE_CURVE('',#11685,#11693,#11695,.T.);
#11693 = VERTEX_POINT('',#11694);
#11694 = CARTESIAN_POINT('',(67.649383035836,-147.7394546792,0.));
#11695 = LINE('',#11696,#11697);
#11696 = CARTESIAN_POINT('',(67.609868734779,-147.6999403782,0.));
#11697 = VECTOR('',#11698,1.);
#11698 = DIRECTION('',(0.707106781187,-0.707106781187,0.));
#11699 = ORIENTED_EDGE('',*,*,#11700,.T.);
#11700 = EDGE_CURVE('',#11693,#11701,#11703,.T.);
#11701 = VERTEX_POINT('',#11702);
#11702 = CARTESIAN_POINT('',(67.716972053293,-147.7633096266,0.));
#11703 = LINE('',#11704,#11705);
#11704 = CARTESIAN_POINT('',(67.649383035836,-147.7394546792,0.));
#11705 = VECTOR('',#11706,1.);
#11706 = DIRECTION('',(0.942990333583,-0.332820117735,0.));
#11707 = ORIENTED_EDGE('',*,*,#11708,.T.);
#11708 = EDGE_CURVE('',#11701,#11709,#11711,.T.);
#11709 = VERTEX_POINT('',#11710);
#11710 = CARTESIAN_POINT('',(67.755478779691,-147.7633096266,0.));
#11711 = LINE('',#11712,#11713);
#11712 = CARTESIAN_POINT('',(67.716972053293,-147.7633096266,0.));
#11713 = VECTOR('',#11714,1.);
#11714 = DIRECTION('',(1.,0.,0.));
#11715 = ORIENTED_EDGE('',*,*,#11716,.T.);
#11716 = EDGE_CURVE('',#11709,#11717,#11719,.T.);
#11717 = VERTEX_POINT('',#11718);
#11718 = CARTESIAN_POINT('',(67.820595915677,-147.739630668,0.));
#11719 = LINE('',#11720,#11721);
#11720 = CARTESIAN_POINT('',(67.755478779691,-147.7633096266,0.));
#11721 = VECTOR('',#11722,1.);
#11722 = DIRECTION('',(0.939793423488,0.341743063087,0.));
#11723 = ORIENTED_EDGE('',*,*,#11724,.T.);
#11724 = EDGE_CURVE('',#11717,#11725,#11727,.T.);
#11725 = VERTEX_POINT('',#11726);
#11726 = CARTESIAN_POINT('',(67.860286205531,-147.6999403782,0.));
#11727 = LINE('',#11728,#11729);
#11728 = CARTESIAN_POINT('',(67.820595915677,-147.739630668,0.));
#11729 = VECTOR('',#11730,1.);
#11730 = DIRECTION('',(0.707106781187,0.707106781186,0.));
#11731 = ORIENTED_EDGE('',*,*,#11732,.T.);
#11732 = EDGE_CURVE('',#11725,#11733,#11735,.T.);
#11733 = VERTEX_POINT('',#11734);
#11734 = CARTESIAN_POINT('',(67.881927863856,-147.6350154032,0.));
#11735 = LINE('',#11736,#11737);
#11736 = CARTESIAN_POINT('',(67.860286205531,-147.6999403782,0.));
#11737 = VECTOR('',#11738,1.);
#11738 = DIRECTION('',(0.316227766017,0.948683298051,0.));
#11739 = ORIENTED_EDGE('',*,*,#11740,.T.);
#11740 = EDGE_CURVE('',#11733,#11741,#11743,.T.);
#11741 = VERTEX_POINT('',#11742);
#11742 = CARTESIAN_POINT('',(67.881927863856,-147.5674230016,0.));
#11743 = LINE('',#11744,#11745);
#11744 = CARTESIAN_POINT('',(67.881927863856,-147.6350154032,0.));
#11745 = VECTOR('',#11746,1.);
#11746 = DIRECTION('',(0.,1.,0.));
#11747 = ORIENTED_EDGE('',*,*,#11748,.T.);
#11748 = EDGE_CURVE('',#11741,#11749,#11751,.T.);
#11749 = VERTEX_POINT('',#11750);
#11750 = CARTESIAN_POINT('',(67.860286205531,-147.5024980266,0.));
#11751 = LINE('',#11752,#11753);
#11752 = CARTESIAN_POINT('',(67.881927863856,-147.5674230016,0.));
#11753 = VECTOR('',#11754,1.);
#11754 = DIRECTION('',(-0.316227766017,0.948683298051,0.));
#11755 = ORIENTED_EDGE('',*,*,#11756,.T.);
#11756 = EDGE_CURVE('',#11749,#11757,#11759,.T.);
#11757 = VERTEX_POINT('',#11758);
#11758 = CARTESIAN_POINT('',(67.840692413036,-147.4829042341,0.));
#11759 = LINE('',#11760,#11761);
#11760 = CARTESIAN_POINT('',(67.860286205531,-147.5024980266,0.));
#11761 = VECTOR('',#11762,1.);
#11762 = DIRECTION('',(-0.707106781186,0.707106781187,0.));
#11763 = ORIENTED_EDGE('',*,*,#11764,.T.);
#11764 = EDGE_CURVE('',#11757,#11765,#11767,.T.);
#11765 = VERTEX_POINT('',#11766);
#11766 = CARTESIAN_POINT('',(67.881514776053,-147.3978486773,0.));
#11767 = CIRCLE('',#11768,5.E-02);
#11768 = AXIS2_PLACEMENT_3D('',#11769,#11770,#11771);
#11769 = CARTESIAN_POINT('',(67.876047752096,-147.447548895,0.));
#11770 = DIRECTION('',(0.,0.,-1.));
#11771 = DIRECTION('',(-0.707106781187,-0.707106781187,-0.));
#11772 = ORIENTED_EDGE('',*,*,#11773,.T.);
#11773 = EDGE_CURVE('',#11765,#11774,#11776,.T.);
#11774 = VERTEX_POINT('',#11775);
#11775 = CARTESIAN_POINT('',(68.135515284054,-147.4257887331,0.));
#11776 = LINE('',#11777,#11778);
#11777 = CARTESIAN_POINT('',(67.881514776053,-147.3978486773,0.));
#11778 = VECTOR('',#11779,1.);
#11779 = DIRECTION('',(0.994004355935,-0.109340479153,0.));
#11780 = ORIENTED_EDGE('',*,*,#11781,.T.);
#11781 = EDGE_CURVE('',#11774,#11782,#11784,.T.);
#11782 = VERTEX_POINT('',#11783);
#11783 = CARTESIAN_POINT('',(68.180048260097,-147.4754889509,0.));
#11784 = CIRCLE('',#11785,4.999999999999E-02);
#11785 = AXIS2_PLACEMENT_3D('',#11786,#11787,#11788);
#11786 = CARTESIAN_POINT('',(68.130048260097,-147.4754889509,0.));
#11787 = DIRECTION('',(0.,0.,-1.));
#11788 = DIRECTION('',(0.109340479153,0.994004355935,0.));
#11789 = ORIENTED_EDGE('',*,*,#11790,.T.);
#11790 = EDGE_CURVE('',#11782,#11791,#11793,.T.);
#11791 = VERTEX_POINT('',#11792);
#11792 = CARTESIAN_POINT('',(68.180048260097,-147.7548895097,0.));
#11793 = LINE('',#11794,#11795);
#11794 = CARTESIAN_POINT('',(68.180048260097,-147.4754889509,0.));
#11795 = VECTOR('',#11796,1.);
#11796 = DIRECTION('',(0.,-1.,0.));
#11797 = ORIENTED_EDGE('',*,*,#11798,.T.);
#11798 = EDGE_CURVE('',#11791,#11799,#11801,.T.);
#11799 = VERTEX_POINT('',#11800);
#11800 = CARTESIAN_POINT('',(68.080048260097,-147.7548895097,0.));
#11801 = CIRCLE('',#11802,5.E-02);
#11802 = AXIS2_PLACEMENT_3D('',#11803,#11804,#11805);
#11803 = CARTESIAN_POINT('',(68.130048260097,-147.7548895097,0.));
#11804 = DIRECTION('',(-0.,0.,-1.));
#11805 = DIRECTION('',(1.,-1.110223024625E-16,-0.));
#11806 = ORIENTED_EDGE('',*,*,#11807,.T.);
#11807 = EDGE_CURVE('',#11799,#11808,#11810,.T.);
#11808 = VERTEX_POINT('',#11809);
#11809 = CARTESIAN_POINT('',(68.080048260097,-147.5202905414,0.));
#11810 = LINE('',#11811,#11812);
#11811 = CARTESIAN_POINT('',(68.080048260097,-147.7548895097,0.));
#11812 = VECTOR('',#11813,1.);
#11813 = DIRECTION('',(0.,1.,0.));
#11814 = ORIENTED_EDGE('',*,*,#11815,.T.);
#11815 = EDGE_CURVE('',#11808,#11816,#11818,.T.);
#11816 = VERTEX_POINT('',#11817);
#11817 = CARTESIAN_POINT('',(67.967499511681,-147.507910179,0.));
#11818 = LINE('',#11819,#11820);
#11819 = CARTESIAN_POINT('',(68.080048260097,-147.5202905414,0.));
#11820 = VECTOR('',#11821,1.);
#11821 = DIRECTION('',(-0.994004355935,0.109340479153,0.));
#11822 = ORIENTED_EDGE('',*,*,#11823,.T.);
#11823 = EDGE_CURVE('',#11816,#11824,#11826,.T.);
#11824 = VERTEX_POINT('',#11825);
#11825 = CARTESIAN_POINT('',(67.979362028758,-147.5434977303,0.));
#11826 = LINE('',#11827,#11828);
#11827 = CARTESIAN_POINT('',(67.967499511681,-147.507910179,0.));
#11828 = VECTOR('',#11829,1.);
#11829 = DIRECTION('',(0.316227766017,-0.94868329805,0.));
#11830 = ORIENTED_EDGE('',*,*,#11831,.T.);
#11831 = EDGE_CURVE('',#11824,#11832,#11834,.T.);
#11832 = VERTEX_POINT('',#11833);
#11833 = CARTESIAN_POINT('',(67.981927863856,-147.5593091186,0.));
#11834 = CIRCLE('',#11835,5.E-02);
#11835 = AXIS2_PLACEMENT_3D('',#11836,#11837,#11838);
#11836 = CARTESIAN_POINT('',(67.931927863856,-147.5593091186,0.));
#11837 = DIRECTION('',(0.,0.,-1.));
#11838 = DIRECTION('',(0.948683298051,0.316227766016,0.));
#11839 = ORIENTED_EDGE('',*,*,#11840,.T.);
#11840 = EDGE_CURVE('',#11832,#11841,#11843,.T.);
#11841 = VERTEX_POINT('',#11842);
#11842 = CARTESIAN_POINT('',(67.981927863856,-147.6431292862,0.));
#11843 = LINE('',#11844,#11845);
#11844 = CARTESIAN_POINT('',(67.981927863856,-147.5593091186,0.));
#11845 = VECTOR('',#11846,1.);
#11846 = DIRECTION('',(1.695398030719E-13,-1.,0.));
#11847 = ORIENTED_EDGE('',*,*,#11848,.T.);
#11848 = EDGE_CURVE('',#11841,#11849,#11851,.T.);
#11849 = VERTEX_POINT('',#11850);
#11850 = CARTESIAN_POINT('',(67.979362028758,-147.6589406745,0.));
#11851 = CIRCLE('',#11852,5.E-02);
#11852 = AXIS2_PLACEMENT_3D('',#11853,#11854,#11855);
#11853 = CARTESIAN_POINT('',(67.931927863856,-147.6431292862,0.));
#11854 = DIRECTION('',(0.,0.,-1.));
#11855 = DIRECTION('',(1.,-5.663655301725E-13,0.));
#11856 = ORIENTED_EDGE('',*,*,#11857,.T.);
#11857 = EDGE_CURVE('',#11849,#11858,#11860,.T.);
#11858 = VERTEX_POINT('',#11859);
#11859 = CARTESIAN_POINT('',(67.951421972878,-147.7427608422,0.));
#11860 = LINE('',#11861,#11862);
#11861 = CARTESIAN_POINT('',(67.979362028758,-147.6589406745,0.));
#11862 = VECTOR('',#11863,1.);
#11863 = DIRECTION('',(-0.316227766017,-0.94868329805,0.));
#11864 = ORIENTED_EDGE('',*,*,#11865,.T.);
#11865 = EDGE_CURVE('',#11858,#11866,#11868,.T.);
#11866 = VERTEX_POINT('',#11867);
#11867 = CARTESIAN_POINT('',(67.939343147035,-147.7623047929,0.));
#11868 = CIRCLE('',#11869,4.999999999999E-02);
#11869 = AXIS2_PLACEMENT_3D('',#11870,#11871,#11872);
#11870 = CARTESIAN_POINT('',(67.903987807976,-147.7269494538,0.));
#11871 = DIRECTION('',(0.,0.,-1.));
#11872 = DIRECTION('',(0.948683298051,-0.316227766017,0.));
#11873 = ORIENTED_EDGE('',*,*,#11874,.T.);
#11874 = EDGE_CURVE('',#11866,#11875,#11877,.T.);
#11875 = VERTEX_POINT('',#11876);
#11876 = CARTESIAN_POINT('',(67.883463035275,-147.8181849047,0.));
#11877 = LINE('',#11878,#11879);
#11878 = CARTESIAN_POINT('',(67.939343147035,-147.7623047929,0.));
#11879 = VECTOR('',#11880,1.);
#11880 = DIRECTION('',(-0.707106781186,-0.707106781187,0.));
#11881 = ORIENTED_EDGE('',*,*,#11882,.T.);
#11882 = EDGE_CURVE('',#11875,#11883,#11885,.T.);
#11883 = VERTEX_POINT('',#11884);
#11884 = CARTESIAN_POINT('',(67.86519484937,-147.8298192368,0.));
#11885 = CIRCLE('',#11886,5.000000000002E-02);
#11886 = AXIS2_PLACEMENT_3D('',#11887,#11888,#11889);
#11887 = CARTESIAN_POINT('',(67.848107696215,-147.7828295656,0.));
#11888 = DIRECTION('',(0.,0.,-1.));
#11889 = DIRECTION('',(0.707106781186,-0.707106781187,0.));
#11890 = ORIENTED_EDGE('',*,*,#11891,.T.);
#11891 = EDGE_CURVE('',#11883,#11892,#11894,.T.);
#11892 = VERTEX_POINT('',#11893);
#11893 = CARTESIAN_POINT('',(67.781374681729,-147.8602992977,0.));
#11894 = LINE('',#11895,#11896);
#11895 = CARTESIAN_POINT('',(67.86519484937,-147.8298192368,0.));
#11896 = VECTOR('',#11897,1.);
#11897 = DIRECTION('',(-0.939793423488,-0.341743063087,0.));
#11898 = ORIENTED_EDGE('',*,*,#11899,.T.);
#11899 = EDGE_CURVE('',#11892,#11900,#11902,.T.);
#11900 = VERTEX_POINT('',#11901);
#11901 = CARTESIAN_POINT('',(67.764287528575,-147.8633096266,0.));
#11902 = CIRCLE('',#11903,5.000000000001E-02);
#11903 = AXIS2_PLACEMENT_3D('',#11904,#11905,#11906);
#11904 = CARTESIAN_POINT('',(67.764287528575,-147.8133096266,0.));
#11905 = DIRECTION('',(0.,0.,-1.));
#11906 = DIRECTION('',(0.341743063087,-0.939793423488,0.));
#11907 = ORIENTED_EDGE('',*,*,#11908,.T.);
#11908 = EDGE_CURVE('',#11900,#11909,#11911,.T.);
#11909 = VERTEX_POINT('',#11910);
#11910 = CARTESIAN_POINT('',(67.708407416815,-147.8633096266,0.));
#11911 = LINE('',#11912,#11913);
#11912 = CARTESIAN_POINT('',(67.764287528575,-147.8633096266,0.));
#11913 = VECTOR('',#11914,1.);
#11914 = DIRECTION('',(-1.,0.,0.));
#11915 = ORIENTED_EDGE('',*,*,#11916,.T.);
#11916 = EDGE_CURVE('',#11909,#11532,#11917,.T.);
#11917 = CIRCLE('',#11918,5.000000000001E-02);
#11918 = AXIS2_PLACEMENT_3D('',#11919,#11920,#11921);
#11919 = CARTESIAN_POINT('',(67.708407416815,-147.8133096266,0.));
#11920 = DIRECTION('',(0.,0.,-1.));
#11921 = DIRECTION('',(-1.144349596449E-13,-1.,-0.));
#11922 = PLANE('',#11923);
#11923 = AXIS2_PLACEMENT_3D('',#11924,#11925,#11926);
#11924 = CARTESIAN_POINT('',(67.842816816019,-147.6140558225,0.));
#11925 = DIRECTION('',(-0.,-0.,-1.));
#11926 = DIRECTION('',(-1.,0.,0.));
#11927 = SHELL_BASED_SURFACE_MODEL('',(#11928));
#11928 = OPEN_SHELL('',(#11929));
#11929 = ADVANCED_FACE('',(#11930,#12138),#12238,.T.);
#11930 = FACE_BOUND('',#11931,.T.);
#11931 = EDGE_LOOP('',(#11932,#11942,#11951,#11960,#11969,#11977,#11986,
    #11994,#12003,#12011,#12020,#12028,#12037,#12045,#12054,#12063,
    #12072,#12080,#12089,#12097,#12106,#12114,#12123,#12131));
#11932 = ORIENTED_EDGE('',*,*,#11933,.T.);
#11933 = EDGE_CURVE('',#11934,#11936,#11938,.T.);
#11934 = VERTEX_POINT('',#11935);
#11935 = CARTESIAN_POINT('',(67.538432122523,-146.8319052322,0.));
#11936 = VERTEX_POINT('',#11937);
#11937 = CARTESIAN_POINT('',(67.622252290163,-146.7760251205,0.));
#11938 = LINE('',#11939,#11940);
#11939 = CARTESIAN_POINT('',(67.538432122523,-146.8319052322,0.));
#11940 = VECTOR('',#11941,1.);
#11941 = DIRECTION('',(0.832050294338,0.554700196225,0.));
#11942 = ORIENTED_EDGE('',*,*,#11943,.T.);
#11943 = EDGE_CURVE('',#11936,#11944,#11946,.T.);
#11944 = VERTEX_POINT('',#11945);
#11945 = CARTESIAN_POINT('',(67.634290414157,-146.7701554562,0.));
#11946 = CIRCLE('',#11947,4.999999999996E-02);
#11947 = AXIS2_PLACEMENT_3D('',#11948,#11949,#11950);
#11948 = CARTESIAN_POINT('',(67.649987299975,-146.8176276352,0.));
#11949 = DIRECTION('',(0.,0.,-1.));
#11950 = DIRECTION('',(-0.554700196225,0.832050294338,0.));
#11951 = ORIENTED_EDGE('',*,*,#11952,.T.);
#11952 = EDGE_CURVE('',#11944,#11953,#11955,.T.);
#11953 = VERTEX_POINT('',#11954);
#11954 = CARTESIAN_POINT('',(68.031444917314,-146.7701554562,0.));
#11955 = CIRCLE('',#11956,0.632537096481);
#11956 = AXIS2_PLACEMENT_3D('',#11957,#11958,#11959);
#11957 = CARTESIAN_POINT('',(67.832867665735,-147.3707137412,0.));
#11958 = DIRECTION('',(0.,0.,-1.));
#11959 = DIRECTION('',(-0.313937716354,0.949443579288,0.));
#11960 = ORIENTED_EDGE('',*,*,#11961,.T.);
#11961 = EDGE_CURVE('',#11953,#11962,#11964,.T.);
#11962 = VERTEX_POINT('',#11963);
#11963 = CARTESIAN_POINT('',(68.042910595404,-146.7756491273,0.));
#11964 = CIRCLE('',#11965,5.000000000005E-02);
#11965 = AXIS2_PLACEMENT_3D('',#11966,#11967,#11968);
#11966 = CARTESIAN_POINT('',(68.015748031496,-146.8176276352,0.));
#11967 = DIRECTION('',(0.,0.,-1.));
#11968 = DIRECTION('',(0.313937716354,0.949443579288,0.));
#11969 = ORIENTED_EDGE('',*,*,#11970,.T.);
#11970 = EDGE_CURVE('',#11962,#11971,#11973,.T.);
#11971 = VERTEX_POINT('',#11972);
#11972 = CARTESIAN_POINT('',(68.129270768124,-146.8315292391,0.));
#11973 = LINE('',#11974,#11975);
#11974 = CARTESIAN_POINT('',(68.042910595404,-146.7756491273,0.));
#11975 = VECTOR('',#11976,1.);
#11976 = DIRECTION('',(0.839570157152,-0.543251278157,0.));
#11977 = ORIENTED_EDGE('',*,*,#11978,.T.);
#11978 = EDGE_CURVE('',#11971,#11979,#11981,.T.);
#11979 = VERTEX_POINT('',#11980);
#11980 = CARTESIAN_POINT('',(68.149542369119,-146.8576963587,0.));
#11981 = CIRCLE('',#11982,5.000000000006E-02);
#11982 = AXIS2_PLACEMENT_3D('',#11983,#11984,#11985);
#11983 = CARTESIAN_POINT('',(68.102108204216,-146.873507747,0.));
#11984 = DIRECTION('',(0.,0.,-1.));
#11985 = DIRECTION('',(0.543251278158,0.839570157152,0.));
#11986 = ORIENTED_EDGE('',*,*,#11987,.T.);
#11987 = EDGE_CURVE('',#11979,#11988,#11990,.T.);
#11988 = VERTEX_POINT('',#11989);
#11989 = CARTESIAN_POINT('',(68.177482424999,-146.9415165263,0.));
#11990 = LINE('',#11991,#11992);
#11991 = CARTESIAN_POINT('',(68.149542369119,-146.8576963587,0.));
#11992 = VECTOR('',#11993,1.);
#11993 = DIRECTION('',(0.316227766017,-0.94868329805,0.));
#11994 = ORIENTED_EDGE('',*,*,#11995,.T.);
#11995 = EDGE_CURVE('',#11988,#11996,#11998,.T.);
#11996 = VERTEX_POINT('',#11997);
#11997 = CARTESIAN_POINT('',(68.180048260097,-146.9573279146,0.));
#11998 = CIRCLE('',#11999,5.E-02);
#11999 = AXIS2_PLACEMENT_3D('',#12000,#12001,#12002);
#12000 = CARTESIAN_POINT('',(68.130048260097,-146.9573279146,0.));
#12001 = DIRECTION('',(0.,0.,-1.));
#12002 = DIRECTION('',(0.948683298051,0.316227766017,0.));
#12003 = ORIENTED_EDGE('',*,*,#12004,.T.);
#12004 = EDGE_CURVE('',#11996,#12005,#12007,.T.);
#12005 = VERTEX_POINT('',#12006);
#12006 = CARTESIAN_POINT('',(68.180048260097,-147.0132080264,0.));
#12007 = LINE('',#12008,#12009);
#12008 = CARTESIAN_POINT('',(68.180048260097,-146.9573279146,0.));
#12009 = VECTOR('',#12010,1.);
#12010 = DIRECTION('',(0.,-1.,0.));
#12011 = ORIENTED_EDGE('',*,*,#12012,.T.);
#12012 = EDGE_CURVE('',#12005,#12013,#12015,.T.);
#12013 = VERTEX_POINT('',#12014);
#12014 = CARTESIAN_POINT('',(68.177482424999,-147.0290194147,0.));
#12015 = CIRCLE('',#12016,5.E-02);
#12016 = AXIS2_PLACEMENT_3D('',#12017,#12018,#12019);
#12017 = CARTESIAN_POINT('',(68.130048260097,-147.0132080264,0.));
#12018 = DIRECTION('',(0.,0.,-1.));
#12019 = DIRECTION('',(1.,3.093229208959E-13,0.));
#12020 = ORIENTED_EDGE('',*,*,#12021,.T.);
#12021 = EDGE_CURVE('',#12013,#12022,#12024,.T.);
#12022 = VERTEX_POINT('',#12023);
#12023 = CARTESIAN_POINT('',(68.149542369119,-147.1128395823,0.));
#12024 = LINE('',#12025,#12026);
#12025 = CARTESIAN_POINT('',(68.177482424999,-147.0290194147,0.));
#12026 = VECTOR('',#12027,1.);
#12027 = DIRECTION('',(-0.316227766017,-0.94868329805,0.));
#12028 = ORIENTED_EDGE('',*,*,#12029,.T.);
#12029 = EDGE_CURVE('',#12022,#12030,#12032,.T.);
#12030 = VERTEX_POINT('',#12031);
#12031 = CARTESIAN_POINT('',(68.129270768124,-147.1390067019,0.));
#12032 = CIRCLE('',#12033,5.000000000005E-02);
#12033 = AXIS2_PLACEMENT_3D('',#12034,#12035,#12036);
#12034 = CARTESIAN_POINT('',(68.102108204216,-147.097028194,0.));
#12035 = DIRECTION('',(0.,0.,-1.));
#12036 = DIRECTION('',(0.948683298051,-0.316227766017,0.));
#12037 = ORIENTED_EDGE('',*,*,#12038,.T.);
#12038 = EDGE_CURVE('',#12030,#12039,#12041,.T.);
#12039 = VERTEX_POINT('',#12040);
#12040 = CARTESIAN_POINT('',(68.042910595404,-147.1948868136,0.));
#12041 = LINE('',#12042,#12043);
#12042 = CARTESIAN_POINT('',(68.129270768124,-147.1390067019,0.));
#12043 = VECTOR('',#12044,1.);
#12044 = DIRECTION('',(-0.839570157152,-0.543251278157,0.));
#12045 = ORIENTED_EDGE('',*,*,#12046,.T.);
#12046 = EDGE_CURVE('',#12039,#12047,#12049,.T.);
#12047 = VERTEX_POINT('',#12048);
#12048 = CARTESIAN_POINT('',(68.032786091297,-147.1999158,0.));
#12049 = CIRCLE('',#12050,5.000000000004E-02);
#12050 = AXIS2_PLACEMENT_3D('',#12051,#12052,#12053);
#12051 = CARTESIAN_POINT('',(68.015748031496,-147.1529083058,0.));
#12052 = DIRECTION('',(0.,0.,-1.));
#12053 = DIRECTION('',(0.543251278158,-0.839570157151,0.));
#12054 = ORIENTED_EDGE('',*,*,#12055,.T.);
#12055 = EDGE_CURVE('',#12047,#12056,#12058,.T.);
#12056 = VERTEX_POINT('',#12057);
#12057 = CARTESIAN_POINT('',(67.632949240173,-147.1999158,0.));
#12058 = CIRCLE('',#12059,0.586681898921);
#12059 = AXIS2_PLACEMENT_3D('',#12060,#12061,#12062);
#12060 = CARTESIAN_POINT('',(67.832867665735,-146.6483468799,0.));
#12061 = DIRECTION('',(-0.,0.,-1.));
#12062 = DIRECTION('',(0.340761196024,-0.940149885542,-0.));
#12063 = ORIENTED_EDGE('',*,*,#12064,.T.);
#12064 = EDGE_CURVE('',#12056,#12065,#12067,.T.);
#12065 = VERTEX_POINT('',#12066);
#12066 = CARTESIAN_POINT('',(67.622252290163,-147.1945108205,0.));
#12067 = CIRCLE('',#12068,5.000000000008E-02);
#12068 = AXIS2_PLACEMENT_3D('',#12069,#12070,#12071);
#12069 = CARTESIAN_POINT('',(67.649987299975,-147.1529083058,0.));
#12070 = DIRECTION('',(0.,0.,-1.));
#12071 = DIRECTION('',(-0.340761196024,-0.940149885542,-0.));
#12072 = ORIENTED_EDGE('',*,*,#12073,.T.);
#12073 = EDGE_CURVE('',#12065,#12074,#12076,.T.);
#12074 = VERTEX_POINT('',#12075);
#12075 = CARTESIAN_POINT('',(67.538432122523,-147.1386307087,0.));
#12076 = LINE('',#12077,#12078);
#12077 = CARTESIAN_POINT('',(67.622252290163,-147.1945108205,0.));
#12078 = VECTOR('',#12079,1.);
#12079 = DIRECTION('',(-0.832050294338,0.554700196225,0.));
#12080 = ORIENTED_EDGE('',*,*,#12081,.T.);
#12081 = EDGE_CURVE('',#12074,#12082,#12084,.T.);
#12082 = VERTEX_POINT('',#12083);
#12083 = CARTESIAN_POINT('',(67.518732967432,-147.1128395823,0.));
#12084 = CIRCLE('',#12085,4.999999999999E-02);
#12085 = AXIS2_PLACEMENT_3D('',#12086,#12087,#12088);
#12086 = CARTESIAN_POINT('',(67.566167132334,-147.097028194,0.));
#12087 = DIRECTION('',(0.,0.,-1.));
#12088 = DIRECTION('',(-0.554700196225,-0.832050294338,-0.));
#12089 = ORIENTED_EDGE('',*,*,#12090,.T.);
#12090 = EDGE_CURVE('',#12082,#12091,#12093,.T.);
#12091 = VERTEX_POINT('',#12092);
#12092 = CARTESIAN_POINT('',(67.490792911552,-147.0290194147,0.));
#12093 = LINE('',#12094,#12095);
#12094 = CARTESIAN_POINT('',(67.518732967432,-147.1128395823,0.));
#12095 = VECTOR('',#12096,1.);
#12096 = DIRECTION('',(-0.316227766017,0.94868329805,0.));
#12097 = ORIENTED_EDGE('',*,*,#12098,.T.);
#12098 = EDGE_CURVE('',#12091,#12099,#12101,.T.);
#12099 = VERTEX_POINT('',#12100);
#12100 = CARTESIAN_POINT('',(67.488227076454,-147.0132080264,0.));
#12101 = CIRCLE('',#12102,5.E-02);
#12102 = AXIS2_PLACEMENT_3D('',#12103,#12104,#12105);
#12103 = CARTESIAN_POINT('',(67.538227076454,-147.0132080264,0.));
#12104 = DIRECTION('',(0.,0.,-1.));
#12105 = DIRECTION('',(-0.948683298051,-0.316227766017,-0.));
#12106 = ORIENTED_EDGE('',*,*,#12107,.T.);
#12107 = EDGE_CURVE('',#12099,#12108,#12110,.T.);
#12108 = VERTEX_POINT('',#12109);
#12109 = CARTESIAN_POINT('',(67.488227076454,-146.9573279146,0.));
#12110 = LINE('',#12111,#12112);
#12111 = CARTESIAN_POINT('',(67.488227076454,-147.0132080264,0.));
#12112 = VECTOR('',#12113,1.);
#12113 = DIRECTION('',(0.,1.,0.));
#12114 = ORIENTED_EDGE('',*,*,#12115,.T.);
#12115 = EDGE_CURVE('',#12108,#12116,#12118,.T.);
#12116 = VERTEX_POINT('',#12117);
#12117 = CARTESIAN_POINT('',(67.490792911552,-146.9415165263,0.));
#12118 = CIRCLE('',#12119,5.E-02);
#12119 = AXIS2_PLACEMENT_3D('',#12120,#12121,#12122);
#12120 = CARTESIAN_POINT('',(67.538227076454,-146.9573279146,0.));
#12121 = DIRECTION('',(0.,0.,-1.));
#12122 = DIRECTION('',(-1.,-3.086189912729E-13,-0.));
#12123 = ORIENTED_EDGE('',*,*,#12124,.T.);
#12124 = EDGE_CURVE('',#12116,#12125,#12127,.T.);
#12125 = VERTEX_POINT('',#12126);
#12126 = CARTESIAN_POINT('',(67.518732967432,-146.8576963587,0.));
#12127 = LINE('',#12128,#12129);
#12128 = CARTESIAN_POINT('',(67.490792911552,-146.9415165263,0.));
#12129 = VECTOR('',#12130,1.);
#12130 = DIRECTION('',(0.316227766017,0.94868329805,0.));
#12131 = ORIENTED_EDGE('',*,*,#12132,.T.);
#12132 = EDGE_CURVE('',#12125,#11934,#12133,.T.);
#12133 = CIRCLE('',#12134,4.999999999998E-02);
#12134 = AXIS2_PLACEMENT_3D('',#12135,#12136,#12137);
#12135 = CARTESIAN_POINT('',(67.566167132334,-146.873507747,0.));
#12136 = DIRECTION('',(0.,0.,-1.));
#12137 = DIRECTION('',(-0.94868329805,0.316227766017,0.));
#12138 = FACE_BOUND('',#12139,.T.);
#12139 = EDGE_LOOP('',(#12140,#12150,#12158,#12167,#12175,#12183,#12191,
    #12199,#12207,#12216,#12224,#12232));
#12140 = ORIENTED_EDGE('',*,*,#12141,.T.);
#12141 = EDGE_CURVE('',#12142,#12144,#12146,.T.);
#12142 = VERTEX_POINT('',#12143);
#12143 = CARTESIAN_POINT('',(67.588227076454,-147.0050941434,0.));
#12144 = VERTEX_POINT('',#12145);
#12145 = CARTESIAN_POINT('',(67.60817628737,-147.0649417761,0.));
#12146 = LINE('',#12147,#12148);
#12147 = CARTESIAN_POINT('',(67.588227076454,-147.0050941434,0.));
#12148 = VECTOR('',#12149,1.);
#12149 = DIRECTION('',(0.316227766017,-0.94868329805,0.));
#12150 = ORIENTED_EDGE('',*,*,#12151,.T.);
#12151 = EDGE_CURVE('',#12144,#12152,#12154,.T.);
#12152 = VERTEX_POINT('',#12153);
#12153 = CARTESIAN_POINT('',(67.67257543511,-147.1078745413,0.));
#12154 = LINE('',#12155,#12156);
#12155 = CARTESIAN_POINT('',(67.60817628737,-147.0649417761,0.));
#12156 = VECTOR('',#12157,1.);
#12157 = DIRECTION('',(0.832050294338,-0.554700196225,0.));
#12158 = ORIENTED_EDGE('',*,*,#12159,.T.);
#12159 = EDGE_CURVE('',#12152,#12160,#12162,.T.);
#12160 = VERTEX_POINT('',#12161);
#12161 = CARTESIAN_POINT('',(67.99347996555,-147.1077627698,0.));
#12162 = CIRCLE('',#12163,0.486681898921);
#12163 = AXIS2_PLACEMENT_3D('',#12164,#12165,#12166);
#12164 = CARTESIAN_POINT('',(67.832867665735,-146.6483468799,0.));
#12165 = DIRECTION('',(0.,0.,1.));
#12166 = DIRECTION('',(-0.329357288572,-0.944205367738,0.));
#12167 = ORIENTED_EDGE('',*,*,#12168,.T.);
#12168 = EDGE_CURVE('',#12160,#12169,#12171,.T.);
#12169 = VERTEX_POINT('',#12170);
#12170 = CARTESIAN_POINT('',(68.060220374852,-147.0645777991,0.));
#12171 = LINE('',#12172,#12173);
#12172 = CARTESIAN_POINT('',(67.99347996555,-147.1077627698,0.));
#12173 = VECTOR('',#12174,1.);
#12174 = DIRECTION('',(0.839570157152,0.543251278157,0.));
#12175 = ORIENTED_EDGE('',*,*,#12176,.T.);
#12176 = EDGE_CURVE('',#12169,#12177,#12179,.T.);
#12177 = VERTEX_POINT('',#12178);
#12178 = CARTESIAN_POINT('',(68.080048260097,-147.0050941434,0.));
#12179 = LINE('',#12180,#12181);
#12180 = CARTESIAN_POINT('',(68.060220374852,-147.0645777991,0.));
#12181 = VECTOR('',#12182,1.);
#12182 = DIRECTION('',(0.316227766017,0.94868329805,0.));
#12183 = ORIENTED_EDGE('',*,*,#12184,.T.);
#12184 = EDGE_CURVE('',#12177,#12185,#12187,.T.);
#12185 = VERTEX_POINT('',#12186);
#12186 = CARTESIAN_POINT('',(68.080048260097,-146.9654417976,0.));
#12187 = LINE('',#12188,#12189);
#12188 = CARTESIAN_POINT('',(68.080048260097,-147.0050941434,0.));
#12189 = VECTOR('',#12190,1.);
#12190 = DIRECTION('',(0.,1.,0.));
#12191 = ORIENTED_EDGE('',*,*,#12192,.T.);
#12192 = EDGE_CURVE('',#12185,#12193,#12195,.T.);
#12193 = VERTEX_POINT('',#12194);
#12194 = CARTESIAN_POINT('',(68.060220374852,-146.9059581419,0.));
#12195 = LINE('',#12196,#12197);
#12196 = CARTESIAN_POINT('',(68.080048260097,-146.9654417976,0.));
#12197 = VECTOR('',#12198,1.);
#12198 = DIRECTION('',(-0.316227766017,0.94868329805,0.));
#12199 = ORIENTED_EDGE('',*,*,#12200,.T.);
#12200 = EDGE_CURVE('',#12193,#12201,#12203,.T.);
#12201 = VERTEX_POINT('',#12202);
#12202 = CARTESIAN_POINT('',(67.994088993641,-146.8631672482,0.));
#12203 = LINE('',#12204,#12205);
#12204 = CARTESIAN_POINT('',(68.060220374852,-146.9059581419,0.));
#12205 = VECTOR('',#12206,1.);
#12206 = DIRECTION('',(-0.839570157152,0.543251278157,0.));
#12207 = ORIENTED_EDGE('',*,*,#12208,.T.);
#12208 = EDGE_CURVE('',#12201,#12209,#12211,.T.);
#12209 = VERTEX_POINT('',#12210);
#12210 = CARTESIAN_POINT('',(67.671971350033,-146.8630641231,0.));
#12211 = CIRCLE('',#12212,0.532537096481);
#12212 = AXIS2_PLACEMENT_3D('',#12213,#12214,#12215);
#12213 = CARTESIAN_POINT('',(67.832867665735,-147.3707137412,0.));
#12214 = DIRECTION('',(0.,0.,1.));
#12215 = DIRECTION('',(0.302741966656,0.953072558426,-0.));
#12216 = ORIENTED_EDGE('',*,*,#12217,.T.);
#12217 = EDGE_CURVE('',#12209,#12218,#12220,.T.);
#12218 = VERTEX_POINT('',#12219);
#12219 = CARTESIAN_POINT('',(67.60817628737,-146.9055941649,0.));
#12220 = LINE('',#12221,#12222);
#12221 = CARTESIAN_POINT('',(67.671971350033,-146.8630641231,0.));
#12222 = VECTOR('',#12223,1.);
#12223 = DIRECTION('',(-0.832050294338,-0.554700196225,0.));
#12224 = ORIENTED_EDGE('',*,*,#12225,.T.);
#12225 = EDGE_CURVE('',#12218,#12226,#12228,.T.);
#12226 = VERTEX_POINT('',#12227);
#12227 = CARTESIAN_POINT('',(67.588227076454,-146.9654417976,0.));
#12228 = LINE('',#12229,#12230);
#12229 = CARTESIAN_POINT('',(67.60817628737,-146.9055941649,0.));
#12230 = VECTOR('',#12231,1.);
#12231 = DIRECTION('',(-0.316227766017,-0.94868329805,0.));
#12232 = ORIENTED_EDGE('',*,*,#12233,.T.);
#12233 = EDGE_CURVE('',#12226,#12142,#12234,.T.);
#12234 = LINE('',#12235,#12236);
#12235 = CARTESIAN_POINT('',(67.588227076454,-146.9654417976,0.));
#12236 = VECTOR('',#12237,1.);
#12237 = DIRECTION('',(0.,-1.,0.));
#12238 = PLANE('',#12239);
#12239 = AXIS2_PLACEMENT_3D('',#12240,#12241,#12242);
#12240 = CARTESIAN_POINT('',(67.833992739718,-146.9857146162,0.));
#12241 = DIRECTION('',(-0.,-0.,-1.));
#12242 = DIRECTION('',(-1.,0.,0.));
#12243 = SHELL_BASED_SURFACE_MODEL('',(#12244));
#12244 = OPEN_SHELL('',(#12245));
#12245 = ADVANCED_FACE('',(#12246,#12454),#12554,.T.);
#12246 = FACE_BOUND('',#12247,.T.);
#12247 = EDGE_LOOP('',(#12248,#12258,#12267,#12276,#12285,#12293,#12302,
    #12310,#12319,#12327,#12336,#12344,#12353,#12361,#12370,#12379,
    #12388,#12396,#12405,#12413,#12422,#12430,#12439,#12447));
#12248 = ORIENTED_EDGE('',*,*,#12249,.T.);
#12249 = EDGE_CURVE('',#12250,#12252,#12254,.T.);
#12250 = VERTEX_POINT('',#12251);
#12251 = CARTESIAN_POINT('',(67.538432122523,-148.0917477519,0.));
#12252 = VERTEX_POINT('',#12253);
#12253 = CARTESIAN_POINT('',(67.622252290163,-148.0358676402,0.));
#12254 = LINE('',#12255,#12256);
#12255 = CARTESIAN_POINT('',(67.538432122523,-148.0917477519,0.));
#12256 = VECTOR('',#12257,1.);
#12257 = DIRECTION('',(0.832050294338,0.554700196225,0.));
#12258 = ORIENTED_EDGE('',*,*,#12259,.T.);
#12259 = EDGE_CURVE('',#12252,#12260,#12262,.T.);
#12260 = VERTEX_POINT('',#12261);
#12261 = CARTESIAN_POINT('',(67.634290414164,-148.0299979759,0.));
#12262 = CIRCLE('',#12263,4.999999999989E-02);
#12263 = AXIS2_PLACEMENT_3D('',#12264,#12265,#12266);
#12264 = CARTESIAN_POINT('',(67.649987299974,-148.0774701549,0.));
#12265 = DIRECTION('',(0.,0.,-1.));
#12266 = DIRECTION('',(-0.554700196224,0.832050294339,0.));
#12267 = ORIENTED_EDGE('',*,*,#12268,.T.);
#12268 = EDGE_CURVE('',#12260,#12269,#12271,.T.);
#12269 = VERTEX_POINT('',#12270);
#12270 = CARTESIAN_POINT('',(68.031444917306,-148.0299979759,0.));
#12271 = CIRCLE('',#12272,0.632537096753);
#12272 = AXIS2_PLACEMENT_3D('',#12273,#12274,#12275);
#12273 = CARTESIAN_POINT('',(67.832867665735,-148.6305562611,0.));
#12274 = DIRECTION('',(0.,0.,-1.));
#12275 = DIRECTION('',(-0.313937716208,0.949443579336,0.));
#12276 = ORIENTED_EDGE('',*,*,#12277,.T.);
#12277 = EDGE_CURVE('',#12269,#12278,#12280,.T.);
#12278 = VERTEX_POINT('',#12279);
#12279 = CARTESIAN_POINT('',(68.042910595404,-148.035491647,0.));
#12280 = CIRCLE('',#12281,4.999999999999E-02);
#12281 = AXIS2_PLACEMENT_3D('',#12282,#12283,#12284);
#12282 = CARTESIAN_POINT('',(68.015748031496,-148.0774701549,0.));
#12283 = DIRECTION('',(0.,0.,-1.));
#12284 = DIRECTION('',(0.313937716206,0.949443579336,0.));
#12285 = ORIENTED_EDGE('',*,*,#12286,.T.);
#12286 = EDGE_CURVE('',#12278,#12287,#12289,.T.);
#12287 = VERTEX_POINT('',#12288);
#12288 = CARTESIAN_POINT('',(68.129270768124,-148.0913717588,0.));
#12289 = LINE('',#12290,#12291);
#12290 = CARTESIAN_POINT('',(68.042910595404,-148.035491647,0.));
#12291 = VECTOR('',#12292,1.);
#12292 = DIRECTION('',(0.839570157152,-0.543251278158,0.));
#12293 = ORIENTED_EDGE('',*,*,#12294,.T.);
#12294 = EDGE_CURVE('',#12287,#12295,#12297,.T.);
#12295 = VERTEX_POINT('',#12296);
#12296 = CARTESIAN_POINT('',(68.149542369119,-148.1175388784,0.));
#12297 = CIRCLE('',#12298,4.999999999995E-02);
#12298 = AXIS2_PLACEMENT_3D('',#12299,#12300,#12301);
#12299 = CARTESIAN_POINT('',(68.102108204216,-148.1333502667,0.));
#12300 = DIRECTION('',(0.,0.,-1.));
#12301 = DIRECTION('',(0.543251278158,0.839570157152,0.));
#12302 = ORIENTED_EDGE('',*,*,#12303,.T.);
#12303 = EDGE_CURVE('',#12295,#12304,#12306,.T.);
#12304 = VERTEX_POINT('',#12305);
#12305 = CARTESIAN_POINT('',(68.177482424999,-148.201359046,0.));
#12306 = LINE('',#12307,#12308);
#12307 = CARTESIAN_POINT('',(68.149542369119,-148.1175388784,0.));
#12308 = VECTOR('',#12309,1.);
#12309 = DIRECTION('',(0.316227766017,-0.94868329805,0.));
#12310 = ORIENTED_EDGE('',*,*,#12311,.T.);
#12311 = EDGE_CURVE('',#12304,#12312,#12314,.T.);
#12312 = VERTEX_POINT('',#12313);
#12313 = CARTESIAN_POINT('',(68.180048260097,-148.2171704343,0.));
#12314 = CIRCLE('',#12315,5.E-02);
#12315 = AXIS2_PLACEMENT_3D('',#12316,#12317,#12318);
#12316 = CARTESIAN_POINT('',(68.130048260097,-148.2171704343,0.));
#12317 = DIRECTION('',(0.,0.,-1.));
#12318 = DIRECTION('',(0.948683298051,0.316227766016,0.));
#12319 = ORIENTED_EDGE('',*,*,#12320,.T.);
#12320 = EDGE_CURVE('',#12312,#12321,#12323,.T.);
#12321 = VERTEX_POINT('',#12322);
#12322 = CARTESIAN_POINT('',(68.180048260097,-148.2730505461,0.));
#12323 = LINE('',#12324,#12325);
#12324 = CARTESIAN_POINT('',(68.180048260097,-148.2171704343,0.));
#12325 = VECTOR('',#12326,1.);
#12326 = DIRECTION('',(0.,-1.,0.));
#12327 = ORIENTED_EDGE('',*,*,#12328,.T.);
#12328 = EDGE_CURVE('',#12321,#12329,#12331,.T.);
#12329 = VERTEX_POINT('',#12330);
#12330 = CARTESIAN_POINT('',(68.177482424999,-148.2888619344,0.));
#12331 = CIRCLE('',#12332,5.E-02);
#12332 = AXIS2_PLACEMENT_3D('',#12333,#12334,#12335);
#12333 = CARTESIAN_POINT('',(68.130048260097,-148.2730505461,0.));
#12334 = DIRECTION('',(0.,0.,-1.));
#12335 = DIRECTION('',(1.,3.093229208959E-13,0.));
#12336 = ORIENTED_EDGE('',*,*,#12337,.T.);
#12337 = EDGE_CURVE('',#12329,#12338,#12340,.T.);
#12338 = VERTEX_POINT('',#12339);
#12339 = CARTESIAN_POINT('',(68.149542369119,-148.372682102,0.));
#12340 = LINE('',#12341,#12342);
#12341 = CARTESIAN_POINT('',(68.177482424999,-148.2888619344,0.));
#12342 = VECTOR('',#12343,1.);
#12343 = DIRECTION('',(-0.316227766017,-0.948683298051,0.));
#12344 = ORIENTED_EDGE('',*,*,#12345,.T.);
#12345 = EDGE_CURVE('',#12338,#12346,#12348,.T.);
#12346 = VERTEX_POINT('',#12347);
#12347 = CARTESIAN_POINT('',(68.129270768124,-148.3988492215,0.));
#12348 = CIRCLE('',#12349,5.000000000005E-02);
#12349 = AXIS2_PLACEMENT_3D('',#12350,#12351,#12352);
#12350 = CARTESIAN_POINT('',(68.102108204216,-148.3568707137,0.));
#12351 = DIRECTION('',(0.,0.,-1.));
#12352 = DIRECTION('',(0.948683298051,-0.316227766017,0.));
#12353 = ORIENTED_EDGE('',*,*,#12354,.T.);
#12354 = EDGE_CURVE('',#12346,#12355,#12357,.T.);
#12355 = VERTEX_POINT('',#12356);
#12356 = CARTESIAN_POINT('',(68.042910595404,-148.4547293333,0.));
#12357 = LINE('',#12358,#12359);
#12358 = CARTESIAN_POINT('',(68.129270768124,-148.3988492215,0.));
#12359 = VECTOR('',#12360,1.);
#12360 = DIRECTION('',(-0.839570157152,-0.543251278157,0.));
#12361 = ORIENTED_EDGE('',*,*,#12362,.T.);
#12362 = EDGE_CURVE('',#12355,#12363,#12365,.T.);
#12363 = VERTEX_POINT('',#12364);
#12364 = CARTESIAN_POINT('',(68.032786091299,-148.4597583197,0.));
#12365 = CIRCLE('',#12366,5.000000000003E-02);
#12366 = AXIS2_PLACEMENT_3D('',#12367,#12368,#12369);
#12367 = CARTESIAN_POINT('',(68.015748031496,-148.4127508255,0.));
#12368 = DIRECTION('',(0.,0.,-1.));
#12369 = DIRECTION('',(0.54325127816,-0.83957015715,0.));
#12370 = ORIENTED_EDGE('',*,*,#12371,.T.);
#12371 = EDGE_CURVE('',#12363,#12372,#12374,.T.);
#12372 = VERTEX_POINT('',#12373);
#12373 = CARTESIAN_POINT('',(67.632949240171,-148.4597583197,0.));
#12374 = CIRCLE('',#12375,0.586681898857);
#12375 = AXIS2_PLACEMENT_3D('',#12376,#12377,#12378);
#12376 = CARTESIAN_POINT('',(67.832867665735,-147.9081893997,0.));
#12377 = DIRECTION('',(-0.,0.,-1.));
#12378 = DIRECTION('',(0.340761196065,-0.940149885527,-0.));
#12379 = ORIENTED_EDGE('',*,*,#12380,.T.);
#12380 = EDGE_CURVE('',#12372,#12381,#12383,.T.);
#12381 = VERTEX_POINT('',#12382);
#12382 = CARTESIAN_POINT('',(67.622252290163,-148.4543533402,0.));
#12383 = CIRCLE('',#12384,5.000000000007E-02);
#12384 = AXIS2_PLACEMENT_3D('',#12385,#12386,#12387);
#12385 = CARTESIAN_POINT('',(67.649987299975,-148.4127508255,0.));
#12386 = DIRECTION('',(0.,0.,-1.));
#12387 = DIRECTION('',(-0.340761196065,-0.940149885527,-0.));
#12388 = ORIENTED_EDGE('',*,*,#12389,.T.);
#12389 = EDGE_CURVE('',#12381,#12390,#12392,.T.);
#12390 = VERTEX_POINT('',#12391);
#12391 = CARTESIAN_POINT('',(67.538432122523,-148.3984732284,0.));
#12392 = LINE('',#12393,#12394);
#12393 = CARTESIAN_POINT('',(67.622252290163,-148.4543533402,0.));
#12394 = VECTOR('',#12395,1.);
#12395 = DIRECTION('',(-0.832050294338,0.554700196225,0.));
#12396 = ORIENTED_EDGE('',*,*,#12397,.T.);
#12397 = EDGE_CURVE('',#12390,#12398,#12400,.T.);
#12398 = VERTEX_POINT('',#12399);
#12399 = CARTESIAN_POINT('',(67.518732967432,-148.372682102,0.));
#12400 = CIRCLE('',#12401,5.000000000004E-02);
#12401 = AXIS2_PLACEMENT_3D('',#12402,#12403,#12404);
#12402 = CARTESIAN_POINT('',(67.566167132334,-148.3568707137,0.));
#12403 = DIRECTION('',(0.,0.,-1.));
#12404 = DIRECTION('',(-0.554700196226,-0.832050294338,-0.));
#12405 = ORIENTED_EDGE('',*,*,#12406,.T.);
#12406 = EDGE_CURVE('',#12398,#12407,#12409,.T.);
#12407 = VERTEX_POINT('',#12408);
#12408 = CARTESIAN_POINT('',(67.490792911552,-148.2888619344,0.));
#12409 = LINE('',#12410,#12411);
#12410 = CARTESIAN_POINT('',(67.518732967432,-148.372682102,0.));
#12411 = VECTOR('',#12412,1.);
#12412 = DIRECTION('',(-0.316227766017,0.94868329805,0.));
#12413 = ORIENTED_EDGE('',*,*,#12414,.T.);
#12414 = EDGE_CURVE('',#12407,#12415,#12417,.T.);
#12415 = VERTEX_POINT('',#12416);
#12416 = CARTESIAN_POINT('',(67.488227076454,-148.2730505461,0.));
#12417 = CIRCLE('',#12418,5.E-02);
#12418 = AXIS2_PLACEMENT_3D('',#12419,#12420,#12421);
#12419 = CARTESIAN_POINT('',(67.538227076454,-148.2730505461,0.));
#12420 = DIRECTION('',(0.,0.,-1.));
#12421 = DIRECTION('',(-0.948683298051,-0.316227766017,-0.));
#12422 = ORIENTED_EDGE('',*,*,#12423,.T.);
#12423 = EDGE_CURVE('',#12415,#12424,#12426,.T.);
#12424 = VERTEX_POINT('',#12425);
#12425 = CARTESIAN_POINT('',(67.488227076454,-148.2171704343,0.));
#12426 = LINE('',#12427,#12428);
#12427 = CARTESIAN_POINT('',(67.488227076454,-148.2730505461,0.));
#12428 = VECTOR('',#12429,1.);
#12429 = DIRECTION('',(0.,1.,0.));
#12430 = ORIENTED_EDGE('',*,*,#12431,.T.);
#12431 = EDGE_CURVE('',#12424,#12432,#12434,.T.);
#12432 = VERTEX_POINT('',#12433);
#12433 = CARTESIAN_POINT('',(67.490792911552,-148.201359046,0.));
#12434 = CIRCLE('',#12435,5.E-02);
#12435 = AXIS2_PLACEMENT_3D('',#12436,#12437,#12438);
#12436 = CARTESIAN_POINT('',(67.538227076454,-148.2171704343,0.));
#12437 = DIRECTION('',(0.,0.,-1.));
#12438 = DIRECTION('',(-1.,-2.439386886019E-14,-0.));
#12439 = ORIENTED_EDGE('',*,*,#12440,.T.);
#12440 = EDGE_CURVE('',#12432,#12441,#12443,.T.);
#12441 = VERTEX_POINT('',#12442);
#12442 = CARTESIAN_POINT('',(67.518732967432,-148.1175388784,0.));
#12443 = LINE('',#12444,#12445);
#12444 = CARTESIAN_POINT('',(67.490792911552,-148.201359046,0.));
#12445 = VECTOR('',#12446,1.);
#12446 = DIRECTION('',(0.316227766017,0.948683298051,0.));
#12447 = ORIENTED_EDGE('',*,*,#12448,.T.);
#12448 = EDGE_CURVE('',#12441,#12250,#12449,.T.);
#12449 = CIRCLE('',#12450,5.E-02);
#12450 = AXIS2_PLACEMENT_3D('',#12451,#12452,#12453);
#12451 = CARTESIAN_POINT('',(67.566167132334,-148.1333502667,0.));
#12452 = DIRECTION('',(0.,0.,-1.));
#12453 = DIRECTION('',(-0.94868329805,0.316227766017,0.));
#12454 = FACE_BOUND('',#12455,.T.);
#12455 = EDGE_LOOP('',(#12456,#12466,#12475,#12483,#12491,#12499,#12507,
    #12515,#12524,#12532,#12540,#12548));
#12456 = ORIENTED_EDGE('',*,*,#12457,.T.);
#12457 = EDGE_CURVE('',#12458,#12460,#12462,.T.);
#12458 = VERTEX_POINT('',#12459);
#12459 = CARTESIAN_POINT('',(68.060220374852,-148.1658006616,0.));
#12460 = VERTEX_POINT('',#12461);
#12461 = CARTESIAN_POINT('',(67.994088993644,-148.1230097678,0.));
#12462 = LINE('',#12463,#12464);
#12463 = CARTESIAN_POINT('',(68.060220374852,-148.1658006616,0.));
#12464 = VECTOR('',#12465,1.);
#12465 = DIRECTION('',(-0.839570157152,0.543251278158,0.));
#12466 = ORIENTED_EDGE('',*,*,#12467,.T.);
#12467 = EDGE_CURVE('',#12460,#12468,#12470,.T.);
#12468 = VERTEX_POINT('',#12469);
#12469 = CARTESIAN_POINT('',(67.67197135003,-148.1229066428,0.));
#12470 = CIRCLE('',#12471,0.532537096753);
#12471 = AXIS2_PLACEMENT_3D('',#12472,#12473,#12474);
#12472 = CARTESIAN_POINT('',(67.832867665735,-148.6305562611,0.));
#12473 = DIRECTION('',(0.,0.,1.));
#12474 = DIRECTION('',(0.302741966507,0.953072558474,-0.));
#12475 = ORIENTED_EDGE('',*,*,#12476,.T.);
#12476 = EDGE_CURVE('',#12468,#12477,#12479,.T.);
#12477 = VERTEX_POINT('',#12478);
#12478 = CARTESIAN_POINT('',(67.60817628737,-148.1654366846,0.));
#12479 = LINE('',#12480,#12481);
#12480 = CARTESIAN_POINT('',(67.67197135003,-148.1229066428,0.));
#12481 = VECTOR('',#12482,1.);
#12482 = DIRECTION('',(-0.832050294338,-0.554700196225,0.));
#12483 = ORIENTED_EDGE('',*,*,#12484,.T.);
#12484 = EDGE_CURVE('',#12477,#12485,#12487,.T.);
#12485 = VERTEX_POINT('',#12486);
#12486 = CARTESIAN_POINT('',(67.588227076454,-148.2252843173,0.));
#12487 = LINE('',#12488,#12489);
#12488 = CARTESIAN_POINT('',(67.60817628737,-148.1654366846,0.));
#12489 = VECTOR('',#12490,1.);
#12490 = DIRECTION('',(-0.316227766017,-0.948683298051,0.));
#12491 = ORIENTED_EDGE('',*,*,#12492,.T.);
#12492 = EDGE_CURVE('',#12485,#12493,#12495,.T.);
#12493 = VERTEX_POINT('',#12494);
#12494 = CARTESIAN_POINT('',(67.588227076454,-148.264936663,0.));
#12495 = LINE('',#12496,#12497);
#12496 = CARTESIAN_POINT('',(67.588227076454,-148.2252843173,0.));
#12497 = VECTOR('',#12498,1.);
#12498 = DIRECTION('',(0.,-1.,0.));
#12499 = ORIENTED_EDGE('',*,*,#12500,.T.);
#12500 = EDGE_CURVE('',#12493,#12501,#12503,.T.);
#12501 = VERTEX_POINT('',#12502);
#12502 = CARTESIAN_POINT('',(67.60817628737,-148.3247842958,0.));
#12503 = LINE('',#12504,#12505);
#12504 = CARTESIAN_POINT('',(67.588227076454,-148.264936663,0.));
#12505 = VECTOR('',#12506,1.);
#12506 = DIRECTION('',(0.316227766017,-0.94868329805,0.));
#12507 = ORIENTED_EDGE('',*,*,#12508,.T.);
#12508 = EDGE_CURVE('',#12501,#12509,#12511,.T.);
#12509 = VERTEX_POINT('',#12510);
#12510 = CARTESIAN_POINT('',(67.672575435111,-148.367717061,0.));
#12511 = LINE('',#12512,#12513);
#12512 = CARTESIAN_POINT('',(67.60817628737,-148.3247842958,0.));
#12513 = VECTOR('',#12514,1.);
#12514 = DIRECTION('',(0.832050294338,-0.554700196225,0.));
#12515 = ORIENTED_EDGE('',*,*,#12516,.T.);
#12516 = EDGE_CURVE('',#12509,#12517,#12519,.T.);
#12517 = VERTEX_POINT('',#12518);
#12518 = CARTESIAN_POINT('',(67.993479965549,-148.3676052895,0.));
#12519 = CIRCLE('',#12520,0.486681898857);
#12520 = AXIS2_PLACEMENT_3D('',#12521,#12522,#12523);
#12521 = CARTESIAN_POINT('',(67.832867665735,-147.9081893997,0.));
#12522 = DIRECTION('',(0.,0.,1.));
#12523 = DIRECTION('',(-0.329357288613,-0.944205367723,0.));
#12524 = ORIENTED_EDGE('',*,*,#12525,.T.);
#12525 = EDGE_CURVE('',#12517,#12526,#12528,.T.);
#12526 = VERTEX_POINT('',#12527);
#12527 = CARTESIAN_POINT('',(68.060220374852,-148.3244203188,0.));
#12528 = LINE('',#12529,#12530);
#12529 = CARTESIAN_POINT('',(67.993479965549,-148.3676052895,0.));
#12530 = VECTOR('',#12531,1.);
#12531 = DIRECTION('',(0.839570157152,0.543251278157,0.));
#12532 = ORIENTED_EDGE('',*,*,#12533,.T.);
#12533 = EDGE_CURVE('',#12526,#12534,#12536,.T.);
#12534 = VERTEX_POINT('',#12535);
#12535 = CARTESIAN_POINT('',(68.080048260097,-148.264936663,0.));
#12536 = LINE('',#12537,#12538);
#12537 = CARTESIAN_POINT('',(68.060220374852,-148.3244203188,0.));
#12538 = VECTOR('',#12539,1.);
#12539 = DIRECTION('',(0.316227766017,0.94868329805,0.));
#12540 = ORIENTED_EDGE('',*,*,#12541,.T.);
#12541 = EDGE_CURVE('',#12534,#12542,#12544,.T.);
#12542 = VERTEX_POINT('',#12543);
#12543 = CARTESIAN_POINT('',(68.080048260097,-148.2252843173,0.));
#12544 = LINE('',#12545,#12546);
#12545 = CARTESIAN_POINT('',(68.080048260097,-148.264936663,0.));
#12546 = VECTOR('',#12547,1.);
#12547 = DIRECTION('',(0.,1.,0.));
#12548 = ORIENTED_EDGE('',*,*,#12549,.T.);
#12549 = EDGE_CURVE('',#12542,#12458,#12550,.T.);
#12550 = LINE('',#12551,#12552);
#12551 = CARTESIAN_POINT('',(68.080048260097,-148.2252843173,0.));
#12552 = VECTOR('',#12553,1.);
#12553 = DIRECTION('',(-0.316227766017,0.948683298051,0.));
#12554 = PLANE('',#12555);
#12555 = AXIS2_PLACEMENT_3D('',#12556,#12557,#12558);
#12556 = CARTESIAN_POINT('',(67.833992739718,-148.2455571359,0.));
#12557 = DIRECTION('',(-0.,-0.,-1.));
#12558 = DIRECTION('',(-1.,0.,0.));
#12559 = SHELL_BASED_SURFACE_MODEL('',(#12560));
#12560 = OPEN_SHELL('',(#12561));
#12561 = ADVANCED_FACE('',(#12562),#12673,.T.);
#12562 = FACE_BOUND('',#12563,.T.);
#12563 = EDGE_LOOP('',(#12564,#12574,#12582,#12591,#12599,#12608,#12616,
    #12624,#12633,#12641,#12649,#12658,#12666));
#12564 = ORIENTED_EDGE('',*,*,#12565,.T.);
#12565 = EDGE_CURVE('',#12566,#12568,#12570,.T.);
#12566 = VERTEX_POINT('',#12567);
#12567 = CARTESIAN_POINT('',(68.147714384489,-144.2913775685,0.));
#12568 = VERTEX_POINT('',#12569);
#12569 = CARTESIAN_POINT('',(67.679041645486,-144.468387015,0.));
#12570 = LINE('',#12571,#12572);
#12571 = CARTESIAN_POINT('',(68.147714384489,-144.2913775685,0.));
#12572 = VECTOR('',#12573,1.);
#12573 = DIRECTION('',(-0.935501587159,-0.353322487854,0.));
#12574 = ORIENTED_EDGE('',*,*,#12575,.T.);
#12575 = EDGE_CURVE('',#12568,#12576,#12578,.T.);
#12576 = VERTEX_POINT('',#12577);
#12577 = CARTESIAN_POINT('',(68.147889700365,-144.6474748986,0.));
#12578 = LINE('',#12579,#12580);
#12579 = CARTESIAN_POINT('',(67.679041645486,-144.468387015,0.));
#12580 = VECTOR('',#12581,1.);
#12581 = DIRECTION('',(0.934169793809,-0.35682880536,0.));
#12582 = ORIENTED_EDGE('',*,*,#12583,.T.);
#12583 = EDGE_CURVE('',#12576,#12584,#12586,.T.);
#12584 = VERTEX_POINT('',#12585);
#12585 = CARTESIAN_POINT('',(68.130048260097,-144.7441833883,0.));
#12586 = CIRCLE('',#12587,5.000000000001E-02);
#12587 = AXIS2_PLACEMENT_3D('',#12588,#12589,#12590);
#12588 = CARTESIAN_POINT('',(68.130048260097,-144.6941833883,0.));
#12589 = DIRECTION('',(0.,0.,-1.));
#12590 = DIRECTION('',(0.356828805361,0.934169793809,0.));
#12591 = ORIENTED_EDGE('',*,*,#12592,.T.);
#12592 = EDGE_CURVE('',#12584,#12593,#12595,.T.);
#12593 = VERTEX_POINT('',#12594);
#12594 = CARTESIAN_POINT('',(67.538227076454,-144.7441833883,0.));
#12595 = LINE('',#12596,#12597);
#12596 = CARTESIAN_POINT('',(68.130048260097,-144.7441833883,0.));
#12597 = VECTOR('',#12598,1.);
#12598 = DIRECTION('',(-1.,0.,0.));
#12599 = ORIENTED_EDGE('',*,*,#12600,.T.);
#12600 = EDGE_CURVE('',#12593,#12601,#12603,.T.);
#12601 = VERTEX_POINT('',#12602);
#12602 = CARTESIAN_POINT('',(67.538227076454,-144.6441833883,0.));
#12603 = CIRCLE('',#12604,5.000000000001E-02);
#12604 = AXIS2_PLACEMENT_3D('',#12605,#12606,#12607);
#12605 = CARTESIAN_POINT('',(67.538227076454,-144.6941833883,0.));
#12606 = DIRECTION('',(0.,0.,-1.));
#12607 = DIRECTION('',(-1.110223024625E-16,-1.,-0.));
#12608 = ORIENTED_EDGE('',*,*,#12609,.T.);
#12609 = EDGE_CURVE('',#12601,#12610,#12612,.T.);
#12610 = VERTEX_POINT('',#12611);
#12611 = CARTESIAN_POINT('',(67.859026167043,-144.6441833883,0.));
#12612 = LINE('',#12613,#12614);
#12613 = CARTESIAN_POINT('',(67.538227076454,-144.6441833883,0.));
#12614 = VECTOR('',#12615,1.);
#12615 = DIRECTION('',(1.,0.,0.));
#12616 = ORIENTED_EDGE('',*,*,#12617,.T.);
#12617 = EDGE_CURVE('',#12610,#12618,#12620,.T.);
#12618 = VERTEX_POINT('',#12619);
#12619 = CARTESIAN_POINT('',(67.520385636186,-144.5148314259,0.));
#12620 = LINE('',#12621,#12622);
#12621 = CARTESIAN_POINT('',(67.859026167043,-144.6441833883,0.));
#12622 = VECTOR('',#12623,1.);
#12623 = DIRECTION('',(-0.934169793809,0.356828805361,0.));
#12624 = ORIENTED_EDGE('',*,*,#12625,.T.);
#12625 = EDGE_CURVE('',#12618,#12626,#12628,.T.);
#12626 = VERTEX_POINT('',#12627);
#12627 = CARTESIAN_POINT('',(67.520560952061,-144.4213478568,0.));
#12628 = CIRCLE('',#12629,4.999999999998E-02);
#12629 = AXIS2_PLACEMENT_3D('',#12630,#12631,#12632);
#12630 = CARTESIAN_POINT('',(67.538227076454,-144.4681229362,0.));
#12631 = DIRECTION('',(0.,0.,-1.));
#12632 = DIRECTION('',(-0.356828805361,-0.934169793809,-0.));
#12633 = ORIENTED_EDGE('',*,*,#12634,.T.);
#12634 = EDGE_CURVE('',#12626,#12635,#12637,.T.);
#12635 = VERTEX_POINT('',#12636);
#12636 = CARTESIAN_POINT('',(67.856148118767,-144.2946024892,0.));
#12637 = LINE('',#12638,#12639);
#12638 = CARTESIAN_POINT('',(67.520560952061,-144.4213478568,0.));
#12639 = VECTOR('',#12640,1.);
#12640 = DIRECTION('',(0.935501587159,0.353322487854,0.));
#12641 = ORIENTED_EDGE('',*,*,#12642,.T.);
#12642 = EDGE_CURVE('',#12635,#12643,#12645,.T.);
#12643 = VERTEX_POINT('',#12644);
#12644 = CARTESIAN_POINT('',(67.538227076454,-144.2946024892,0.));
#12645 = LINE('',#12646,#12647);
#12646 = CARTESIAN_POINT('',(67.856148118767,-144.2946024892,0.));
#12647 = VECTOR('',#12648,1.);
#12648 = DIRECTION('',(-1.,0.,0.));
#12649 = ORIENTED_EDGE('',*,*,#12650,.T.);
#12650 = EDGE_CURVE('',#12643,#12651,#12653,.T.);
#12651 = VERTEX_POINT('',#12652);
#12652 = CARTESIAN_POINT('',(67.538227076454,-144.1946024892,0.));
#12653 = CIRCLE('',#12654,5.E-02);
#12654 = AXIS2_PLACEMENT_3D('',#12655,#12656,#12657);
#12655 = CARTESIAN_POINT('',(67.538227076454,-144.2446024892,0.));
#12656 = DIRECTION('',(0.,0.,-1.));
#12657 = DIRECTION('',(-1.110223024625E-16,-1.,-0.));
#12658 = ORIENTED_EDGE('',*,*,#12659,.T.);
#12659 = EDGE_CURVE('',#12651,#12660,#12662,.T.);
#12660 = VERTEX_POINT('',#12661);
#12661 = CARTESIAN_POINT('',(68.130048260097,-144.1946024892,0.));
#12662 = LINE('',#12663,#12664);
#12663 = CARTESIAN_POINT('',(67.538227076454,-144.1946024892,0.));
#12664 = VECTOR('',#12665,1.);
#12665 = DIRECTION('',(1.,0.,0.));
#12666 = ORIENTED_EDGE('',*,*,#12667,.T.);
#12667 = EDGE_CURVE('',#12660,#12566,#12668,.T.);
#12668 = CIRCLE('',#12669,5.E-02);
#12669 = AXIS2_PLACEMENT_3D('',#12670,#12671,#12672);
#12670 = CARTESIAN_POINT('',(68.130048260097,-144.2446024892,0.));
#12671 = DIRECTION('',(0.,0.,-1.));
#12672 = DIRECTION('',(4.747047127591E-14,1.,0.));
#12673 = PLANE('',#12674);
#12674 = AXIS2_PLACEMENT_3D('',#12675,#12676,#12677);
#12675 = CARTESIAN_POINT('',(67.796165639963,-144.4693592352,0.));
#12676 = DIRECTION('',(-0.,-0.,-1.));
#12677 = DIRECTION('',(-1.,0.,0.));
#12678 = SHELL_BASED_SURFACE_MODEL('',(#12679));
#12679 = OPEN_SHELL('',(#12680));
#12680 = ADVANCED_FACE('',(#12681,#12829),#12897,.T.);
#12681 = FACE_BOUND('',#12682,.T.);
#12682 = EDGE_LOOP('',(#12683,#12693,#12702,#12710,#12718,#12727,#12735,
    #12744,#12752,#12761,#12769,#12778,#12787,#12796,#12804,#12813,
    #12822));
#12683 = ORIENTED_EDGE('',*,*,#12684,.T.);
#12684 = EDGE_CURVE('',#12685,#12687,#12689,.T.);
#12685 = VERTEX_POINT('',#12686);
#12686 = CARTESIAN_POINT('',(67.800673531313,-145.2814959196,0.));
#12687 = VERTEX_POINT('',#12688);
#12688 = CARTESIAN_POINT('',(67.772733475433,-145.197675752,0.));
#12689 = LINE('',#12690,#12691);
#12690 = CARTESIAN_POINT('',(67.800673531313,-145.2814959196,0.));
#12691 = VECTOR('',#12692,1.);
#12692 = DIRECTION('',(-0.316227766017,0.948683298051,0.));
#12693 = ORIENTED_EDGE('',*,*,#12694,.T.);
#12694 = EDGE_CURVE('',#12687,#12695,#12697,.T.);
#12695 = VERTEX_POINT('',#12696);
#12696 = CARTESIAN_POINT('',(67.770167640335,-145.1818643637,0.));
#12697 = CIRCLE('',#12698,5.E-02);
#12698 = AXIS2_PLACEMENT_3D('',#12699,#12700,#12701);
#12699 = CARTESIAN_POINT('',(67.820167640335,-145.1818643637,0.));
#12700 = DIRECTION('',(0.,0.,-1.));
#12701 = DIRECTION('',(-0.948683298051,-0.316227766017,-0.));
#12702 = ORIENTED_EDGE('',*,*,#12703,.T.);
#12703 = EDGE_CURVE('',#12695,#12704,#12706,.T.);
#12704 = VERTEX_POINT('',#12705);
#12705 = CARTESIAN_POINT('',(67.770167640335,-144.9804038608,0.));
#12706 = LINE('',#12707,#12708);
#12707 = CARTESIAN_POINT('',(67.770167640335,-145.1818643637,0.));
#12708 = VECTOR('',#12709,1.);
#12709 = DIRECTION('',(0.,1.,0.));
#12710 = ORIENTED_EDGE('',*,*,#12711,.T.);
#12711 = EDGE_CURVE('',#12704,#12712,#12714,.T.);
#12712 = VERTEX_POINT('',#12713);
#12713 = CARTESIAN_POINT('',(67.538227076454,-144.9804038608,0.));
#12714 = LINE('',#12715,#12716);
#12715 = CARTESIAN_POINT('',(67.770167640335,-144.9804038608,0.));
#12716 = VECTOR('',#12717,1.);
#12717 = DIRECTION('',(-1.,0.,0.));
#12718 = ORIENTED_EDGE('',*,*,#12719,.T.);
#12719 = EDGE_CURVE('',#12712,#12720,#12722,.T.);
#12720 = VERTEX_POINT('',#12721);
#12721 = CARTESIAN_POINT('',(67.538227076454,-144.8804038608,0.));
#12722 = CIRCLE('',#12723,5.000000000001E-02);
#12723 = AXIS2_PLACEMENT_3D('',#12724,#12725,#12726);
#12724 = CARTESIAN_POINT('',(67.538227076454,-144.9304038608,0.));
#12725 = DIRECTION('',(0.,0.,-1.));
#12726 = DIRECTION('',(-1.110223024625E-16,-1.,-0.));
#12727 = ORIENTED_EDGE('',*,*,#12728,.T.);
#12728 = EDGE_CURVE('',#12720,#12729,#12731,.T.);
#12729 = VERTEX_POINT('',#12730);
#12730 = CARTESIAN_POINT('',(68.130048260097,-144.8804038608,0.));
#12731 = LINE('',#12732,#12733);
#12732 = CARTESIAN_POINT('',(67.538227076454,-144.8804038608,0.));
#12733 = VECTOR('',#12734,1.);
#12734 = DIRECTION('',(1.,-4.80241502264E-14,0.));
#12735 = ORIENTED_EDGE('',*,*,#12736,.T.);
#12736 = EDGE_CURVE('',#12729,#12737,#12739,.T.);
#12737 = VERTEX_POINT('',#12738);
#12738 = CARTESIAN_POINT('',(68.180048260097,-144.9304038608,0.));
#12739 = CIRCLE('',#12740,4.999999999999E-02);
#12740 = AXIS2_PLACEMENT_3D('',#12741,#12742,#12743);
#12741 = CARTESIAN_POINT('',(68.130048260097,-144.9304038608,0.));
#12742 = DIRECTION('',(0.,0.,-1.));
#12743 = DIRECTION('',(-1.419952367322E-13,1.,0.));
#12744 = ORIENTED_EDGE('',*,*,#12745,.T.);
#12745 = EDGE_CURVE('',#12737,#12746,#12748,.T.);
#12746 = VERTEX_POINT('',#12747);
#12747 = CARTESIAN_POINT('',(68.180048260097,-145.1818643637,0.));
#12748 = LINE('',#12749,#12750);
#12749 = CARTESIAN_POINT('',(68.180048260097,-144.9304038608,0.));
#12750 = VECTOR('',#12751,1.);
#12751 = DIRECTION('',(0.,-1.,0.));
#12752 = ORIENTED_EDGE('',*,*,#12753,.T.);
#12753 = EDGE_CURVE('',#12746,#12754,#12756,.T.);
#12754 = VERTEX_POINT('',#12755);
#12755 = CARTESIAN_POINT('',(68.177482424999,-145.197675752,0.));
#12756 = CIRCLE('',#12757,5.E-02);
#12757 = AXIS2_PLACEMENT_3D('',#12758,#12759,#12760);
#12758 = CARTESIAN_POINT('',(68.130048260097,-145.1818643637,0.));
#12759 = DIRECTION('',(0.,0.,-1.));
#12760 = DIRECTION('',(1.,3.093229208959E-13,0.));
#12761 = ORIENTED_EDGE('',*,*,#12762,.T.);
#12762 = EDGE_CURVE('',#12754,#12763,#12765,.T.);
#12763 = VERTEX_POINT('',#12764);
#12764 = CARTESIAN_POINT('',(68.149542369119,-145.2814959196,0.));
#12765 = LINE('',#12766,#12767);
#12766 = CARTESIAN_POINT('',(68.177482424999,-145.197675752,0.));
#12767 = VECTOR('',#12768,1.);
#12768 = DIRECTION('',(-0.316227766017,-0.948683298051,0.));
#12769 = ORIENTED_EDGE('',*,*,#12770,.T.);
#12770 = EDGE_CURVE('',#12763,#12771,#12773,.T.);
#12771 = VERTEX_POINT('',#12772);
#12772 = CARTESIAN_POINT('',(68.141251854818,-145.2967936074,0.));
#12773 = CIRCLE('',#12774,5.000000000006E-02);
#12774 = AXIS2_PLACEMENT_3D('',#12775,#12776,#12777);
#12775 = CARTESIAN_POINT('',(68.102108204216,-145.2656845313,0.));
#12776 = DIRECTION('',(0.,0.,-1.));
#12777 = DIRECTION('',(0.94868329805,-0.316227766017,0.));
#12778 = ORIENTED_EDGE('',*,*,#12779,.T.);
#12779 = EDGE_CURVE('',#12771,#12780,#12782,.T.);
#12780 = VERTEX_POINT('',#12781);
#12781 = CARTESIAN_POINT('',(68.030057542558,-145.3720132893,0.));
#12782 = CIRCLE('',#12783,0.223873897631);
#12783 = AXIS2_PLACEMENT_3D('',#12784,#12785,#12786);
#12784 = CARTESIAN_POINT('',(67.965987022266,-145.157503405,0.));
#12785 = DIRECTION('',(0.,0.,-1.));
#12786 = DIRECTION('',(0.782873012024,-0.622181522584,0.));
#12787 = ORIENTED_EDGE('',*,*,#12788,.T.);
#12788 = EDGE_CURVE('',#12780,#12789,#12791,.T.);
#12789 = VERTEX_POINT('',#12790);
#12790 = CARTESIAN_POINT('',(68.015748031496,-145.3741046482,0.));
#12791 = CIRCLE('',#12792,5.000000000007E-02);
#12792 = AXIS2_PLACEMENT_3D('',#12793,#12794,#12795);
#12793 = CARTESIAN_POINT('',(68.015748031496,-145.3241046482,0.));
#12794 = DIRECTION('',(0.,0.,-1.));
#12795 = DIRECTION('',(0.286190221235,-0.958172822235,0.));
#12796 = ORIENTED_EDGE('',*,*,#12797,.T.);
#12797 = EDGE_CURVE('',#12789,#12798,#12800,.T.);
#12798 = VERTEX_POINT('',#12799);
#12799 = CARTESIAN_POINT('',(67.931927863856,-145.3741046482,0.));
#12800 = LINE('',#12801,#12802);
#12801 = CARTESIAN_POINT('',(68.015748031496,-145.3741046482,0.));
#12802 = VECTOR('',#12803,1.);
#12803 = DIRECTION('',(-1.,-3.390796061439E-13,0.));
#12804 = ORIENTED_EDGE('',*,*,#12805,.T.);
#12805 = EDGE_CURVE('',#12798,#12806,#12808,.T.);
#12806 = VERTEX_POINT('',#12807);
#12807 = CARTESIAN_POINT('',(67.916074392813,-145.3715247647,0.));
#12808 = CIRCLE('',#12809,5.000000000004E-02);
#12809 = AXIS2_PLACEMENT_3D('',#12810,#12811,#12812);
#12810 = CARTESIAN_POINT('',(67.931927863856,-145.3241046482,0.));
#12811 = DIRECTION('',(0.,0.,-1.));
#12812 = DIRECTION('',(-1.243017486821E-12,-1.,-0.));
#12813 = ORIENTED_EDGE('',*,*,#12814,.T.);
#12814 = EDGE_CURVE('',#12806,#12815,#12817,.T.);
#12815 = VERTEX_POINT('',#12816);
#12816 = CARTESIAN_POINT('',(67.809105351855,-145.2969705847,0.));
#12817 = CIRCLE('',#12818,0.231045890416);
#12818 = AXIS2_PLACEMENT_3D('',#12819,#12820,#12821);
#12819 = CARTESIAN_POINT('',(67.989331979477,-145.1524003036,0.));
#12820 = DIRECTION('',(0.,0.,-1.));
#12821 = DIRECTION('',(-0.317069420851,-0.948402331482,-0.));
#12822 = ORIENTED_EDGE('',*,*,#12823,.T.);
#12823 = EDGE_CURVE('',#12815,#12685,#12824,.T.);
#12824 = CIRCLE('',#12825,5.E-02);
#12825 = AXIS2_PLACEMENT_3D('',#12826,#12827,#12828);
#12826 = CARTESIAN_POINT('',(67.848107696215,-145.2656845313,0.));
#12827 = DIRECTION('',(0.,0.,-1.));
#12828 = DIRECTION('',(-0.780046887215,-0.625721067047,-0.));
#12829 = FACE_BOUND('',#12830,.T.);
#12830 = EDGE_LOOP('',(#12831,#12841,#12849,#12857,#12866,#12874,#12883,
    #12891));
#12831 = ORIENTED_EDGE('',*,*,#12832,.T.);
#12832 = EDGE_CURVE('',#12833,#12835,#12837,.T.);
#12833 = VERTEX_POINT('',#12834);
#12834 = CARTESIAN_POINT('',(68.080048260097,-144.9804038608,0.));
#12835 = VERTEX_POINT('',#12836);
#12836 = CARTESIAN_POINT('',(67.870167640335,-144.9804038608,0.));
#12837 = LINE('',#12838,#12839);
#12838 = CARTESIAN_POINT('',(68.080048260097,-144.9804038608,0.));
#12839 = VECTOR('',#12840,1.);
#12840 = DIRECTION('',(-1.,0.,0.));
#12841 = ORIENTED_EDGE('',*,*,#12842,.T.);
#12842 = EDGE_CURVE('',#12835,#12843,#12845,.T.);
#12843 = VERTEX_POINT('',#12844);
#12844 = CARTESIAN_POINT('',(67.870167640335,-145.1737504807,0.));
#12845 = LINE('',#12846,#12847);
#12846 = CARTESIAN_POINT('',(67.870167640335,-144.9804038608,0.));
#12847 = VECTOR('',#12848,1.);
#12848 = DIRECTION('',(0.,-1.,0.));
#12849 = ORIENTED_EDGE('',*,*,#12850,.T.);
#12850 = EDGE_CURVE('',#12843,#12851,#12853,.T.);
#12851 = VERTEX_POINT('',#12852);
#12852 = CARTESIAN_POINT('',(67.892474284718,-145.2406704138,0.));
#12853 = LINE('',#12854,#12855);
#12854 = CARTESIAN_POINT('',(67.870167640335,-145.1737504807,0.));
#12855 = VECTOR('',#12856,1.);
#12856 = DIRECTION('',(0.316227766017,-0.948683298051,0.));
#12857 = ORIENTED_EDGE('',*,*,#12858,.T.);
#12858 = EDGE_CURVE('',#12851,#12859,#12861,.T.);
#12859 = VERTEX_POINT('',#12860);
#12860 = CARTESIAN_POINT('',(67.940741055363,-145.2741046482,0.));
#12861 = CIRCLE('',#12862,0.131045890416);
#12862 = AXIS2_PLACEMENT_3D('',#12863,#12864,#12865);
#12863 = CARTESIAN_POINT('',(67.989331979477,-145.1524003036,0.));
#12864 = DIRECTION('',(0.,0.,1.));
#12865 = DIRECTION('',(-0.739112798213,-0.673581673977,0.));
#12866 = ORIENTED_EDGE('',*,*,#12867,.T.);
#12867 = EDGE_CURVE('',#12859,#12868,#12870,.T.);
#12868 = VERTEX_POINT('',#12869);
#12869 = CARTESIAN_POINT('',(68.007806785502,-145.2741046482,0.));
#12870 = LINE('',#12871,#12872);
#12871 = CARTESIAN_POINT('',(67.940741055363,-145.2741046482,0.));
#12872 = VECTOR('',#12873,1.);
#12873 = DIRECTION('',(1.,-4.237888616377E-13,0.));
#12874 = ORIENTED_EDGE('',*,*,#12875,.T.);
#12875 = EDGE_CURVE('',#12868,#12876,#12878,.T.);
#12876 = VERTEX_POINT('',#12877);
#12877 = CARTESIAN_POINT('',(68.05771284342,-145.2407567307,0.));
#12878 = CIRCLE('',#12879,0.123873897631);
#12879 = AXIS2_PLACEMENT_3D('',#12880,#12881,#12882);
#12880 = CARTESIAN_POINT('',(67.965987022266,-145.157503405,0.));
#12881 = DIRECTION('',(0.,0.,1.));
#12882 = DIRECTION('',(0.337599478467,-0.941289855538,0.));
#12883 = ORIENTED_EDGE('',*,*,#12884,.T.);
#12884 = EDGE_CURVE('',#12876,#12885,#12887,.T.);
#12885 = VERTEX_POINT('',#12886);
#12886 = CARTESIAN_POINT('',(68.080048260097,-145.1737504807,0.));
#12887 = LINE('',#12888,#12889);
#12888 = CARTESIAN_POINT('',(68.05771284342,-145.2407567307,0.));
#12889 = VECTOR('',#12890,1.);
#12890 = DIRECTION('',(0.316227766017,0.94868329805,0.));
#12891 = ORIENTED_EDGE('',*,*,#12892,.T.);
#12892 = EDGE_CURVE('',#12885,#12833,#12893,.T.);
#12893 = LINE('',#12894,#12895);
#12894 = CARTESIAN_POINT('',(68.080048260097,-145.1737504807,0.));
#12895 = VECTOR('',#12896,1.);
#12896 = DIRECTION('',(0.,1.,0.));
#12897 = PLANE('',#12898);
#12898 = AXIS2_PLACEMENT_3D('',#12899,#12900,#12901);
#12899 = CARTESIAN_POINT('',(67.879813740899,-145.0606372528,0.));
#12900 = DIRECTION('',(-0.,-0.,-1.));
#12901 = DIRECTION('',(-1.,0.,0.));
#12902 = SHELL_BASED_SURFACE_MODEL('',(#12903));
#12903 = OPEN_SHELL('',(#12904));
#12904 = ADVANCED_FACE('',(#12905),#13089,.T.);
#12905 = FACE_BOUND('',#12906,.T.);
#12906 = EDGE_LOOP('',(#12907,#12917,#12925,#12933,#12942,#12950,#12958,
    #12966,#12974,#12982,#12991,#12999,#13007,#13015,#13023,#13032,
    #13040,#13049,#13057,#13066,#13074,#13083));
#12907 = ORIENTED_EDGE('',*,*,#12908,.T.);
#12908 = EDGE_CURVE('',#12909,#12911,#12913,.T.);
#12909 = VERTEX_POINT('',#12910);
#12910 = CARTESIAN_POINT('',(53.221615443231,-111.6497586995,0.));
#12911 = VERTEX_POINT('',#12912);
#12912 = CARTESIAN_POINT('',(53.221615443231,-111.5189230378,0.));
#12913 = LINE('',#12914,#12915);
#12914 = CARTESIAN_POINT('',(53.221615443231,-111.6497586995,0.));
#12915 = VECTOR('',#12916,1.);
#12916 = DIRECTION('',(0.,1.,0.));
#12917 = ORIENTED_EDGE('',*,*,#12918,.T.);
#12918 = EDGE_CURVE('',#12911,#12919,#12921,.T.);
#12919 = VERTEX_POINT('',#12920);
#12920 = CARTESIAN_POINT('',(53.348615697231,-111.5189230378,0.));
#12921 = LINE('',#12922,#12923);
#12922 = CARTESIAN_POINT('',(53.221615443231,-111.5189230378,0.));
#12923 = VECTOR('',#12924,1.);
#12924 = DIRECTION('',(1.,0.,0.));
#12925 = ORIENTED_EDGE('',*,*,#12926,.T.);
#12926 = EDGE_CURVE('',#12919,#12927,#12929,.T.);
#12927 = VERTEX_POINT('',#12928);
#12928 = CARTESIAN_POINT('',(53.348615697231,-111.7132588265,0.));
#12929 = LINE('',#12930,#12931);
#12930 = CARTESIAN_POINT('',(53.348615697231,-111.5189230378,0.));
#12931 = VECTOR('',#12932,1.);
#12932 = DIRECTION('',(0.,-1.,0.));
#12933 = ORIENTED_EDGE('',*,*,#12934,.T.);
#12934 = EDGE_CURVE('',#12927,#12935,#12937,.T.);
#12935 = VERTEX_POINT('',#12936);
#12936 = CARTESIAN_POINT('',(53.285115570231,-111.7767589535,0.));
#12937 = CIRCLE('',#12938,6.350012700025E-02);
#12938 = AXIS2_PLACEMENT_3D('',#12939,#12940,#12941);
#12939 = CARTESIAN_POINT('',(53.285115570231,-111.7132588265,0.));
#12940 = DIRECTION('',(0.,0.,-1.));
#12941 = DIRECTION('',(1.,-7.726817512298E-17,0.));
#12942 = ORIENTED_EDGE('',*,*,#12943,.T.);
#12943 = EDGE_CURVE('',#12935,#12944,#12946,.T.);
#12944 = VERTEX_POINT('',#12945);
#12945 = CARTESIAN_POINT('',(48.848615697231,-111.7767589535,0.));
#12946 = LINE('',#12947,#12948);
#12947 = CARTESIAN_POINT('',(53.285115570231,-111.7767589535,0.));
#12948 = VECTOR('',#12949,1.);
#12949 = DIRECTION('',(-1.,0.,0.));
#12950 = ORIENTED_EDGE('',*,*,#12951,.T.);
#12951 = EDGE_CURVE('',#12944,#12952,#12954,.T.);
#12952 = VERTEX_POINT('',#12953);
#12953 = CARTESIAN_POINT('',(48.848615697231,-134.3497586995,0.));
#12954 = LINE('',#12955,#12956);
#12955 = CARTESIAN_POINT('',(48.848615697231,-111.7767589535,0.));
#12956 = VECTOR('',#12957,1.);
#12957 = DIRECTION('',(0.,-1.,0.));
#12958 = ORIENTED_EDGE('',*,*,#12959,.T.);
#12959 = EDGE_CURVE('',#12952,#12960,#12962,.T.);
#12960 = VERTEX_POINT('',#12961);
#12961 = CARTESIAN_POINT('',(66.721615443231,-134.3497586995,0.));
#12962 = LINE('',#12963,#12964);
#12963 = CARTESIAN_POINT('',(48.848615697231,-134.3497586995,0.));
#12964 = VECTOR('',#12965,1.);
#12965 = DIRECTION('',(1.,0.,0.));
#12966 = ORIENTED_EDGE('',*,*,#12967,.T.);
#12967 = EDGE_CURVE('',#12960,#12968,#12970,.T.);
#12968 = VERTEX_POINT('',#12969);
#12969 = CARTESIAN_POINT('',(66.721615443231,-111.7767589535,0.));
#12970 = LINE('',#12971,#12972);
#12971 = CARTESIAN_POINT('',(66.721615443231,-134.3497586995,0.));
#12972 = VECTOR('',#12973,1.);
#12973 = DIRECTION('',(0.,1.,0.));
#12974 = ORIENTED_EDGE('',*,*,#12975,.T.);
#12975 = EDGE_CURVE('',#12968,#12976,#12978,.T.);
#12976 = VERTEX_POINT('',#12977);
#12977 = CARTESIAN_POINT('',(62.285115570231,-111.7767589535,0.));
#12978 = LINE('',#12979,#12980);
#12979 = CARTESIAN_POINT('',(66.721615443231,-111.7767589535,0.));
#12980 = VECTOR('',#12981,1.);
#12981 = DIRECTION('',(-1.,0.,0.));
#12982 = ORIENTED_EDGE('',*,*,#12983,.T.);
#12983 = EDGE_CURVE('',#12976,#12984,#12986,.T.);
#12984 = VERTEX_POINT('',#12985);
#12985 = CARTESIAN_POINT('',(62.221615443231,-111.7132588265,0.));
#12986 = CIRCLE('',#12987,6.350012700025E-02);
#12987 = AXIS2_PLACEMENT_3D('',#12988,#12989,#12990);
#12988 = CARTESIAN_POINT('',(62.285115570231,-111.7132588265,0.));
#12989 = DIRECTION('',(0.,0.,-1.));
#12990 = DIRECTION('',(-7.726817512298E-17,-1.,-0.));
#12991 = ORIENTED_EDGE('',*,*,#12992,.T.);
#12992 = EDGE_CURVE('',#12984,#12993,#12995,.T.);
#12993 = VERTEX_POINT('',#12994);
#12994 = CARTESIAN_POINT('',(62.221615443231,-111.5189230378,0.));
#12995 = LINE('',#12996,#12997);
#12996 = CARTESIAN_POINT('',(62.221615443231,-111.7132588265,0.));
#12997 = VECTOR('',#12998,1.);
#12998 = DIRECTION('',(0.,1.,0.));
#12999 = ORIENTED_EDGE('',*,*,#13000,.T.);
#13000 = EDGE_CURVE('',#12993,#13001,#13003,.T.);
#13001 = VERTEX_POINT('',#13002);
#13002 = CARTESIAN_POINT('',(62.348615697231,-111.5189230378,0.));
#13003 = LINE('',#13004,#13005);
#13004 = CARTESIAN_POINT('',(62.221615443231,-111.5189230378,0.));
#13005 = VECTOR('',#13006,1.);
#13006 = DIRECTION('',(1.,0.,0.));
#13007 = ORIENTED_EDGE('',*,*,#13008,.T.);
#13008 = EDGE_CURVE('',#13001,#13009,#13011,.T.);
#13009 = VERTEX_POINT('',#13010);
#13010 = CARTESIAN_POINT('',(62.348615697231,-111.6497586995,0.));
#13011 = LINE('',#13012,#13013);
#13012 = CARTESIAN_POINT('',(62.348615697231,-111.5189230378,0.));
#13013 = VECTOR('',#13014,1.);
#13014 = DIRECTION('',(0.,-1.,0.));
#13015 = ORIENTED_EDGE('',*,*,#13016,.T.);
#13016 = EDGE_CURVE('',#13009,#13017,#13019,.T.);
#13017 = VERTEX_POINT('',#13018);
#13018 = CARTESIAN_POINT('',(66.785115570231,-111.6497586995,0.));
#13019 = LINE('',#13020,#13021);
#13020 = CARTESIAN_POINT('',(62.348615697231,-111.6497586995,0.));
#13021 = VECTOR('',#13022,1.);
#13022 = DIRECTION('',(1.,0.,0.));
#13023 = ORIENTED_EDGE('',*,*,#13024,.T.);
#13024 = EDGE_CURVE('',#13017,#13025,#13027,.T.);
#13025 = VERTEX_POINT('',#13026);
#13026 = CARTESIAN_POINT('',(66.848615697231,-111.7132588265,0.));
#13027 = CIRCLE('',#13028,6.350012700025E-02);
#13028 = AXIS2_PLACEMENT_3D('',#13029,#13030,#13031);
#13029 = CARTESIAN_POINT('',(66.785115570231,-111.7132588265,0.));
#13030 = DIRECTION('',(0.,0.,-1.));
#13031 = DIRECTION('',(7.726817512298E-17,1.,0.));
#13032 = ORIENTED_EDGE('',*,*,#13033,.T.);
#13033 = EDGE_CURVE('',#13025,#13034,#13036,.T.);
#13034 = VERTEX_POINT('',#13035);
#13035 = CARTESIAN_POINT('',(66.848615697231,-134.4132588265,0.));
#13036 = LINE('',#13037,#13038);
#13037 = CARTESIAN_POINT('',(66.848615697231,-111.7132588265,0.));
#13038 = VECTOR('',#13039,1.);
#13039 = DIRECTION('',(0.,-1.,0.));
#13040 = ORIENTED_EDGE('',*,*,#13041,.T.);
#13041 = EDGE_CURVE('',#13034,#13042,#13044,.T.);
#13042 = VERTEX_POINT('',#13043);
#13043 = CARTESIAN_POINT('',(66.785115570231,-134.4767589535,0.));
#13044 = CIRCLE('',#13045,6.350012700026E-02);
#13045 = AXIS2_PLACEMENT_3D('',#13046,#13047,#13048);
#13046 = CARTESIAN_POINT('',(66.785115570231,-134.4132588265,0.));
#13047 = DIRECTION('',(0.,0.,-1.));
#13048 = DIRECTION('',(1.,-7.726817512298E-17,0.));
#13049 = ORIENTED_EDGE('',*,*,#13050,.T.);
#13050 = EDGE_CURVE('',#13042,#13051,#13053,.T.);
#13051 = VERTEX_POINT('',#13052);
#13052 = CARTESIAN_POINT('',(48.785115570231,-134.4767589535,0.));
#13053 = LINE('',#13054,#13055);
#13054 = CARTESIAN_POINT('',(66.785115570231,-134.4767589535,0.));
#13055 = VECTOR('',#13056,1.);
#13056 = DIRECTION('',(-1.,0.,0.));
#13057 = ORIENTED_EDGE('',*,*,#13058,.T.);
#13058 = EDGE_CURVE('',#13051,#13059,#13061,.T.);
#13059 = VERTEX_POINT('',#13060);
#13060 = CARTESIAN_POINT('',(48.721615443231,-134.4132588265,0.));
#13061 = CIRCLE('',#13062,6.350012700025E-02);
#13062 = AXIS2_PLACEMENT_3D('',#13063,#13064,#13065);
#13063 = CARTESIAN_POINT('',(48.785115570231,-134.4132588265,0.));
#13064 = DIRECTION('',(0.,0.,-1.));
#13065 = DIRECTION('',(-7.726817512298E-17,-1.,-0.));
#13066 = ORIENTED_EDGE('',*,*,#13067,.T.);
#13067 = EDGE_CURVE('',#13059,#13068,#13070,.T.);
#13068 = VERTEX_POINT('',#13069);
#13069 = CARTESIAN_POINT('',(48.721615443231,-111.7132588265,0.));
#13070 = LINE('',#13071,#13072);
#13071 = CARTESIAN_POINT('',(48.721615443231,-134.4132588265,0.));
#13072 = VECTOR('',#13073,1.);
#13073 = DIRECTION('',(0.,1.,0.));
#13074 = ORIENTED_EDGE('',*,*,#13075,.T.);
#13075 = EDGE_CURVE('',#13068,#13076,#13078,.T.);
#13076 = VERTEX_POINT('',#13077);
#13077 = CARTESIAN_POINT('',(48.785115570231,-111.6497586995,0.));
#13078 = CIRCLE('',#13079,6.350012700025E-02);
#13079 = AXIS2_PLACEMENT_3D('',#13080,#13081,#13082);
#13080 = CARTESIAN_POINT('',(48.785115570231,-111.7132588265,0.));
#13081 = DIRECTION('',(0.,0.,-1.));
#13082 = DIRECTION('',(-1.,7.726817512298E-17,0.));
#13083 = ORIENTED_EDGE('',*,*,#13084,.T.);
#13084 = EDGE_CURVE('',#13076,#12909,#13085,.T.);
#13085 = LINE('',#13086,#13087);
#13086 = CARTESIAN_POINT('',(48.785115570231,-111.6497586995,0.));
#13087 = VECTOR('',#13088,1.);
#13088 = DIRECTION('',(1.,0.,0.));
#13089 = PLANE('',#13090);
#13090 = AXIS2_PLACEMENT_3D('',#13091,#13092,#13093);
#13091 = CARTESIAN_POINT('',(57.785115570231,-124.3891709783,0.));
#13092 = DIRECTION('',(-0.,-0.,-1.));
#13093 = DIRECTION('',(-1.,0.,0.));
#13094 = SHELL_BASED_SURFACE_MODEL('',(#13095));
#13095 = OPEN_SHELL('',(#13096));
#13096 = ADVANCED_FACE('',(#13097),#13216,.T.);
#13097 = FACE_BOUND('',#13098,.T.);
#13098 = EDGE_LOOP('',(#13099,#13109,#13118,#13126,#13135,#13143,#13152,
    #13160,#13168,#13176,#13185,#13193,#13201,#13209));
#13099 = ORIENTED_EDGE('',*,*,#13100,.T.);
#13100 = EDGE_CURVE('',#13101,#13103,#13105,.T.);
#13101 = VERTEX_POINT('',#13102);
#13102 = CARTESIAN_POINT('',(55.1079502159,-123.923545847,0.));
#13103 = VERTEX_POINT('',#13104);
#13104 = CARTESIAN_POINT('',(54.559309118618,-123.923545847,0.));
#13105 = LINE('',#13106,#13107);
#13106 = CARTESIAN_POINT('',(55.1079502159,-123.923545847,0.));
#13107 = VECTOR('',#13108,1.);
#13108 = DIRECTION('',(-1.,0.,0.));
#13109 = ORIENTED_EDGE('',*,*,#13110,.T.);
#13110 = EDGE_CURVE('',#13103,#13111,#13113,.T.);
#13111 = VERTEX_POINT('',#13112);
#13112 = CARTESIAN_POINT('',(54.483108966218,-123.8473456946,0.));
#13113 = CIRCLE('',#13114,7.62001524003E-02);
#13114 = AXIS2_PLACEMENT_3D('',#13115,#13116,#13117);
#13115 = CARTESIAN_POINT('',(54.559309118618,-123.8473456946,0.));
#13116 = DIRECTION('',(0.,0.,-1.));
#13117 = DIRECTION('',(-1.287802918716E-16,-1.,-0.));
#13118 = ORIENTED_EDGE('',*,*,#13119,.T.);
#13119 = EDGE_CURVE('',#13111,#13120,#13122,.T.);
#13120 = VERTEX_POINT('',#13121);
#13121 = CARTESIAN_POINT('',(54.483108966218,-122.9634239268,0.));
#13122 = LINE('',#13123,#13124);
#13123 = CARTESIAN_POINT('',(54.483108966218,-123.8473456946,0.));
#13124 = VECTOR('',#13125,1.);
#13125 = DIRECTION('',(0.,1.,0.));
#13126 = ORIENTED_EDGE('',*,*,#13127,.T.);
#13127 = EDGE_CURVE('',#13120,#13128,#13130,.T.);
#13128 = VERTEX_POINT('',#13129);
#13129 = CARTESIAN_POINT('',(54.559309118618,-122.8872237744,0.));
#13130 = CIRCLE('',#13131,7.62001524003E-02);
#13131 = AXIS2_PLACEMENT_3D('',#13132,#13133,#13134);
#13132 = CARTESIAN_POINT('',(54.559309118618,-122.9634239268,0.));
#13133 = DIRECTION('',(0.,0.,-1.));
#13134 = DIRECTION('',(-1.,1.287802918716E-16,0.));
#13135 = ORIENTED_EDGE('',*,*,#13136,.T.);
#13136 = EDGE_CURVE('',#13128,#13137,#13139,.T.);
#13137 = VERTEX_POINT('',#13138);
#13138 = CARTESIAN_POINT('',(55.1079502159,-122.8872237744,0.));
#13139 = LINE('',#13140,#13141);
#13140 = CARTESIAN_POINT('',(54.559309118618,-122.8872237744,0.));
#13141 = VECTOR('',#13142,1.);
#13142 = DIRECTION('',(1.,0.,0.));
#13143 = ORIENTED_EDGE('',*,*,#13144,.T.);
#13144 = EDGE_CURVE('',#13137,#13145,#13147,.T.);
#13145 = VERTEX_POINT('',#13146);
#13146 = CARTESIAN_POINT('',(55.1079502159,-123.0396240792,0.));
#13147 = CIRCLE('',#13148,7.62001524003E-02);
#13148 = AXIS2_PLACEMENT_3D('',#13149,#13150,#13151);
#13149 = CARTESIAN_POINT('',(55.1079502159,-122.9634239268,0.));
#13150 = DIRECTION('',(0.,0.,-1.));
#13151 = DIRECTION('',(1.110223024625E-16,1.,0.));
#13152 = ORIENTED_EDGE('',*,*,#13153,.T.);
#13153 = EDGE_CURVE('',#13145,#13154,#13156,.T.);
#13154 = VERTEX_POINT('',#13155);
#13155 = CARTESIAN_POINT('',(54.635509271019,-123.0396240792,0.));
#13156 = LINE('',#13157,#13158);
#13157 = CARTESIAN_POINT('',(55.1079502159,-123.0396240792,0.));
#13158 = VECTOR('',#13159,1.);
#13159 = DIRECTION('',(-1.,0.,0.));
#13160 = ORIENTED_EDGE('',*,*,#13161,.T.);
#13161 = EDGE_CURVE('',#13154,#13162,#13164,.T.);
#13162 = VERTEX_POINT('',#13163);
#13163 = CARTESIAN_POINT('',(54.635509271019,-123.3088646177,0.));
#13164 = LINE('',#13165,#13166);
#13165 = CARTESIAN_POINT('',(54.635509271019,-123.0396240792,0.));
#13166 = VECTOR('',#13167,1.);
#13167 = DIRECTION('',(0.,-1.,0.));
#13168 = ORIENTED_EDGE('',*,*,#13169,.T.);
#13169 = EDGE_CURVE('',#13162,#13170,#13172,.T.);
#13170 = VERTEX_POINT('',#13171);
#13171 = CARTESIAN_POINT('',(54.89712979426,-123.3088646177,0.));
#13172 = LINE('',#13173,#13174);
#13173 = CARTESIAN_POINT('',(54.635509271019,-123.3088646177,0.));
#13174 = VECTOR('',#13175,1.);
#13175 = DIRECTION('',(1.,0.,0.));
#13176 = ORIENTED_EDGE('',*,*,#13177,.T.);
#13177 = EDGE_CURVE('',#13170,#13178,#13180,.T.);
#13178 = VERTEX_POINT('',#13179);
#13179 = CARTESIAN_POINT('',(54.89712979426,-123.4612649225,0.));
#13180 = CIRCLE('',#13181,7.62001524003E-02);
#13181 = AXIS2_PLACEMENT_3D('',#13182,#13183,#13184);
#13182 = CARTESIAN_POINT('',(54.89712979426,-123.3850647701,0.));
#13183 = DIRECTION('',(0.,0.,-1.));
#13184 = DIRECTION('',(1.110223024625E-16,1.,0.));
#13185 = ORIENTED_EDGE('',*,*,#13186,.T.);
#13186 = EDGE_CURVE('',#13178,#13187,#13189,.T.);
#13187 = VERTEX_POINT('',#13188);
#13188 = CARTESIAN_POINT('',(54.635509271019,-123.4612649225,0.));
#13189 = LINE('',#13190,#13191);
#13190 = CARTESIAN_POINT('',(54.89712979426,-123.4612649225,0.));
#13191 = VECTOR('',#13192,1.);
#13192 = DIRECTION('',(-1.,0.,0.));
#13193 = ORIENTED_EDGE('',*,*,#13194,.T.);
#13194 = EDGE_CURVE('',#13187,#13195,#13197,.T.);
#13195 = VERTEX_POINT('',#13196);
#13196 = CARTESIAN_POINT('',(54.635509271019,-123.7711455422,0.));
#13197 = LINE('',#13198,#13199);
#13198 = CARTESIAN_POINT('',(54.635509271019,-123.4612649225,0.));
#13199 = VECTOR('',#13200,1.);
#13200 = DIRECTION('',(0.,-1.,0.));
#13201 = ORIENTED_EDGE('',*,*,#13202,.T.);
#13202 = EDGE_CURVE('',#13195,#13203,#13205,.T.);
#13203 = VERTEX_POINT('',#13204);
#13204 = CARTESIAN_POINT('',(55.1079502159,-123.7711455422,0.));
#13205 = LINE('',#13206,#13207);
#13206 = CARTESIAN_POINT('',(54.635509271019,-123.7711455422,0.));
#13207 = VECTOR('',#13208,1.);
#13208 = DIRECTION('',(1.,0.,0.));
#13209 = ORIENTED_EDGE('',*,*,#13210,.T.);
#13210 = EDGE_CURVE('',#13203,#13101,#13211,.T.);
#13211 = CIRCLE('',#13212,7.62001524003E-02);
#13212 = AXIS2_PLACEMENT_3D('',#13213,#13214,#13215);
#13213 = CARTESIAN_POINT('',(55.1079502159,-123.8473456946,0.));
#13214 = DIRECTION('',(0.,0.,-1.));
#13215 = DIRECTION('',(1.110223024625E-16,1.,0.));
#13216 = PLANE('',#13217);
#13217 = AXIS2_PLACEMENT_3D('',#13218,#13219,#13220);
#13218 = CARTESIAN_POINT('',(54.767011644619,-123.4029245237,0.));
#13219 = DIRECTION('',(-0.,-0.,-1.));
#13220 = DIRECTION('',(-1.,0.,0.));
#13221 = SHELL_BASED_SURFACE_MODEL('',(#13222));
#13222 = OPEN_SHELL('',(#13223));
#13223 = ADVANCED_FACE('',(#13224),#13616,.T.);
#13224 = FACE_BOUND('',#13225,.T.);
#13225 = EDGE_LOOP('',(#13226,#13236,#13245,#13253,#13262,#13270,#13278,
    #13286,#13294,#13302,#13310,#13319,#13327,#13335,#13344,#13353,
    #13361,#13370,#13378,#13387,#13395,#13404,#13413,#13422,#13430,
    #13439,#13447,#13456,#13464,#13472,#13480,#13489,#13498,#13506,
    #13515,#13523,#13532,#13541,#13550,#13558,#13567,#13575,#13584,
    #13592,#13601,#13609));
#13226 = ORIENTED_EDGE('',*,*,#13227,.T.);
#13227 = EDGE_CURVE('',#13228,#13230,#13232,.T.);
#13228 = VERTEX_POINT('',#13229);
#13229 = CARTESIAN_POINT('',(55.64685501381,-123.9193362925,0.));
#13230 = VERTEX_POINT('',#13231);
#13231 = CARTESIAN_POINT('',(55.52239476489,-123.8761562061,0.));
#13232 = LINE('',#13233,#13234);
#13233 = CARTESIAN_POINT('',(55.64685501381,-123.9193362925,0.));
#13234 = VECTOR('',#13235,1.);
#13235 = DIRECTION('',(-0.944756611918,0.327772702094,0.));
#13236 = ORIENTED_EDGE('',*,*,#13237,.T.);
#13237 = EDGE_CURVE('',#13230,#13238,#13240,.T.);
#13238 = VERTEX_POINT('',#13239);
#13239 = CARTESIAN_POINT('',(55.493489450252,-123.8580472528,0.));
#13240 = CIRCLE('',#13241,7.620015240029E-02);
#13241 = AXIS2_PLACEMENT_3D('',#13242,#13243,#13244);
#13242 = CARTESIAN_POINT('',(55.547371094742,-123.8041656083,0.));
#13243 = DIRECTION('',(0.,0.,-1.));
#13244 = DIRECTION('',(-0.327772702094,-0.944756611918,-0.));
#13245 = ORIENTED_EDGE('',*,*,#13246,.T.);
#13246 = EDGE_CURVE('',#13238,#13247,#13249,.T.);
#13247 = VERTEX_POINT('',#13248);
#13248 = CARTESIAN_POINT('',(55.409669282612,-123.7742270851,0.));
#13249 = LINE('',#13250,#13251);
#13250 = CARTESIAN_POINT('',(55.493489450252,-123.8580472528,0.));
#13251 = VECTOR('',#13252,1.);
#13252 = DIRECTION('',(-0.707106781187,0.707106781187,0.));
#13253 = ORIENTED_EDGE('',*,*,#13254,.T.);
#13254 = EDGE_CURVE('',#13247,#13255,#13257,.T.);
#13255 = VERTEX_POINT('',#13256);
#13256 = CARTESIAN_POINT('',(55.517432571592,-123.6664637962,0.));
#13257 = CIRCLE('',#13258,7.62001524003E-02);
#13258 = AXIS2_PLACEMENT_3D('',#13259,#13260,#13261);
#13259 = CARTESIAN_POINT('',(55.463550927102,-123.7203454406,0.));
#13260 = DIRECTION('',(0.,0.,-1.));
#13261 = DIRECTION('',(-0.707106781187,-0.707106781187,-0.));
#13262 = ORIENTED_EDGE('',*,*,#13263,.T.);
#13263 = EDGE_CURVE('',#13255,#13264,#13266,.T.);
#13264 = VERTEX_POINT('',#13265);
#13265 = CARTESIAN_POINT('',(55.588879352862,-123.7379105774,0.));
#13266 = LINE('',#13267,#13268);
#13267 = CARTESIAN_POINT('',(55.517432571592,-123.6664637962,0.));
#13268 = VECTOR('',#13269,1.);
#13269 = DIRECTION('',(0.707106781187,-0.707106781186,0.));
#13270 = ORIENTED_EDGE('',*,*,#13271,.T.);
#13271 = EDGE_CURVE('',#13264,#13272,#13274,.T.);
#13272 = VERTEX_POINT('',#13273);
#13273 = CARTESIAN_POINT('',(55.684674251459,-123.7711455422,0.));
#13274 = LINE('',#13275,#13276);
#13275 = CARTESIAN_POINT('',(55.588879352862,-123.7379105774,0.));
#13276 = VECTOR('',#13277,1.);
#13277 = DIRECTION('',(0.944756611918,-0.327772702094,0.));
#13278 = ORIENTED_EDGE('',*,*,#13279,.T.);
#13279 = EDGE_CURVE('',#13272,#13280,#13282,.T.);
#13280 = VERTEX_POINT('',#13281);
#13281 = CARTESIAN_POINT('',(55.829411837741,-123.7711455422,0.));
#13282 = LINE('',#13283,#13284);
#13283 = CARTESIAN_POINT('',(55.684674251459,-123.7711455422,0.));
#13284 = VECTOR('',#13285,1.);
#13285 = DIRECTION('',(1.,0.,0.));
#13286 = ORIENTED_EDGE('',*,*,#13287,.T.);
#13287 = EDGE_CURVE('',#13280,#13288,#13290,.T.);
#13288 = VERTEX_POINT('',#13289);
#13289 = CARTESIAN_POINT('',(55.927679833716,-123.7377344236,0.));
#13290 = LINE('',#13291,#13292);
#13291 = CARTESIAN_POINT('',(55.829411837741,-123.7711455422,0.));
#13292 = VECTOR('',#13293,1.);
#13293 = DIRECTION('',(0.94677274482,0.321902733239,0.));
#13294 = ORIENTED_EDGE('',*,*,#13295,.T.);
#13295 = EDGE_CURVE('',#13288,#13296,#13298,.T.);
#13296 = VERTEX_POINT('',#13297);
#13297 = CARTESIAN_POINT('',(55.976631953264,-123.6887823041,0.));
#13298 = LINE('',#13299,#13300);
#13299 = CARTESIAN_POINT('',(55.927679833716,-123.7377344236,0.));
#13300 = VECTOR('',#13301,1.);
#13301 = DIRECTION('',(0.707106781187,0.707106781187,0.));
#13302 = ORIENTED_EDGE('',*,*,#13303,.T.);
#13303 = EDGE_CURVE('',#13296,#13304,#13306,.T.);
#13304 = VERTEX_POINT('',#13305);
#13305 = CARTESIAN_POINT('',(55.976631953264,-123.6052266946,0.));
#13306 = LINE('',#13307,#13308);
#13307 = CARTESIAN_POINT('',(55.976631953264,-123.6887823041,0.));
#13308 = VECTOR('',#13309,1.);
#13309 = DIRECTION('',(0.,1.,0.));
#13310 = ORIENTED_EDGE('',*,*,#13311,.T.);
#13311 = EDGE_CURVE('',#13304,#13312,#13314,.T.);
#13312 = VERTEX_POINT('',#13313);
#13313 = CARTESIAN_POINT('',(55.927277600416,-123.5332121292,0.));
#13314 = CIRCLE('',#13315,0.169970869285);
#13315 = AXIS2_PLACEMENT_3D('',#13316,#13317,#13318);
#13316 = CARTESIAN_POINT('',(55.81645288235,-123.6620840745,0.));
#13317 = DIRECTION('',(0.,0.,1.));
#13318 = DIRECTION('',(0.942391314391,0.334512496868,-0.));
#13319 = ORIENTED_EDGE('',*,*,#13320,.T.);
#13320 = EDGE_CURVE('',#13312,#13321,#13323,.T.);
#13321 = VERTEX_POINT('',#13322);
#13322 = CARTESIAN_POINT('',(55.853417682589,-123.4962821703,0.));
#13323 = LINE('',#13324,#13325);
#13324 = CARTESIAN_POINT('',(55.927277600416,-123.5332121292,0.));
#13325 = VECTOR('',#13326,1.);
#13326 = DIRECTION('',(-0.894427191,0.4472135955,0.));
#13327 = ORIENTED_EDGE('',*,*,#13328,.T.);
#13328 = EDGE_CURVE('',#13321,#13329,#13331,.T.);
#13329 = VERTEX_POINT('',#13330);
#13330 = CARTESIAN_POINT('',(55.607698419886,-123.4143757494,0.));
#13331 = LINE('',#13332,#13333);
#13332 = CARTESIAN_POINT('',(55.853417682589,-123.4962821703,0.));
#13333 = VECTOR('',#13334,1.);
#13334 = DIRECTION('',(-0.948683298051,0.316227766017,0.));
#13335 = ORIENTED_EDGE('',*,*,#13336,.T.);
#13336 = EDGE_CURVE('',#13329,#13337,#13339,.T.);
#13337 = VERTEX_POINT('',#13338);
#13338 = CARTESIAN_POINT('',(55.446305194282,-123.3076194931,0.));
#13339 = CIRCLE('',#13340,0.352077649561);
#13340 = AXIS2_PLACEMENT_3D('',#13341,#13342,#13343);
#13341 = CARTESIAN_POINT('',(55.713762682611,-123.0786540738,0.));
#13342 = DIRECTION('',(0.,0.,-1.));
#13343 = DIRECTION('',(-0.301252473303,-0.953544412877,-0.));
#13344 = ORIENTED_EDGE('',*,*,#13345,.T.);
#13345 = EDGE_CURVE('',#13337,#13346,#13348,.T.);
#13346 = VERTEX_POINT('',#13347);
#13347 = CARTESIAN_POINT('',(55.435625036282,-123.2913086238,0.));
#13348 = CIRCLE('',#13349,7.620015240036E-02);
#13349 = AXIS2_PLACEMENT_3D('',#13350,#13351,#13352);
#13350 = CARTESIAN_POINT('',(55.504191008382,-123.2580645161,0.));
#13351 = DIRECTION('',(0.,0.,-1.));
#13352 = DIRECTION('',(-0.759654833706,-0.650326482336,-0.));
#13353 = ORIENTED_EDGE('',*,*,#13354,.T.);
#13354 = EDGE_CURVE('',#13346,#13355,#13357,.T.);
#13355 = VERTEX_POINT('',#13356);
#13356 = CARTESIAN_POINT('',(55.394984955002,-123.2074884561,0.));
#13357 = LINE('',#13358,#13359);
#13358 = CARTESIAN_POINT('',(55.435625036282,-123.2913086238,0.));
#13359 = VECTOR('',#13360,1.);
#13360 = DIRECTION('',(-0.436273506519,0.899814107196,0.));
#13361 = ORIENTED_EDGE('',*,*,#13362,.T.);
#13362 = EDGE_CURVE('',#13355,#13363,#13365,.T.);
#13363 = VERTEX_POINT('',#13364);
#13364 = CARTESIAN_POINT('',(55.387350774702,-123.1742443484,0.));
#13365 = CIRCLE('',#13366,7.620015240032E-02);
#13366 = AXIS2_PLACEMENT_3D('',#13367,#13368,#13369);
#13367 = CARTESIAN_POINT('',(55.463550927102,-123.1742443484,0.));
#13368 = DIRECTION('',(0.,0.,-1.));
#13369 = DIRECTION('',(-0.899814107196,-0.43627350652,-0.));
#13370 = ORIENTED_EDGE('',*,*,#13371,.T.);
#13371 = EDGE_CURVE('',#13363,#13372,#13374,.T.);
#13372 = VERTEX_POINT('',#13373);
#13373 = CARTESIAN_POINT('',(55.387350774702,-123.0904241808,0.));
#13374 = LINE('',#13375,#13376);
#13375 = CARTESIAN_POINT('',(55.387350774702,-123.1742443484,0.));
#13376 = VECTOR('',#13377,1.);
#13377 = DIRECTION('',(1.69539803072E-13,1.,0.));
#13378 = ORIENTED_EDGE('',*,*,#13379,.T.);
#13379 = EDGE_CURVE('',#13372,#13380,#13382,.T.);
#13380 = VERTEX_POINT('',#13381);
#13381 = CARTESIAN_POINT('',(55.40887116904,-123.0373526509,0.));
#13382 = CIRCLE('',#13383,7.620015240029E-02);
#13383 = AXIS2_PLACEMENT_3D('',#13384,#13385,#13386);
#13384 = CARTESIAN_POINT('',(55.463550927102,-123.0904241808,0.));
#13385 = DIRECTION('',(0.,0.,-1.));
#13386 = DIRECTION('',(-1.,-1.357032470806E-14,-0.));
#13387 = ORIENTED_EDGE('',*,*,#13388,.T.);
#13388 = EDGE_CURVE('',#13380,#13389,#13391,.T.);
#13389 = VERTEX_POINT('',#13390);
#13390 = CARTESIAN_POINT('',(55.492691336681,-122.9509924782,0.));
#13391 = LINE('',#13392,#13393);
#13392 = CARTESIAN_POINT('',(55.40887116904,-123.0373526509,0.));
#13393 = VECTOR('',#13394,1.);
#13394 = DIRECTION('',(0.696475377169,0.717580691628,0.));
#13395 = ORIENTED_EDGE('',*,*,#13396,.T.);
#13396 = EDGE_CURVE('',#13389,#13397,#13399,.T.);
#13397 = VERTEX_POINT('',#13398);
#13398 = CARTESIAN_POINT('',(55.514286003941,-122.9354211644,0.));
#13399 = CIRCLE('',#13400,7.620015240028E-02);
#13400 = AXIS2_PLACEMENT_3D('',#13401,#13402,#13403);
#13401 = CARTESIAN_POINT('',(55.547371094742,-123.0040640081,0.));
#13402 = DIRECTION('',(0.,0.,-1.));
#13403 = DIRECTION('',(-0.717580691628,0.696475377169,0.));
#13404 = ORIENTED_EDGE('',*,*,#13405,.T.);
#13405 = EDGE_CURVE('',#13397,#13406,#13408,.T.);
#13406 = VERTEX_POINT('',#13407);
#13407 = CARTESIAN_POINT('',(56.002097028825,-122.9354211644,0.));
#13408 = CIRCLE('',#13409,0.561752643548);
#13409 = AXIS2_PLACEMENT_3D('',#13410,#13411,#13412);
#13410 = CARTESIAN_POINT('',(55.758191516383,-123.4414608205,0.));
#13411 = DIRECTION('',(0.,0.,-1.));
#13412 = DIRECTION('',(-0.434186674942,0.900822918949,0.));
#13413 = ORIENTED_EDGE('',*,*,#13414,.T.);
#13414 = EDGE_CURVE('',#13406,#13415,#13417,.T.);
#13415 = VERTEX_POINT('',#13416);
#13416 = CARTESIAN_POINT('',(56.023691696085,-122.9509924782,0.));
#13417 = CIRCLE('',#13418,7.620015240033E-02);
#13418 = AXIS2_PLACEMENT_3D('',#13419,#13420,#13421);
#13419 = CARTESIAN_POINT('',(55.969011938024,-123.0040640081,0.));
#13420 = DIRECTION('',(0.,0.,-1.));
#13421 = DIRECTION('',(0.434186674942,0.900822918948,0.));
#13422 = ORIENTED_EDGE('',*,*,#13423,.T.);
#13423 = EDGE_CURVE('',#13415,#13424,#13426,.T.);
#13424 = VERTEX_POINT('',#13425);
#13425 = CARTESIAN_POINT('',(56.107511863726,-123.0373526509,0.));
#13426 = LINE('',#13427,#13428);
#13427 = CARTESIAN_POINT('',(56.023691696085,-122.9509924782,0.));
#13428 = VECTOR('',#13429,1.);
#13429 = DIRECTION('',(0.696475377169,-0.717580691628,0.));
#13430 = ORIENTED_EDGE('',*,*,#13431,.T.);
#13431 = EDGE_CURVE('',#13424,#13432,#13434,.T.);
#13432 = VERTEX_POINT('',#13433);
#13433 = CARTESIAN_POINT('',(55.998152347603,-123.1434957107,0.));
#13434 = CIRCLE('',#13435,7.62001524003E-02);
#13435 = AXIS2_PLACEMENT_3D('',#13436,#13437,#13438);
#13436 = CARTESIAN_POINT('',(56.052832105664,-123.0904241808,0.));
#13437 = DIRECTION('',(0.,0.,-1.));
#13438 = DIRECTION('',(0.717580691628,0.696475377169,0.));
#13439 = ORIENTED_EDGE('',*,*,#13440,.T.);
#13440 = EDGE_CURVE('',#13432,#13441,#13443,.T.);
#13441 = VERTEX_POINT('',#13442);
#13442 = CARTESIAN_POINT('',(55.924163593834,-123.0672648735,0.));
#13443 = LINE('',#13444,#13445);
#13444 = CARTESIAN_POINT('',(55.998152347603,-123.1434957107,0.));
#13445 = VECTOR('',#13446,1.);
#13446 = DIRECTION('',(-0.696475377169,0.717580691628,0.));
#13447 = ORIENTED_EDGE('',*,*,#13448,.T.);
#13448 = EDGE_CURVE('',#13441,#13449,#13451,.T.);
#13449 = VERTEX_POINT('',#13450);
#13450 = CARTESIAN_POINT('',(55.592219438932,-123.0672648735,0.));
#13451 = CIRCLE('',#13452,0.409352338747);
#13452 = AXIS2_PLACEMENT_3D('',#13453,#13454,#13455);
#13453 = CARTESIAN_POINT('',(55.758191516383,-123.4414608205,0.));
#13454 = DIRECTION('',(0.,0.,1.));
#13455 = DIRECTION('',(0.405450419457,0.914117037015,-0.));
#13456 = ORIENTED_EDGE('',*,*,#13457,.T.);
#13457 = EDGE_CURVE('',#13449,#13458,#13460,.T.);
#13458 = VERTEX_POINT('',#13459);
#13459 = CARTESIAN_POINT('',(55.539751079502,-123.1213231832,0.));
#13460 = LINE('',#13461,#13462);
#13461 = CARTESIAN_POINT('',(55.592219438932,-123.0672648735,0.));
#13462 = VECTOR('',#13463,1.);
#13463 = DIRECTION('',(-0.696475377169,-0.717580691628,0.));
#13464 = ORIENTED_EDGE('',*,*,#13465,.T.);
#13465 = EDGE_CURVE('',#13458,#13466,#13468,.T.);
#13466 = VERTEX_POINT('',#13467);
#13467 = CARTESIAN_POINT('',(55.539751079502,-123.1567457376,0.));
#13468 = LINE('',#13469,#13470);
#13469 = CARTESIAN_POINT('',(55.539751079502,-123.1213231832,0.));
#13470 = VECTOR('',#13471,1.);
#13471 = DIRECTION('',(0.,-1.,0.));
#13472 = ORIENTED_EDGE('',*,*,#13473,.T.);
#13473 = EDGE_CURVE('',#13466,#13474,#13476,.T.);
#13474 = VERTEX_POINT('',#13475);
#13475 = CARTESIAN_POINT('',(55.568116292797,-123.21524899,0.));
#13476 = LINE('',#13477,#13478);
#13477 = CARTESIAN_POINT('',(55.539751079502,-123.1567457376,0.));
#13478 = VECTOR('',#13479,1.);
#13479 = DIRECTION('',(0.436273506519,-0.899814107196,0.));
#13480 = ORIENTED_EDGE('',*,*,#13481,.T.);
#13481 = EDGE_CURVE('',#13474,#13482,#13484,.T.);
#13482 = VERTEX_POINT('',#13483);
#13483 = CARTESIAN_POINT('',(55.653998323017,-123.2691777294,0.));
#13484 = CIRCLE('',#13485,0.199677344761);
#13485 = AXIS2_PLACEMENT_3D('',#13486,#13487,#13488);
#13486 = CARTESIAN_POINT('',(55.713762682611,-123.0786540738,0.));
#13487 = DIRECTION('',(0.,0.,1.));
#13488 = DIRECTION('',(-0.729408686744,-0.684078188296,0.));
#13489 = ORIENTED_EDGE('',*,*,#13490,.T.);
#13490 = EDGE_CURVE('',#13482,#13491,#13493,.T.);
#13491 = VERTEX_POINT('',#13492);
#13492 = CARTESIAN_POINT('',(55.655287866346,-123.2695948718,0.));
#13493 = CIRCLE('',#13494,7.620015239961E-02);
#13494 = AXIS2_PLACEMENT_3D('',#13495,#13496,#13497);
#13495 = CARTESIAN_POINT('',(55.631191262383,-123.3418846837,0.));
#13496 = DIRECTION('',(0.,0.,-1.));
#13497 = DIRECTION('',(0.299304659054,0.954157597606,0.));
#13498 = ORIENTED_EDGE('',*,*,#13499,.T.);
#13499 = EDGE_CURVE('',#13491,#13500,#13502,.T.);
#13500 = VERTEX_POINT('',#13501);
#13501 = CARTESIAN_POINT('',(55.906748369267,-123.3534150395,0.));
#13502 = LINE('',#13503,#13504);
#13503 = CARTESIAN_POINT('',(55.655287866346,-123.2695948718,0.));
#13504 = VECTOR('',#13505,1.);
#13505 = DIRECTION('',(0.948683298051,-0.316227766017,0.));
#13506 = ORIENTED_EDGE('',*,*,#13507,.T.);
#13507 = EDGE_CURVE('',#13500,#13508,#13510,.T.);
#13508 = VERTEX_POINT('',#13509);
#13509 = CARTESIAN_POINT('',(55.916729509436,-123.3575493631,0.));
#13510 = CIRCLE('',#13511,7.620015240026E-02);
#13511 = AXIS2_PLACEMENT_3D('',#13512,#13513,#13514);
#13512 = CARTESIAN_POINT('',(55.882651765303,-123.4257048514,0.));
#13513 = DIRECTION('',(0.,0.,-1.));
#13514 = DIRECTION('',(0.316227766017,0.94868329805,0.));
#13515 = ORIENTED_EDGE('',*,*,#13516,.T.);
#13516 = EDGE_CURVE('',#13508,#13517,#13519,.T.);
#13517 = VERTEX_POINT('',#13518);
#13518 = CARTESIAN_POINT('',(56.003089682156,-123.4007294495,0.));
#13519 = LINE('',#13520,#13521);
#13520 = CARTESIAN_POINT('',(55.916729509436,-123.3575493631,0.));
#13521 = VECTOR('',#13522,1.);
#13522 = DIRECTION('',(0.894427191,-0.4472135955,0.));
#13523 = ORIENTED_EDGE('',*,*,#13524,.T.);
#13524 = EDGE_CURVE('',#13517,#13525,#13527,.T.);
#13525 = VERTEX_POINT('',#13526);
#13526 = CARTESIAN_POINT('',(56.016235300111,-123.4090817831,0.));
#13527 = CIRCLE('',#13528,7.620015240026E-02);
#13528 = AXIS2_PLACEMENT_3D('',#13529,#13530,#13531);
#13529 = CARTESIAN_POINT('',(55.969011938024,-123.4688849377,0.));
#13530 = DIRECTION('',(0.,0.,-1.));
#13531 = DIRECTION('',(0.447213595499,0.894427191,0.));
#13532 = ORIENTED_EDGE('',*,*,#13533,.T.);
#13533 = EDGE_CURVE('',#13525,#13534,#13536,.T.);
#13534 = VERTEX_POINT('',#13535);
#13535 = CARTESIAN_POINT('',(56.126001289906,-123.5720676468,0.));
#13536 = CIRCLE('',#13537,0.322371174086);
#13537 = AXIS2_PLACEMENT_3D('',#13538,#13539,#13540);
#13538 = CARTESIAN_POINT('',(55.81645288235,-123.6620840745,0.));
#13539 = DIRECTION('',(0.,0.,-1.));
#13540 = DIRECTION('',(0.619727921788,0.784816732082,0.));
#13541 = ORIENTED_EDGE('',*,*,#13542,.T.);
#13542 = EDGE_CURVE('',#13534,#13543,#13545,.T.);
#13543 = VERTEX_POINT('',#13544);
#13544 = CARTESIAN_POINT('',(56.129032258065,-123.5933451866,0.));
#13545 = CIRCLE('',#13546,7.620015240025E-02);
#13546 = AXIS2_PLACEMENT_3D('',#13547,#13548,#13549);
#13547 = CARTESIAN_POINT('',(56.052832105664,-123.5933451866,0.));
#13548 = DIRECTION('',(0.,0.,-1.));
#13549 = DIRECTION('',(0.960223594539,0.279232248301,0.));
#13550 = ORIENTED_EDGE('',*,*,#13551,.T.);
#13551 = EDGE_CURVE('',#13543,#13552,#13554,.T.);
#13552 = VERTEX_POINT('',#13553);
#13553 = CARTESIAN_POINT('',(56.129032258065,-123.7203454406,0.));
#13554 = LINE('',#13555,#13556);
#13555 = CARTESIAN_POINT('',(56.129032258065,-123.5933451866,0.));
#13556 = VECTOR('',#13557,1.);
#13557 = DIRECTION('',(0.,-1.,0.));
#13558 = ORIENTED_EDGE('',*,*,#13559,.T.);
#13559 = EDGE_CURVE('',#13552,#13560,#13562,.T.);
#13560 = VERTEX_POINT('',#13561);
#13561 = CARTESIAN_POINT('',(56.106713750154,-123.7742270851,0.));
#13562 = CIRCLE('',#13563,7.62001524003E-02);
#13563 = AXIS2_PLACEMENT_3D('',#13564,#13565,#13566);
#13564 = CARTESIAN_POINT('',(56.052832105664,-123.7203454406,0.));
#13565 = DIRECTION('',(0.,0.,-1.));
#13566 = DIRECTION('',(1.,1.356343224702E-14,0.));
#13567 = ORIENTED_EDGE('',*,*,#13568,.T.);
#13568 = EDGE_CURVE('',#13560,#13569,#13571,.T.);
#13569 = VERTEX_POINT('',#13570);
#13570 = CARTESIAN_POINT('',(56.022893582514,-123.8580472528,0.));
#13571 = LINE('',#13572,#13573);
#13572 = CARTESIAN_POINT('',(56.106713750154,-123.7742270851,0.));
#13573 = VECTOR('',#13574,1.);
#13574 = DIRECTION('',(-0.707106781187,-0.707106781186,0.));
#13575 = ORIENTED_EDGE('',*,*,#13576,.T.);
#13576 = EDGE_CURVE('',#13569,#13577,#13579,.T.);
#13577 = VERTEX_POINT('',#13578);
#13578 = CARTESIAN_POINT('',(55.993540975355,-123.8763098357,0.));
#13579 = CIRCLE('',#13580,7.620015240029E-02);
#13580 = AXIS2_PLACEMENT_3D('',#13581,#13582,#13583);
#13581 = CARTESIAN_POINT('',(55.969011938024,-123.8041656083,0.));
#13582 = DIRECTION('',(0.,0.,-1.));
#13583 = DIRECTION('',(0.707106781187,-0.707106781187,0.));
#13584 = ORIENTED_EDGE('',*,*,#13585,.T.);
#13585 = EDGE_CURVE('',#13577,#13586,#13588,.T.);
#13586 = VERTEX_POINT('',#13587);
#13587 = CARTESIAN_POINT('',(55.866540721354,-123.9194899221,0.));
#13588 = LINE('',#13589,#13590);
#13589 = CARTESIAN_POINT('',(55.993540975355,-123.8763098357,0.));
#13590 = VECTOR('',#13591,1.);
#13591 = DIRECTION('',(-0.94677274482,-0.321902733239,0.));
#13592 = ORIENTED_EDGE('',*,*,#13593,.T.);
#13593 = EDGE_CURVE('',#13586,#13594,#13596,.T.);
#13594 = VERTEX_POINT('',#13595);
#13595 = CARTESIAN_POINT('',(55.842011684023,-123.923545847,0.));
#13596 = CIRCLE('',#13597,7.62001524003E-02);
#13597 = AXIS2_PLACEMENT_3D('',#13598,#13599,#13600);
#13598 = CARTESIAN_POINT('',(55.842011684023,-123.8473456946,0.));
#13599 = DIRECTION('',(0.,0.,-1.));
#13600 = DIRECTION('',(0.321902733239,-0.94677274482,0.));
#13601 = ORIENTED_EDGE('',*,*,#13602,.T.);
#13602 = EDGE_CURVE('',#13594,#13603,#13605,.T.);
#13603 = VERTEX_POINT('',#13604);
#13604 = CARTESIAN_POINT('',(55.671831343663,-123.923545847,0.));
#13605 = LINE('',#13606,#13607);
#13606 = CARTESIAN_POINT('',(55.842011684023,-123.923545847,0.));
#13607 = VECTOR('',#13608,1.);
#13608 = DIRECTION('',(-1.,0.,0.));
#13609 = ORIENTED_EDGE('',*,*,#13610,.T.);
#13610 = EDGE_CURVE('',#13603,#13228,#13611,.T.);
#13611 = CIRCLE('',#13612,7.620015240029E-02);
#13612 = AXIS2_PLACEMENT_3D('',#13613,#13614,#13615);
#13613 = CARTESIAN_POINT('',(55.671831343663,-123.8473456946,0.));
#13614 = DIRECTION('',(-0.,0.,-1.));
#13615 = DIRECTION('',(3.821672471241E-14,-1.,-0.));
#13616 = PLANE('',#13617);
#13617 = AXIS2_PLACEMENT_3D('',#13618,#13619,#13620);
#13618 = CARTESIAN_POINT('',(55.763107743168,-123.4019480352,0.));
#13619 = DIRECTION('',(-0.,-0.,-1.));
#13620 = DIRECTION('',(-1.,0.,0.));
#13621 = SHELL_BASED_SURFACE_MODEL('',(#13622));
#13622 = OPEN_SHELL('',(#13623));
#13623 = ADVANCED_FACE('',(#13624,#13772),#13840,.T.);
#13624 = FACE_BOUND('',#13625,.T.);
#13625 = EDGE_LOOP('',(#13626,#13636,#13645,#13654,#13663,#13671,#13680,
    #13689,#13698,#13706,#13715,#13723,#13731,#13740,#13748,#13757,
    #13765));
#13626 = ORIENTED_EDGE('',*,*,#13627,.T.);
#13627 = EDGE_CURVE('',#13628,#13630,#13632,.T.);
#13628 = VERTEX_POINT('',#13629);
#13629 = CARTESIAN_POINT('',(56.81011753064,-122.8908490616,0.));
#13630 = VERTEX_POINT('',#13631);
#13631 = CARTESIAN_POINT('',(56.937117784641,-122.9314891429,0.));
#13632 = LINE('',#13633,#13634);
#13633 = CARTESIAN_POINT('',(56.81011753064,-122.8908490616,0.));
#13634 = VECTOR('',#13635,1.);
#13635 = DIRECTION('',(0.952424147199,-0.304775727104,0.));
#13636 = ORIENTED_EDGE('',*,*,#13637,.T.);
#13637 = EDGE_CURVE('',#13630,#13638,#13640,.T.);
#13638 = VERTEX_POINT('',#13639);
#13639 = CARTESIAN_POINT('',(56.963448804875,-122.946178194,0.));
#13640 = CIRCLE('',#13641,7.620015240033E-02);
#13641 = AXIS2_PLACEMENT_3D('',#13642,#13643,#13644);
#13642 = CARTESIAN_POINT('',(56.913893827788,-123.0040640081,0.));
#13643 = DIRECTION('',(0.,0.,-1.));
#13644 = DIRECTION('',(0.304775727104,0.952424147199,0.));
#13645 = ORIENTED_EDGE('',*,*,#13646,.T.);
#13646 = EDGE_CURVE('',#13638,#13647,#13649,.T.);
#13647 = VERTEX_POINT('',#13648);
#13648 = CARTESIAN_POINT('',(57.07042094977,-123.1082572014,0.));
#13649 = CIRCLE('',#13650,0.352077649948);
#13650 = AXIS2_PLACEMENT_3D('',#13651,#13652,#13653);
#13651 = CARTESIAN_POINT('',(56.734483385168,-123.2136356825,0.));
#13652 = DIRECTION('',(0.,0.,-1.));
#13653 = DIRECTION('',(0.650326482641,0.759654833445,0.));
#13654 = ORIENTED_EDGE('',*,*,#13655,.T.);
#13655 = EDGE_CURVE('',#13647,#13656,#13658,.T.);
#13656 = VERTEX_POINT('',#13657);
#13657 = CARTESIAN_POINT('',(57.073914147828,-123.1310642621,0.));
#13658 = CIRCLE('',#13659,7.620015240031E-02);
#13659 = AXIS2_PLACEMENT_3D('',#13660,#13661,#13662);
#13660 = CARTESIAN_POINT('',(56.997713995428,-123.1310642621,0.));
#13661 = DIRECTION('',(0.,0.,-1.));
#13662 = DIRECTION('',(0.954157597485,0.299304659439,0.));
#13663 = ORIENTED_EDGE('',*,*,#13664,.T.);
#13664 = EDGE_CURVE('',#13656,#13665,#13667,.T.);
#13665 = VERTEX_POINT('',#13666);
#13666 = CARTESIAN_POINT('',(57.073914147828,-123.2580645161,0.));
#13667 = LINE('',#13668,#13669);
#13668 = CARTESIAN_POINT('',(57.073914147828,-123.1310642621,0.));
#13669 = VECTOR('',#13670,1.);
#13670 = DIRECTION('',(0.,-1.,0.));
#13671 = ORIENTED_EDGE('',*,*,#13672,.T.);
#13672 = EDGE_CURVE('',#13665,#13673,#13675,.T.);
#13673 = VERTEX_POINT('',#13674);
#13674 = CARTESIAN_POINT('',(57.070420949786,-123.2808715767,0.));
#13675 = CIRCLE('',#13676,7.620015240033E-02);
#13676 = AXIS2_PLACEMENT_3D('',#13677,#13678,#13679);
#13677 = CARTESIAN_POINT('',(56.997713995428,-123.2580645161,0.));
#13678 = DIRECTION('',(0.,0.,-1.));
#13679 = DIRECTION('',(1.,-6.128816042347E-13,0.));
#13680 = ORIENTED_EDGE('',*,*,#13681,.T.);
#13681 = EDGE_CURVE('',#13673,#13682,#13684,.T.);
#13682 = VERTEX_POINT('',#13683);
#13683 = CARTESIAN_POINT('',(56.963448804836,-123.4429505842,0.));
#13684 = CIRCLE('',#13685,0.352077649296);
#13685 = AXIS2_PLACEMENT_3D('',#13686,#13687,#13688);
#13686 = CARTESIAN_POINT('',(56.734483385734,-123.175493096,0.));
#13687 = DIRECTION('',(0.,0.,-1.));
#13688 = DIRECTION('',(0.954157597688,-0.299304658791,0.));
#13689 = ORIENTED_EDGE('',*,*,#13690,.T.);
#13690 = EDGE_CURVE('',#13682,#13691,#13693,.T.);
#13691 = VERTEX_POINT('',#13692);
#13692 = CARTESIAN_POINT('',(56.937117784641,-123.4576396352,0.));
#13693 = CIRCLE('',#13694,7.620015240034E-02);
#13694 = AXIS2_PLACEMENT_3D('',#13695,#13696,#13697);
#13695 = CARTESIAN_POINT('',(56.913893827788,-123.3850647701,0.));
#13696 = DIRECTION('',(0.,0.,-1.));
#13697 = DIRECTION('',(0.650326482125,-0.759654833886,0.));
#13698 = ORIENTED_EDGE('',*,*,#13699,.T.);
#13699 = EDGE_CURVE('',#13691,#13700,#13702,.T.);
#13700 = VERTEX_POINT('',#13701);
#13701 = CARTESIAN_POINT('',(56.81011753064,-123.4982797165,0.));
#13702 = LINE('',#13703,#13704);
#13703 = CARTESIAN_POINT('',(56.937117784641,-123.4576396352,0.));
#13704 = VECTOR('',#13705,1.);
#13705 = DIRECTION('',(-0.952424147199,-0.304775727104,0.));
#13706 = ORIENTED_EDGE('',*,*,#13707,.T.);
#13707 = EDGE_CURVE('',#13700,#13708,#13710,.T.);
#13708 = VERTEX_POINT('',#13709);
#13709 = CARTESIAN_POINT('',(56.786893573787,-123.5019050038,0.));
#13710 = CIRCLE('',#13711,7.620015240029E-02);
#13711 = AXIS2_PLACEMENT_3D('',#13712,#13713,#13714);
#13712 = CARTESIAN_POINT('',(56.786893573787,-123.4257048514,0.));
#13713 = DIRECTION('',(0.,0.,-1.));
#13714 = DIRECTION('',(0.304775727104,-0.952424147199,0.));
#13715 = ORIENTED_EDGE('',*,*,#13716,.T.);
#13716 = EDGE_CURVE('',#13708,#13717,#13719,.T.);
#13717 = VERTEX_POINT('',#13718);
#13718 = CARTESIAN_POINT('',(56.484632969266,-123.5019050038,0.));
#13719 = LINE('',#13720,#13721);
#13720 = CARTESIAN_POINT('',(56.786893573787,-123.5019050038,0.));
#13721 = VECTOR('',#13722,1.);
#13722 = DIRECTION('',(-1.,0.,0.));
#13723 = ORIENTED_EDGE('',*,*,#13724,.T.);
#13724 = EDGE_CURVE('',#13717,#13725,#13727,.T.);
#13725 = VERTEX_POINT('',#13726);
#13726 = CARTESIAN_POINT('',(56.484632969266,-123.8473456946,0.));
#13727 = LINE('',#13728,#13729);
#13728 = CARTESIAN_POINT('',(56.484632969266,-123.5019050038,0.));
#13729 = VECTOR('',#13730,1.);
#13730 = DIRECTION('',(0.,-1.,0.));
#13731 = ORIENTED_EDGE('',*,*,#13732,.T.);
#13732 = EDGE_CURVE('',#13725,#13733,#13735,.T.);
#13733 = VERTEX_POINT('',#13734);
#13734 = CARTESIAN_POINT('',(56.332232664465,-123.8473456946,0.));
#13735 = CIRCLE('',#13736,7.62001524003E-02);
#13736 = AXIS2_PLACEMENT_3D('',#13737,#13738,#13739);
#13737 = CARTESIAN_POINT('',(56.408432816866,-123.8473456946,0.));
#13738 = DIRECTION('',(-0.,0.,-1.));
#13739 = DIRECTION('',(1.,-1.110223024625E-16,-0.));
#13740 = ORIENTED_EDGE('',*,*,#13741,.T.);
#13741 = EDGE_CURVE('',#13733,#13742,#13744,.T.);
#13742 = VERTEX_POINT('',#13743);
#13743 = CARTESIAN_POINT('',(56.332232664465,-122.9634239268,0.));
#13744 = LINE('',#13745,#13746);
#13745 = CARTESIAN_POINT('',(56.332232664465,-123.8473456946,0.));
#13746 = VECTOR('',#13747,1.);
#13747 = DIRECTION('',(-8.038525145654E-15,1.,0.));
#13748 = ORIENTED_EDGE('',*,*,#13749,.T.);
#13749 = EDGE_CURVE('',#13742,#13750,#13752,.T.);
#13750 = VERTEX_POINT('',#13751);
#13751 = CARTESIAN_POINT('',(56.408432816866,-122.8872237744,0.));
#13752 = CIRCLE('',#13753,7.62001524003E-02);
#13753 = AXIS2_PLACEMENT_3D('',#13754,#13755,#13756);
#13754 = CARTESIAN_POINT('',(56.408432816866,-122.9634239268,0.));
#13755 = DIRECTION('',(0.,0.,-1.));
#13756 = DIRECTION('',(-1.,4.67472459494E-14,0.));
#13757 = ORIENTED_EDGE('',*,*,#13758,.T.);
#13758 = EDGE_CURVE('',#13750,#13759,#13761,.T.);
#13759 = VERTEX_POINT('',#13760);
#13760 = CARTESIAN_POINT('',(56.786893573787,-122.8872237744,0.));
#13761 = LINE('',#13762,#13763);
#13762 = CARTESIAN_POINT('',(56.408432816866,-122.8872237744,0.));
#13763 = VECTOR('',#13764,1.);
#13764 = DIRECTION('',(1.,0.,0.));
#13765 = ORIENTED_EDGE('',*,*,#13766,.T.);
#13766 = EDGE_CURVE('',#13759,#13628,#13767,.T.);
#13767 = CIRCLE('',#13768,7.620015240033E-02);
#13768 = AXIS2_PLACEMENT_3D('',#13769,#13770,#13771);
#13769 = CARTESIAN_POINT('',(56.786893573787,-122.9634239268,0.));
#13770 = DIRECTION('',(0.,0.,-1.));
#13771 = DIRECTION('',(-7.607844064552E-13,1.,0.));
#13772 = FACE_BOUND('',#13773,.T.);
#13773 = EDGE_LOOP('',(#13774,#13784,#13793,#13801,#13809,#13817,#13825,
    #13833));
#13774 = ORIENTED_EDGE('',*,*,#13775,.T.);
#13775 = EDGE_CURVE('',#13776,#13778,#13780,.T.);
#13776 = VERTEX_POINT('',#13777);
#13777 = CARTESIAN_POINT('',(56.921513843028,-123.245426278,0.));
#13778 = VERTEX_POINT('',#13779);
#13779 = CARTESIAN_POINT('',(56.921513843028,-123.1437025001,0.));
#13780 = LINE('',#13781,#13782);
#13781 = CARTESIAN_POINT('',(56.921513843028,-123.245426278,0.));
#13782 = VECTOR('',#13783,1.);
#13783 = DIRECTION('',(6.985021108398E-14,1.,0.));
#13784 = ORIENTED_EDGE('',*,*,#13785,.T.);
#13785 = EDGE_CURVE('',#13778,#13786,#13788,.T.);
#13786 = VERTEX_POINT('',#13787);
#13787 = CARTESIAN_POINT('',(56.874783849261,-123.0715553463,0.));
#13788 = CIRCLE('',#13789,0.199677345147);
#13789 = AXIS2_PLACEMENT_3D('',#13790,#13791,#13792);
#13790 = CARTESIAN_POINT('',(56.734483385168,-123.2136356825,0.));
#13791 = DIRECTION('',(0.,0.,1.));
#13792 = DIRECTION('',(0.936663384231,0.350230930446,-0.));
#13793 = ORIENTED_EDGE('',*,*,#13794,.T.);
#13794 = EDGE_CURVE('',#13786,#13795,#13797,.T.);
#13795 = VERTEX_POINT('',#13796);
#13796 = CARTESIAN_POINT('',(56.77499863954,-123.0396240792,0.));
#13797 = LINE('',#13798,#13799);
#13798 = CARTESIAN_POINT('',(56.874783849261,-123.0715553463,0.));
#13799 = VECTOR('',#13800,1.);
#13800 = DIRECTION('',(-0.952424147199,0.304775727104,0.));
#13801 = ORIENTED_EDGE('',*,*,#13802,.T.);
#13802 = EDGE_CURVE('',#13795,#13803,#13805,.T.);
#13803 = VERTEX_POINT('',#13804);
#13804 = CARTESIAN_POINT('',(56.484632969266,-123.0396240792,0.));
#13805 = LINE('',#13806,#13807);
#13806 = CARTESIAN_POINT('',(56.77499863954,-123.0396240792,0.));
#13807 = VECTOR('',#13808,1.);
#13808 = DIRECTION('',(-1.,0.,0.));
#13809 = ORIENTED_EDGE('',*,*,#13810,.T.);
#13810 = EDGE_CURVE('',#13803,#13811,#13813,.T.);
#13811 = VERTEX_POINT('',#13812);
#13812 = CARTESIAN_POINT('',(56.484632969266,-123.349504699,0.));
#13813 = LINE('',#13814,#13815);
#13814 = CARTESIAN_POINT('',(56.484632969266,-123.0396240792,0.));
#13815 = VECTOR('',#13816,1.);
#13816 = DIRECTION('',(0.,-1.,0.));
#13817 = ORIENTED_EDGE('',*,*,#13818,.T.);
#13818 = EDGE_CURVE('',#13811,#13819,#13821,.T.);
#13819 = VERTEX_POINT('',#13820);
#13820 = CARTESIAN_POINT('',(56.77499863954,-123.349504699,0.));
#13821 = LINE('',#13822,#13823);
#13822 = CARTESIAN_POINT('',(56.484632969266,-123.349504699,0.));
#13823 = VECTOR('',#13824,1.);
#13824 = DIRECTION('',(1.,0.,0.));
#13825 = ORIENTED_EDGE('',*,*,#13826,.T.);
#13826 = EDGE_CURVE('',#13819,#13827,#13829,.T.);
#13827 = VERTEX_POINT('',#13828);
#13828 = CARTESIAN_POINT('',(56.874783849285,-123.3175734318,0.));
#13829 = LINE('',#13830,#13831);
#13830 = CARTESIAN_POINT('',(56.77499863954,-123.349504699,0.));
#13831 = VECTOR('',#13832,1.);
#13832 = DIRECTION('',(0.952424147199,0.304775727104,0.));
#13833 = ORIENTED_EDGE('',*,*,#13834,.T.);
#13834 = EDGE_CURVE('',#13827,#13776,#13835,.T.);
#13835 = CIRCLE('',#13836,0.199677344495);
#13836 = AXIS2_PLACEMENT_3D('',#13837,#13838,#13839);
#13837 = CARTESIAN_POINT('',(56.734483385734,-123.175493096,0.));
#13838 = DIRECTION('',(0.,0.,1.));
#13839 = DIRECTION('',(0.702635864404,-0.711549606179,0.));
#13840 = PLANE('',#13841);
#13841 = AXIS2_PLACEMENT_3D('',#13842,#13843,#13844);
#13842 = CARTESIAN_POINT('',(56.604216150684,-123.3368775848,0.));
#13843 = DIRECTION('',(-0.,-0.,-1.));
#13844 = DIRECTION('',(-1.,0.,0.));
#13845 = SHELL_BASED_SURFACE_MODEL('',(#13846));
#13846 = OPEN_SHELL('',(#13847));
#13847 = ADVANCED_FACE('',(#13848),#14201,.T.);
#13848 = FACE_BOUND('',#13849,.T.);
#13849 = EDGE_LOOP('',(#13850,#13860,#13869,#13877,#13886,#13894,#13903,
    #13911,#13919,#13927,#13935,#13943,#13951,#13959,#13967,#13975,
    #13983,#13991,#13999,#14008,#14016,#14024,#14033,#14041,#14050,
    #14058,#14067,#14075,#14084,#14092,#14101,#14109,#14118,#14126,
    #14135,#14143,#14152,#14160,#14169,#14177,#14186,#14194));
#13850 = ORIENTED_EDGE('',*,*,#13851,.T.);
#13851 = EDGE_CURVE('',#13852,#13854,#13856,.T.);
#13852 = VERTEX_POINT('',#13853);
#13853 = CARTESIAN_POINT('',(57.536618793338,-123.9193362925,0.));
#13854 = VERTEX_POINT('',#13855);
#13855 = CARTESIAN_POINT('',(57.412158544418,-123.8761562061,0.));
#13856 = LINE('',#13857,#13858);
#13857 = CARTESIAN_POINT('',(57.536618793338,-123.9193362925,0.));
#13858 = VECTOR('',#13859,1.);
#13859 = DIRECTION('',(-0.944756611918,0.327772702094,0.));
#13860 = ORIENTED_EDGE('',*,*,#13861,.T.);
#13861 = EDGE_CURVE('',#13854,#13862,#13864,.T.);
#13862 = VERTEX_POINT('',#13863);
#13863 = CARTESIAN_POINT('',(57.384909979756,-123.8596545587,0.));
#13864 = CIRCLE('',#13865,7.620015240032E-02);
#13865 = AXIS2_PLACEMENT_3D('',#13866,#13867,#13868);
#13866 = CARTESIAN_POINT('',(57.43713487427,-123.8041656083,0.));
#13867 = DIRECTION('',(0.,0.,-1.));
#13868 = DIRECTION('',(-0.327772702094,-0.944756611917,-0.));
#13869 = ORIENTED_EDGE('',*,*,#13870,.T.);
#13870 = EDGE_CURVE('',#13862,#13871,#13873,.T.);
#13871 = VERTEX_POINT('',#13872);
#13872 = CARTESIAN_POINT('',(57.341729893396,-123.8190144774,0.));
#13873 = LINE('',#13874,#13875);
#13874 = CARTESIAN_POINT('',(57.384909979756,-123.8596545587,0.));
#13875 = VECTOR('',#13876,1.);
#13876 = DIRECTION('',(-0.728199992693,0.685364699005,0.));
#13877 = ORIENTED_EDGE('',*,*,#13878,.T.);
#13878 = EDGE_CURVE('',#13871,#13879,#13881,.T.);
#13879 = VERTEX_POINT('',#13880);
#13880 = CARTESIAN_POINT('',(57.325388815809,-123.7967696347,0.));
#13881 = CIRCLE('',#13882,7.620015240032E-02);
#13882 = AXIS2_PLACEMENT_3D('',#13883,#13884,#13885);
#13883 = CARTESIAN_POINT('',(57.39395478791,-123.763525527,0.));
#13884 = DIRECTION('',(0.,0.,-1.));
#13885 = DIRECTION('',(-0.685364699005,-0.728199992692,-0.));
#13886 = ORIENTED_EDGE('',*,*,#13887,.T.);
#13887 = EDGE_CURVE('',#13879,#13888,#13890,.T.);
#13888 = VERTEX_POINT('',#13889);
#13889 = CARTESIAN_POINT('',(57.284748734529,-123.712949467,0.));
#13890 = LINE('',#13891,#13892);
#13891 = CARTESIAN_POINT('',(57.325388815809,-123.7967696347,0.));
#13892 = VECTOR('',#13893,1.);
#13893 = DIRECTION('',(-0.43627350652,0.899814107196,0.));
#13894 = ORIENTED_EDGE('',*,*,#13895,.T.);
#13895 = EDGE_CURVE('',#13888,#13896,#13898,.T.);
#13896 = VERTEX_POINT('',#13897);
#13897 = CARTESIAN_POINT('',(57.42188067873,-123.6464612517,0.));
#13898 = CIRCLE('',#13899,7.620015240031E-02);
#13899 = AXIS2_PLACEMENT_3D('',#13900,#13901,#13902);
#13900 = CARTESIAN_POINT('',(57.353314706629,-123.6797053594,0.));
#13901 = DIRECTION('',(0.,0.,-1.));
#13902 = DIRECTION('',(-0.899814107196,-0.43627350652,-0.));
#13903 = ORIENTED_EDGE('',*,*,#13904,.T.);
#13904 = EDGE_CURVE('',#13896,#13905,#13907,.T.);
#13905 = VERTEX_POINT('',#13906);
#13906 = CARTESIAN_POINT('',(57.456398526036,-123.7176543117,0.));
#13907 = LINE('',#13908,#13909);
#13908 = CARTESIAN_POINT('',(57.42188067873,-123.6464612517,0.));
#13909 = VECTOR('',#13910,1.);
#13910 = DIRECTION('',(0.436273506519,-0.899814107196,0.));
#13911 = ORIENTED_EDGE('',*,*,#13912,.T.);
#13912 = EDGE_CURVE('',#13905,#13913,#13915,.T.);
#13913 = VERTEX_POINT('',#13914);
#13914 = CARTESIAN_POINT('',(57.4774990878,-123.737513664,0.));
#13915 = LINE('',#13916,#13917);
#13916 = CARTESIAN_POINT('',(57.456398526036,-123.7176543117,0.));
#13917 = VECTOR('',#13918,1.);
#13918 = DIRECTION('',(0.728199992693,-0.685364699005,0.));
#13919 = ORIENTED_EDGE('',*,*,#13920,.T.);
#13920 = EDGE_CURVE('',#13913,#13921,#13923,.T.);
#13921 = VERTEX_POINT('',#13922);
#13922 = CARTESIAN_POINT('',(57.574438030986,-123.7711455422,0.));
#13923 = LINE('',#13924,#13925);
#13924 = CARTESIAN_POINT('',(57.4774990878,-123.737513664,0.));
#13925 = VECTOR('',#13926,1.);
#13926 = DIRECTION('',(0.944756611918,-0.327772702094,0.));
#13927 = ORIENTED_EDGE('',*,*,#13928,.T.);
#13928 = EDGE_CURVE('',#13921,#13929,#13931,.T.);
#13929 = VERTEX_POINT('',#13930);
#13930 = CARTESIAN_POINT('',(57.675995530909,-123.7711455422,0.));
#13931 = LINE('',#13932,#13933);
#13932 = CARTESIAN_POINT('',(57.574438030986,-123.7711455422,0.));
#13933 = VECTOR('',#13934,1.);
#13934 = DIRECTION('',(1.,0.,0.));
#13935 = ORIENTED_EDGE('',*,*,#13936,.T.);
#13936 = EDGE_CURVE('',#13929,#13937,#13939,.T.);
#13937 = VERTEX_POINT('',#13938);
#13938 = CARTESIAN_POINT('',(57.774263526883,-123.7377344236,0.));
#13939 = LINE('',#13940,#13941);
#13940 = CARTESIAN_POINT('',(57.675995530909,-123.7711455422,0.));
#13941 = VECTOR('',#13942,1.);
#13942 = DIRECTION('',(0.94677274482,0.321902733239,0.));
#13943 = ORIENTED_EDGE('',*,*,#13944,.T.);
#13944 = EDGE_CURVE('',#13937,#13945,#13947,.T.);
#13945 = VERTEX_POINT('',#13946);
#13946 = CARTESIAN_POINT('',(57.83298461416,-123.6790133363,0.));
#13947 = LINE('',#13948,#13949);
#13948 = CARTESIAN_POINT('',(57.774263526883,-123.7377344236,0.));
#13949 = VECTOR('',#13950,1.);
#13950 = DIRECTION('',(0.707106781187,0.707106781186,0.));
#13951 = ORIENTED_EDGE('',*,*,#13952,.T.);
#13952 = EDGE_CURVE('',#13945,#13953,#13955,.T.);
#13953 = VERTEX_POINT('',#13954);
#13954 = CARTESIAN_POINT('',(57.866395732791,-123.5807453404,0.));
#13955 = LINE('',#13956,#13957);
#13956 = CARTESIAN_POINT('',(57.83298461416,-123.6790133363,0.));
#13957 = VECTOR('',#13958,1.);
#13958 = DIRECTION('',(0.321902733239,0.94677274482,0.));
#13959 = ORIENTED_EDGE('',*,*,#13960,.T.);
#13960 = EDGE_CURVE('',#13953,#13961,#13963,.T.);
#13961 = VERTEX_POINT('',#13962);
#13962 = CARTESIAN_POINT('',(57.866395732791,-123.5223679268,0.));
#13963 = LINE('',#13964,#13965);
#13964 = CARTESIAN_POINT('',(57.866395732791,-123.5807453404,0.));
#13965 = VECTOR('',#13966,1.);
#13966 = DIRECTION('',(0.,1.,0.));
#13967 = ORIENTED_EDGE('',*,*,#13968,.T.);
#13968 = EDGE_CURVE('',#13961,#13969,#13971,.T.);
#13969 = VERTEX_POINT('',#13970);
#13970 = CARTESIAN_POINT('',(57.832763854543,-123.4254289836,0.));
#13971 = LINE('',#13972,#13973);
#13972 = CARTESIAN_POINT('',(57.866395732791,-123.5223679268,0.));
#13973 = VECTOR('',#13974,1.);
#13974 = DIRECTION('',(-0.327772702094,0.944756611918,0.));
#13975 = ORIENTED_EDGE('',*,*,#13976,.T.);
#13976 = EDGE_CURVE('',#13969,#13977,#13979,.T.);
#13977 = VERTEX_POINT('',#13978);
#13978 = CARTESIAN_POINT('',(57.81257563932,-123.4039790049,0.));
#13979 = LINE('',#13980,#13981);
#13980 = CARTESIAN_POINT('',(57.832763854543,-123.4254289836,0.));
#13981 = VECTOR('',#13982,1.);
#13982 = DIRECTION('',(-0.685364699005,0.728199992693,0.));
#13983 = ORIENTED_EDGE('',*,*,#13984,.T.);
#13984 = EDGE_CURVE('',#13977,#13985,#13987,.T.);
#13985 = VERTEX_POINT('',#13986);
#13986 = CARTESIAN_POINT('',(57.754427128969,-123.3749047498,0.));
#13987 = LINE('',#13988,#13989);
#13988 = CARTESIAN_POINT('',(57.81257563932,-123.4039790049,0.));
#13989 = VECTOR('',#13990,1.);
#13990 = DIRECTION('',(-0.894427191,0.4472135955,0.));
#13991 = ORIENTED_EDGE('',*,*,#13992,.T.);
#13992 = EDGE_CURVE('',#13985,#13993,#13995,.T.);
#13993 = VERTEX_POINT('',#13994);
#13994 = CARTESIAN_POINT('',(57.647955295911,-123.3749047498,0.));
#13995 = LINE('',#13996,#13997);
#13996 = CARTESIAN_POINT('',(57.754427128969,-123.3749047498,0.));
#13997 = VECTOR('',#13998,1.);
#13998 = DIRECTION('',(-1.,0.,0.));
#13999 = ORIENTED_EDGE('',*,*,#14000,.T.);
#14000 = EDGE_CURVE('',#13993,#14001,#14003,.T.);
#14001 = VERTEX_POINT('',#14002);
#14002 = CARTESIAN_POINT('',(57.58699517399,-123.2529845059,0.));
#14003 = CIRCLE('',#14004,7.620015240031E-02);
#14004 = AXIS2_PLACEMENT_3D('',#14005,#14006,#14007);
#14005 = CARTESIAN_POINT('',(57.647955295911,-123.2987045974,0.));
#14006 = DIRECTION('',(0.,0.,-1.));
#14007 = DIRECTION('',(-1.076129163347E-13,-1.,-0.));
#14008 = ORIENTED_EDGE('',*,*,#14009,.T.);
#14009 = EDGE_CURVE('',#14001,#14010,#14012,.T.);
#14010 = VERTEX_POINT('',#14011);
#14011 = CARTESIAN_POINT('',(57.747015494031,-123.0396240792,0.));
#14012 = LINE('',#14013,#14014);
#14013 = CARTESIAN_POINT('',(57.58699517399,-123.2529845059,0.));
#14014 = VECTOR('',#14015,1.);
#14015 = DIRECTION('',(0.6,0.8,0.));
#14016 = ORIENTED_EDGE('',*,*,#14017,.T.);
#14017 = EDGE_CURVE('',#14010,#14018,#14020,.T.);
#14018 = VERTEX_POINT('',#14019);
#14019 = CARTESIAN_POINT('',(57.43713487427,-123.0396240792,0.));
#14020 = LINE('',#14021,#14022);
#14021 = CARTESIAN_POINT('',(57.747015494031,-123.0396240792,0.));
#14022 = VECTOR('',#14023,1.);
#14023 = DIRECTION('',(-1.,0.,0.));
#14024 = ORIENTED_EDGE('',*,*,#14025,.T.);
#14025 = EDGE_CURVE('',#14018,#14026,#14028,.T.);
#14026 = VERTEX_POINT('',#14027);
#14027 = CARTESIAN_POINT('',(57.43713487427,-122.8872237744,0.));
#14028 = CIRCLE('',#14029,7.62001524003E-02);
#14029 = AXIS2_PLACEMENT_3D('',#14030,#14031,#14032);
#14030 = CARTESIAN_POINT('',(57.43713487427,-122.9634239268,0.));
#14031 = DIRECTION('',(0.,0.,-1.));
#14032 = DIRECTION('',(-1.110223024625E-16,-1.,-0.));
#14033 = ORIENTED_EDGE('',*,*,#14034,.T.);
#14034 = EDGE_CURVE('',#14026,#14035,#14037,.T.);
#14035 = VERTEX_POINT('',#14036);
#14036 = CARTESIAN_POINT('',(57.899415798832,-122.8872237744,0.));
#14037 = LINE('',#14038,#14039);
#14038 = CARTESIAN_POINT('',(57.43713487427,-122.8872237744,0.));
#14039 = VECTOR('',#14040,1.);
#14040 = DIRECTION('',(1.,0.,0.));
#14041 = ORIENTED_EDGE('',*,*,#14042,.T.);
#14042 = EDGE_CURVE('',#14035,#14043,#14045,.T.);
#14043 = VERTEX_POINT('',#14044);
#14044 = CARTESIAN_POINT('',(57.960375920752,-123.0091440182,0.));
#14045 = CIRCLE('',#14046,7.62001524003E-02);
#14046 = AXIS2_PLACEMENT_3D('',#14047,#14048,#14049);
#14047 = CARTESIAN_POINT('',(57.899415798832,-122.9634239268,0.));
#14048 = DIRECTION('',(0.,0.,-1.));
#14049 = DIRECTION('',(-1.415155664193E-14,1.,0.));
#14050 = ORIENTED_EDGE('',*,*,#14051,.T.);
#14051 = EDGE_CURVE('',#14043,#14052,#14054,.T.);
#14052 = VERTEX_POINT('',#14053);
#14053 = CARTESIAN_POINT('',(57.797238266613,-123.2266608904,0.));
#14054 = LINE('',#14055,#14056);
#14055 = CARTESIAN_POINT('',(57.960375920752,-123.0091440182,0.));
#14056 = VECTOR('',#14057,1.);
#14057 = DIRECTION('',(-0.6,-0.8,0.));
#14058 = ORIENTED_EDGE('',*,*,#14059,.T.);
#14059 = EDGE_CURVE('',#14052,#14060,#14062,.T.);
#14060 = VERTEX_POINT('',#14061);
#14061 = CARTESIAN_POINT('',(57.806493288964,-123.2305491091,0.));
#14062 = CIRCLE('',#14063,7.620015240018E-02);
#14063 = AXIS2_PLACEMENT_3D('',#14064,#14065,#14066);
#14064 = CARTESIAN_POINT('',(57.772415544831,-123.2987045974,0.));
#14065 = DIRECTION('',(0.,0.,-1.));
#14066 = DIRECTION('',(0.325756852189,0.945453580697,0.));
#14067 = ORIENTED_EDGE('',*,*,#14068,.T.);
#14068 = EDGE_CURVE('',#14060,#14069,#14071,.T.);
#14069 = VERTEX_POINT('',#14070);
#14070 = CARTESIAN_POINT('',(57.892853461684,-123.2737291955,0.));
#14071 = LINE('',#14072,#14073);
#14072 = CARTESIAN_POINT('',(57.806493288964,-123.2305491091,0.));
#14073 = VECTOR('',#14074,1.);
#14074 = DIRECTION('',(0.894427191,-0.4472135955,0.));
#14075 = ORIENTED_EDGE('',*,*,#14076,.T.);
#14076 = EDGE_CURVE('',#14069,#14077,#14079,.T.);
#14077 = VERTEX_POINT('',#14078);
#14078 = CARTESIAN_POINT('',(57.914264667973,-123.2896597892,0.));
#14079 = CIRCLE('',#14080,7.620015240034E-02);
#14080 = AXIS2_PLACEMENT_3D('',#14081,#14082,#14083);
#14081 = CARTESIAN_POINT('',(57.858775717551,-123.3418846837,0.));
#14082 = DIRECTION('',(0.,0.,-1.));
#14083 = DIRECTION('',(0.4472135955,0.894427191,0.));
#14084 = ORIENTED_EDGE('',*,*,#14085,.T.);
#14085 = EDGE_CURVE('',#14077,#14086,#14088,.T.);
#14086 = VERTEX_POINT('',#14087);
#14087 = CARTESIAN_POINT('',(57.954904749253,-123.3328398756,0.));
#14088 = LINE('',#14089,#14090);
#14089 = CARTESIAN_POINT('',(57.914264667973,-123.2896597892,0.));
#14090 = VECTOR('',#14091,1.);
#14091 = DIRECTION('',(0.685364699005,-0.728199992693,0.));
#14092 = ORIENTED_EDGE('',*,*,#14093,.T.);
#14093 = EDGE_CURVE('',#14086,#14094,#14096,.T.);
#14094 = VERTEX_POINT('',#14095);
#14095 = CARTESIAN_POINT('',(57.971406396641,-123.3600884402,0.));
#14096 = CIRCLE('',#14097,7.62001524003E-02);
#14097 = AXIS2_PLACEMENT_3D('',#14098,#14099,#14100);
#14098 = CARTESIAN_POINT('',(57.899415798832,-123.3850647701,0.));
#14099 = DIRECTION('',(0.,0.,-1.));
#14100 = DIRECTION('',(0.728199992693,0.685364699005,0.));
#14101 = ORIENTED_EDGE('',*,*,#14102,.T.);
#14102 = EDGE_CURVE('',#14094,#14103,#14105,.T.);
#14103 = VERTEX_POINT('',#14104);
#14104 = CARTESIAN_POINT('',(58.014586483001,-123.4845486891,0.));
#14105 = LINE('',#14106,#14107);
#14106 = CARTESIAN_POINT('',(57.971406396641,-123.3600884402,0.));
#14107 = VECTOR('',#14108,1.);
#14108 = DIRECTION('',(0.327772702094,-0.944756611918,0.));
#14109 = ORIENTED_EDGE('',*,*,#14110,.T.);
#14110 = EDGE_CURVE('',#14103,#14111,#14113,.T.);
#14111 = VERTEX_POINT('',#14112);
#14112 = CARTESIAN_POINT('',(58.018796037592,-123.509525019,0.));
#14113 = CIRCLE('',#14114,7.620015240029E-02);
#14114 = AXIS2_PLACEMENT_3D('',#14115,#14116,#14117);
#14115 = CARTESIAN_POINT('',(57.942595885192,-123.509525019,0.));
#14116 = DIRECTION('',(0.,0.,-1.));
#14117 = DIRECTION('',(0.944756611918,0.327772702094,0.));
#14118 = ORIENTED_EDGE('',*,*,#14119,.T.);
#14119 = EDGE_CURVE('',#14111,#14120,#14122,.T.);
#14120 = VERTEX_POINT('',#14121);
#14121 = CARTESIAN_POINT('',(58.018796037592,-123.5933451866,0.));
#14122 = LINE('',#14123,#14124);
#14123 = CARTESIAN_POINT('',(58.018796037592,-123.509525019,0.));
#14124 = VECTOR('',#14125,1.);
#14125 = DIRECTION('',(0.,-1.,0.));
#14126 = ORIENTED_EDGE('',*,*,#14127,.T.);
#14127 = EDGE_CURVE('',#14120,#14128,#14130,.T.);
#14128 = VERTEX_POINT('',#14129);
#14129 = CARTESIAN_POINT('',(58.014740112635,-123.617874224,0.));
#14130 = CIRCLE('',#14131,7.620015240028E-02);
#14131 = AXIS2_PLACEMENT_3D('',#14132,#14133,#14134);
#14132 = CARTESIAN_POINT('',(57.942595885192,-123.5933451866,0.));
#14133 = DIRECTION('',(0.,0.,-1.));
#14134 = DIRECTION('',(1.,1.356751561253E-13,0.));
#14135 = ORIENTED_EDGE('',*,*,#14136,.T.);
#14136 = EDGE_CURVE('',#14128,#14137,#14139,.T.);
#14137 = VERTEX_POINT('',#14138);
#14138 = CARTESIAN_POINT('',(57.971560026275,-123.744874478,0.));
#14139 = LINE('',#14140,#14141);
#14140 = CARTESIAN_POINT('',(58.014740112635,-123.617874224,0.));
#14141 = VECTOR('',#14142,1.);
#14142 = DIRECTION('',(-0.321902733239,-0.94677274482,0.));
#14143 = ORIENTED_EDGE('',*,*,#14144,.T.);
#14144 = EDGE_CURVE('',#14137,#14145,#14147,.T.);
#14145 = VERTEX_POINT('',#14146);
#14146 = CARTESIAN_POINT('',(57.953297443321,-123.7742270851,0.));
#14147 = CIRCLE('',#14148,7.620015240028E-02);
#14148 = AXIS2_PLACEMENT_3D('',#14149,#14150,#14151);
#14149 = CARTESIAN_POINT('',(57.899415798832,-123.7203454406,0.));
#14150 = DIRECTION('',(0.,0.,-1.));
#14151 = DIRECTION('',(0.94677274482,-0.321902733239,0.));
#14152 = ORIENTED_EDGE('',*,*,#14153,.T.);
#14153 = EDGE_CURVE('',#14145,#14154,#14156,.T.);
#14154 = VERTEX_POINT('',#14155);
#14155 = CARTESIAN_POINT('',(57.869477275681,-123.8580472528,0.));
#14156 = LINE('',#14157,#14158);
#14157 = CARTESIAN_POINT('',(57.953297443321,-123.7742270851,0.));
#14158 = VECTOR('',#14159,1.);
#14159 = DIRECTION('',(-0.707106781187,-0.707106781186,0.));
#14160 = ORIENTED_EDGE('',*,*,#14161,.T.);
#14161 = EDGE_CURVE('',#14154,#14162,#14164,.T.);
#14162 = VERTEX_POINT('',#14163);
#14163 = CARTESIAN_POINT('',(57.840124668522,-123.8763098357,0.));
#14164 = CIRCLE('',#14165,7.620015240029E-02);
#14165 = AXIS2_PLACEMENT_3D('',#14166,#14167,#14168);
#14166 = CARTESIAN_POINT('',(57.815595631191,-123.8041656083,0.));
#14167 = DIRECTION('',(0.,0.,-1.));
#14168 = DIRECTION('',(0.707106781187,-0.707106781187,0.));
#14169 = ORIENTED_EDGE('',*,*,#14170,.T.);
#14170 = EDGE_CURVE('',#14162,#14171,#14173,.T.);
#14171 = VERTEX_POINT('',#14172);
#14172 = CARTESIAN_POINT('',(57.713124414522,-123.9194899221,0.));
#14173 = LINE('',#14174,#14175);
#14174 = CARTESIAN_POINT('',(57.840124668522,-123.8763098357,0.));
#14175 = VECTOR('',#14176,1.);
#14176 = DIRECTION('',(-0.94677274482,-0.321902733239,0.));
#14177 = ORIENTED_EDGE('',*,*,#14178,.T.);
#14178 = EDGE_CURVE('',#14171,#14179,#14181,.T.);
#14179 = VERTEX_POINT('',#14180);
#14180 = CARTESIAN_POINT('',(57.688595377191,-123.923545847,0.));
#14181 = CIRCLE('',#14182,7.62001524003E-02);
#14182 = AXIS2_PLACEMENT_3D('',#14183,#14184,#14185);
#14183 = CARTESIAN_POINT('',(57.688595377191,-123.8473456946,0.));
#14184 = DIRECTION('',(0.,0.,-1.));
#14185 = DIRECTION('',(0.321902733239,-0.94677274482,0.));
#14186 = ORIENTED_EDGE('',*,*,#14187,.T.);
#14187 = EDGE_CURVE('',#14179,#14188,#14190,.T.);
#14188 = VERTEX_POINT('',#14189);
#14189 = CARTESIAN_POINT('',(57.56159512319,-123.923545847,0.));
#14190 = LINE('',#14191,#14192);
#14191 = CARTESIAN_POINT('',(57.688595377191,-123.923545847,0.));
#14192 = VECTOR('',#14193,1.);
#14193 = DIRECTION('',(-1.,0.,0.));
#14194 = ORIENTED_EDGE('',*,*,#14195,.T.);
#14195 = EDGE_CURVE('',#14188,#13852,#14196,.T.);
#14196 = CIRCLE('',#14197,7.620015240029E-02);
#14197 = AXIS2_PLACEMENT_3D('',#14198,#14199,#14200);
#14198 = CARTESIAN_POINT('',(57.56159512319,-123.8473456946,0.));
#14199 = DIRECTION('',(-0.,0.,-1.));
#14200 = DIRECTION('',(3.821672471241E-14,-1.,-0.));
#14201 = PLANE('',#14202);
#14202 = AXIS2_PLACEMENT_3D('',#14203,#14204,#14205);
#14203 = CARTESIAN_POINT('',(57.69218262964,-123.4005579755,0.));
#14204 = DIRECTION('',(-0.,-0.,-1.));
#14205 = DIRECTION('',(-1.,0.,0.));
#14206 = SHELL_BASED_SURFACE_MODEL('',(#14207));
#14207 = OPEN_SHELL('',(#14208));
#14208 = ADVANCED_FACE('',(#14209),#14499,.T.);
#14209 = FACE_BOUND('',#14210,.T.);
#14210 = EDGE_LOOP('',(#14211,#14221,#14230,#14238,#14247,#14255,#14263,
    #14271,#14279,#14287,#14295,#14304,#14312,#14321,#14329,#14338,
    #14347,#14356,#14364,#14373,#14381,#14390,#14398,#14407,#14415,
    #14424,#14432,#14441,#14449,#14458,#14467,#14476,#14484,#14492));
#14211 = ORIENTED_EDGE('',*,*,#14212,.T.);
#14212 = EDGE_CURVE('',#14213,#14215,#14217,.T.);
#14213 = VERTEX_POINT('',#14214);
#14214 = CARTESIAN_POINT('',(58.887477774956,-123.923545847,0.));
#14215 = VERTEX_POINT('',#14216);
#14216 = CARTESIAN_POINT('',(58.298196596393,-123.923545847,0.));
#14217 = LINE('',#14218,#14219);
#14218 = CARTESIAN_POINT('',(58.887477774956,-123.923545847,0.));
#14219 = VECTOR('',#14220,1.);
#14220 = DIRECTION('',(-1.,0.,0.));
#14221 = ORIENTED_EDGE('',*,*,#14222,.T.);
#14222 = EDGE_CURVE('',#14215,#14223,#14225,.T.);
#14223 = VERTEX_POINT('',#14224);
#14224 = CARTESIAN_POINT('',(58.244152414118,-123.7936270797,0.));
#14225 = CIRCLE('',#14226,7.620015240031E-02);
#14226 = AXIS2_PLACEMENT_3D('',#14227,#14228,#14229);
#14227 = CARTESIAN_POINT('',(58.298196596393,-123.8473456946,0.));
#14228 = DIRECTION('',(-0.,0.,-1.));
#14229 = DIRECTION('',(1.55335935585E-14,-1.,-0.));
#14230 = ORIENTED_EDGE('',*,*,#14231,.T.);
#14231 = EDGE_CURVE('',#14223,#14232,#14234,.T.);
#14232 = VERTEX_POINT('',#14233);
#14233 = CARTESIAN_POINT('',(58.660654188409,-123.3746010523,0.));
#14234 = LINE('',#14235,#14236);
#14235 = CARTESIAN_POINT('',(58.244152414118,-123.7936270797,0.));
#14236 = VECTOR('',#14237,1.);
#14237 = DIRECTION('',(0.704967289694,0.709239818722,0.));
#14238 = ORIENTED_EDGE('',*,*,#14239,.T.);
#14239 = EDGE_CURVE('',#14232,#14240,#14242,.T.);
#14240 = VERTEX_POINT('',#14241);
#14241 = CARTESIAN_POINT('',(58.768097536195,-123.1992022864,0.));
#14242 = CIRCLE('',#14243,0.771266510497);
#14243 = AXIS2_PLACEMENT_3D('',#14244,#14245,#14246);
#14244 = CARTESIAN_POINT('',(58.06256773982,-122.8876260732,0.));
#14245 = DIRECTION('',(0.,0.,1.));
#14246 = DIRECTION('',(0.775460156055,-0.631396504877,0.));
#14247 = ORIENTED_EDGE('',*,*,#14248,.T.);
#14248 = EDGE_CURVE('',#14240,#14249,#14251,.T.);
#14249 = VERTEX_POINT('',#14250);
#14250 = CARTESIAN_POINT('',(58.768097536195,-123.1485628729,0.));
#14251 = LINE('',#14252,#14253);
#14252 = CARTESIAN_POINT('',(58.768097536195,-123.1992022864,0.));
#14253 = VECTOR('',#14254,1.);
#14254 = DIRECTION('',(-1.403141715787E-13,1.,0.));
#14255 = ORIENTED_EDGE('',*,*,#14256,.T.);
#14256 = EDGE_CURVE('',#14249,#14257,#14259,.T.);
#14257 = VERTEX_POINT('',#14258);
#14258 = CARTESIAN_POINT('',(58.740694655633,-123.0920444317,0.));
#14259 = LINE('',#14260,#14261);
#14260 = CARTESIAN_POINT('',(58.768097536195,-123.1485628729,0.));
#14261 = VECTOR('',#14262,1.);
#14262 = DIRECTION('',(-0.436273506519,0.899814107196,0.));
#14263 = ORIENTED_EDGE('',*,*,#14264,.T.);
#14264 = EDGE_CURVE('',#14257,#14265,#14267,.T.);
#14265 = VERTEX_POINT('',#14266);
#14266 = CARTESIAN_POINT('',(58.715677183658,-123.0670269598,0.));
#14267 = LINE('',#14268,#14269);
#14268 = CARTESIAN_POINT('',(58.740694655633,-123.0920444317,0.));
#14269 = VECTOR('',#14270,1.);
#14270 = DIRECTION('',(-0.707106781187,0.707106781186,0.));
#14271 = ORIENTED_EDGE('',*,*,#14272,.T.);
#14272 = EDGE_CURVE('',#14265,#14273,#14275,.T.);
#14273 = VERTEX_POINT('',#14274);
#14274 = CARTESIAN_POINT('',(58.659158742499,-123.0396240792,0.));
#14275 = LINE('',#14276,#14277);
#14276 = CARTESIAN_POINT('',(58.715677183658,-123.0670269598,0.));
#14277 = VECTOR('',#14278,1.);
#14278 = DIRECTION('',(-0.899814107196,0.436273506519,0.));
#14279 = ORIENTED_EDGE('',*,*,#14280,.T.);
#14280 = EDGE_CURVE('',#14273,#14281,#14283,.T.);
#14281 = VERTEX_POINT('',#14282);
#14282 = CARTESIAN_POINT('',(58.52397562377,-123.0396240792,0.));
#14283 = LINE('',#14284,#14285);
#14284 = CARTESIAN_POINT('',(58.659158742499,-123.0396240792,0.));
#14285 = VECTOR('',#14286,1.);
#14286 = DIRECTION('',(-1.,0.,0.));
#14287 = ORIENTED_EDGE('',*,*,#14288,.T.);
#14288 = EDGE_CURVE('',#14281,#14289,#14291,.T.);
#14289 = VERTEX_POINT('',#14290);
#14290 = CARTESIAN_POINT('',(58.465472371362,-123.0679892925,0.));
#14291 = LINE('',#14292,#14293);
#14292 = CARTESIAN_POINT('',(58.52397562377,-123.0396240792,0.));
#14293 = VECTOR('',#14294,1.);
#14294 = DIRECTION('',(-0.899814107196,-0.436273506519,0.));
#14295 = ORIENTED_EDGE('',*,*,#14296,.T.);
#14296 = EDGE_CURVE('',#14289,#14297,#14299,.T.);
#14297 = VERTEX_POINT('',#14298);
#14298 = CARTESIAN_POINT('',(58.415036830074,-123.1437025001,0.));
#14299 = CIRCLE('',#14300,0.199677345079);
#14300 = AXIS2_PLACEMENT_3D('',#14301,#14302,#14303);
#14301 = CARTESIAN_POINT('',(58.602067287874,-123.2136356825,0.));
#14302 = DIRECTION('',(0.,0.,1.));
#14303 = DIRECTION('',(-0.684078188532,0.729408686523,0.));
#14304 = ORIENTED_EDGE('',*,*,#14305,.T.);
#14305 = EDGE_CURVE('',#14297,#14306,#14308,.T.);
#14306 = VERTEX_POINT('',#14307);
#14307 = CARTESIAN_POINT('',(58.415036830074,-123.1742443484,0.));
#14308 = LINE('',#14309,#14310);
#14309 = CARTESIAN_POINT('',(58.415036830074,-123.1437025001,0.));
#14310 = VECTOR('',#14311,1.);
#14311 = DIRECTION('',(0.,-1.,0.));
#14312 = ORIENTED_EDGE('',*,*,#14313,.T.);
#14313 = EDGE_CURVE('',#14306,#14314,#14316,.T.);
#14314 = VERTEX_POINT('',#14315);
#14315 = CARTESIAN_POINT('',(58.262636525273,-123.1742443484,0.));
#14316 = CIRCLE('',#14317,7.62001524003E-02);
#14317 = AXIS2_PLACEMENT_3D('',#14318,#14319,#14320);
#14318 = CARTESIAN_POINT('',(58.338836677673,-123.1742443484,0.));
#14319 = DIRECTION('',(-0.,0.,-1.));
#14320 = DIRECTION('',(1.,-1.110223024625E-16,-0.));
#14321 = ORIENTED_EDGE('',*,*,#14322,.T.);
#14322 = EDGE_CURVE('',#14314,#14323,#14325,.T.);
#14323 = VERTEX_POINT('',#14324);
#14324 = CARTESIAN_POINT('',(58.262636525273,-123.1310642621,0.));
#14325 = LINE('',#14326,#14327);
#14326 = CARTESIAN_POINT('',(58.262636525273,-123.1742443484,0.));
#14327 = VECTOR('',#14328,1.);
#14328 = DIRECTION('',(-1.645533382758E-13,1.,0.));
#14329 = ORIENTED_EDGE('',*,*,#14330,.T.);
#14330 = EDGE_CURVE('',#14323,#14331,#14333,.T.);
#14331 = VERTEX_POINT('',#14332);
#14332 = CARTESIAN_POINT('',(58.266129723329,-123.1082572014,0.));
#14333 = CIRCLE('',#14334,7.620015240035E-02);
#14334 = AXIS2_PLACEMENT_3D('',#14335,#14336,#14337);
#14335 = CARTESIAN_POINT('',(58.338836677673,-123.1310642621,0.));
#14336 = DIRECTION('',(0.,0.,-1.));
#14337 = DIRECTION('',(-1.,3.782509700114E-13,0.));
#14338 = ORIENTED_EDGE('',*,*,#14339,.T.);
#14339 = EDGE_CURVE('',#14331,#14340,#14342,.T.);
#14340 = VERTEX_POINT('',#14341);
#14341 = CARTESIAN_POINT('',(58.373101868231,-122.946178194,0.));
#14342 = CIRCLE('',#14343,0.35207764988);
#14343 = AXIS2_PLACEMENT_3D('',#14344,#14345,#14346);
#14344 = CARTESIAN_POINT('',(58.602067287874,-123.2136356825,0.));
#14345 = DIRECTION('',(0.,0.,-1.));
#14346 = DIRECTION('',(-0.954157597506,0.299304659371,0.));
#14347 = ORIENTED_EDGE('',*,*,#14348,.T.);
#14348 = EDGE_CURVE('',#14340,#14349,#14351,.T.);
#14349 = VERTEX_POINT('',#14350);
#14350 = CARTESIAN_POINT('',(58.389412737629,-122.935498036,0.));
#14351 = CIRCLE('',#14352,7.620015240029E-02);
#14352 = AXIS2_PLACEMENT_3D('',#14353,#14354,#14355);
#14353 = CARTESIAN_POINT('',(58.422656845314,-123.0040640081,0.));
#14354 = DIRECTION('',(0.,0.,-1.));
#14355 = DIRECTION('',(-0.650326482587,0.759654833491,0.));
#14356 = ORIENTED_EDGE('',*,*,#14357,.T.);
#14357 = EDGE_CURVE('',#14349,#14358,#14360,.T.);
#14358 = VERTEX_POINT('',#14359);
#14359 = CARTESIAN_POINT('',(58.473232905269,-122.8948579547,0.));
#14360 = LINE('',#14361,#14362);
#14361 = CARTESIAN_POINT('',(58.389412737629,-122.935498036,0.));
#14362 = VECTOR('',#14363,1.);
#14363 = DIRECTION('',(0.899814107196,0.436273506519,0.));
#14364 = ORIENTED_EDGE('',*,*,#14365,.T.);
#14365 = EDGE_CURVE('',#14358,#14366,#14368,.T.);
#14366 = VERTEX_POINT('',#14367);
#14367 = CARTESIAN_POINT('',(58.506477012954,-122.8872237744,0.));
#14368 = CIRCLE('',#14369,7.62001524003E-02);
#14369 = AXIS2_PLACEMENT_3D('',#14370,#14371,#14372);
#14370 = CARTESIAN_POINT('',(58.506477012954,-122.9634239268,0.));
#14371 = DIRECTION('',(0.,0.,-1.));
#14372 = DIRECTION('',(-0.43627350652,0.899814107196,0.));
#14373 = ORIENTED_EDGE('',*,*,#14374,.T.);
#14374 = EDGE_CURVE('',#14366,#14375,#14377,.T.);
#14375 = VERTEX_POINT('',#14376);
#14376 = CARTESIAN_POINT('',(58.676657353315,-122.8872237744,0.));
#14377 = LINE('',#14378,#14379);
#14378 = CARTESIAN_POINT('',(58.506477012954,-122.8872237744,0.));
#14379 = VECTOR('',#14380,1.);
#14380 = DIRECTION('',(1.,0.,0.));
#14381 = ORIENTED_EDGE('',*,*,#14382,.T.);
#14382 = EDGE_CURVE('',#14375,#14383,#14385,.T.);
#14383 = VERTEX_POINT('',#14384);
#14384 = CARTESIAN_POINT('',(58.709901461,-122.8948579547,0.));
#14385 = CIRCLE('',#14386,7.62001524003E-02);
#14386 = AXIS2_PLACEMENT_3D('',#14387,#14388,#14389);
#14387 = CARTESIAN_POINT('',(58.676657353315,-122.9634239268,0.));
#14388 = DIRECTION('',(0.,0.,-1.));
#14389 = DIRECTION('',(3.10256981673E-13,1.,0.));
#14390 = ORIENTED_EDGE('',*,*,#14391,.T.);
#14391 = EDGE_CURVE('',#14383,#14392,#14394,.T.);
#14392 = VERTEX_POINT('',#14393);
#14393 = CARTESIAN_POINT('',(58.79372162864,-122.935498036,0.));
#14394 = LINE('',#14395,#14396);
#14395 = CARTESIAN_POINT('',(58.709901461,-122.8948579547,0.));
#14396 = VECTOR('',#14397,1.);
#14397 = DIRECTION('',(0.899814107196,-0.436273506519,0.));
#14398 = ORIENTED_EDGE('',*,*,#14399,.T.);
#14399 = EDGE_CURVE('',#14392,#14400,#14402,.T.);
#14400 = VERTEX_POINT('',#14401);
#14401 = CARTESIAN_POINT('',(58.814359165445,-122.9501823636,0.));
#14402 = CIRCLE('',#14403,7.620015240033E-02);
#14403 = AXIS2_PLACEMENT_3D('',#14404,#14405,#14406);
#14404 = CARTESIAN_POINT('',(58.760477520955,-123.0040640081,0.));
#14405 = DIRECTION('',(0.,0.,-1.));
#14406 = DIRECTION('',(0.436273506519,0.899814107196,0.));
#14407 = ORIENTED_EDGE('',*,*,#14408,.T.);
#14408 = EDGE_CURVE('',#14400,#14409,#14411,.T.);
#14409 = VERTEX_POINT('',#14410);
#14410 = CARTESIAN_POINT('',(58.857539251805,-122.9933624499,0.));
#14411 = LINE('',#14412,#14413);
#14412 = CARTESIAN_POINT('',(58.814359165445,-122.9501823636,0.));
#14413 = VECTOR('',#14414,1.);
#14414 = DIRECTION('',(0.707106781187,-0.707106781187,0.));
#14415 = ORIENTED_EDGE('',*,*,#14416,.T.);
#14416 = EDGE_CURVE('',#14409,#14417,#14419,.T.);
#14417 = VERTEX_POINT('',#14418);
#14418 = CARTESIAN_POINT('',(58.872223579416,-123.0139999868,0.));
#14419 = CIRCLE('',#14420,7.620015240027E-02);
#14420 = AXIS2_PLACEMENT_3D('',#14421,#14422,#14423);
#14421 = CARTESIAN_POINT('',(58.803657607315,-123.0472440944,0.));
#14422 = DIRECTION('',(0.,0.,-1.));
#14423 = DIRECTION('',(0.707106781186,0.707106781187,0.));
#14424 = ORIENTED_EDGE('',*,*,#14425,.T.);
#14425 = EDGE_CURVE('',#14417,#14426,#14428,.T.);
#14426 = VERTEX_POINT('',#14427);
#14427 = CARTESIAN_POINT('',(58.912863660696,-123.0978201544,0.));
#14428 = LINE('',#14429,#14430);
#14429 = CARTESIAN_POINT('',(58.872223579416,-123.0139999868,0.));
#14430 = VECTOR('',#14431,1.);
#14431 = DIRECTION('',(0.436273506519,-0.899814107196,0.));
#14432 = ORIENTED_EDGE('',*,*,#14433,.T.);
#14433 = EDGE_CURVE('',#14426,#14434,#14436,.T.);
#14434 = VERTEX_POINT('',#14435);
#14435 = CARTESIAN_POINT('',(58.920497840996,-123.1310642621,0.));
#14436 = CIRCLE('',#14437,7.620015240032E-02);
#14437 = AXIS2_PLACEMENT_3D('',#14438,#14439,#14440);
#14438 = CARTESIAN_POINT('',(58.844297688595,-123.1310642621,0.));
#14439 = DIRECTION('',(0.,0.,-1.));
#14440 = DIRECTION('',(0.899814107196,0.436273506519,0.));
#14441 = ORIENTED_EDGE('',*,*,#14442,.T.);
#14442 = EDGE_CURVE('',#14434,#14443,#14445,.T.);
#14443 = VERTEX_POINT('',#14444);
#14444 = CARTESIAN_POINT('',(58.920497840996,-123.2148844297,0.));
#14445 = LINE('',#14446,#14447);
#14446 = CARTESIAN_POINT('',(58.920497840996,-123.1310642621,0.));
#14447 = VECTOR('',#14448,1.);
#14448 = DIRECTION('',(0.,-1.,0.));
#14449 = ORIENTED_EDGE('',*,*,#14450,.T.);
#14450 = EDGE_CURVE('',#14443,#14451,#14453,.T.);
#14451 = VERTEX_POINT('',#14452);
#14452 = CARTESIAN_POINT('',(58.914587109809,-123.2443099372,0.));
#14453 = CIRCLE('',#14454,7.620015240033E-02);
#14454 = AXIS2_PLACEMENT_3D('',#14455,#14456,#14457);
#14455 = CARTESIAN_POINT('',(58.844297688595,-123.2148844297,0.));
#14456 = DIRECTION('',(0.,0.,-1.));
#14457 = DIRECTION('',(1.,1.791754185154E-13,0.));
#14458 = ORIENTED_EDGE('',*,*,#14459,.T.);
#14459 = EDGE_CURVE('',#14451,#14460,#14462,.T.);
#14460 = VERTEX_POINT('',#14461);
#14461 = CARTESIAN_POINT('',(58.776167599885,-123.4740863237,0.));
#14462 = CIRCLE('',#14463,0.923666815297);
#14463 = AXIS2_PLACEMENT_3D('',#14464,#14465,#14466);
#14464 = CARTESIAN_POINT('',(58.06256773982,-122.8876260732,0.));
#14465 = DIRECTION('',(0.,0.,-1.));
#14466 = DIRECTION('',(0.922431504389,-0.386160743357,0.));
#14467 = ORIENTED_EDGE('',*,*,#14468,.T.);
#14468 = EDGE_CURVE('',#14460,#14469,#14471,.T.);
#14469 = VERTEX_POINT('',#14470);
#14470 = CARTESIAN_POINT('',(58.77134161687,-123.4794234663,0.));
#14471 = CIRCLE('',#14472,7.620015240032E-02);
#14472 = AXIS2_PLACEMENT_3D('',#14473,#14474,#14475);
#14473 = CARTESIAN_POINT('',(58.717297434595,-123.4257048514,0.));
#14474 = DIRECTION('',(0.,0.,-1.));
#14475 = DIRECTION('',(0.772572802493,-0.634926188503,0.));
#14476 = ORIENTED_EDGE('',*,*,#14477,.T.);
#14477 = EDGE_CURVE('',#14469,#14478,#14480,.T.);
#14478 = VERTEX_POINT('',#14479);
#14479 = CARTESIAN_POINT('',(58.481376902804,-123.7711455422,0.));
#14480 = LINE('',#14481,#14482);
#14481 = CARTESIAN_POINT('',(58.77134161687,-123.4794234663,0.));
#14482 = VECTOR('',#14483,1.);
#14483 = DIRECTION('',(-0.704967289694,-0.709239818722,0.));
#14484 = ORIENTED_EDGE('',*,*,#14485,.T.);
#14485 = EDGE_CURVE('',#14478,#14486,#14488,.T.);
#14486 = VERTEX_POINT('',#14487);
#14487 = CARTESIAN_POINT('',(58.887477774956,-123.7711455422,0.));
#14488 = LINE('',#14489,#14490);
#14489 = CARTESIAN_POINT('',(58.481376902804,-123.7711455422,0.));
#14490 = VECTOR('',#14491,1.);
#14491 = DIRECTION('',(1.,0.,0.));
#14492 = ORIENTED_EDGE('',*,*,#14493,.T.);
#14493 = EDGE_CURVE('',#14486,#14213,#14494,.T.);
#14494 = CIRCLE('',#14495,7.62001524003E-02);
#14495 = AXIS2_PLACEMENT_3D('',#14496,#14497,#14498);
#14496 = CARTESIAN_POINT('',(58.887477774956,-123.8473456946,0.));
#14497 = DIRECTION('',(0.,0.,-1.));
#14498 = DIRECTION('',(1.110223024625E-16,1.,0.));
#14499 = PLANE('',#14500);
#14500 = AXIS2_PLACEMENT_3D('',#14501,#14502,#14503);
#14501 = CARTESIAN_POINT('',(58.603168217686,-123.4374278902,0.));
#14502 = DIRECTION('',(-0.,-0.,-1.));
#14503 = DIRECTION('',(-1.,0.,0.));
#14504 = SHELL_BASED_SURFACE_MODEL('',(#14505));
#14505 = OPEN_SHELL('',(#14506));
#14506 = ADVANCED_FACE('',(#14507),#14543,.T.);
#14507 = FACE_BOUND('',#14508,.T.);
#14508 = EDGE_LOOP('',(#14509,#14520,#14528,#14537));
#14509 = ORIENTED_EDGE('',*,*,#14510,.T.);
#14510 = EDGE_CURVE('',#14511,#14513,#14515,.T.);
#14511 = VERTEX_POINT('',#14512);
#14512 = CARTESIAN_POINT('',(60.,-123.3926847853,0.));
#14513 = VERTEX_POINT('',#14514);
#14514 = CARTESIAN_POINT('',(60.,-123.5450850901,0.));
#14515 = CIRCLE('',#14516,7.62001524003E-02);
#14516 = AXIS2_PLACEMENT_3D('',#14517,#14518,#14519);
#14517 = CARTESIAN_POINT('',(60.,-123.4688849377,0.));
#14518 = DIRECTION('',(0.,0.,-1.));
#14519 = DIRECTION('',(1.110223024625E-16,1.,0.));
#14520 = ORIENTED_EDGE('',*,*,#14521,.T.);
#14521 = EDGE_CURVE('',#14513,#14522,#14524,.T.);
#14522 = VERTEX_POINT('',#14523);
#14523 = CARTESIAN_POINT('',(59.243078486157,-123.5450850901,0.));
#14524 = LINE('',#14525,#14526);
#14525 = CARTESIAN_POINT('',(60.,-123.5450850901,0.));
#14526 = VECTOR('',#14527,1.);
#14527 = DIRECTION('',(-1.,0.,0.));
#14528 = ORIENTED_EDGE('',*,*,#14529,.T.);
#14529 = EDGE_CURVE('',#14522,#14530,#14532,.T.);
#14530 = VERTEX_POINT('',#14531);
#14531 = CARTESIAN_POINT('',(59.243078486157,-123.3926847853,0.));
#14532 = CIRCLE('',#14533,7.62001524003E-02);
#14533 = AXIS2_PLACEMENT_3D('',#14534,#14535,#14536);
#14534 = CARTESIAN_POINT('',(59.243078486157,-123.4688849377,0.));
#14535 = DIRECTION('',(0.,0.,-1.));
#14536 = DIRECTION('',(-1.110223024625E-16,-1.,-0.));
#14537 = ORIENTED_EDGE('',*,*,#14538,.T.);
#14538 = EDGE_CURVE('',#14530,#14511,#14539,.T.);
#14539 = LINE('',#14540,#14541);
#14540 = CARTESIAN_POINT('',(59.243078486157,-123.3926847853,0.));
#14541 = VECTOR('',#14542,1.);
#14542 = DIRECTION('',(1.,0.,0.));
#14543 = PLANE('',#14544);
#14544 = AXIS2_PLACEMENT_3D('',#14545,#14546,#14547);
#14545 = CARTESIAN_POINT('',(59.621539243078,-123.4688849377,0.));
#14546 = DIRECTION('',(-0.,-0.,-1.));
#14547 = DIRECTION('',(-1.,0.,0.));
#14548 = SHELL_BASED_SURFACE_MODEL('',(#14549));
#14549 = OPEN_SHELL('',(#14550));
#14550 = ADVANCED_FACE('',(#14551),#14841,.T.);
#14551 = FACE_BOUND('',#14552,.T.);
#14552 = EDGE_LOOP('',(#14553,#14564,#14572,#14580,#14588,#14596,#14605,
    #14613,#14622,#14630,#14639,#14647,#14656,#14664,#14673,#14682,
    #14691,#14700,#14709,#14717,#14726,#14734,#14743,#14751,#14760,
    #14768,#14777,#14785,#14794,#14802,#14810,#14818,#14826,#14834));
#14553 = ORIENTED_EDGE('',*,*,#14554,.T.);
#14554 = EDGE_CURVE('',#14555,#14557,#14559,.T.);
#14555 = VERTEX_POINT('',#14556);
#14556 = CARTESIAN_POINT('',(60.502058303919,-123.6769476694,0.));
#14557 = VERTEX_POINT('',#14558);
#14558 = CARTESIAN_POINT('',(60.620926345722,-123.7711455422,0.));
#14559 = CIRCLE('',#14560,0.268832040203);
#14560 = AXIS2_PLACEMENT_3D('',#14561,#14562,#14563);
#14561 = CARTESIAN_POINT('',(60.721678943387,-123.5219075437,0.));
#14562 = DIRECTION('',(0.,0.,1.));
#14563 = DIRECTION('',(-0.816943692062,-0.576717438613,0.));
#14564 = ORIENTED_EDGE('',*,*,#14565,.T.);
#14565 = EDGE_CURVE('',#14557,#14566,#14568,.T.);
#14566 = VERTEX_POINT('',#14567);
#14567 = CARTESIAN_POINT('',(60.756713133541,-123.7711455422,0.));
#14568 = LINE('',#14569,#14570);
#14569 = CARTESIAN_POINT('',(60.620926345722,-123.7711455422,0.));
#14570 = VECTOR('',#14571,1.);
#14571 = DIRECTION('',(1.,0.,0.));
#14572 = ORIENTED_EDGE('',*,*,#14573,.T.);
#14573 = EDGE_CURVE('',#14566,#14574,#14576,.T.);
#14574 = VERTEX_POINT('',#14575);
#14575 = CARTESIAN_POINT('',(60.815923864828,-123.7415401766,0.));
#14576 = LINE('',#14577,#14578);
#14577 = CARTESIAN_POINT('',(60.756713133541,-123.7711455422,0.));
#14578 = VECTOR('',#14579,1.);
#14579 = DIRECTION('',(0.894427191,0.4472135955,0.));
#14580 = ORIENTED_EDGE('',*,*,#14581,.T.);
#14581 = EDGE_CURVE('',#14574,#14582,#14584,.T.);
#14582 = VERTEX_POINT('',#14583);
#14583 = CARTESIAN_POINT('',(60.881918938081,-123.6755451033,0.));
#14584 = LINE('',#14585,#14586);
#14585 = CARTESIAN_POINT('',(60.815923864828,-123.7415401766,0.));
#14586 = VECTOR('',#14587,1.);
#14587 = DIRECTION('',(0.707106781187,0.707106781186,0.));
#14588 = ORIENTED_EDGE('',*,*,#14589,.T.);
#14589 = EDGE_CURVE('',#14582,#14590,#14592,.T.);
#14590 = VERTEX_POINT('',#14591);
#14591 = CARTESIAN_POINT('',(60.916955998944,-123.6032811653,0.));
#14592 = LINE('',#14593,#14594);
#14593 = CARTESIAN_POINT('',(60.881918938081,-123.6755451033,0.));
#14594 = VECTOR('',#14595,1.);
#14595 = DIRECTION('',(0.436273506519,0.899814107196,0.));
#14596 = ORIENTED_EDGE('',*,*,#14597,.T.);
#14597 = EDGE_CURVE('',#14590,#14598,#14600,.T.);
#14598 = VERTEX_POINT('',#14599);
#14599 = CARTESIAN_POINT('',(61.054087943144,-123.6697693807,0.));
#14600 = CIRCLE('',#14601,7.620015240031E-02);
#14601 = AXIS2_PLACEMENT_3D('',#14602,#14603,#14604);
#14602 = CARTESIAN_POINT('',(60.985521971044,-123.636525273,0.));
#14603 = DIRECTION('',(0.,0.,-1.));
#14604 = DIRECTION('',(-0.899814107196,0.43627350652,0.));
#14605 = ORIENTED_EDGE('',*,*,#14606,.T.);
#14606 = EDGE_CURVE('',#14598,#14607,#14609,.T.);
#14607 = VERTEX_POINT('',#14608);
#14608 = CARTESIAN_POINT('',(61.013447861864,-123.7535895483,0.));
#14609 = LINE('',#14610,#14611);
#14610 = CARTESIAN_POINT('',(61.054087943144,-123.6697693807,0.));
#14611 = VECTOR('',#14612,1.);
#14612 = DIRECTION('',(-0.436273506519,-0.899814107196,0.));
#14613 = ORIENTED_EDGE('',*,*,#14614,.T.);
#14614 = EDGE_CURVE('',#14607,#14615,#14617,.T.);
#14615 = VERTEX_POINT('',#14616);
#14616 = CARTESIAN_POINT('',(60.998763534253,-123.7742270851,0.));
#14617 = CIRCLE('',#14618,7.620015240027E-02);
#14618 = AXIS2_PLACEMENT_3D('',#14619,#14620,#14621);
#14619 = CARTESIAN_POINT('',(60.944881889764,-123.7203454406,0.));
#14620 = DIRECTION('',(0.,0.,-1.));
#14621 = DIRECTION('',(0.899814107196,-0.43627350652,0.));
#14622 = ORIENTED_EDGE('',*,*,#14623,.T.);
#14623 = EDGE_CURVE('',#14615,#14624,#14626,.T.);
#14624 = VERTEX_POINT('',#14625);
#14625 = CARTESIAN_POINT('',(60.914943366613,-123.8580472528,0.));
#14626 = LINE('',#14627,#14628);
#14627 = CARTESIAN_POINT('',(60.998763534253,-123.7742270851,0.));
#14628 = VECTOR('',#14629,1.);
#14629 = DIRECTION('',(-0.707106781187,-0.707106781187,0.));
#14630 = ORIENTED_EDGE('',*,*,#14631,.T.);
#14631 = EDGE_CURVE('',#14624,#14632,#14634,.T.);
#14632 = VERTEX_POINT('',#14633);
#14633 = CARTESIAN_POINT('',(60.895139466256,-123.8723210965,0.));
#14634 = CIRCLE('',#14635,7.620015240032E-02);
#14635 = AXIS2_PLACEMENT_3D('',#14636,#14637,#14638);
#14636 = CARTESIAN_POINT('',(60.861061722123,-123.8041656083,0.));
#14637 = DIRECTION('',(0.,0.,-1.));
#14638 = DIRECTION('',(0.707106781186,-0.707106781187,0.));
#14639 = ORIENTED_EDGE('',*,*,#14640,.T.);
#14640 = EDGE_CURVE('',#14632,#14641,#14643,.T.);
#14641 = VERTEX_POINT('',#14642);
#14642 = CARTESIAN_POINT('',(60.808779293536,-123.9155011829,0.));
#14643 = LINE('',#14644,#14645);
#14644 = CARTESIAN_POINT('',(60.895139466256,-123.8723210965,0.));
#14645 = VECTOR('',#14646,1.);
#14646 = DIRECTION('',(-0.894427191,-0.4472135955,0.));
#14647 = ORIENTED_EDGE('',*,*,#14648,.T.);
#14648 = EDGE_CURVE('',#14641,#14649,#14651,.T.);
#14649 = VERTEX_POINT('',#14650);
#14650 = CARTESIAN_POINT('',(60.774701549403,-123.923545847,0.));
#14651 = CIRCLE('',#14652,7.620015240032E-02);
#14652 = AXIS2_PLACEMENT_3D('',#14653,#14654,#14655);
#14653 = CARTESIAN_POINT('',(60.774701549403,-123.8473456946,0.));
#14654 = DIRECTION('',(0.,0.,-1.));
#14655 = DIRECTION('',(0.4472135955,-0.894427191,0.));
#14656 = ORIENTED_EDGE('',*,*,#14657,.T.);
#14657 = EDGE_CURVE('',#14649,#14658,#14660,.T.);
#14658 = VERTEX_POINT('',#14659);
#14659 = CARTESIAN_POINT('',(60.607061214122,-123.923545847,0.));
#14660 = LINE('',#14661,#14662);
#14661 = CARTESIAN_POINT('',(60.774701549403,-123.923545847,0.));
#14662 = VECTOR('',#14663,1.);
#14663 = DIRECTION('',(-1.,-1.69539803072E-13,0.));
#14664 = ORIENTED_EDGE('',*,*,#14665,.T.);
#14665 = EDGE_CURVE('',#14658,#14666,#14668,.T.);
#14666 = VERTEX_POINT('',#14667);
#14667 = CARTESIAN_POINT('',(60.58174795749,-123.9192185147,0.));
#14668 = CIRCLE('',#14669,7.62001524003E-02);
#14669 = AXIS2_PLACEMENT_3D('',#14670,#14671,#14672);
#14670 = CARTESIAN_POINT('',(60.607061214122,-123.8473456946,0.));
#14671 = DIRECTION('',(0.,0.,-1.));
#14672 = DIRECTION('',(-6.289269683581E-13,-1.,-0.));
#14673 = ORIENTED_EDGE('',*,*,#14674,.T.);
#14674 = EDGE_CURVE('',#14666,#14675,#14677,.T.);
#14675 = VERTEX_POINT('',#14676);
#14676 = CARTESIAN_POINT('',(60.377084354901,-123.7641703309,0.));
#14677 = CIRCLE('',#14678,0.421232345004);
#14678 = AXIS2_PLACEMENT_3D('',#14679,#14680,#14681);
#14679 = CARTESIAN_POINT('',(60.721678943387,-123.5219075437,0.));
#14680 = DIRECTION('',(0.,0.,-1.));
#14681 = DIRECTION('',(-0.332194304537,-0.943210975357,-0.));
#14682 = ORIENTED_EDGE('',*,*,#14683,.T.);
#14683 = EDGE_CURVE('',#14675,#14684,#14686,.T.);
#14684 = VERTEX_POINT('',#14685);
#14685 = CARTESIAN_POINT('',(60.376474116936,-123.7632892224,0.));
#14686 = CIRCLE('',#14687,7.620015240088E-02);
#14687 = AXIS2_PLACEMENT_3D('',#14688,#14689,#14690);
#14688 = CARTESIAN_POINT('',(60.439420878843,-123.7203454406,0.));
#14689 = DIRECTION('',(0.,0.,-1.));
#14690 = DIRECTION('',(-0.818062982529,-0.575128643537,-0.));
#14691 = ORIENTED_EDGE('',*,*,#14692,.T.);
#14692 = EDGE_CURVE('',#14684,#14693,#14695,.T.);
#14693 = VERTEX_POINT('',#14694);
#14694 = CARTESIAN_POINT('',(60.471909876521,-122.9477472769,0.));
#14695 = CIRCLE('',#14696,0.626073940906);
#14696 = AXIS2_PLACEMENT_3D('',#14697,#14698,#14699);
#14697 = CARTESIAN_POINT('',(60.893655855455,-123.4104555097,0.));
#14698 = DIRECTION('',(0.,0.,-1.));
#14699 = DIRECTION('',(-0.826071338748,-0.563565562557,-0.));
#14700 = ORIENTED_EDGE('',*,*,#14701,.T.);
#14701 = EDGE_CURVE('',#14693,#14702,#14704,.T.);
#14702 = VERTEX_POINT('',#14703);
#14703 = CARTESIAN_POINT('',(60.489996938797,-122.935498036,0.));
#14704 = CIRCLE('',#14705,7.620015240021E-02);
#14705 = AXIS2_PLACEMENT_3D('',#14706,#14707,#14708);
#14706 = CARTESIAN_POINT('',(60.523241046482,-123.0040640081,0.));
#14707 = DIRECTION('',(0.,0.,-1.));
#14708 = DIRECTION('',(-0.673636053791,0.739063236153,0.));
#14709 = ORIENTED_EDGE('',*,*,#14710,.T.);
#14710 = EDGE_CURVE('',#14702,#14711,#14713,.T.);
#14711 = VERTEX_POINT('',#14712);
#14712 = CARTESIAN_POINT('',(60.573817106437,-122.8948579547,0.));
#14713 = LINE('',#14714,#14715);
#14714 = CARTESIAN_POINT('',(60.489996938797,-122.935498036,0.));
#14715 = VECTOR('',#14716,1.);
#14716 = DIRECTION('',(0.899814107196,0.436273506519,0.));
#14717 = ORIENTED_EDGE('',*,*,#14718,.T.);
#14718 = EDGE_CURVE('',#14711,#14719,#14721,.T.);
#14719 = VERTEX_POINT('',#14720);
#14720 = CARTESIAN_POINT('',(60.607061214122,-122.8872237744,0.));
#14721 = CIRCLE('',#14722,7.62001524003E-02);
#14722 = AXIS2_PLACEMENT_3D('',#14723,#14724,#14725);
#14723 = CARTESIAN_POINT('',(60.607061214122,-122.9634239268,0.));
#14724 = DIRECTION('',(0.,0.,-1.));
#14725 = DIRECTION('',(-0.43627350652,0.899814107196,0.));
#14726 = ORIENTED_EDGE('',*,*,#14727,.T.);
#14727 = EDGE_CURVE('',#14719,#14728,#14730,.T.);
#14728 = VERTEX_POINT('',#14729);
#14729 = CARTESIAN_POINT('',(60.774701549403,-122.8872237744,0.));
#14730 = LINE('',#14731,#14732);
#14731 = CARTESIAN_POINT('',(60.607061214122,-122.8872237744,0.));
#14732 = VECTOR('',#14733,1.);
#14733 = DIRECTION('',(1.,0.,0.));
#14734 = ORIENTED_EDGE('',*,*,#14735,.T.);
#14735 = EDGE_CURVE('',#14728,#14736,#14738,.T.);
#14736 = VERTEX_POINT('',#14737);
#14737 = CARTESIAN_POINT('',(60.807147348463,-122.8944766038,0.));
#14738 = CIRCLE('',#14739,7.620015240029E-02);
#14739 = AXIS2_PLACEMENT_3D('',#14740,#14741,#14742);
#14740 = CARTESIAN_POINT('',(60.774701549403,-122.9634239268,0.));
#14741 = DIRECTION('',(0.,0.,-1.));
#14742 = DIRECTION('',(-3.531115079013E-13,1.,0.));
#14743 = ORIENTED_EDGE('',*,*,#14744,.T.);
#14744 = EDGE_CURVE('',#14736,#14745,#14747,.T.);
#14745 = VERTEX_POINT('',#14746);
#14746 = CARTESIAN_POINT('',(60.893507521183,-122.9351166851,0.));
#14747 = LINE('',#14748,#14749);
#14748 = CARTESIAN_POINT('',(60.807147348463,-122.8944766038,0.));
#14749 = VECTOR('',#14750,1.);
#14750 = DIRECTION('',(0.904818702201,-0.42579703633,0.));
#14751 = ORIENTED_EDGE('',*,*,#14752,.T.);
#14752 = EDGE_CURVE('',#14745,#14753,#14755,.T.);
#14753 = VERTEX_POINT('',#14754);
#14754 = CARTESIAN_POINT('',(60.915741480185,-122.9509924782,0.));
#14755 = CIRCLE('',#14756,7.620015240031E-02);
#14756 = AXIS2_PLACEMENT_3D('',#14757,#14758,#14759);
#14757 = CARTESIAN_POINT('',(60.861061722123,-123.0040640081,0.));
#14758 = DIRECTION('',(0.,0.,-1.));
#14759 = DIRECTION('',(0.42579703633,0.904818702201,0.));
#14760 = ORIENTED_EDGE('',*,*,#14761,.T.);
#14761 = EDGE_CURVE('',#14753,#14762,#14764,.T.);
#14762 = VERTEX_POINT('',#14763);
#14763 = CARTESIAN_POINT('',(60.999561647825,-123.0373526509,0.));
#14764 = LINE('',#14765,#14766);
#14765 = CARTESIAN_POINT('',(60.915741480185,-122.9509924782,0.));
#14766 = VECTOR('',#14767,1.);
#14767 = DIRECTION('',(0.696475377169,-0.717580691628,0.));
#14768 = ORIENTED_EDGE('',*,*,#14769,.T.);
#14769 = EDGE_CURVE('',#14762,#14770,#14772,.T.);
#14770 = VERTEX_POINT('',#14771);
#14771 = CARTESIAN_POINT('',(61.013447861864,-123.0571800731,0.));
#14772 = CIRCLE('',#14773,7.620015240029E-02);
#14773 = AXIS2_PLACEMENT_3D('',#14774,#14775,#14776);
#14774 = CARTESIAN_POINT('',(60.944881889764,-123.0904241808,0.));
#14775 = DIRECTION('',(0.,0.,-1.));
#14776 = DIRECTION('',(0.717580691628,0.696475377169,0.));
#14777 = ORIENTED_EDGE('',*,*,#14778,.T.);
#14778 = EDGE_CURVE('',#14770,#14779,#14781,.T.);
#14779 = VERTEX_POINT('',#14780);
#14780 = CARTESIAN_POINT('',(61.054087943144,-123.1410002408,0.));
#14781 = LINE('',#14782,#14783);
#14782 = CARTESIAN_POINT('',(61.013447861864,-123.0571800731,0.));
#14783 = VECTOR('',#14784,1.);
#14784 = DIRECTION('',(0.436273506519,-0.899814107196,0.));
#14785 = ORIENTED_EDGE('',*,*,#14786,.T.);
#14786 = EDGE_CURVE('',#14779,#14787,#14789,.T.);
#14787 = VERTEX_POINT('',#14788);
#14788 = CARTESIAN_POINT('',(60.916955998944,-123.2074884561,0.));
#14789 = CIRCLE('',#14790,7.62001524003E-02);
#14790 = AXIS2_PLACEMENT_3D('',#14791,#14792,#14793);
#14791 = CARTESIAN_POINT('',(60.985521971044,-123.1742443484,0.));
#14792 = DIRECTION('',(0.,0.,-1.));
#14793 = DIRECTION('',(0.899814107196,0.436273506519,0.));
#14794 = ORIENTED_EDGE('',*,*,#14795,.T.);
#14795 = EDGE_CURVE('',#14787,#14796,#14798,.T.);
#14796 = VERTEX_POINT('',#14797);
#14797 = CARTESIAN_POINT('',(60.881664135065,-123.1346989869,0.));
#14798 = LINE('',#14799,#14800);
#14799 = CARTESIAN_POINT('',(60.916955998944,-123.2074884561,0.));
#14800 = VECTOR('',#14801,1.);
#14801 = DIRECTION('',(-0.436273506519,0.899814107196,0.));
#14802 = ORIENTED_EDGE('',*,*,#14803,.T.);
#14803 = EDGE_CURVE('',#14796,#14804,#14806,.T.);
#14804 = VERTEX_POINT('',#14805);
#14805 = CARTESIAN_POINT('',(60.816052520633,-123.0670991417,0.));
#14806 = LINE('',#14807,#14808);
#14807 = CARTESIAN_POINT('',(60.881664135065,-123.1346989869,0.));
#14808 = VECTOR('',#14809,1.);
#14809 = DIRECTION('',(-0.696475377169,0.717580691628,0.));
#14810 = ORIENTED_EDGE('',*,*,#14811,.T.);
#14811 = EDGE_CURVE('',#14804,#14812,#14814,.T.);
#14812 = VERTEX_POINT('',#14813);
#14813 = CARTESIAN_POINT('',(60.757668012814,-123.0396240792,0.));
#14814 = LINE('',#14815,#14816);
#14815 = CARTESIAN_POINT('',(60.816052520633,-123.0670991417,0.));
#14816 = VECTOR('',#14817,1.);
#14817 = DIRECTION('',(-0.904818702201,0.42579703633,0.));
#14818 = ORIENTED_EDGE('',*,*,#14819,.T.);
#14819 = EDGE_CURVE('',#14812,#14820,#14822,.T.);
#14820 = VERTEX_POINT('',#14821);
#14821 = CARTESIAN_POINT('',(60.624559824939,-123.0396240792,0.));
#14822 = LINE('',#14823,#14824);
#14823 = CARTESIAN_POINT('',(60.757668012814,-123.0396240792,0.));
#14824 = VECTOR('',#14825,1.);
#14825 = DIRECTION('',(-1.,0.,0.));
#14826 = ORIENTED_EDGE('',*,*,#14827,.T.);
#14827 = EDGE_CURVE('',#14820,#14828,#14830,.T.);
#14828 = VERTEX_POINT('',#14829);
#14829 = CARTESIAN_POINT('',(60.566794273635,-123.0676316192,0.));
#14830 = LINE('',#14831,#14832);
#14831 = CARTESIAN_POINT('',(60.624559824939,-123.0396240792,0.));
#14832 = VECTOR('',#14833,1.);
#14833 = DIRECTION('',(-0.899814107196,-0.436273506519,0.));
#14834 = ORIENTED_EDGE('',*,*,#14835,.T.);
#14835 = EDGE_CURVE('',#14828,#14555,#14836,.T.);
#14836 = CIRCLE('',#14837,0.473673636106);
#14837 = AXIS2_PLACEMENT_3D('',#14838,#14839,#14840);
#14838 = CARTESIAN_POINT('',(60.893655855455,-123.4104555097,0.));
#14839 = DIRECTION('',(0.,0.,1.));
#14840 = DIRECTION('',(-0.690056521844,0.723755481265,0.));
#14841 = PLANE('',#14842);
#14842 = AXIS2_PLACEMENT_3D('',#14843,#14844,#14845);
#14843 = CARTESIAN_POINT('',(60.655276622045,-123.4062116046,0.));
#14844 = DIRECTION('',(-0.,-0.,-1.));
#14845 = DIRECTION('',(-1.,0.,0.));
#14846 = SHELL_BASED_SURFACE_MODEL('',(#14847));
#14847 = OPEN_SHELL('',(#14848));
#14848 = ADVANCED_FACE('',(#14849),#15202,.T.);
#14849 = FACE_BOUND('',#14850,.T.);
#14850 = EDGE_LOOP('',(#14851,#14861,#14870,#14878,#14887,#14895,#14904,
    #14912,#14920,#14928,#14936,#14944,#14952,#14960,#14968,#14976,
    #14984,#14992,#15000,#15009,#15017,#15025,#15034,#15042,#15051,
    #15059,#15068,#15076,#15085,#15093,#15102,#15110,#15119,#15127,
    #15136,#15144,#15153,#15161,#15170,#15178,#15187,#15195));
#14851 = ORIENTED_EDGE('',*,*,#14852,.T.);
#14852 = EDGE_CURVE('',#14853,#14855,#14857,.T.);
#14853 = VERTEX_POINT('',#14854);
#14854 = CARTESIAN_POINT('',(61.524426768954,-123.9193362925,0.));
#14855 = VERTEX_POINT('',#14856);
#14856 = CARTESIAN_POINT('',(61.399966520033,-123.8761562061,0.));
#14857 = LINE('',#14858,#14859);
#14858 = CARTESIAN_POINT('',(61.524426768954,-123.9193362925,0.));
#14859 = VECTOR('',#14860,1.);
#14860 = DIRECTION('',(-0.944756611918,0.327772702094,0.));
#14861 = ORIENTED_EDGE('',*,*,#14862,.T.);
#14862 = EDGE_CURVE('',#14855,#14863,#14865,.T.);
#14863 = VERTEX_POINT('',#14864);
#14864 = CARTESIAN_POINT('',(61.372717955372,-123.8596545587,0.));
#14865 = CIRCLE('',#14866,7.620015240029E-02);
#14866 = AXIS2_PLACEMENT_3D('',#14867,#14868,#14869);
#14867 = CARTESIAN_POINT('',(61.424942849886,-123.8041656083,0.));
#14868 = DIRECTION('',(0.,0.,-1.));
#14869 = DIRECTION('',(-0.327772702093,-0.944756611918,-0.));
#14870 = ORIENTED_EDGE('',*,*,#14871,.T.);
#14871 = EDGE_CURVE('',#14863,#14872,#14874,.T.);
#14872 = VERTEX_POINT('',#14873);
#14873 = CARTESIAN_POINT('',(61.329537869012,-123.8190144774,0.));
#14874 = LINE('',#14875,#14876);
#14875 = CARTESIAN_POINT('',(61.372717955372,-123.8596545587,0.));
#14876 = VECTOR('',#14877,1.);
#14877 = DIRECTION('',(-0.728199992693,0.685364699005,0.));
#14878 = ORIENTED_EDGE('',*,*,#14879,.T.);
#14879 = EDGE_CURVE('',#14872,#14880,#14882,.T.);
#14880 = VERTEX_POINT('',#14881);
#14881 = CARTESIAN_POINT('',(61.313196791425,-123.7967696347,0.));
#14882 = CIRCLE('',#14883,7.620015240034E-02);
#14883 = AXIS2_PLACEMENT_3D('',#14884,#14885,#14886);
#14884 = CARTESIAN_POINT('',(61.381762763526,-123.763525527,0.));
#14885 = DIRECTION('',(0.,0.,-1.));
#14886 = DIRECTION('',(-0.685364699006,-0.728199992692,-0.));
#14887 = ORIENTED_EDGE('',*,*,#14888,.T.);
#14888 = EDGE_CURVE('',#14880,#14889,#14891,.T.);
#14889 = VERTEX_POINT('',#14890);
#14890 = CARTESIAN_POINT('',(61.272556710145,-123.712949467,0.));
#14891 = LINE('',#14892,#14893);
#14892 = CARTESIAN_POINT('',(61.313196791425,-123.7967696347,0.));
#14893 = VECTOR('',#14894,1.);
#14894 = DIRECTION('',(-0.43627350652,0.899814107196,0.));
#14895 = ORIENTED_EDGE('',*,*,#14896,.T.);
#14896 = EDGE_CURVE('',#14889,#14897,#14899,.T.);
#14897 = VERTEX_POINT('',#14898);
#14898 = CARTESIAN_POINT('',(61.409688654346,-123.6464612517,0.));
#14899 = CIRCLE('',#14900,7.620015240031E-02);
#14900 = AXIS2_PLACEMENT_3D('',#14901,#14902,#14903);
#14901 = CARTESIAN_POINT('',(61.341122682245,-123.6797053594,0.));
#14902 = DIRECTION('',(0.,0.,-1.));
#14903 = DIRECTION('',(-0.899814107196,-0.43627350652,-0.));
#14904 = ORIENTED_EDGE('',*,*,#14905,.T.);
#14905 = EDGE_CURVE('',#14897,#14906,#14908,.T.);
#14906 = VERTEX_POINT('',#14907);
#14907 = CARTESIAN_POINT('',(61.444206501652,-123.7176543117,0.));
#14908 = LINE('',#14909,#14910);
#14909 = CARTESIAN_POINT('',(61.409688654346,-123.6464612517,0.));
#14910 = VECTOR('',#14911,1.);
#14911 = DIRECTION('',(0.436273506519,-0.899814107196,0.));
#14912 = ORIENTED_EDGE('',*,*,#14913,.T.);
#14913 = EDGE_CURVE('',#14906,#14914,#14916,.T.);
#14914 = VERTEX_POINT('',#14915);
#14915 = CARTESIAN_POINT('',(61.465307063416,-123.737513664,0.));
#14916 = LINE('',#14917,#14918);
#14917 = CARTESIAN_POINT('',(61.444206501652,-123.7176543117,0.));
#14918 = VECTOR('',#14919,1.);
#14919 = DIRECTION('',(0.728199992693,-0.685364699005,0.));
#14920 = ORIENTED_EDGE('',*,*,#14921,.T.);
#14921 = EDGE_CURVE('',#14914,#14922,#14924,.T.);
#14922 = VERTEX_POINT('',#14923);
#14923 = CARTESIAN_POINT('',(61.562246006602,-123.7711455422,0.));
#14924 = LINE('',#14925,#14926);
#14925 = CARTESIAN_POINT('',(61.465307063416,-123.737513664,0.));
#14926 = VECTOR('',#14927,1.);
#14927 = DIRECTION('',(0.944756611918,-0.327772702094,0.));
#14928 = ORIENTED_EDGE('',*,*,#14929,.T.);
#14929 = EDGE_CURVE('',#14922,#14930,#14932,.T.);
#14930 = VERTEX_POINT('',#14931);
#14931 = CARTESIAN_POINT('',(61.663803506525,-123.7711455422,0.));
#14932 = LINE('',#14933,#14934);
#14933 = CARTESIAN_POINT('',(61.562246006602,-123.7711455422,0.));
#14934 = VECTOR('',#14935,1.);
#14935 = DIRECTION('',(1.,0.,0.));
#14936 = ORIENTED_EDGE('',*,*,#14937,.T.);
#14937 = EDGE_CURVE('',#14930,#14938,#14940,.T.);
#14938 = VERTEX_POINT('',#14939);
#14939 = CARTESIAN_POINT('',(61.762071502499,-123.7377344236,0.));
#14940 = LINE('',#14941,#14942);
#14941 = CARTESIAN_POINT('',(61.663803506525,-123.7711455422,0.));
#14942 = VECTOR('',#14943,1.);
#14943 = DIRECTION('',(0.94677274482,0.321902733239,0.));
#14944 = ORIENTED_EDGE('',*,*,#14945,.T.);
#14945 = EDGE_CURVE('',#14938,#14946,#14948,.T.);
#14946 = VERTEX_POINT('',#14947);
#14947 = CARTESIAN_POINT('',(61.820792589776,-123.6790133363,0.));
#14948 = LINE('',#14949,#14950);
#14949 = CARTESIAN_POINT('',(61.762071502499,-123.7377344236,0.));
#14950 = VECTOR('',#14951,1.);
#14951 = DIRECTION('',(0.707106781187,0.707106781186,0.));
#14952 = ORIENTED_EDGE('',*,*,#14953,.T.);
#14953 = EDGE_CURVE('',#14946,#14954,#14956,.T.);
#14954 = VERTEX_POINT('',#14955);
#14955 = CARTESIAN_POINT('',(61.854203708407,-123.5807453404,0.));
#14956 = LINE('',#14957,#14958);
#14957 = CARTESIAN_POINT('',(61.820792589776,-123.6790133363,0.));
#14958 = VECTOR('',#14959,1.);
#14959 = DIRECTION('',(0.321902733239,0.94677274482,0.));
#14960 = ORIENTED_EDGE('',*,*,#14961,.T.);
#14961 = EDGE_CURVE('',#14954,#14962,#14964,.T.);
#14962 = VERTEX_POINT('',#14963);
#14963 = CARTESIAN_POINT('',(61.854203708407,-123.5223679268,0.));
#14964 = LINE('',#14965,#14966);
#14965 = CARTESIAN_POINT('',(61.854203708407,-123.5807453404,0.));
#14966 = VECTOR('',#14967,1.);
#14967 = DIRECTION('',(0.,1.,0.));
#14968 = ORIENTED_EDGE('',*,*,#14969,.T.);
#14969 = EDGE_CURVE('',#14962,#14970,#14972,.T.);
#14970 = VERTEX_POINT('',#14971);
#14971 = CARTESIAN_POINT('',(61.820571830159,-123.4254289836,0.));
#14972 = LINE('',#14973,#14974);
#14973 = CARTESIAN_POINT('',(61.854203708407,-123.5223679268,0.));
#14974 = VECTOR('',#14975,1.);
#14975 = DIRECTION('',(-0.327772702094,0.944756611918,0.));
#14976 = ORIENTED_EDGE('',*,*,#14977,.T.);
#14977 = EDGE_CURVE('',#14970,#14978,#14980,.T.);
#14978 = VERTEX_POINT('',#14979);
#14979 = CARTESIAN_POINT('',(61.800383614936,-123.4039790049,0.));
#14980 = LINE('',#14981,#14982);
#14981 = CARTESIAN_POINT('',(61.820571830159,-123.4254289836,0.));
#14982 = VECTOR('',#14983,1.);
#14983 = DIRECTION('',(-0.685364699005,0.728199992693,0.));
#14984 = ORIENTED_EDGE('',*,*,#14985,.T.);
#14985 = EDGE_CURVE('',#14978,#14986,#14988,.T.);
#14986 = VERTEX_POINT('',#14987);
#14987 = CARTESIAN_POINT('',(61.742235104585,-123.3749047498,0.));
#14988 = LINE('',#14989,#14990);
#14989 = CARTESIAN_POINT('',(61.800383614936,-123.4039790049,0.));
#14990 = VECTOR('',#14991,1.);
#14991 = DIRECTION('',(-0.894427191,0.4472135955,0.));
#14992 = ORIENTED_EDGE('',*,*,#14993,.T.);
#14993 = EDGE_CURVE('',#14986,#14994,#14996,.T.);
#14994 = VERTEX_POINT('',#14995);
#14995 = CARTESIAN_POINT('',(61.635763271527,-123.3749047498,0.));
#14996 = LINE('',#14997,#14998);
#14997 = CARTESIAN_POINT('',(61.742235104585,-123.3749047498,0.));
#14998 = VECTOR('',#14999,1.);
#14999 = DIRECTION('',(-1.,0.,0.));
#15000 = ORIENTED_EDGE('',*,*,#15001,.T.);
#15001 = EDGE_CURVE('',#14994,#15002,#15004,.T.);
#15002 = VERTEX_POINT('',#15003);
#15003 = CARTESIAN_POINT('',(61.574803149606,-123.2529845059,0.));
#15004 = CIRCLE('',#15005,7.620015240031E-02);
#15005 = AXIS2_PLACEMENT_3D('',#15006,#15007,#15008);
#15006 = CARTESIAN_POINT('',(61.635763271527,-123.2987045974,0.));
#15007 = DIRECTION('',(0.,0.,-1.));
#15008 = DIRECTION('',(-1.076129163347E-13,-1.,-0.));
#15009 = ORIENTED_EDGE('',*,*,#15010,.T.);
#15010 = EDGE_CURVE('',#15002,#15011,#15013,.T.);
#15011 = VERTEX_POINT('',#15012);
#15012 = CARTESIAN_POINT('',(61.734823469647,-123.0396240792,0.));
#15013 = LINE('',#15014,#15015);
#15014 = CARTESIAN_POINT('',(61.574803149606,-123.2529845059,0.));
#15015 = VECTOR('',#15016,1.);
#15016 = DIRECTION('',(0.6,0.8,0.));
#15017 = ORIENTED_EDGE('',*,*,#15018,.T.);
#15018 = EDGE_CURVE('',#15011,#15019,#15021,.T.);
#15019 = VERTEX_POINT('',#15020);
#15020 = CARTESIAN_POINT('',(61.424942849886,-123.0396240792,0.));
#15021 = LINE('',#15022,#15023);
#15022 = CARTESIAN_POINT('',(61.734823469647,-123.0396240792,0.));
#15023 = VECTOR('',#15024,1.);
#15024 = DIRECTION('',(-1.,0.,0.));
#15025 = ORIENTED_EDGE('',*,*,#15026,.T.);
#15026 = EDGE_CURVE('',#15019,#15027,#15029,.T.);
#15027 = VERTEX_POINT('',#15028);
#15028 = CARTESIAN_POINT('',(61.424942849886,-122.8872237744,0.));
#15029 = CIRCLE('',#15030,7.62001524003E-02);
#15030 = AXIS2_PLACEMENT_3D('',#15031,#15032,#15033);
#15031 = CARTESIAN_POINT('',(61.424942849886,-122.9634239268,0.));
#15032 = DIRECTION('',(0.,0.,-1.));
#15033 = DIRECTION('',(-1.110223024625E-16,-1.,-0.));
#15034 = ORIENTED_EDGE('',*,*,#15035,.T.);
#15035 = EDGE_CURVE('',#15027,#15036,#15038,.T.);
#15036 = VERTEX_POINT('',#15037);
#15037 = CARTESIAN_POINT('',(61.887223774448,-122.8872237744,0.));
#15038 = LINE('',#15039,#15040);
#15039 = CARTESIAN_POINT('',(61.424942849886,-122.8872237744,0.));
#15040 = VECTOR('',#15041,1.);
#15041 = DIRECTION('',(1.,0.,0.));
#15042 = ORIENTED_EDGE('',*,*,#15043,.T.);
#15043 = EDGE_CURVE('',#15036,#15044,#15046,.T.);
#15044 = VERTEX_POINT('',#15045);
#15045 = CARTESIAN_POINT('',(61.948183896368,-123.0091440182,0.));
#15046 = CIRCLE('',#15047,7.62001524003E-02);
#15047 = AXIS2_PLACEMENT_3D('',#15048,#15049,#15050);
#15048 = CARTESIAN_POINT('',(61.887223774448,-122.9634239268,0.));
#15049 = DIRECTION('',(0.,0.,-1.));
#15050 = DIRECTION('',(-1.415155664193E-14,1.,0.));
#15051 = ORIENTED_EDGE('',*,*,#15052,.T.);
#15052 = EDGE_CURVE('',#15044,#15053,#15055,.T.);
#15053 = VERTEX_POINT('',#15054);
#15054 = CARTESIAN_POINT('',(61.785046242229,-123.2266608904,0.));
#15055 = LINE('',#15056,#15057);
#15056 = CARTESIAN_POINT('',(61.948183896368,-123.0091440182,0.));
#15057 = VECTOR('',#15058,1.);
#15058 = DIRECTION('',(-0.6,-0.8,0.));
#15059 = ORIENTED_EDGE('',*,*,#15060,.T.);
#15060 = EDGE_CURVE('',#15053,#15061,#15063,.T.);
#15061 = VERTEX_POINT('',#15062);
#15062 = CARTESIAN_POINT('',(61.79430126458,-123.2305491091,0.));
#15063 = CIRCLE('',#15064,7.620015240018E-02);
#15064 = AXIS2_PLACEMENT_3D('',#15065,#15066,#15067);
#15065 = CARTESIAN_POINT('',(61.760223520447,-123.2987045974,0.));
#15066 = DIRECTION('',(0.,0.,-1.));
#15067 = DIRECTION('',(0.325756852189,0.945453580697,0.));
#15068 = ORIENTED_EDGE('',*,*,#15069,.T.);
#15069 = EDGE_CURVE('',#15061,#15070,#15072,.T.);
#15070 = VERTEX_POINT('',#15071);
#15071 = CARTESIAN_POINT('',(61.8806614373,-123.2737291955,0.));
#15072 = LINE('',#15073,#15074);
#15073 = CARTESIAN_POINT('',(61.79430126458,-123.2305491091,0.));
#15074 = VECTOR('',#15075,1.);
#15075 = DIRECTION('',(0.894427191,-0.4472135955,0.));
#15076 = ORIENTED_EDGE('',*,*,#15077,.T.);
#15077 = EDGE_CURVE('',#15070,#15078,#15080,.T.);
#15078 = VERTEX_POINT('',#15079);
#15079 = CARTESIAN_POINT('',(61.902072643588,-123.2896597892,0.));
#15080 = CIRCLE('',#15081,7.620015240034E-02);
#15081 = AXIS2_PLACEMENT_3D('',#15082,#15083,#15084);
#15082 = CARTESIAN_POINT('',(61.846583693167,-123.3418846837,0.));
#15083 = DIRECTION('',(0.,0.,-1.));
#15084 = DIRECTION('',(0.4472135955,0.894427191,0.));
#15085 = ORIENTED_EDGE('',*,*,#15086,.T.);
#15086 = EDGE_CURVE('',#15078,#15087,#15089,.T.);
#15087 = VERTEX_POINT('',#15088);
#15088 = CARTESIAN_POINT('',(61.942712724869,-123.3328398756,0.));
#15089 = LINE('',#15090,#15091);
#15090 = CARTESIAN_POINT('',(61.902072643588,-123.2896597892,0.));
#15091 = VECTOR('',#15092,1.);
#15092 = DIRECTION('',(0.685364699005,-0.728199992693,0.));
#15093 = ORIENTED_EDGE('',*,*,#15094,.T.);
#15094 = EDGE_CURVE('',#15087,#15095,#15097,.T.);
#15095 = VERTEX_POINT('',#15096);
#15096 = CARTESIAN_POINT('',(61.959214372257,-123.3600884402,0.));
#15097 = CIRCLE('',#15098,7.620015240026E-02);
#15098 = AXIS2_PLACEMENT_3D('',#15099,#15100,#15101);
#15099 = CARTESIAN_POINT('',(61.887223774448,-123.3850647701,0.));
#15100 = DIRECTION('',(0.,0.,-1.));
#15101 = DIRECTION('',(0.728199992693,0.685364699005,0.));
#15102 = ORIENTED_EDGE('',*,*,#15103,.T.);
#15103 = EDGE_CURVE('',#15095,#15104,#15106,.T.);
#15104 = VERTEX_POINT('',#15105);
#15105 = CARTESIAN_POINT('',(62.002394458617,-123.4845486891,0.));
#15106 = LINE('',#15107,#15108);
#15107 = CARTESIAN_POINT('',(61.959214372257,-123.3600884402,0.));
#15108 = VECTOR('',#15109,1.);
#15109 = DIRECTION('',(0.327772702094,-0.944756611918,0.));
#15110 = ORIENTED_EDGE('',*,*,#15111,.T.);
#15111 = EDGE_CURVE('',#15104,#15112,#15114,.T.);
#15112 = VERTEX_POINT('',#15113);
#15113 = CARTESIAN_POINT('',(62.006604013208,-123.509525019,0.));
#15114 = CIRCLE('',#15115,7.620015240029E-02);
#15115 = AXIS2_PLACEMENT_3D('',#15116,#15117,#15118);
#15116 = CARTESIAN_POINT('',(61.930403860808,-123.509525019,0.));
#15117 = DIRECTION('',(0.,0.,-1.));
#15118 = DIRECTION('',(0.944756611918,0.327772702094,0.));
#15119 = ORIENTED_EDGE('',*,*,#15120,.T.);
#15120 = EDGE_CURVE('',#15112,#15121,#15123,.T.);
#15121 = VERTEX_POINT('',#15122);
#15122 = CARTESIAN_POINT('',(62.006604013208,-123.5933451866,0.));
#15123 = LINE('',#15124,#15125);
#15124 = CARTESIAN_POINT('',(62.006604013208,-123.509525019,0.));
#15125 = VECTOR('',#15126,1.);
#15126 = DIRECTION('',(8.476990153595E-14,-1.,0.));
#15127 = ORIENTED_EDGE('',*,*,#15128,.T.);
#15128 = EDGE_CURVE('',#15121,#15129,#15131,.T.);
#15129 = VERTEX_POINT('',#15130);
#15130 = CARTESIAN_POINT('',(62.002548088251,-123.617874224,0.));
#15131 = CIRCLE('',#15132,7.620015240028E-02);
#15132 = AXIS2_PLACEMENT_3D('',#15133,#15134,#15135);
#15133 = CARTESIAN_POINT('',(61.930403860808,-123.5933451866,0.));
#15134 = DIRECTION('',(0.,0.,-1.));
#15135 = DIRECTION('',(1.,-1.462807738836E-13,0.));
#15136 = ORIENTED_EDGE('',*,*,#15137,.T.);
#15137 = EDGE_CURVE('',#15129,#15138,#15140,.T.);
#15138 = VERTEX_POINT('',#15139);
#15139 = CARTESIAN_POINT('',(61.959368001891,-123.744874478,0.));
#15140 = LINE('',#15141,#15142);
#15141 = CARTESIAN_POINT('',(62.002548088251,-123.617874224,0.));
#15142 = VECTOR('',#15143,1.);
#15143 = DIRECTION('',(-0.321902733239,-0.94677274482,0.));
#15144 = ORIENTED_EDGE('',*,*,#15145,.T.);
#15145 = EDGE_CURVE('',#15138,#15146,#15148,.T.);
#15146 = VERTEX_POINT('',#15147);
#15147 = CARTESIAN_POINT('',(61.941105418937,-123.7742270851,0.));
#15148 = CIRCLE('',#15149,7.620015240028E-02);
#15149 = AXIS2_PLACEMENT_3D('',#15150,#15151,#15152);
#15150 = CARTESIAN_POINT('',(61.887223774448,-123.7203454406,0.));
#15151 = DIRECTION('',(0.,0.,-1.));
#15152 = DIRECTION('',(0.94677274482,-0.321902733239,0.));
#15153 = ORIENTED_EDGE('',*,*,#15154,.T.);
#15154 = EDGE_CURVE('',#15146,#15155,#15157,.T.);
#15155 = VERTEX_POINT('',#15156);
#15156 = CARTESIAN_POINT('',(61.857285251297,-123.8580472528,0.));
#15157 = LINE('',#15158,#15159);
#15158 = CARTESIAN_POINT('',(61.941105418937,-123.7742270851,0.));
#15159 = VECTOR('',#15160,1.);
#15160 = DIRECTION('',(-0.707106781187,-0.707106781186,0.));
#15161 = ORIENTED_EDGE('',*,*,#15162,.T.);
#15162 = EDGE_CURVE('',#15155,#15163,#15165,.T.);
#15163 = VERTEX_POINT('',#15164);
#15164 = CARTESIAN_POINT('',(61.827932644138,-123.8763098357,0.));
#15165 = CIRCLE('',#15166,7.620015240029E-02);
#15166 = AXIS2_PLACEMENT_3D('',#15167,#15168,#15169);
#15167 = CARTESIAN_POINT('',(61.803403606807,-123.8041656083,0.));
#15168 = DIRECTION('',(0.,0.,-1.));
#15169 = DIRECTION('',(0.707106781187,-0.707106781187,0.));
#15170 = ORIENTED_EDGE('',*,*,#15171,.T.);
#15171 = EDGE_CURVE('',#15163,#15172,#15174,.T.);
#15172 = VERTEX_POINT('',#15173);
#15173 = CARTESIAN_POINT('',(61.700932390138,-123.9194899221,0.));
#15174 = LINE('',#15175,#15176);
#15175 = CARTESIAN_POINT('',(61.827932644138,-123.8763098357,0.));
#15176 = VECTOR('',#15177,1.);
#15177 = DIRECTION('',(-0.94677274482,-0.321902733239,0.));
#15178 = ORIENTED_EDGE('',*,*,#15179,.T.);
#15179 = EDGE_CURVE('',#15172,#15180,#15182,.T.);
#15180 = VERTEX_POINT('',#15181);
#15181 = CARTESIAN_POINT('',(61.676403352807,-123.923545847,0.));
#15182 = CIRCLE('',#15183,7.62001524003E-02);
#15183 = AXIS2_PLACEMENT_3D('',#15184,#15185,#15186);
#15184 = CARTESIAN_POINT('',(61.676403352807,-123.8473456946,0.));
#15185 = DIRECTION('',(0.,0.,-1.));
#15186 = DIRECTION('',(0.321902733239,-0.94677274482,0.));
#15187 = ORIENTED_EDGE('',*,*,#15188,.T.);
#15188 = EDGE_CURVE('',#15180,#15189,#15191,.T.);
#15189 = VERTEX_POINT('',#15190);
#15190 = CARTESIAN_POINT('',(61.549403098806,-123.923545847,0.));
#15191 = LINE('',#15192,#15193);
#15192 = CARTESIAN_POINT('',(61.676403352807,-123.923545847,0.));
#15193 = VECTOR('',#15194,1.);
#15194 = DIRECTION('',(-1.,0.,0.));
#15195 = ORIENTED_EDGE('',*,*,#15196,.T.);
#15196 = EDGE_CURVE('',#15189,#14853,#15197,.T.);
#15197 = CIRCLE('',#15198,7.620015240029E-02);
#15198 = AXIS2_PLACEMENT_3D('',#15199,#15200,#15201);
#15199 = CARTESIAN_POINT('',(61.549403098806,-123.8473456946,0.));
#15200 = DIRECTION('',(-0.,0.,-1.));
#15201 = DIRECTION('',(3.821672471241E-14,-1.,-0.));
#15202 = PLANE('',#15203);
#15203 = AXIS2_PLACEMENT_3D('',#15204,#15205,#15206);
#15204 = CARTESIAN_POINT('',(61.679990605256,-123.4005579755,0.));
#15205 = DIRECTION('',(-0.,-0.,-1.));
#15206 = DIRECTION('',(-1.,0.,0.));
#15207 = SHELL_BASED_SURFACE_MODEL('',(#15208));
#15208 = OPEN_SHELL('',(#15209));
#15209 = ADVANCED_FACE('',(#15210,#15248),#15286,.T.);
#15210 = FACE_BOUND('',#15211,.T.);
#15211 = EDGE_LOOP('',(#15212,#15223,#15232,#15241));
#15212 = ORIENTED_EDGE('',*,*,#15213,.T.);
#15213 = EDGE_CURVE('',#15214,#15216,#15218,.T.);
#15214 = VERTEX_POINT('',#15215);
#15215 = CARTESIAN_POINT('',(70.741196477713,-119.6367919735,0.));
#15216 = VERTEX_POINT('',#15217);
#15217 = CARTESIAN_POINT('',(79.861142994108,-119.6344111419,0.));
#15218 = CIRCLE('',#15219,4.559973568965);
#15219 = AXIS2_PLACEMENT_3D('',#15220,#15221,#15222);
#15220 = CARTESIAN_POINT('',(75.301170046678,-119.6367919735,0.));
#15221 = DIRECTION('',(0.,0.,-1.));
#15222 = DIRECTION('',(-1.,-2.219298702014E-16,-0.));
#15223 = ORIENTED_EDGE('',*,*,#15224,.T.);
#15224 = EDGE_CURVE('',#15216,#15225,#15227,.T.);
#15225 = VERTEX_POINT('',#15226);
#15226 = CARTESIAN_POINT('',(79.861096983202,-119.6367919735,0.));
#15227 = CIRCLE('',#15228,5.999999999977E-02);
#15228 = AXIS2_PLACEMENT_3D('',#15229,#15230,#15231);
#15229 = CARTESIAN_POINT('',(79.801143002286,-119.6344424688,0.));
#15230 = DIRECTION('',(0.,0.,-1.));
#15231 = DIRECTION('',(0.999999863698,5.22115214376E-04,0.));
#15232 = ORIENTED_EDGE('',*,*,#15233,.T.);
#15233 = EDGE_CURVE('',#15225,#15234,#15236,.T.);
#15234 = VERTEX_POINT('',#15235);
#15235 = CARTESIAN_POINT('',(79.861142994108,-119.6391728051,0.));
#15236 = CIRCLE('',#15237,5.999999999969E-02);
#15237 = AXIS2_PLACEMENT_3D('',#15238,#15239,#15240);
#15238 = CARTESIAN_POINT('',(79.801143002286,-119.6391414782,0.));
#15239 = DIRECTION('',(0.,0.,-1.));
#15240 = DIRECTION('',(0.999233015266,3.915841165302E-02,0.));
#15241 = ORIENTED_EDGE('',*,*,#15242,.T.);
#15242 = EDGE_CURVE('',#15234,#15214,#15243,.T.);
#15243 = CIRCLE('',#15244,4.559973568965);
#15244 = AXIS2_PLACEMENT_3D('',#15245,#15246,#15247);
#15245 = CARTESIAN_POINT('',(75.301170046677,-119.6367919735,0.));
#15246 = DIRECTION('',(-0.,0.,-1.));
#15247 = DIRECTION('',(0.999999863698,-5.2211522201E-04,-0.));
#15248 = FACE_BOUND('',#15249,.T.);
#15249 = EDGE_LOOP('',(#15250,#15261,#15270,#15279));
#15250 = ORIENTED_EDGE('',*,*,#15251,.T.);
#15251 = EDGE_CURVE('',#15252,#15254,#15256,.T.);
#15252 = VERTEX_POINT('',#15253);
#15253 = CARTESIAN_POINT('',(79.741143010464,-119.6344737957,0.));
#15254 = VERTEX_POINT('',#15255);
#15255 = CARTESIAN_POINT('',(70.861196477713,-119.6367919735,0.));
#15256 = CIRCLE('',#15257,4.439973568965);
#15257 = AXIS2_PLACEMENT_3D('',#15258,#15259,#15260);
#15258 = CARTESIAN_POINT('',(75.301170046677,-119.6367919735,0.));
#15259 = DIRECTION('',(0.,0.,1.));
#15260 = DIRECTION('',(0.999999863698,5.221152220106E-04,-0.));
#15261 = ORIENTED_EDGE('',*,*,#15262,.T.);
#15262 = EDGE_CURVE('',#15254,#15263,#15265,.T.);
#15263 = VERTEX_POINT('',#15264);
#15264 = CARTESIAN_POINT('',(79.741143010464,-119.6391101513,0.));
#15265 = CIRCLE('',#15266,4.439973568965);
#15266 = AXIS2_PLACEMENT_3D('',#15267,#15268,#15269);
#15267 = CARTESIAN_POINT('',(75.301170046677,-119.6367919735,0.));
#15268 = DIRECTION('',(0.,0.,1.));
#15269 = DIRECTION('',(-1.,-6.598044615306E-17,0.));
#15270 = ORIENTED_EDGE('',*,*,#15271,.T.);
#15271 = EDGE_CURVE('',#15263,#15272,#15274,.T.);
#15272 = VERTEX_POINT('',#15273);
#15273 = CARTESIAN_POINT('',(79.74118902137,-119.6367919735,0.));
#15274 = CIRCLE('',#15275,6.000000000008E-02);
#15275 = AXIS2_PLACEMENT_3D('',#15276,#15277,#15278);
#15276 = CARTESIAN_POINT('',(79.801143002286,-119.6391414782,0.));
#15277 = DIRECTION('',(0.,0.,-1.));
#15278 = DIRECTION('',(-0.999999863698,5.221152322999E-04,0.));
#15279 = ORIENTED_EDGE('',*,*,#15280,.T.);
#15280 = EDGE_CURVE('',#15272,#15252,#15281,.T.);
#15281 = CIRCLE('',#15282,6.000000000017E-02);
#15282 = AXIS2_PLACEMENT_3D('',#15283,#15284,#15285);
#15283 = CARTESIAN_POINT('',(79.801143002286,-119.6344424688,0.));
#15284 = DIRECTION('',(0.,0.,-1.));
#15285 = DIRECTION('',(-0.999233015265,-3.915841165907E-02,-0.));
#15286 = PLANE('',#15287);
#15287 = AXIS2_PLACEMENT_3D('',#15288,#15289,#15290);
#15288 = CARTESIAN_POINT('',(75.301276524919,-119.6367919735,0.));
#15289 = DIRECTION('',(-0.,-0.,-1.));
#15290 = DIRECTION('',(-1.,0.,0.));
#15291 = SHELL_BASED_SURFACE_MODEL('',(#15292));
#15292 = OPEN_SHELL('',(#15293));
#15293 = ADVANCED_FACE('',(#15294),#15400,.T.);
#15294 = FACE_BOUND('',#15295,.T.);
#15295 = EDGE_LOOP('',(#15296,#15306,#15314,#15322,#15330,#15338,#15346,
    #15354,#15362,#15370,#15378,#15386,#15394));
#15296 = ORIENTED_EDGE('',*,*,#15297,.T.);
#15297 = EDGE_CURVE('',#15298,#15300,#15302,.T.);
#15298 = VERTEX_POINT('',#15299);
#15299 = CARTESIAN_POINT('',(73.243406146812,-117.7667208534,0.));
#15300 = VERTEX_POINT('',#15301);
#15301 = CARTESIAN_POINT('',(73.243406146812,-117.5576301752,0.));
#15302 = LINE('',#15303,#15304);
#15303 = CARTESIAN_POINT('',(73.243406146812,-117.7667208534,0.));
#15304 = VECTOR('',#15305,1.);
#15305 = DIRECTION('',(0.,1.,0.));
#15306 = ORIENTED_EDGE('',*,*,#15307,.T.);
#15307 = EDGE_CURVE('',#15300,#15308,#15310,.T.);
#15308 = VERTEX_POINT('',#15309);
#15309 = CARTESIAN_POINT('',(72.831285242571,-117.5576301752,0.));
#15310 = LINE('',#15311,#15312);
#15311 = CARTESIAN_POINT('',(73.243406146812,-117.5576301752,0.));
#15312 = VECTOR('',#15313,1.);
#15313 = DIRECTION('',(-1.,0.,0.));
#15314 = ORIENTED_EDGE('',*,*,#15315,.T.);
#15315 = EDGE_CURVE('',#15308,#15316,#15318,.T.);
#15316 = VERTEX_POINT('',#15317);
#15317 = CARTESIAN_POINT('',(72.831285242571,-117.4606604013,0.));
#15318 = LINE('',#15319,#15320);
#15319 = CARTESIAN_POINT('',(72.831285242571,-117.5576301752,0.));
#15320 = VECTOR('',#15321,1.);
#15321 = DIRECTION('',(0.,1.,0.));
#15322 = ORIENTED_EDGE('',*,*,#15323,.T.);
#15323 = EDGE_CURVE('',#15316,#15324,#15326,.T.);
#15324 = VERTEX_POINT('',#15325);
#15325 = CARTESIAN_POINT('',(73.243406146812,-117.4606604013,0.));
#15326 = LINE('',#15327,#15328);
#15327 = CARTESIAN_POINT('',(72.831285242571,-117.4606604013,0.));
#15328 = VECTOR('',#15329,1.);
#15329 = DIRECTION('',(1.,0.,0.));
#15330 = ORIENTED_EDGE('',*,*,#15331,.T.);
#15331 = EDGE_CURVE('',#15324,#15332,#15334,.T.);
#15332 = VERTEX_POINT('',#15333);
#15333 = CARTESIAN_POINT('',(73.243406146812,-117.0424790449,0.));
#15334 = LINE('',#15335,#15336);
#15335 = CARTESIAN_POINT('',(73.243406146812,-117.4606604013,0.));
#15336 = VECTOR('',#15337,1.);
#15337 = DIRECTION('',(0.,1.,0.));
#15338 = ORIENTED_EDGE('',*,*,#15339,.T.);
#15339 = EDGE_CURVE('',#15332,#15340,#15342,.T.);
#15340 = VERTEX_POINT('',#15341);
#15341 = CARTESIAN_POINT('',(73.346436372873,-117.0424790449,0.));
#15342 = LINE('',#15343,#15344);
#15343 = CARTESIAN_POINT('',(73.243406146812,-117.0424790449,0.));
#15344 = VECTOR('',#15345,1.);
#15345 = DIRECTION('',(1.,0.,0.));
#15346 = ORIENTED_EDGE('',*,*,#15347,.T.);
#15347 = EDGE_CURVE('',#15340,#15348,#15350,.T.);
#15348 = VERTEX_POINT('',#15349);
#15349 = CARTESIAN_POINT('',(73.346436372873,-117.4606604013,0.));
#15350 = LINE('',#15351,#15352);
#15351 = CARTESIAN_POINT('',(73.346436372873,-117.0424790449,0.));
#15352 = VECTOR('',#15353,1.);
#15353 = DIRECTION('',(0.,-1.,0.));
#15354 = ORIENTED_EDGE('',*,*,#15355,.T.);
#15355 = EDGE_CURVE('',#15348,#15356,#15358,.T.);
#15356 = VERTEX_POINT('',#15357);
#15357 = CARTESIAN_POINT('',(73.758557277115,-117.4606604013,0.));
#15358 = LINE('',#15359,#15360);
#15359 = CARTESIAN_POINT('',(73.346436372873,-117.4606604013,0.));
#15360 = VECTOR('',#15361,1.);
#15361 = DIRECTION('',(1.,0.,0.));
#15362 = ORIENTED_EDGE('',*,*,#15363,.T.);
#15363 = EDGE_CURVE('',#15356,#15364,#15366,.T.);
#15364 = VERTEX_POINT('',#15365);
#15365 = CARTESIAN_POINT('',(73.758557277115,-117.5576301752,0.));
#15366 = LINE('',#15367,#15368);
#15367 = CARTESIAN_POINT('',(73.758557277115,-117.4606604013,0.));
#15368 = VECTOR('',#15369,1.);
#15369 = DIRECTION('',(0.,-1.,0.));
#15370 = ORIENTED_EDGE('',*,*,#15371,.T.);
#15371 = EDGE_CURVE('',#15364,#15372,#15374,.T.);
#15372 = VERTEX_POINT('',#15373);
#15373 = CARTESIAN_POINT('',(73.346436372873,-117.5576301752,0.));
#15374 = LINE('',#15375,#15376);
#15375 = CARTESIAN_POINT('',(73.758557277115,-117.5576301752,0.));
#15376 = VECTOR('',#15377,1.);
#15377 = DIRECTION('',(-1.,0.,0.));
#15378 = ORIENTED_EDGE('',*,*,#15379,.T.);
#15379 = EDGE_CURVE('',#15372,#15380,#15382,.T.);
#15380 = VERTEX_POINT('',#15381);
#15381 = CARTESIAN_POINT('',(73.346436372873,-117.9758140716,0.));
#15382 = LINE('',#15383,#15384);
#15383 = CARTESIAN_POINT('',(73.346436372873,-117.5576301752,0.));
#15384 = VECTOR('',#15385,1.);
#15385 = DIRECTION('',(0.,-1.,0.));
#15386 = ORIENTED_EDGE('',*,*,#15387,.T.);
#15387 = EDGE_CURVE('',#15380,#15388,#15390,.T.);
#15388 = VERTEX_POINT('',#15389);
#15389 = CARTESIAN_POINT('',(73.243406146812,-117.9758140716,0.));
#15390 = LINE('',#15391,#15392);
#15391 = CARTESIAN_POINT('',(73.346436372873,-117.9758140716,0.));
#15392 = VECTOR('',#15393,1.);
#15393 = DIRECTION('',(-1.,0.,0.));
#15394 = ORIENTED_EDGE('',*,*,#15395,.T.);
#15395 = EDGE_CURVE('',#15388,#15298,#15396,.T.);
#15396 = LINE('',#15397,#15398);
#15397 = CARTESIAN_POINT('',(73.243406146812,-117.9758140716,0.));
#15398 = VECTOR('',#15399,1.);
#15399 = DIRECTION('',(0.,1.,0.));
#15400 = PLANE('',#15401);
#15401 = AXIS2_PLACEMENT_3D('',#15402,#15403,#15404);
#15402 = CARTESIAN_POINT('',(73.294921259843,-117.5091459956,0.));
#15403 = DIRECTION('',(-0.,-0.,-1.));
#15404 = DIRECTION('',(-1.,0.,0.));
#15405 = SHELL_BASED_SURFACE_MODEL('',(#15406));
#15406 = OPEN_SHELL('',(#15407));
#15407 = ADVANCED_FACE('',(#15408),#15706,.T.);
#15408 = FACE_BOUND('',#15409,.T.);
#15409 = EDGE_LOOP('',(#15410,#15420,#15428,#15437,#15445,#15454,#15462,
    #15470,#15479,#15487,#15496,#15504,#15513,#15521,#15530,#15538,
    #15547,#15555,#15564,#15573,#15582,#15590,#15599,#15608,#15617,
    #15626,#15634,#15643,#15651,#15659,#15667,#15675,#15683,#15691,
    #15699));
#15410 = ORIENTED_EDGE('',*,*,#15411,.T.);
#15411 = EDGE_CURVE('',#15412,#15414,#15416,.T.);
#15412 = VERTEX_POINT('',#15413);
#15413 = CARTESIAN_POINT('',(71.353923074002,-144.732104868,0.));
#15414 = VERTEX_POINT('',#15415);
#15415 = CARTESIAN_POINT('',(71.478282956566,-144.8256952951,0.));
#15416 = LINE('',#15417,#15418);
#15417 = CARTESIAN_POINT('',(71.353923074002,-144.732104868,0.));
#15418 = VECTOR('',#15419,1.);
#15419 = DIRECTION('',(0.799010447837,-0.601317141156,0.));
#15420 = ORIENTED_EDGE('',*,*,#15421,.T.);
#15421 = EDGE_CURVE('',#15414,#15422,#15424,.T.);
#15422 = VERTEX_POINT('',#15423);
#15423 = CARTESIAN_POINT('',(71.478282956566,-144.638049276,0.));
#15424 = LINE('',#15425,#15426);
#15425 = CARTESIAN_POINT('',(71.478282956566,-144.8256952951,0.));
#15426 = VECTOR('',#15427,1.);
#15427 = DIRECTION('',(0.,1.,0.));
#15428 = ORIENTED_EDGE('',*,*,#15429,.T.);
#15429 = EDGE_CURVE('',#15422,#15430,#15432,.T.);
#15430 = VERTEX_POINT('',#15431);
#15431 = CARTESIAN_POINT('',(71.630683261367,-144.638049276,0.));
#15432 = CIRCLE('',#15433,7.62001524003E-02);
#15433 = AXIS2_PLACEMENT_3D('',#15434,#15435,#15436);
#15434 = CARTESIAN_POINT('',(71.554483108966,-144.638049276,0.));
#15435 = DIRECTION('',(0.,0.,-1.));
#15436 = DIRECTION('',(-1.,1.110223024625E-16,0.));
#15437 = ORIENTED_EDGE('',*,*,#15438,.T.);
#15438 = EDGE_CURVE('',#15430,#15439,#15441,.T.);
#15439 = VERTEX_POINT('',#15440);
#15440 = CARTESIAN_POINT('',(71.630683261367,-144.9784099568,0.));
#15441 = LINE('',#15442,#15443);
#15442 = CARTESIAN_POINT('',(71.630683261367,-144.638049276,0.));
#15443 = VECTOR('',#15444,1.);
#15444 = DIRECTION('',(0.,-1.,0.));
#15445 = ORIENTED_EDGE('',*,*,#15446,.T.);
#15446 = EDGE_CURVE('',#15439,#15447,#15449,.T.);
#15447 = VERTEX_POINT('',#15448);
#15448 = CARTESIAN_POINT('',(71.508662651169,-145.0392946747,0.));
#15449 = CIRCLE('',#15450,7.620015240031E-02);
#15450 = AXIS2_PLACEMENT_3D('',#15451,#15452,#15453);
#15451 = CARTESIAN_POINT('',(71.554483108966,-144.9784099568,0.));
#15452 = DIRECTION('',(0.,0.,-1.));
#15453 = DIRECTION('',(1.,-1.775849511214E-14,0.));
#15454 = ORIENTED_EDGE('',*,*,#15455,.T.);
#15455 = EDGE_CURVE('',#15447,#15456,#15458,.T.);
#15456 = VERTEX_POINT('',#15457);
#15457 = CARTESIAN_POINT('',(71.368810901356,-144.9340454197,0.));
#15458 = LINE('',#15459,#15460);
#15459 = CARTESIAN_POINT('',(71.508662651169,-145.0392946747,0.));
#15460 = VECTOR('',#15461,1.);
#15461 = DIRECTION('',(-0.799010447837,0.601317141156,0.));
#15462 = ORIENTED_EDGE('',*,*,#15463,.T.);
#15463 = EDGE_CURVE('',#15456,#15464,#15466,.T.);
#15464 = VERTEX_POINT('',#15465);
#15465 = CARTESIAN_POINT('',(71.346318749617,-144.9809040691,0.));
#15466 = LINE('',#15467,#15468);
#15467 = CARTESIAN_POINT('',(71.368810901356,-144.9340454197,0.));
#15468 = VECTOR('',#15469,1.);
#15469 = DIRECTION('',(-0.432731067585,-0.901523057468,0.));
#15470 = ORIENTED_EDGE('',*,*,#15471,.T.);
#15471 = EDGE_CURVE('',#15464,#15472,#15474,.T.);
#15472 = VERTEX_POINT('',#15473);
#15473 = CARTESIAN_POINT('',(71.329307602443,-145.0039220303,0.));
#15474 = CIRCLE('',#15475,7.620015240036E-02);
#15475 = AXIS2_PLACEMENT_3D('',#15476,#15477,#15478);
#15476 = CARTESIAN_POINT('',(71.277622555245,-144.9479298958,0.));
#15477 = DIRECTION('',(0.,0.,-1.));
#15478 = DIRECTION('',(0.901523057469,-0.432731067584,0.));
#15479 = ORIENTED_EDGE('',*,*,#15480,.T.);
#15480 = EDGE_CURVE('',#15472,#15481,#15483,.T.);
#15481 = VERTEX_POINT('',#15482);
#15482 = CARTESIAN_POINT('',(71.296287536403,-145.0344020912,0.));
#15483 = LINE('',#15484,#15485);
#15484 = CARTESIAN_POINT('',(71.329307602443,-145.0039220303,0.));
#15485 = VECTOR('',#15486,1.);
#15486 = DIRECTION('',(-0.734803444627,-0.678280102733,0.));
#15487 = ORIENTED_EDGE('',*,*,#15488,.T.);
#15488 = EDGE_CURVE('',#15481,#15489,#15491,.T.);
#15489 = VERTEX_POINT('',#15490);
#15490 = CARTESIAN_POINT('',(71.268699093169,-145.0506997687,0.));
#15491 = CIRCLE('',#15492,7.620015240034E-02);
#15492 = AXIS2_PLACEMENT_3D('',#15493,#15494,#15495);
#15493 = CARTESIAN_POINT('',(71.244602489205,-144.9784099568,0.));
#15494 = DIRECTION('',(0.,0.,-1.));
#15495 = DIRECTION('',(0.678280102733,-0.734803444628,0.));
#15496 = ORIENTED_EDGE('',*,*,#15497,.T.);
#15497 = EDGE_CURVE('',#15489,#15498,#15500,.T.);
#15498 = VERTEX_POINT('',#15499);
#15499 = CARTESIAN_POINT('',(71.177258910288,-145.0811798296,0.));
#15500 = LINE('',#15501,#15502);
#15501 = CARTESIAN_POINT('',(71.268699093169,-145.0506997687,0.));
#15502 = VECTOR('',#15503,1.);
#15503 = DIRECTION('',(-0.94868329805,-0.316227766017,0.));
#15504 = ORIENTED_EDGE('',*,*,#15505,.T.);
#15505 = EDGE_CURVE('',#15498,#15506,#15508,.T.);
#15506 = VERTEX_POINT('',#15507);
#15507 = CARTESIAN_POINT('',(71.153162306325,-145.0850901701,0.));
#15508 = CIRCLE('',#15509,7.62001524003E-02);
#15509 = AXIS2_PLACEMENT_3D('',#15510,#15511,#15512);
#15510 = CARTESIAN_POINT('',(71.153162306325,-145.0088900177,0.));
#15511 = DIRECTION('',(0.,0.,-1.));
#15512 = DIRECTION('',(0.316227766017,-0.94868329805,0.));
#15513 = ORIENTED_EDGE('',*,*,#15514,.T.);
#15514 = EDGE_CURVE('',#15506,#15515,#15517,.T.);
#15515 = VERTEX_POINT('',#15516);
#15516 = CARTESIAN_POINT('',(71.089662179324,-145.0850901701,0.));
#15517 = LINE('',#15518,#15519);
#15518 = CARTESIAN_POINT('',(71.153162306325,-145.0850901701,0.));
#15519 = VECTOR('',#15520,1.);
#15520 = DIRECTION('',(-1.,0.,0.));
#15521 = ORIENTED_EDGE('',*,*,#15522,.T.);
#15522 = EDGE_CURVE('',#15515,#15523,#15525,.T.);
#15523 = VERTEX_POINT('',#15524);
#15524 = CARTESIAN_POINT('',(71.065565575361,-145.0811798296,0.));
#15525 = CIRCLE('',#15526,7.620015240033E-02);
#15526 = AXIS2_PLACEMENT_3D('',#15527,#15528,#15529);
#15527 = CARTESIAN_POINT('',(71.089662179324,-145.0088900177,0.));
#15528 = DIRECTION('',(-0.,0.,-1.));
#15529 = DIRECTION('',(3.049573930414E-13,-1.,-0.));
#15530 = ORIENTED_EDGE('',*,*,#15531,.T.);
#15531 = EDGE_CURVE('',#15523,#15532,#15534,.T.);
#15532 = VERTEX_POINT('',#15533);
#15533 = CARTESIAN_POINT('',(70.97412539248,-145.0506997687,0.));
#15534 = LINE('',#15535,#15536);
#15535 = CARTESIAN_POINT('',(71.065565575361,-145.0811798296,0.));
#15536 = VECTOR('',#15537,1.);
#15537 = DIRECTION('',(-0.94868329805,0.316227766017,0.));
#15538 = ORIENTED_EDGE('',*,*,#15539,.T.);
#15539 = EDGE_CURVE('',#15532,#15540,#15542,.T.);
#15540 = VERTEX_POINT('',#15541);
#15541 = CARTESIAN_POINT('',(70.945450965594,-145.0333797806,0.));
#15542 = CIRCLE('',#15543,7.620015240029E-02);
#15543 = AXIS2_PLACEMENT_3D('',#15544,#15545,#15546);
#15544 = CARTESIAN_POINT('',(70.998221996444,-144.9784099568,0.));
#15545 = DIRECTION('',(0.,0.,-1.));
#15546 = DIRECTION('',(-0.316227766018,-0.94868329805,-0.));
#15547 = ORIENTED_EDGE('',*,*,#15548,.T.);
#15548 = EDGE_CURVE('',#15540,#15549,#15551,.T.);
#15549 = VERTEX_POINT('',#15550);
#15550 = CARTESIAN_POINT('',(70.881950838594,-144.9724196587,0.));
#15551 = LINE('',#15552,#15553);
#15552 = CARTESIAN_POINT('',(70.945450965594,-145.0333797806,0.));
#15553 = VECTOR('',#15554,1.);
#15554 = DIRECTION('',(-0.721387321031,0.69253182819,0.));
#15555 = ORIENTED_EDGE('',*,*,#15556,.T.);
#15556 = EDGE_CURVE('',#15549,#15557,#15559,.T.);
#15557 = VERTEX_POINT('',#15558);
#15558 = CARTESIAN_POINT('',(70.866936153109,-144.9522573037,0.));
#15559 = CIRCLE('',#15560,7.620015240029E-02);
#15560 = AXIS2_PLACEMENT_3D('',#15561,#15562,#15563);
#15561 = CARTESIAN_POINT('',(70.934721869444,-144.9174498349,0.));
#15562 = DIRECTION('',(0.,0.,-1.));
#15563 = DIRECTION('',(-0.692531828189,-0.721387321031,-0.));
#15564 = ORIENTED_EDGE('',*,*,#15565,.T.);
#15565 = EDGE_CURVE('',#15557,#15566,#15568,.T.);
#15566 = VERTEX_POINT('',#15567);
#15567 = CARTESIAN_POINT('',(70.828930152941,-144.7178869693,0.));
#15568 = CIRCLE('',#15569,0.384810842179);
#15569 = AXIS2_PLACEMENT_3D('',#15570,#15571,#15572);
#15570 = CARTESIAN_POINT('',(71.209254085143,-144.7764795529,0.));
#15571 = DIRECTION('',(0.,0.,-1.));
#15572 = DIRECTION('',(-0.889574550694,-0.456790016044,-0.));
#15573 = ORIENTED_EDGE('',*,*,#15574,.T.);
#15574 = EDGE_CURVE('',#15566,#15575,#15577,.T.);
#15575 = VERTEX_POINT('',#15576);
#15576 = CARTESIAN_POINT('',(70.831951996593,-144.705392855,0.));
#15577 = CIRCLE('',#15578,7.620015240058E-02);
#15578 = AXIS2_PLACEMENT_3D('',#15579,#15580,#15581);
#15579 = CARTESIAN_POINT('',(70.904241808484,-144.7294894589,0.));
#15580 = DIRECTION('',(0.,0.,-1.));
#15581 = DIRECTION('',(-0.988339959572,0.152263338705,0.));
#15582 = ORIENTED_EDGE('',*,*,#15583,.T.);
#15583 = EDGE_CURVE('',#15575,#15584,#15586,.T.);
#15584 = VERTEX_POINT('',#15585);
#15585 = CARTESIAN_POINT('',(70.862432057553,-144.6139526721,0.));
#15586 = LINE('',#15587,#15588);
#15587 = CARTESIAN_POINT('',(70.831951996593,-144.705392855,0.));
#15588 = VECTOR('',#15589,1.);
#15589 = DIRECTION('',(0.316227766017,0.948683298051,0.));
#15590 = ORIENTED_EDGE('',*,*,#15591,.T.);
#15591 = EDGE_CURVE('',#15584,#15592,#15594,.T.);
#15592 = VERTEX_POINT('',#15593);
#15593 = CARTESIAN_POINT('',(70.877113754876,-144.5881717424,0.));
#15594 = CIRCLE('',#15595,7.620015240021E-02);
#15595 = AXIS2_PLACEMENT_3D('',#15596,#15597,#15598);
#15596 = CARTESIAN_POINT('',(70.934721869444,-144.638049276,0.));
#15597 = DIRECTION('',(0.,0.,-1.));
#15598 = DIRECTION('',(-0.94868329805,0.316227766017,0.));
#15599 = ORIENTED_EDGE('',*,*,#15600,.T.);
#15600 = EDGE_CURVE('',#15592,#15601,#15603,.T.);
#15601 = VERTEX_POINT('',#15602);
#15602 = CARTESIAN_POINT('',(71.006645880084,-144.5041509044,0.));
#15603 = CIRCLE('',#15604,0.277632344274);
#15604 = AXIS2_PLACEMENT_3D('',#15605,#15606,#15607);
#15605 = CARTESIAN_POINT('',(71.08700671956,-144.7698986308,0.));
#15606 = DIRECTION('',(0.,0.,-1.));
#15607 = DIRECTION('',(-0.756010490181,0.654559499768,0.));
#15608 = ORIENTED_EDGE('',*,*,#15609,.T.);
#15609 = EDGE_CURVE('',#15601,#15610,#15612,.T.);
#15610 = VERTEX_POINT('',#15611);
#15611 = CARTESIAN_POINT('',(71.050758234724,-144.6500274038,0.));
#15612 = CIRCLE('',#15613,7.620015240033E-02);
#15613 = AXIS2_PLACEMENT_3D('',#15614,#15615,#15616);
#15614 = CARTESIAN_POINT('',(71.028702057404,-144.5770891541,0.));
#15615 = DIRECTION('',(0.,0.,-1.));
#15616 = DIRECTION('',(-0.289450567031,0.957192963433,0.));
#15617 = ORIENTED_EDGE('',*,*,#15618,.T.);
#15618 = EDGE_CURVE('',#15610,#15619,#15621,.T.);
#15619 = VERTEX_POINT('',#15620);
#15620 = CARTESIAN_POINT('',(71.001635033805,-144.6782758226,0.));
#15621 = CIRCLE('',#15622,0.125232039473);
#15622 = AXIS2_PLACEMENT_3D('',#15623,#15624,#15625);
#15623 = CARTESIAN_POINT('',(71.08700671956,-144.7698986308,0.));
#15624 = DIRECTION('',(0.,0.,1.));
#15625 = DIRECTION('',(-0.28945056703,0.957192963433,0.));
#15626 = ORIENTED_EDGE('',*,*,#15627,.T.);
#15627 = EDGE_CURVE('',#15619,#15628,#15630,.T.);
#15628 = VERTEX_POINT('',#15629);
#15629 = CARTESIAN_POINT('',(70.978716895856,-144.7470302364,0.));
#15630 = LINE('',#15631,#15632);
#15631 = CARTESIAN_POINT('',(71.001635033805,-144.6782758226,0.));
#15632 = VECTOR('',#15633,1.);
#15633 = DIRECTION('',(-0.316227766017,-0.94868329805,0.));
#15634 = ORIENTED_EDGE('',*,*,#15635,.T.);
#15635 = EDGE_CURVE('',#15628,#15636,#15638,.T.);
#15636 = VERTEX_POINT('',#15637);
#15637 = CARTESIAN_POINT('',(70.997357983549,-144.871950491,0.));
#15638 = CIRCLE('',#15639,0.232410537379);
#15639 = AXIS2_PLACEMENT_3D('',#15640,#15641,#15642);
#15640 = CARTESIAN_POINT('',(71.209254085143,-144.7764795529,0.));
#15641 = DIRECTION('',(0.,0.,1.));
#15642 = DIRECTION('',(-0.991939487284,0.126712483861,0.));
#15643 = ORIENTED_EDGE('',*,*,#15644,.T.);
#15644 = EDGE_CURVE('',#15636,#15645,#15647,.T.);
#15645 = VERTEX_POINT('',#15646);
#15646 = CARTESIAN_POINT('',(71.038607103156,-144.9115496458,0.));
#15647 = LINE('',#15648,#15649);
#15648 = CARTESIAN_POINT('',(70.997357983549,-144.871950491,0.));
#15649 = VECTOR('',#15650,1.);
#15650 = DIRECTION('',(0.721387321031,-0.692531828189,0.));
#15651 = ORIENTED_EDGE('',*,*,#15652,.T.);
#15652 = EDGE_CURVE('',#15645,#15653,#15655,.T.);
#15653 = VERTEX_POINT('',#15654);
#15654 = CARTESIAN_POINT('',(71.10202776176,-144.9326898653,0.));
#15655 = LINE('',#15656,#15657);
#15656 = CARTESIAN_POINT('',(71.038607103156,-144.9115496458,0.));
#15657 = VECTOR('',#15658,1.);
#15658 = DIRECTION('',(0.94868329805,-0.316227766017,0.));
#15659 = ORIENTED_EDGE('',*,*,#15660,.T.);
#15660 = EDGE_CURVE('',#15653,#15661,#15663,.T.);
#15661 = VERTEX_POINT('',#15662);
#15662 = CARTESIAN_POINT('',(71.140796723889,-144.9326898653,0.));
#15663 = LINE('',#15664,#15665);
#15664 = CARTESIAN_POINT('',(71.10202776176,-144.9326898653,0.));
#15665 = VECTOR('',#15666,1.);
#15666 = DIRECTION('',(1.,0.,0.));
#15667 = ORIENTED_EDGE('',*,*,#15668,.T.);
#15668 = EDGE_CURVE('',#15661,#15669,#15671,.T.);
#15669 = VERTEX_POINT('',#15670);
#15670 = CARTESIAN_POINT('',(71.204959166249,-144.9113023845,0.));
#15671 = LINE('',#15672,#15673);
#15672 = CARTESIAN_POINT('',(71.140796723889,-144.9326898653,0.));
#15673 = VECTOR('',#15674,1.);
#15674 = DIRECTION('',(0.94868329805,0.316227766017,0.));
#15675 = ORIENTED_EDGE('',*,*,#15676,.T.);
#15676 = EDGE_CURVE('',#15669,#15677,#15679,.T.);
#15677 = VERTEX_POINT('',#15678);
#15678 = CARTESIAN_POINT('',(71.215231315288,-144.9018204008,0.));
#15679 = LINE('',#15680,#15681);
#15680 = CARTESIAN_POINT('',(71.204959166249,-144.9113023845,0.));
#15681 = VECTOR('',#15682,1.);
#15682 = DIRECTION('',(0.734803444627,0.678280102734,0.));
#15683 = ORIENTED_EDGE('',*,*,#15684,.T.);
#15684 = EDGE_CURVE('',#15677,#15685,#15687,.T.);
#15685 = VERTEX_POINT('',#15686);
#15686 = CARTESIAN_POINT('',(71.231902463805,-144.8670888414,0.));
#15687 = LINE('',#15688,#15689);
#15688 = CARTESIAN_POINT('',(71.215231315288,-144.9018204008,0.));
#15689 = VECTOR('',#15690,1.);
#15690 = DIRECTION('',(0.432731067585,0.901523057468,0.));
#15691 = ORIENTED_EDGE('',*,*,#15692,.T.);
#15692 = EDGE_CURVE('',#15685,#15693,#15695,.T.);
#15693 = VERTEX_POINT('',#15694);
#15694 = CARTESIAN_POINT('',(71.231902463805,-144.7929895859,0.));
#15695 = LINE('',#15696,#15697);
#15696 = CARTESIAN_POINT('',(71.231902463805,-144.8670888414,0.));
#15697 = VECTOR('',#15698,1.);
#15698 = DIRECTION('',(0.,1.,0.));
#15699 = ORIENTED_EDGE('',*,*,#15700,.T.);
#15700 = EDGE_CURVE('',#15693,#15412,#15701,.T.);
#15701 = CIRCLE('',#15702,7.62001524003E-02);
#15702 = AXIS2_PLACEMENT_3D('',#15703,#15704,#15705);
#15703 = CARTESIAN_POINT('',(71.308102616205,-144.7929895859,0.));
#15704 = DIRECTION('',(0.,0.,-1.));
#15705 = DIRECTION('',(-1.,1.821645057348E-14,0.));
#15706 = PLANE('',#15707);
#15707 = AXIS2_PLACEMENT_3D('',#15708,#15709,#15710);
#15708 = CARTESIAN_POINT('',(71.231115897098,-144.8176954021,0.));
#15709 = DIRECTION('',(-0.,-0.,-1.));
#15710 = DIRECTION('',(-1.,0.,0.));
#15711 = SHELL_BASED_SURFACE_MODEL('',(#15712));
#15712 = OPEN_SHELL('',(#15713));
#15713 = ADVANCED_FACE('',(#15714),#15950,.T.);
#15714 = FACE_BOUND('',#15715,.T.);
#15715 = EDGE_LOOP('',(#15716,#15726,#15734,#15742,#15750,#15758,#15766,
    #15774,#15783,#15791,#15800,#15808,#15817,#15825,#15834,#15842,
    #15851,#15859,#15868,#15876,#15885,#15893,#15902,#15910,#15919,
    #15927,#15936,#15944));
#15716 = ORIENTED_EDGE('',*,*,#15717,.T.);
#15717 = EDGE_CURVE('',#15718,#15720,#15722,.T.);
#15718 = VERTEX_POINT('',#15719);
#15719 = CARTESIAN_POINT('',(71.039383910095,-143.9375691172,0.));
#15720 = VERTEX_POINT('',#15721);
#15721 = CARTESIAN_POINT('',(71.001323244772,-143.9756297825,0.));
#15722 = LINE('',#15723,#15724);
#15723 = CARTESIAN_POINT('',(71.039383910095,-143.9375691172,0.));
#15724 = VECTOR('',#15725,1.);
#15725 = DIRECTION('',(-0.707106781187,-0.707106781187,0.));
#15726 = ORIENTED_EDGE('',*,*,#15727,.T.);
#15727 = EDGE_CURVE('',#15720,#15728,#15730,.T.);
#15728 = VERTEX_POINT('',#15729);
#15729 = CARTESIAN_POINT('',(70.980441960884,-144.0382736342,0.));
#15730 = LINE('',#15731,#15732);
#15731 = CARTESIAN_POINT('',(71.001323244772,-143.9756297825,0.));
#15732 = VECTOR('',#15733,1.);
#15733 = DIRECTION('',(-0.316227766017,-0.948683298051,0.));
#15734 = ORIENTED_EDGE('',*,*,#15735,.T.);
#15735 = EDGE_CURVE('',#15728,#15736,#15738,.T.);
#15736 = VERTEX_POINT('',#15737);
#15737 = CARTESIAN_POINT('',(70.980441960884,-144.0770425963,0.));
#15738 = LINE('',#15739,#15740);
#15739 = CARTESIAN_POINT('',(70.980441960884,-144.0382736342,0.));
#15740 = VECTOR('',#15741,1.);
#15741 = DIRECTION('',(0.,-1.,0.));
#15742 = ORIENTED_EDGE('',*,*,#15743,.T.);
#15743 = EDGE_CURVE('',#15736,#15744,#15746,.T.);
#15744 = VERTEX_POINT('',#15745);
#15745 = CARTESIAN_POINT('',(71.001063058767,-144.13890589,0.));
#15746 = LINE('',#15747,#15748);
#15747 = CARTESIAN_POINT('',(70.980441960884,-144.0770425963,0.));
#15748 = VECTOR('',#15749,1.);
#15749 = DIRECTION('',(0.316227766017,-0.948683298051,0.));
#15750 = ORIENTED_EDGE('',*,*,#15751,.T.);
#15751 = EDGE_CURVE('',#15744,#15752,#15754,.T.);
#15752 = VERTEX_POINT('',#15753);
#15753 = CARTESIAN_POINT('',(71.039321040342,-144.1756335523,0.));
#15754 = LINE('',#15755,#15756);
#15755 = CARTESIAN_POINT('',(71.001063058767,-144.13890589,0.));
#15756 = VECTOR('',#15757,1.);
#15757 = DIRECTION('',(0.721387321031,-0.69253182819,0.));
#15758 = ORIENTED_EDGE('',*,*,#15759,.T.);
#15759 = EDGE_CURVE('',#15752,#15760,#15762,.T.);
#15760 = VERTEX_POINT('',#15761);
#15761 = CARTESIAN_POINT('',(71.102999072418,-144.1986283972,0.));
#15762 = LINE('',#15763,#15764);
#15763 = CARTESIAN_POINT('',(71.039321040342,-144.1756335523,0.));
#15764 = VECTOR('',#15765,1.);
#15765 = DIRECTION('',(0.940553899692,-0.339644463777,0.));
#15766 = ORIENTED_EDGE('',*,*,#15767,.T.);
#15767 = EDGE_CURVE('',#15760,#15768,#15770,.T.);
#15768 = VERTEX_POINT('',#15769);
#15769 = CARTESIAN_POINT('',(71.554483108966,-144.1986283972,0.));
#15770 = LINE('',#15771,#15772);
#15771 = CARTESIAN_POINT('',(71.102999072418,-144.1986283972,0.));
#15772 = VECTOR('',#15773,1.);
#15773 = DIRECTION('',(1.,0.,0.));
#15774 = ORIENTED_EDGE('',*,*,#15775,.T.);
#15775 = EDGE_CURVE('',#15768,#15776,#15778,.T.);
#15776 = VERTEX_POINT('',#15777);
#15777 = CARTESIAN_POINT('',(71.554483108966,-144.351028702,0.));
#15778 = CIRCLE('',#15779,7.62001524003E-02);
#15779 = AXIS2_PLACEMENT_3D('',#15780,#15781,#15782);
#15780 = CARTESIAN_POINT('',(71.554483108966,-144.2748285496,0.));
#15781 = DIRECTION('',(0.,0.,-1.));
#15782 = DIRECTION('',(1.110223024625E-16,1.,0.));
#15783 = ORIENTED_EDGE('',*,*,#15784,.T.);
#15784 = EDGE_CURVE('',#15776,#15785,#15787,.T.);
#15785 = VERTEX_POINT('',#15786);
#15786 = CARTESIAN_POINT('',(71.089662179324,-144.351028702,0.));
#15787 = LINE('',#15788,#15789);
#15788 = CARTESIAN_POINT('',(71.554483108966,-144.351028702,0.));
#15789 = VECTOR('',#15790,1.);
#15790 = DIRECTION('',(-1.,0.,0.));
#15791 = ORIENTED_EDGE('',*,*,#15792,.T.);
#15792 = EDGE_CURVE('',#15785,#15793,#15795,.T.);
#15793 = VERTEX_POINT('',#15794);
#15794 = CARTESIAN_POINT('',(71.063781219423,-144.3464989001,0.));
#15795 = CIRCLE('',#15796,7.620015240033E-02);
#15796 = AXIS2_PLACEMENT_3D('',#15797,#15798,#15799);
#15797 = CARTESIAN_POINT('',(71.089662179324,-144.2748285496,0.));
#15798 = DIRECTION('',(0.,0.,-1.));
#15799 = DIRECTION('',(-8.677122301908E-13,-1.,-0.));
#15800 = ORIENTED_EDGE('',*,*,#15801,.T.);
#15801 = EDGE_CURVE('',#15793,#15802,#15804,.T.);
#15802 = VERTEX_POINT('',#15803);
#15803 = CARTESIAN_POINT('',(70.972341036542,-144.3134788341,0.));
#15804 = LINE('',#15805,#15806);
#15805 = CARTESIAN_POINT('',(71.063781219423,-144.3464989001,0.));
#15806 = VECTOR('',#15807,1.);
#15807 = DIRECTION('',(-0.940553899692,0.339644463777,0.));
#15808 = ORIENTED_EDGE('',*,*,#15809,.T.);
#15809 = EDGE_CURVE('',#15802,#15810,#15812,.T.);
#15810 = VERTEX_POINT('',#15811);
#15811 = CARTESIAN_POINT('',(70.945450965594,-144.2967783074,0.));
#15812 = CIRCLE('',#15813,7.620015240028E-02);
#15813 = AXIS2_PLACEMENT_3D('',#15814,#15815,#15816);
#15814 = CARTESIAN_POINT('',(70.998221996444,-144.2418084836,0.));
#15815 = DIRECTION('',(0.,0.,-1.));
#15816 = DIRECTION('',(-0.339644463778,-0.940553899691,-0.));
#15817 = ORIENTED_EDGE('',*,*,#15818,.T.);
#15818 = EDGE_CURVE('',#15810,#15819,#15821,.T.);
#15819 = VERTEX_POINT('',#15820);
#15820 = CARTESIAN_POINT('',(70.881950838594,-144.2358181854,0.));
#15821 = LINE('',#15822,#15823);
#15822 = CARTESIAN_POINT('',(70.945450965594,-144.2967783074,0.));
#15823 = VECTOR('',#15824,1.);
#15824 = DIRECTION('',(-0.721387321031,0.69253182819,0.));
#15825 = ORIENTED_EDGE('',*,*,#15826,.T.);
#15826 = EDGE_CURVE('',#15819,#15827,#15829,.T.);
#15827 = VERTEX_POINT('',#15828);
#15828 = CARTESIAN_POINT('',(70.862432057553,-144.2049449656,0.));
#15829 = CIRCLE('',#15830,7.620015240032E-02);
#15830 = AXIS2_PLACEMENT_3D('',#15831,#15832,#15833);
#15831 = CARTESIAN_POINT('',(70.934721869444,-144.1808483616,0.));
#15832 = DIRECTION('',(0.,0.,-1.));
#15833 = DIRECTION('',(-0.69253182819,-0.721387321031,-0.));
#15834 = ORIENTED_EDGE('',*,*,#15835,.T.);
#15835 = EDGE_CURVE('',#15827,#15836,#15838,.T.);
#15836 = VERTEX_POINT('',#15837);
#15837 = CARTESIAN_POINT('',(70.831951996593,-144.1135047827,0.));
#15838 = LINE('',#15839,#15840);
#15839 = CARTESIAN_POINT('',(70.862432057553,-144.2049449656,0.));
#15840 = VECTOR('',#15841,1.);
#15841 = DIRECTION('',(-0.316227766017,0.948683298051,0.));
#15842 = ORIENTED_EDGE('',*,*,#15843,.T.);
#15843 = EDGE_CURVE('',#15836,#15844,#15846,.T.);
#15844 = VERTEX_POINT('',#15845);
#15845 = CARTESIAN_POINT('',(70.828041656083,-144.0894081788,0.));
#15846 = CIRCLE('',#15847,7.620015240017E-02);
#15847 = AXIS2_PLACEMENT_3D('',#15848,#15849,#15850);
#15848 = CARTESIAN_POINT('',(70.904241808484,-144.0894081788,0.));
#15849 = DIRECTION('',(0.,0.,-1.));
#15850 = DIRECTION('',(-0.948683298051,-0.316227766017,-0.));
#15851 = ORIENTED_EDGE('',*,*,#15852,.T.);
#15852 = EDGE_CURVE('',#15844,#15853,#15855,.T.);
#15853 = VERTEX_POINT('',#15854);
#15854 = CARTESIAN_POINT('',(70.828041656083,-144.0259080518,0.));
#15855 = LINE('',#15856,#15857);
#15856 = CARTESIAN_POINT('',(70.828041656083,-144.0894081788,0.));
#15857 = VECTOR('',#15858,1.);
#15858 = DIRECTION('',(-2.23792540055E-13,1.,0.));
#15859 = ORIENTED_EDGE('',*,*,#15860,.T.);
#15860 = EDGE_CURVE('',#15853,#15861,#15863,.T.);
#15861 = VERTEX_POINT('',#15862);
#15862 = CARTESIAN_POINT('',(70.831951996593,-144.0018114478,0.));
#15863 = CIRCLE('',#15864,7.620015240019E-02);
#15864 = AXIS2_PLACEMENT_3D('',#15865,#15866,#15867);
#15865 = CARTESIAN_POINT('',(70.904241808484,-144.0259080518,0.));
#15866 = DIRECTION('',(0.,0.,-1.));
#15867 = DIRECTION('',(-1.,3.83781577647E-13,0.));
#15868 = ORIENTED_EDGE('',*,*,#15869,.T.);
#15869 = EDGE_CURVE('',#15861,#15870,#15872,.T.);
#15870 = VERTEX_POINT('',#15871);
#15871 = CARTESIAN_POINT('',(70.862432057553,-143.9103712649,0.));
#15872 = LINE('',#15873,#15874);
#15873 = CARTESIAN_POINT('',(70.831951996593,-144.0018114478,0.));
#15874 = VECTOR('',#15875,1.);
#15875 = DIRECTION('',(0.316227766017,0.948683298051,0.));
#15876 = ORIENTED_EDGE('',*,*,#15877,.T.);
#15877 = EDGE_CURVE('',#15870,#15878,#15880,.T.);
#15878 = VERTEX_POINT('',#15879);
#15879 = CARTESIAN_POINT('',(70.880840224954,-143.8805862244,0.));
#15880 = CIRCLE('',#15881,7.620015240028E-02);
#15881 = AXIS2_PLACEMENT_3D('',#15882,#15883,#15884);
#15882 = CARTESIAN_POINT('',(70.934721869444,-143.9344678689,0.));
#15883 = DIRECTION('',(0.,0.,-1.));
#15884 = DIRECTION('',(-0.948683298051,0.316227766017,0.));
#15885 = ORIENTED_EDGE('',*,*,#15886,.T.);
#15886 = EDGE_CURVE('',#15878,#15887,#15889,.T.);
#15887 = VERTEX_POINT('',#15888);
#15888 = CARTESIAN_POINT('',(70.944340351954,-143.8170860974,0.));
#15889 = LINE('',#15890,#15891);
#15890 = CARTESIAN_POINT('',(70.880840224954,-143.8805862244,0.));
#15891 = VECTOR('',#15892,1.);
#15892 = DIRECTION('',(0.707106781187,0.707106781186,0.));
#15893 = ORIENTED_EDGE('',*,*,#15894,.T.);
#15894 = EDGE_CURVE('',#15887,#15895,#15897,.T.);
#15895 = VERTEX_POINT('',#15896);
#15896 = CARTESIAN_POINT('',(70.97412539248,-143.79867793,0.));
#15897 = CIRCLE('',#15898,7.620015240027E-02);
#15898 = AXIS2_PLACEMENT_3D('',#15899,#15900,#15901);
#15899 = CARTESIAN_POINT('',(70.998221996444,-143.8709677419,0.));
#15900 = DIRECTION('',(0.,0.,-1.));
#15901 = DIRECTION('',(-0.707106781186,0.707106781187,0.));
#15902 = ORIENTED_EDGE('',*,*,#15903,.T.);
#15903 = EDGE_CURVE('',#15895,#15904,#15906,.T.);
#15904 = VERTEX_POINT('',#15905);
#15905 = CARTESIAN_POINT('',(71.065565575361,-143.768197869,0.));
#15906 = LINE('',#15907,#15908);
#15907 = CARTESIAN_POINT('',(70.97412539248,-143.79867793,0.));
#15908 = VECTOR('',#15909,1.);
#15909 = DIRECTION('',(0.94868329805,0.316227766017,0.));
#15910 = ORIENTED_EDGE('',*,*,#15911,.T.);
#15911 = EDGE_CURVE('',#15904,#15912,#15914,.T.);
#15912 = VERTEX_POINT('',#15913);
#15913 = CARTESIAN_POINT('',(71.089662179324,-143.7642875285,0.));
#15914 = CIRCLE('',#15915,7.620015240025E-02);
#15915 = AXIS2_PLACEMENT_3D('',#15916,#15917,#15918);
#15916 = CARTESIAN_POINT('',(71.089662179324,-143.8404876809,0.));
#15917 = DIRECTION('',(0.,0.,-1.));
#15918 = DIRECTION('',(-0.316227766017,0.94868329805,0.));
#15919 = ORIENTED_EDGE('',*,*,#15920,.T.);
#15920 = EDGE_CURVE('',#15912,#15921,#15923,.T.);
#15921 = VERTEX_POINT('',#15922);
#15922 = CARTESIAN_POINT('',(71.554483108966,-143.7642875285,0.));
#15923 = LINE('',#15924,#15925);
#15924 = CARTESIAN_POINT('',(71.089662179324,-143.7642875285,0.));
#15925 = VECTOR('',#15926,1.);
#15926 = DIRECTION('',(1.,0.,0.));
#15927 = ORIENTED_EDGE('',*,*,#15928,.T.);
#15928 = EDGE_CURVE('',#15921,#15929,#15931,.T.);
#15929 = VERTEX_POINT('',#15930);
#15930 = CARTESIAN_POINT('',(71.554483108966,-143.9166878333,0.));
#15931 = CIRCLE('',#15932,7.62001524003E-02);
#15932 = AXIS2_PLACEMENT_3D('',#15933,#15934,#15935);
#15933 = CARTESIAN_POINT('',(71.554483108966,-143.8404876809,0.));
#15934 = DIRECTION('',(0.,0.,-1.));
#15935 = DIRECTION('',(1.110223024625E-16,1.,0.));
#15936 = ORIENTED_EDGE('',*,*,#15937,.T.);
#15937 = EDGE_CURVE('',#15929,#15938,#15940,.T.);
#15938 = VERTEX_POINT('',#15939);
#15939 = CARTESIAN_POINT('',(71.10202776176,-143.9166878333,0.));
#15940 = LINE('',#15941,#15942);
#15941 = CARTESIAN_POINT('',(71.554483108966,-143.9166878333,0.));
#15942 = VECTOR('',#15943,1.);
#15943 = DIRECTION('',(-1.,0.,0.));
#15944 = ORIENTED_EDGE('',*,*,#15945,.T.);
#15945 = EDGE_CURVE('',#15938,#15718,#15946,.T.);
#15946 = LINE('',#15947,#15948);
#15947 = CARTESIAN_POINT('',(71.10202776176,-143.9166878333,0.));
#15948 = VECTOR('',#15949,1.);
#15949 = DIRECTION('',(-0.94868329805,-0.316227766017,0.));
#15950 = PLANE('',#15951);
#15951 = AXIS2_PLACEMENT_3D('',#15952,#15953,#15954);
#15952 = CARTESIAN_POINT('',(71.227271179727,-144.0574681156,0.));
#15953 = DIRECTION('',(-0.,-0.,-1.));
#15954 = DIRECTION('',(-1.,0.,0.));
#15955 = SHELL_BASED_SURFACE_MODEL('',(#15956));
#15956 = OPEN_SHELL('',(#15957));
#15957 = ADVANCED_FACE('',(#15958,#16142,#16210),#16278,.T.);
#15958 = FACE_BOUND('',#15959,.T.);
#15959 = EDGE_LOOP('',(#15960,#15970,#15979,#15987,#15996,#16004,#16013,
    #16021,#16030,#16039,#16048,#16056,#16065,#16074,#16083,#16092,
    #16100,#16109,#16118,#16127,#16135));
#15960 = ORIENTED_EDGE('',*,*,#15961,.T.);
#15961 = EDGE_CURVE('',#15962,#15964,#15966,.T.);
#15962 = VERTEX_POINT('',#15963);
#15963 = CARTESIAN_POINT('',(75.412750825502,-114.5923291846,0.));
#15964 = VERTEX_POINT('',#15965);
#15965 = CARTESIAN_POINT('',(75.133350266701,-114.5923291846,0.));
#15966 = LINE('',#15967,#15968);
#15967 = CARTESIAN_POINT('',(75.412750825502,-114.5923291846,0.));
#15968 = VECTOR('',#15969,1.);
#15969 = DIRECTION('',(-1.,0.,0.));
#15970 = ORIENTED_EDGE('',*,*,#15971,.T.);
#15971 = EDGE_CURVE('',#15964,#15972,#15974,.T.);
#15972 = VERTEX_POINT('',#15973);
#15973 = CARTESIAN_POINT('',(75.0571501143,-114.5161290322,0.));
#15974 = CIRCLE('',#15975,7.62001524003E-02);
#15975 = AXIS2_PLACEMENT_3D('',#15976,#15977,#15978);
#15976 = CARTESIAN_POINT('',(75.133350266701,-114.5161290322,0.));
#15977 = DIRECTION('',(0.,0.,-1.));
#15978 = DIRECTION('',(-1.287802918716E-16,-1.,-0.));
#15979 = ORIENTED_EDGE('',*,*,#15980,.T.);
#15980 = EDGE_CURVE('',#15972,#15981,#15983,.T.);
#15981 = VERTEX_POINT('',#15982);
#15982 = CARTESIAN_POINT('',(75.0571501143,-113.8658877317,0.));
#15983 = LINE('',#15984,#15985);
#15984 = CARTESIAN_POINT('',(75.0571501143,-114.5161290322,0.));
#15985 = VECTOR('',#15986,1.);
#15986 = DIRECTION('',(0.,1.,0.));
#15987 = ORIENTED_EDGE('',*,*,#15988,.T.);
#15988 = EDGE_CURVE('',#15981,#15989,#15991,.T.);
#15989 = VERTEX_POINT('',#15990);
#15990 = CARTESIAN_POINT('',(75.133350266701,-113.7896875793,0.));
#15991 = CIRCLE('',#15992,7.62001524003E-02);
#15992 = AXIS2_PLACEMENT_3D('',#15993,#15994,#15995);
#15993 = CARTESIAN_POINT('',(75.133350266701,-113.8658877317,0.));
#15994 = DIRECTION('',(0.,0.,-1.));
#15995 = DIRECTION('',(-1.,1.287802918716E-16,0.));
#15996 = ORIENTED_EDGE('',*,*,#15997,.T.);
#15997 = EDGE_CURVE('',#15989,#15998,#16000,.T.);
#15998 = VERTEX_POINT('',#15999);
#15999 = CARTESIAN_POINT('',(75.412750825502,-113.7896875793,0.));
#16000 = LINE('',#16001,#16002);
#16001 = CARTESIAN_POINT('',(75.133350266701,-113.7896875793,0.));
#16002 = VECTOR('',#16003,1.);
#16003 = DIRECTION('',(1.,0.,0.));
#16004 = ORIENTED_EDGE('',*,*,#16005,.T.);
#16005 = EDGE_CURVE('',#15998,#16006,#16008,.T.);
#16006 = VERTEX_POINT('',#16007);
#16007 = CARTESIAN_POINT('',(75.436847429465,-113.7935979198,0.));
#16008 = CIRCLE('',#16009,7.620015240032E-02);
#16009 = AXIS2_PLACEMENT_3D('',#16010,#16011,#16012);
#16010 = CARTESIAN_POINT('',(75.412750825502,-113.8658877317,0.));
#16011 = DIRECTION('',(0.,0.,-1.));
#16012 = DIRECTION('',(1.98366203583E-13,1.,0.));
#16013 = ORIENTED_EDGE('',*,*,#16014,.T.);
#16014 = EDGE_CURVE('',#16006,#16015,#16017,.T.);
#16015 = VERTEX_POINT('',#16016);
#16016 = CARTESIAN_POINT('',(75.528287612346,-113.8240779808,0.));
#16017 = LINE('',#16018,#16019);
#16018 = CARTESIAN_POINT('',(75.436847429465,-113.7935979198,0.));
#16019 = VECTOR('',#16020,1.);
#16020 = DIRECTION('',(0.94868329805,-0.316227766017,0.));
#16021 = ORIENTED_EDGE('',*,*,#16022,.T.);
#16022 = EDGE_CURVE('',#16015,#16023,#16025,.T.);
#16023 = VERTEX_POINT('',#16024);
#16024 = CARTESIAN_POINT('',(75.551552256751,-113.8366737781,0.));
#16025 = CIRCLE('',#16026,7.620015240026E-02);
#16026 = AXIS2_PLACEMENT_3D('',#16027,#16028,#16029);
#16027 = CARTESIAN_POINT('',(75.504191008382,-113.8963677927,0.));
#16028 = DIRECTION('',(0.,0.,-1.));
#16029 = DIRECTION('',(0.316227766016,0.948683298051,0.));
#16030 = ORIENTED_EDGE('',*,*,#16031,.T.);
#16031 = EDGE_CURVE('',#16023,#16032,#16034,.T.);
#16032 = VERTEX_POINT('',#16033);
#16033 = CARTESIAN_POINT('',(75.640745646813,-113.9686799954,0.));
#16034 = CIRCLE('',#16035,0.264526537541);
#16035 = AXIS2_PLACEMENT_3D('',#16036,#16037,#16038);
#16036 = CARTESIAN_POINT('',(75.387139107302,-114.0438997546,0.));
#16037 = DIRECTION('',(0.,0.,-1.));
#16038 = DIRECTION('',(0.621537449426,0.78338445157,0.));
#16039 = ORIENTED_EDGE('',*,*,#16040,.T.);
#16040 = EDGE_CURVE('',#16032,#16041,#16043,.T.);
#16041 = VERTEX_POINT('',#16042);
#16042 = CARTESIAN_POINT('',(75.643891287783,-113.9903479806,0.));
#16043 = CIRCLE('',#16044,7.620015240023E-02);
#16044 = AXIS2_PLACEMENT_3D('',#16045,#16046,#16047);
#16045 = CARTESIAN_POINT('',(75.567691135382,-113.9903479806,0.));
#16046 = DIRECTION('',(0.,0.,-1.));
#16047 = DIRECTION('',(0.958718705003,0.284356193315,0.));
#16048 = ORIENTED_EDGE('',*,*,#16049,.T.);
#16049 = EDGE_CURVE('',#16041,#16050,#16052,.T.);
#16050 = VERTEX_POINT('',#16051);
#16051 = CARTESIAN_POINT('',(75.643891287783,-114.0513081026,0.));
#16052 = LINE('',#16053,#16054);
#16053 = CARTESIAN_POINT('',(75.643891287783,-113.9903479806,0.));
#16054 = VECTOR('',#16055,1.);
#16055 = DIRECTION('',(0.,-1.,0.));
#16056 = ORIENTED_EDGE('',*,*,#16057,.T.);
#16057 = EDGE_CURVE('',#16050,#16058,#16060,.T.);
#16058 = VERTEX_POINT('',#16059);
#16059 = CARTESIAN_POINT('',(75.640070522268,-114.0751342978,0.));
#16060 = CIRCLE('',#16061,7.620015240036E-02);
#16061 = AXIS2_PLACEMENT_3D('',#16062,#16063,#16064);
#16062 = CARTESIAN_POINT('',(75.567691135382,-114.0513081026,0.));
#16063 = DIRECTION('',(0.,0.,-1.));
#16064 = DIRECTION('',(1.,-5.686416009824E-14,0.));
#16065 = ORIENTED_EDGE('',*,*,#16066,.T.);
#16066 = EDGE_CURVE('',#16058,#16067,#16069,.T.);
#16067 = VERTEX_POINT('',#16068);
#16068 = CARTESIAN_POINT('',(75.581591199612,-114.1744983489,0.));
#16069 = CIRCLE('',#16070,0.271530049891);
#16070 = AXIS2_PLACEMENT_3D('',#16071,#16072,#16073);
#16071 = CARTESIAN_POINT('',(75.382155309332,-113.9902325256,0.));
#16072 = DIRECTION('',(0.,0.,-1.));
#16073 = DIRECTION('',(0.949858820558,-0.312679102288,0.));
#16074 = ORIENTED_EDGE('',*,*,#16075,.T.);
#16075 = EDGE_CURVE('',#16067,#16076,#16078,.T.);
#16076 = VERTEX_POINT('',#16077);
#16077 = CARTESIAN_POINT('',(75.640070522281,-114.2738624001,0.));
#16078 = CIRCLE('',#16079,0.271530049531);
#16079 = AXIS2_PLACEMENT_3D('',#16080,#16081,#16082);
#16080 = CARTESIAN_POINT('',(75.382155309641,-114.3587641721,0.));
#16081 = DIRECTION('',(0.,0.,-1.));
#16082 = DIRECTION('',(0.734489204109,0.678620371818,0.));
#16083 = ORIENTED_EDGE('',*,*,#16084,.T.);
#16084 = EDGE_CURVE('',#16076,#16085,#16087,.T.);
#16085 = VERTEX_POINT('',#16086);
#16086 = CARTESIAN_POINT('',(75.643891287783,-114.2976885953,0.));
#16087 = CIRCLE('',#16088,7.620015240029E-02);
#16088 = AXIS2_PLACEMENT_3D('',#16089,#16090,#16091);
#16089 = CARTESIAN_POINT('',(75.567691135382,-114.2976885953,0.));
#16090 = DIRECTION('',(0.,0.,-1.));
#16091 = DIRECTION('',(0.94985882073,0.312679101767,0.));
#16092 = ORIENTED_EDGE('',*,*,#16093,.T.);
#16093 = EDGE_CURVE('',#16085,#16094,#16096,.T.);
#16094 = VERTEX_POINT('',#16095);
#16095 = CARTESIAN_POINT('',(75.643891287783,-114.3916687833,0.));
#16096 = LINE('',#16097,#16098);
#16097 = CARTESIAN_POINT('',(75.643891287783,-114.2976885953,0.));
#16098 = VECTOR('',#16099,1.);
#16099 = DIRECTION('',(0.,-1.,0.));
#16100 = ORIENTED_EDGE('',*,*,#16101,.T.);
#16101 = EDGE_CURVE('',#16094,#16102,#16104,.T.);
#16102 = VERTEX_POINT('',#16103);
#16103 = CARTESIAN_POINT('',(75.639395634844,-114.4174549808,0.));
#16104 = CIRCLE('',#16105,7.620015240033E-02);
#16105 = AXIS2_PLACEMENT_3D('',#16106,#16107,#16108);
#16106 = CARTESIAN_POINT('',(75.567691135382,-114.3916687833,0.));
#16107 = DIRECTION('',(0.,0.,-1.));
#16108 = DIRECTION('',(1.,-7.578392921947E-14,0.));
#16109 = ORIENTED_EDGE('',*,*,#16110,.T.);
#16110 = EDGE_CURVE('',#16102,#16111,#16113,.T.);
#16111 = VERTEX_POINT('',#16112);
#16112 = CARTESIAN_POINT('',(75.554869349916,-114.5425538825,0.));
#16113 = CIRCLE('',#16114,0.306328708053);
#16114 = AXIS2_PLACEMENT_3D('',#16115,#16116,#16117);
#16115 = CARTESIAN_POINT('',(75.351139693224,-114.3137930809,0.));
#16116 = DIRECTION('',(0.,0.,-1.));
#16117 = DIRECTION('',(0.941002047939,-0.338400865506,0.));
#16118 = ORIENTED_EDGE('',*,*,#16119,.T.);
#16119 = EDGE_CURVE('',#16111,#16120,#16122,.T.);
#16120 = VERTEX_POINT('',#16121);
#16121 = CARTESIAN_POINT('',(75.528287612346,-114.5579387831,0.));
#16122 = CIRCLE('',#16123,7.620015240028E-02);
#16123 = AXIS2_PLACEMENT_3D('',#16124,#16125,#16126);
#16124 = CARTESIAN_POINT('',(75.504191008382,-114.4856489712,0.));
#16125 = DIRECTION('',(0.,0.,-1.));
#16126 = DIRECTION('',(0.665068768733,-0.746782118731,0.));
#16127 = ORIENTED_EDGE('',*,*,#16128,.T.);
#16128 = EDGE_CURVE('',#16120,#16129,#16131,.T.);
#16129 = VERTEX_POINT('',#16130);
#16130 = CARTESIAN_POINT('',(75.436847429465,-114.5884188441,0.));
#16131 = LINE('',#16132,#16133);
#16132 = CARTESIAN_POINT('',(75.528287612346,-114.5579387831,0.));
#16133 = VECTOR('',#16134,1.);
#16134 = DIRECTION('',(-0.948683298051,-0.316227766017,0.));
#16135 = ORIENTED_EDGE('',*,*,#16136,.T.);
#16136 = EDGE_CURVE('',#16129,#15962,#16137,.T.);
#16137 = CIRCLE('',#16138,7.620015240032E-02);
#16138 = AXIS2_PLACEMENT_3D('',#16139,#16140,#16141);
#16139 = CARTESIAN_POINT('',(75.412750825502,-114.5161290322,0.));
#16140 = DIRECTION('',(0.,0.,-1.));
#16141 = DIRECTION('',(0.316227766017,-0.94868329805,0.));
#16142 = FACE_BOUND('',#16143,.T.);
#16143 = EDGE_LOOP('',(#16144,#16154,#16162,#16170,#16178,#16187,#16195,
    #16204));
#16144 = ORIENTED_EDGE('',*,*,#16145,.T.);
#16145 = EDGE_CURVE('',#16146,#16148,#16150,.T.);
#16146 = VERTEX_POINT('',#16147);
#16147 = CARTESIAN_POINT('',(75.400385243066,-114.2519685039,0.));
#16148 = VERTEX_POINT('',#16149);
#16149 = CARTESIAN_POINT('',(75.209550419101,-114.2519685039,0.));
#16150 = LINE('',#16151,#16152);
#16151 = CARTESIAN_POINT('',(75.400385243066,-114.2519685039,0.));
#16152 = VECTOR('',#16153,1.);
#16153 = DIRECTION('',(-1.,0.,0.));
#16154 = ORIENTED_EDGE('',*,*,#16155,.T.);
#16155 = EDGE_CURVE('',#16148,#16156,#16158,.T.);
#16156 = VERTEX_POINT('',#16157);
#16157 = CARTESIAN_POINT('',(75.209550419101,-114.4399288798,0.));
#16158 = LINE('',#16159,#16160);
#16159 = CARTESIAN_POINT('',(75.209550419101,-114.2519685039,0.));
#16160 = VECTOR('',#16161,1.);
#16161 = DIRECTION('',(0.,-1.,0.));
#16162 = ORIENTED_EDGE('',*,*,#16163,.T.);
#16163 = EDGE_CURVE('',#16156,#16164,#16166,.T.);
#16164 = VERTEX_POINT('',#16165);
#16165 = CARTESIAN_POINT('',(75.400385243066,-114.4399288798,0.));
#16166 = LINE('',#16167,#16168);
#16167 = CARTESIAN_POINT('',(75.209550419101,-114.4399288798,0.));
#16168 = VECTOR('',#16169,1.);
#16169 = DIRECTION('',(1.,0.,0.));
#16170 = ORIENTED_EDGE('',*,*,#16171,.T.);
#16171 = EDGE_CURVE('',#16164,#16172,#16174,.T.);
#16172 = VERTEX_POINT('',#16173);
#16173 = CARTESIAN_POINT('',(75.46365256237,-114.4188397734,0.));
#16174 = LINE('',#16175,#16176);
#16175 = CARTESIAN_POINT('',(75.400385243066,-114.4399288798,0.));
#16176 = VECTOR('',#16177,1.);
#16177 = DIRECTION('',(0.94868329805,0.316227766017,0.));
#16178 = ORIENTED_EDGE('',*,*,#16179,.T.);
#16179 = EDGE_CURVE('',#16172,#16180,#16182,.T.);
#16180 = VERTEX_POINT('',#16181);
#16181 = CARTESIAN_POINT('',(75.491490982982,-114.3770028016,0.));
#16182 = CIRCLE('',#16183,0.153928403253);
#16183 = AXIS2_PLACEMENT_3D('',#16184,#16185,#16186);
#16184 = CARTESIAN_POINT('',(75.351139693224,-114.3137930809,0.));
#16185 = DIRECTION('',(0.,0.,1.));
#16186 = DIRECTION('',(0.730942871938,-0.682438655091,0.));
#16187 = ORIENTED_EDGE('',*,*,#16188,.T.);
#16188 = EDGE_CURVE('',#16180,#16189,#16191,.T.);
#16189 = VERTEX_POINT('',#16190);
#16190 = CARTESIAN_POINT('',(75.491490982982,-114.3114608254,0.));
#16191 = LINE('',#16192,#16193);
#16192 = CARTESIAN_POINT('',(75.491490982982,-114.3770028016,0.));
#16193 = VECTOR('',#16194,1.);
#16194 = DIRECTION('',(0.,1.,0.));
#16195 = ORIENTED_EDGE('',*,*,#16196,.T.);
#16196 = EDGE_CURVE('',#16189,#16197,#16199,.T.);
#16197 = VERTEX_POINT('',#16198);
#16198 = CARTESIAN_POINT('',(75.465546567376,-114.2736889453,0.));
#16199 = CIRCLE('',#16200,0.11912974473);
#16200 = AXIS2_PLACEMENT_3D('',#16201,#16202,#16203);
#16201 = CARTESIAN_POINT('',(75.382155309641,-114.3587641721,0.));
#16202 = DIRECTION('',(0.,0.,1.));
#16203 = DIRECTION('',(0.917786515777,0.397074188859,-0.));
#16204 = ORIENTED_EDGE('',*,*,#16205,.T.);
#16205 = EDGE_CURVE('',#16197,#16146,#16206,.T.);
#16206 = LINE('',#16207,#16208);
#16207 = CARTESIAN_POINT('',(75.465546567376,-114.2736889453,0.));
#16208 = VECTOR('',#16209,1.);
#16209 = DIRECTION('',(-0.94868329805,0.316227766017,0.));
#16210 = FACE_BOUND('',#16211,.T.);
#16211 = EDGE_LOOP('',(#16212,#16222,#16230,#16238,#16246,#16254,#16263,
    #16271));
#16212 = ORIENTED_EDGE('',*,*,#16213,.T.);
#16213 = EDGE_CURVE('',#16214,#16216,#16218,.T.);
#16214 = VERTEX_POINT('',#16215);
#16215 = CARTESIAN_POINT('',(75.465642438491,-113.9638402826,0.));
#16216 = VERTEX_POINT('',#16217);
#16217 = CARTESIAN_POINT('',(75.400385243066,-113.9420878841,0.));
#16218 = LINE('',#16219,#16220);
#16219 = CARTESIAN_POINT('',(75.465642438491,-113.9638402826,0.));
#16220 = VECTOR('',#16221,1.);
#16221 = DIRECTION('',(-0.94868329805,0.316227766017,0.));
#16222 = ORIENTED_EDGE('',*,*,#16223,.T.);
#16223 = EDGE_CURVE('',#16216,#16224,#16226,.T.);
#16224 = VERTEX_POINT('',#16225);
#16225 = CARTESIAN_POINT('',(75.209550419101,-113.9420878841,0.));
#16226 = LINE('',#16227,#16228);
#16227 = CARTESIAN_POINT('',(75.400385243066,-113.9420878841,0.));
#16228 = VECTOR('',#16229,1.);
#16229 = DIRECTION('',(-1.,0.,0.));
#16230 = ORIENTED_EDGE('',*,*,#16231,.T.);
#16231 = EDGE_CURVE('',#16224,#16232,#16234,.T.);
#16232 = VERTEX_POINT('',#16233);
#16233 = CARTESIAN_POINT('',(75.209550419101,-114.0995681991,0.));
#16234 = LINE('',#16235,#16236);
#16235 = CARTESIAN_POINT('',(75.209550419101,-113.9420878841,0.));
#16236 = VECTOR('',#16237,1.);
#16237 = DIRECTION('',(0.,-1.,0.));
#16238 = ORIENTED_EDGE('',*,*,#16239,.T.);
#16239 = EDGE_CURVE('',#16232,#16240,#16242,.T.);
#16240 = VERTEX_POINT('',#16241);
#16241 = CARTESIAN_POINT('',(75.399413932408,-114.0995681991,0.));
#16242 = LINE('',#16243,#16244);
#16243 = CARTESIAN_POINT('',(75.209550419101,-114.0995681991,0.));
#16244 = VECTOR('',#16245,1.);
#16245 = DIRECTION('',(1.,0.,0.));
#16246 = ORIENTED_EDGE('',*,*,#16247,.T.);
#16247 = EDGE_CURVE('',#16240,#16248,#16250,.T.);
#16248 = VERTEX_POINT('',#16249);
#16249 = CARTESIAN_POINT('',(75.46492693628,-114.0759107255,0.));
#16250 = LINE('',#16251,#16252);
#16251 = CARTESIAN_POINT('',(75.399413932408,-114.0995681991,0.));
#16252 = VECTOR('',#16253,1.);
#16253 = DIRECTION('',(0.940553899692,0.339644463778,0.));
#16254 = ORIENTED_EDGE('',*,*,#16255,.T.);
#16255 = EDGE_CURVE('',#16248,#16256,#16258,.T.);
#16256 = VERTEX_POINT('',#16257);
#16257 = CARTESIAN_POINT('',(75.491490982982,-114.0375358725,0.));
#16258 = CIRCLE('',#16259,0.119129745091);
#16259 = AXIS2_PLACEMENT_3D('',#16260,#16261,#16262);
#16260 = CARTESIAN_POINT('',(75.382155309332,-113.9902325256,0.));
#16261 = DIRECTION('',(0.,0.,1.));
#16262 = DIRECTION('',(0.694802350879,-0.719200732211,0.));
#16263 = ORIENTED_EDGE('',*,*,#16264,.T.);
#16264 = EDGE_CURVE('',#16256,#16265,#16267,.T.);
#16265 = VERTEX_POINT('',#16266);
#16266 = CARTESIAN_POINT('',(75.491490982982,-114.0028756384,0.));
#16267 = LINE('',#16268,#16269);
#16268 = CARTESIAN_POINT('',(75.491490982982,-114.0375358725,0.));
#16269 = VECTOR('',#16270,1.);
#16270 = DIRECTION('',(0.,1.,0.));
#16271 = ORIENTED_EDGE('',*,*,#16272,.T.);
#16272 = EDGE_CURVE('',#16265,#16214,#16273,.T.);
#16273 = CIRCLE('',#16274,0.112126232741);
#16274 = AXIS2_PLACEMENT_3D('',#16275,#16276,#16277);
#16275 = CARTESIAN_POINT('',(75.387139107302,-114.0438997546,0.));
#16276 = DIRECTION('',(0.,0.,1.));
#16277 = DIRECTION('',(0.930664244481,0.365874382877,-0.));
#16278 = PLANE('',#16279);
#16279 = AXIS2_PLACEMENT_3D('',#16280,#16281,#16282);
#16280 = CARTESIAN_POINT('',(75.333684529223,-114.1906970747,0.));
#16281 = DIRECTION('',(-0.,-0.,-1.));
#16282 = DIRECTION('',(-1.,0.,0.));
#16283 = SHELL_BASED_SURFACE_MODEL('',(#16284));
#16284 = OPEN_SHELL('',(#16285));
#16285 = ADVANCED_FACE('',(#16286),#16372,.T.);
#16286 = FACE_BOUND('',#16287,.T.);
#16287 = EDGE_LOOP('',(#16288,#16298,#16307,#16315,#16323,#16332,#16340,
    #16349,#16357,#16365));
#16288 = ORIENTED_EDGE('',*,*,#16289,.T.);
#16289 = EDGE_CURVE('',#16290,#16292,#16294,.T.);
#16290 = VERTEX_POINT('',#16291);
#16291 = CARTESIAN_POINT('',(75.869951739903,-113.7896875793,0.));
#16292 = VERTEX_POINT('',#16293);
#16293 = CARTESIAN_POINT('',(76.301752603505,-113.7896875793,0.));
#16294 = LINE('',#16295,#16296);
#16295 = CARTESIAN_POINT('',(75.869951739903,-113.7896875793,0.));
#16296 = VECTOR('',#16297,1.);
#16297 = DIRECTION('',(1.,0.,0.));
#16298 = ORIENTED_EDGE('',*,*,#16299,.T.);
#16299 = EDGE_CURVE('',#16292,#16300,#16302,.T.);
#16300 = VERTEX_POINT('',#16301);
#16301 = CARTESIAN_POINT('',(76.365231155786,-113.9080414579,0.));
#16302 = CIRCLE('',#16303,7.620015240031E-02);
#16303 = AXIS2_PLACEMENT_3D('',#16304,#16305,#16306);
#16304 = CARTESIAN_POINT('',(76.301752603505,-113.8658877317,0.));
#16305 = DIRECTION('',(0.,0.,-1.));
#16306 = DIRECTION('',(1.379486146503E-14,1.,0.));
#16307 = ORIENTED_EDGE('',*,*,#16308,.T.);
#16308 = EDGE_CURVE('',#16300,#16309,#16311,.T.);
#16309 = VERTEX_POINT('',#16310);
#16310 = CARTESIAN_POINT('',(76.012024664642,-114.4399288798,0.));
#16311 = LINE('',#16312,#16313);
#16312 = CARTESIAN_POINT('',(76.365231155786,-113.9080414579,0.));
#16313 = VECTOR('',#16314,1.);
#16314 = DIRECTION('',(-0.553197399168,-0.8330502011,0.));
#16315 = ORIENTED_EDGE('',*,*,#16316,.T.);
#16316 = EDGE_CURVE('',#16309,#16317,#16319,.T.);
#16317 = VERTEX_POINT('',#16318);
#16318 = CARTESIAN_POINT('',(76.301752603505,-114.4399288798,0.));
#16319 = LINE('',#16320,#16321);
#16320 = CARTESIAN_POINT('',(76.012024664642,-114.4399288798,0.));
#16321 = VECTOR('',#16322,1.);
#16322 = DIRECTION('',(1.,0.,0.));
#16323 = ORIENTED_EDGE('',*,*,#16324,.T.);
#16324 = EDGE_CURVE('',#16317,#16325,#16327,.T.);
#16325 = VERTEX_POINT('',#16326);
#16326 = CARTESIAN_POINT('',(76.301752603505,-114.5923291846,0.));
#16327 = CIRCLE('',#16328,7.62001524003E-02);
#16328 = AXIS2_PLACEMENT_3D('',#16329,#16330,#16331);
#16329 = CARTESIAN_POINT('',(76.301752603505,-114.5161290322,0.));
#16330 = DIRECTION('',(0.,0.,-1.));
#16331 = DIRECTION('',(1.110223024625E-16,1.,0.));
#16332 = ORIENTED_EDGE('',*,*,#16333,.T.);
#16333 = EDGE_CURVE('',#16325,#16334,#16336,.T.);
#16334 = VERTEX_POINT('',#16335);
#16335 = CARTESIAN_POINT('',(75.869951739903,-114.5923291846,0.));
#16336 = LINE('',#16337,#16338);
#16337 = CARTESIAN_POINT('',(76.301752603505,-114.5923291846,0.));
#16338 = VECTOR('',#16339,1.);
#16339 = DIRECTION('',(-1.,0.,0.));
#16340 = ORIENTED_EDGE('',*,*,#16341,.T.);
#16341 = EDGE_CURVE('',#16334,#16342,#16344,.T.);
#16342 = VERTEX_POINT('',#16343);
#16343 = CARTESIAN_POINT('',(75.806473187623,-114.4739753061,0.));
#16344 = CIRCLE('',#16345,7.620015240031E-02);
#16345 = AXIS2_PLACEMENT_3D('',#16346,#16347,#16348);
#16346 = CARTESIAN_POINT('',(75.869951739903,-114.5161290322,0.));
#16347 = DIRECTION('',(0.,0.,-1.));
#16348 = DIRECTION('',(-1.394985990845E-14,-1.,-0.));
#16349 = ORIENTED_EDGE('',*,*,#16350,.T.);
#16350 = EDGE_CURVE('',#16342,#16351,#16353,.T.);
#16351 = VERTEX_POINT('',#16352);
#16352 = CARTESIAN_POINT('',(76.159679678767,-113.9420878841,0.));
#16353 = LINE('',#16354,#16355);
#16354 = CARTESIAN_POINT('',(75.806473187623,-114.4739753061,0.));
#16355 = VECTOR('',#16356,1.);
#16356 = DIRECTION('',(0.553197399168,0.8330502011,0.));
#16357 = ORIENTED_EDGE('',*,*,#16358,.T.);
#16358 = EDGE_CURVE('',#16351,#16359,#16361,.T.);
#16359 = VERTEX_POINT('',#16360);
#16360 = CARTESIAN_POINT('',(75.869951739903,-113.9420878841,0.));
#16361 = LINE('',#16362,#16363);
#16362 = CARTESIAN_POINT('',(76.159679678767,-113.9420878841,0.));
#16363 = VECTOR('',#16364,1.);
#16364 = DIRECTION('',(-1.,0.,0.));
#16365 = ORIENTED_EDGE('',*,*,#16366,.T.);
#16366 = EDGE_CURVE('',#16359,#16290,#16367,.T.);
#16367 = CIRCLE('',#16368,7.62001524003E-02);
#16368 = AXIS2_PLACEMENT_3D('',#16369,#16370,#16371);
#16369 = CARTESIAN_POINT('',(75.869951739903,-113.8658877317,0.));
#16370 = DIRECTION('',(0.,0.,-1.));
#16371 = DIRECTION('',(-1.110223024625E-16,-1.,-0.));
#16372 = PLANE('',#16373);
#16373 = AXIS2_PLACEMENT_3D('',#16374,#16375,#16376);
#16374 = CARTESIAN_POINT('',(76.085852171704,-114.191008382,0.));
#16375 = DIRECTION('',(-0.,-0.,-1.));
#16376 = DIRECTION('',(-1.,0.,0.));
#16377 = SHELL_BASED_SURFACE_MODEL('',(#16378));
#16378 = OPEN_SHELL('',(#16379));
#16379 = ADVANCED_FACE('',(#16380),#16443,.T.);
#16380 = FACE_BOUND('',#16381,.T.);
#16381 = EDGE_LOOP('',(#16382,#16393,#16402,#16410,#16419,#16427,#16436)
  );
#16382 = ORIENTED_EDGE('',*,*,#16383,.T.);
#16383 = EDGE_CURVE('',#16384,#16386,#16388,.T.);
#16384 = VERTEX_POINT('',#16385);
#16385 = CARTESIAN_POINT('',(76.574631286146,-113.9200403289,0.));
#16386 = VERTEX_POINT('',#16387);
#16387 = CARTESIAN_POINT('',(76.693394004768,-113.8230507754,0.));
#16388 = CIRCLE('',#16389,0.269036464456);
#16389 = AXIS2_PLACEMENT_3D('',#16390,#16391,#16392);
#16390 = CARTESIAN_POINT('',(76.470893850817,-113.6718082526,0.));
#16391 = DIRECTION('',(0.,0.,1.));
#16392 = DIRECTION('',(0.385588754811,-0.922670749598,0.));
#16393 = ORIENTED_EDGE('',*,*,#16394,.T.);
#16394 = EDGE_CURVE('',#16386,#16395,#16397,.T.);
#16395 = VERTEX_POINT('',#16396);
#16396 = CARTESIAN_POINT('',(76.832613665227,-113.8658877317,0.));
#16397 = CIRCLE('',#16398,7.62001524003E-02);
#16398 = AXIS2_PLACEMENT_3D('',#16399,#16400,#16401);
#16399 = CARTESIAN_POINT('',(76.756413512827,-113.8658877317,0.));
#16400 = DIRECTION('',(0.,0.,-1.));
#16401 = DIRECTION('',(-0.827026010767,0.562163657234,0.));
#16402 = ORIENTED_EDGE('',*,*,#16403,.T.);
#16403 = EDGE_CURVE('',#16395,#16404,#16406,.T.);
#16404 = VERTEX_POINT('',#16405);
#16405 = CARTESIAN_POINT('',(76.832613665227,-114.5161290322,0.));
#16406 = LINE('',#16407,#16408);
#16407 = CARTESIAN_POINT('',(76.832613665227,-113.8658877317,0.));
#16408 = VECTOR('',#16409,1.);
#16409 = DIRECTION('',(0.,-1.,0.));
#16410 = ORIENTED_EDGE('',*,*,#16411,.T.);
#16411 = EDGE_CURVE('',#16404,#16412,#16414,.T.);
#16412 = VERTEX_POINT('',#16413);
#16413 = CARTESIAN_POINT('',(76.680213360427,-114.5161290322,0.));
#16414 = CIRCLE('',#16415,7.62001524003E-02);
#16415 = AXIS2_PLACEMENT_3D('',#16416,#16417,#16418);
#16416 = CARTESIAN_POINT('',(76.756413512827,-114.5161290322,0.));
#16417 = DIRECTION('',(-0.,0.,-1.));
#16418 = DIRECTION('',(1.,-1.110223024625E-16,-0.));
#16419 = ORIENTED_EDGE('',*,*,#16420,.T.);
#16420 = EDGE_CURVE('',#16412,#16421,#16423,.T.);
#16421 = VERTEX_POINT('',#16422);
#16422 = CARTESIAN_POINT('',(76.680213360427,-114.0375872752,0.));
#16423 = LINE('',#16424,#16425);
#16424 = CARTESIAN_POINT('',(76.680213360427,-114.5161290322,0.));
#16425 = VECTOR('',#16426,1.);
#16426 = DIRECTION('',(0.,1.,0.));
#16427 = ORIENTED_EDGE('',*,*,#16428,.T.);
#16428 = EDGE_CURVE('',#16421,#16429,#16431,.T.);
#16429 = VERTEX_POINT('',#16430);
#16430 = CARTESIAN_POINT('',(76.633395129907,-114.0606556324,0.));
#16431 = CIRCLE('',#16432,0.421436769257);
#16432 = AXIS2_PLACEMENT_3D('',#16433,#16434,#16435);
#16433 = CARTESIAN_POINT('',(76.470893850817,-113.6718082526,0.));
#16434 = DIRECTION('',(0.,0.,-1.));
#16435 = DIRECTION('',(0.496680700116,-0.867933339682,0.));
#16436 = ORIENTED_EDGE('',*,*,#16437,.T.);
#16437 = EDGE_CURVE('',#16429,#16384,#16438,.T.);
#16438 = CIRCLE('',#16439,7.620015240031E-02);
#16439 = AXIS2_PLACEMENT_3D('',#16440,#16441,#16442);
#16440 = CARTESIAN_POINT('',(76.604013208026,-113.9903479806,0.));
#16441 = DIRECTION('',(-0.,0.,-1.));
#16442 = DIRECTION('',(0.385588754812,-0.922670749598,-0.));
#16443 = PLANE('',#16444);
#16444 = AXIS2_PLACEMENT_3D('',#16445,#16446,#16447);
#16445 = CARTESIAN_POINT('',(76.730371633292,-114.1690279151,0.));
#16446 = DIRECTION('',(-0.,-0.,-1.));
#16447 = DIRECTION('',(-1.,0.,0.));
#16448 = SHELL_BASED_SURFACE_MODEL('',(#16449));
#16449 = OPEN_SHELL('',(#16450));
#16450 = ADVANCED_FACE('',(#16451),#16687,.T.);
#16451 = FACE_BOUND('',#16452,.T.);
#16452 = EDGE_LOOP('',(#16453,#16463,#16472,#16480,#16489,#16497,#16506,
    #16514,#16523,#16531,#16540,#16548,#16557,#16565,#16574,#16582,
    #16590,#16598,#16606,#16614,#16622,#16630,#16638,#16646,#16655,
    #16663,#16672,#16680));
#16453 = ORIENTED_EDGE('',*,*,#16454,.T.);
#16454 = EDGE_CURVE('',#16455,#16457,#16459,.T.);
#16455 = VERTEX_POINT('',#16456);
#16456 = CARTESIAN_POINT('',(77.644846215,-132.1827746516,0.));
#16457 = VERTEX_POINT('',#16458);
#16458 = CARTESIAN_POINT('',(77.708346342001,-132.2437347736,0.));
#16459 = LINE('',#16460,#16461);
#16460 = CARTESIAN_POINT('',(77.644846215,-132.1827746516,0.));
#16461 = VECTOR('',#16462,1.);
#16462 = DIRECTION('',(0.721387321031,-0.69253182819,0.));
#16463 = ORIENTED_EDGE('',*,*,#16464,.T.);
#16464 = EDGE_CURVE('',#16457,#16465,#16467,.T.);
#16465 = VERTEX_POINT('',#16466);
#16466 = CARTESIAN_POINT('',(77.727865123042,-132.2746079934,0.));
#16467 = CIRCLE('',#16468,7.620015240032E-02);
#16468 = AXIS2_PLACEMENT_3D('',#16469,#16470,#16471);
#16469 = CARTESIAN_POINT('',(77.655575311151,-132.2987045974,0.));
#16470 = DIRECTION('',(0.,0.,-1.));
#16471 = DIRECTION('',(0.692531828189,0.721387321031,0.));
#16472 = ORIENTED_EDGE('',*,*,#16473,.T.);
#16473 = EDGE_CURVE('',#16465,#16474,#16476,.T.);
#16474 = VERTEX_POINT('',#16475);
#16475 = CARTESIAN_POINT('',(77.758345184002,-132.3660481763,0.));
#16476 = LINE('',#16477,#16478);
#16477 = CARTESIAN_POINT('',(77.727865123042,-132.2746079934,0.));
#16478 = VECTOR('',#16479,1.);
#16479 = DIRECTION('',(0.316227766017,-0.948683298051,0.));
#16480 = ORIENTED_EDGE('',*,*,#16481,.T.);
#16481 = EDGE_CURVE('',#16474,#16482,#16484,.T.);
#16482 = VERTEX_POINT('',#16483);
#16483 = CARTESIAN_POINT('',(77.762255524511,-132.3901447802,0.));
#16484 = CIRCLE('',#16485,7.620015240036E-02);
#16485 = AXIS2_PLACEMENT_3D('',#16486,#16487,#16488);
#16486 = CARTESIAN_POINT('',(77.686055372111,-132.3901447802,0.));
#16487 = DIRECTION('',(0.,0.,-1.));
#16488 = DIRECTION('',(0.94868329805,0.316227766017,0.));
#16489 = ORIENTED_EDGE('',*,*,#16490,.T.);
#16490 = EDGE_CURVE('',#16482,#16491,#16493,.T.);
#16491 = VERTEX_POINT('',#16492);
#16492 = CARTESIAN_POINT('',(77.762255524511,-132.4536449072,0.));
#16493 = LINE('',#16494,#16495);
#16494 = CARTESIAN_POINT('',(77.762255524511,-132.3901447802,0.));
#16495 = VECTOR('',#16496,1.);
#16496 = DIRECTION('',(0.,-1.,0.));
#16497 = ORIENTED_EDGE('',*,*,#16498,.T.);
#16498 = EDGE_CURVE('',#16491,#16499,#16501,.T.);
#16499 = VERTEX_POINT('',#16500);
#16500 = CARTESIAN_POINT('',(77.758345184002,-132.4777415112,0.));
#16501 = CIRCLE('',#16502,7.620015240034E-02);
#16502 = AXIS2_PLACEMENT_3D('',#16503,#16504,#16505);
#16503 = CARTESIAN_POINT('',(77.686055372111,-132.4536449072,0.));
#16504 = DIRECTION('',(0.,0.,-1.));
#16505 = DIRECTION('',(1.,1.911002375017E-13,0.));
#16506 = ORIENTED_EDGE('',*,*,#16507,.T.);
#16507 = EDGE_CURVE('',#16499,#16508,#16510,.T.);
#16508 = VERTEX_POINT('',#16509);
#16509 = CARTESIAN_POINT('',(77.727865123042,-132.5691816941,0.));
#16510 = LINE('',#16511,#16512);
#16511 = CARTESIAN_POINT('',(77.758345184002,-132.4777415112,0.));
#16512 = VECTOR('',#16513,1.);
#16513 = DIRECTION('',(-0.316227766017,-0.94868329805,0.));
#16514 = ORIENTED_EDGE('',*,*,#16515,.T.);
#16515 = EDGE_CURVE('',#16508,#16516,#16518,.T.);
#16516 = VERTEX_POINT('',#16517);
#16517 = CARTESIAN_POINT('',(77.70945695564,-132.5989667346,0.));
#16518 = CIRCLE('',#16519,7.620015240025E-02);
#16519 = AXIS2_PLACEMENT_3D('',#16520,#16521,#16522);
#16520 = CARTESIAN_POINT('',(77.655575311151,-132.5450850901,0.));
#16521 = DIRECTION('',(0.,0.,-1.));
#16522 = DIRECTION('',(0.948683298051,-0.316227766016,0.));
#16523 = ORIENTED_EDGE('',*,*,#16524,.T.);
#16524 = EDGE_CURVE('',#16516,#16525,#16527,.T.);
#16525 = VERTEX_POINT('',#16526);
#16526 = CARTESIAN_POINT('',(77.64595682864,-132.6624668616,0.));
#16527 = LINE('',#16528,#16529);
#16528 = CARTESIAN_POINT('',(77.70945695564,-132.5989667346,0.));
#16529 = VECTOR('',#16530,1.);
#16530 = DIRECTION('',(-0.707106781187,-0.707106781186,0.));
#16531 = ORIENTED_EDGE('',*,*,#16532,.T.);
#16532 = EDGE_CURVE('',#16525,#16533,#16535,.T.);
#16533 = VERTEX_POINT('',#16534);
#16534 = CARTESIAN_POINT('',(77.616171788114,-132.680875029,0.));
#16535 = CIRCLE('',#16536,7.620015240035E-02);
#16536 = AXIS2_PLACEMENT_3D('',#16537,#16538,#16539);
#16537 = CARTESIAN_POINT('',(77.59207518415,-132.6085852171,0.));
#16538 = DIRECTION('',(0.,0.,-1.));
#16539 = DIRECTION('',(0.707106781187,-0.707106781187,0.));
#16540 = ORIENTED_EDGE('',*,*,#16541,.T.);
#16541 = EDGE_CURVE('',#16533,#16542,#16544,.T.);
#16542 = VERTEX_POINT('',#16543);
#16543 = CARTESIAN_POINT('',(77.524731605234,-132.71135509,0.));
#16544 = LINE('',#16545,#16546);
#16545 = CARTESIAN_POINT('',(77.616171788114,-132.680875029,0.));
#16546 = VECTOR('',#16547,1.);
#16547 = DIRECTION('',(-0.948683298051,-0.316227766017,0.));
#16548 = ORIENTED_EDGE('',*,*,#16549,.T.);
#16549 = EDGE_CURVE('',#16542,#16550,#16552,.T.);
#16550 = VERTEX_POINT('',#16551);
#16551 = CARTESIAN_POINT('',(77.50063500127,-132.7152654305,0.));
#16552 = CIRCLE('',#16553,7.620015240025E-02);
#16553 = AXIS2_PLACEMENT_3D('',#16554,#16555,#16556);
#16554 = CARTESIAN_POINT('',(77.50063500127,-132.6390652781,0.));
#16555 = DIRECTION('',(0.,0.,-1.));
#16556 = DIRECTION('',(0.316227766017,-0.94868329805,0.));
#16557 = ORIENTED_EDGE('',*,*,#16558,.T.);
#16558 = EDGE_CURVE('',#16550,#16559,#16561,.T.);
#16559 = VERTEX_POINT('',#16560);
#16560 = CARTESIAN_POINT('',(77.035814071628,-132.7152654305,0.));
#16561 = LINE('',#16562,#16563);
#16562 = CARTESIAN_POINT('',(77.50063500127,-132.7152654305,0.));
#16563 = VECTOR('',#16564,1.);
#16564 = DIRECTION('',(-1.,0.,0.));
#16565 = ORIENTED_EDGE('',*,*,#16566,.T.);
#16566 = EDGE_CURVE('',#16559,#16567,#16569,.T.);
#16567 = VERTEX_POINT('',#16568);
#16568 = CARTESIAN_POINT('',(77.035814071628,-132.5628651257,0.));
#16569 = CIRCLE('',#16570,7.62001524003E-02);
#16570 = AXIS2_PLACEMENT_3D('',#16571,#16572,#16573);
#16571 = CARTESIAN_POINT('',(77.035814071628,-132.6390652781,0.));
#16572 = DIRECTION('',(0.,0.,-1.));
#16573 = DIRECTION('',(-1.110223024625E-16,-1.,-0.));
#16574 = ORIENTED_EDGE('',*,*,#16575,.T.);
#16575 = EDGE_CURVE('',#16567,#16576,#16578,.T.);
#16576 = VERTEX_POINT('',#16577);
#16577 = CARTESIAN_POINT('',(77.488269418834,-132.5628651257,0.));
#16578 = LINE('',#16579,#16580);
#16579 = CARTESIAN_POINT('',(77.035814071628,-132.5628651257,0.));
#16580 = VECTOR('',#16581,1.);
#16581 = DIRECTION('',(1.,0.,0.));
#16582 = ORIENTED_EDGE('',*,*,#16583,.T.);
#16583 = EDGE_CURVE('',#16576,#16584,#16586,.T.);
#16584 = VERTEX_POINT('',#16585);
#16585 = CARTESIAN_POINT('',(77.5509132705,-132.5419838418,0.));
#16586 = LINE('',#16587,#16588);
#16587 = CARTESIAN_POINT('',(77.488269418834,-132.5628651257,0.));
#16588 = VECTOR('',#16589,1.);
#16589 = DIRECTION('',(0.948683298051,0.316227766017,0.));
#16590 = ORIENTED_EDGE('',*,*,#16591,.T.);
#16591 = EDGE_CURVE('',#16584,#16592,#16594,.T.);
#16592 = VERTEX_POINT('',#16593);
#16593 = CARTESIAN_POINT('',(77.588973935822,-132.5039231765,0.));
#16594 = LINE('',#16595,#16596);
#16595 = CARTESIAN_POINT('',(77.5509132705,-132.5419838418,0.));
#16596 = VECTOR('',#16597,1.);
#16597 = DIRECTION('',(0.707106781187,0.707106781187,0.));
#16598 = ORIENTED_EDGE('',*,*,#16599,.T.);
#16599 = EDGE_CURVE('',#16592,#16600,#16602,.T.);
#16600 = VERTEX_POINT('',#16601);
#16601 = CARTESIAN_POINT('',(77.60985521971,-132.4412793248,0.));
#16602 = LINE('',#16603,#16604);
#16603 = CARTESIAN_POINT('',(77.588973935822,-132.5039231765,0.));
#16604 = VECTOR('',#16605,1.);
#16605 = DIRECTION('',(0.316227766017,0.948683298051,0.));
#16606 = ORIENTED_EDGE('',*,*,#16607,.T.);
#16607 = EDGE_CURVE('',#16600,#16608,#16610,.T.);
#16608 = VERTEX_POINT('',#16609);
#16609 = CARTESIAN_POINT('',(77.60985521971,-132.4025103627,0.));
#16610 = LINE('',#16611,#16612);
#16611 = CARTESIAN_POINT('',(77.60985521971,-132.4412793248,0.));
#16612 = VECTOR('',#16613,1.);
#16613 = DIRECTION('',(0.,1.,0.));
#16614 = ORIENTED_EDGE('',*,*,#16615,.T.);
#16615 = EDGE_CURVE('',#16608,#16616,#16618,.T.);
#16616 = VERTEX_POINT('',#16617);
#16617 = CARTESIAN_POINT('',(77.589234121828,-132.340647069,0.));
#16618 = LINE('',#16619,#16620);
#16619 = CARTESIAN_POINT('',(77.60985521971,-132.4025103627,0.));
#16620 = VECTOR('',#16621,1.);
#16621 = DIRECTION('',(-0.316227766017,0.94868329805,0.));
#16622 = ORIENTED_EDGE('',*,*,#16623,.T.);
#16623 = EDGE_CURVE('',#16616,#16624,#16626,.T.);
#16624 = VERTEX_POINT('',#16625);
#16625 = CARTESIAN_POINT('',(77.550976140253,-132.3039194067,0.));
#16626 = LINE('',#16627,#16628);
#16627 = CARTESIAN_POINT('',(77.589234121828,-132.340647069,0.));
#16628 = VECTOR('',#16629,1.);
#16629 = DIRECTION('',(-0.721387321031,0.69253182819,0.));
#16630 = ORIENTED_EDGE('',*,*,#16631,.T.);
#16631 = EDGE_CURVE('',#16624,#16632,#16634,.T.);
#16632 = VERTEX_POINT('',#16633);
#16633 = CARTESIAN_POINT('',(77.487298108177,-132.2809245618,0.));
#16634 = LINE('',#16635,#16636);
#16635 = CARTESIAN_POINT('',(77.550976140253,-132.3039194067,0.));
#16636 = VECTOR('',#16637,1.);
#16637 = DIRECTION('',(-0.940553899692,0.339644463777,0.));
#16638 = ORIENTED_EDGE('',*,*,#16639,.T.);
#16639 = EDGE_CURVE('',#16632,#16640,#16642,.T.);
#16640 = VERTEX_POINT('',#16641);
#16641 = CARTESIAN_POINT('',(77.035814071628,-132.2809245618,0.));
#16642 = LINE('',#16643,#16644);
#16643 = CARTESIAN_POINT('',(77.487298108177,-132.2809245618,0.));
#16644 = VECTOR('',#16645,1.);
#16645 = DIRECTION('',(-1.,0.,0.));
#16646 = ORIENTED_EDGE('',*,*,#16647,.T.);
#16647 = EDGE_CURVE('',#16640,#16648,#16650,.T.);
#16648 = VERTEX_POINT('',#16649);
#16649 = CARTESIAN_POINT('',(77.035814071628,-132.128524257,0.));
#16650 = CIRCLE('',#16651,7.62001524003E-02);
#16651 = AXIS2_PLACEMENT_3D('',#16652,#16653,#16654);
#16652 = CARTESIAN_POINT('',(77.035814071628,-132.2047244094,0.));
#16653 = DIRECTION('',(0.,0.,-1.));
#16654 = DIRECTION('',(-1.110223024625E-16,-1.,-0.));
#16655 = ORIENTED_EDGE('',*,*,#16656,.T.);
#16656 = EDGE_CURVE('',#16648,#16657,#16659,.T.);
#16657 = VERTEX_POINT('',#16658);
#16658 = CARTESIAN_POINT('',(77.50063500127,-132.128524257,0.));
#16659 = LINE('',#16660,#16661);
#16660 = CARTESIAN_POINT('',(77.035814071628,-132.128524257,0.));
#16661 = VECTOR('',#16662,1.);
#16662 = DIRECTION('',(1.,0.,0.));
#16663 = ORIENTED_EDGE('',*,*,#16664,.T.);
#16664 = EDGE_CURVE('',#16657,#16665,#16667,.T.);
#16665 = VERTEX_POINT('',#16666);
#16666 = CARTESIAN_POINT('',(77.526515961172,-132.1330540589,0.));
#16667 = CIRCLE('',#16668,7.620015240033E-02);
#16668 = AXIS2_PLACEMENT_3D('',#16669,#16670,#16671);
#16669 = CARTESIAN_POINT('',(77.50063500127,-132.2047244094,0.));
#16670 = DIRECTION('',(0.,0.,-1.));
#16671 = DIRECTION('',(9.609702499855E-13,1.,0.));
#16672 = ORIENTED_EDGE('',*,*,#16673,.T.);
#16673 = EDGE_CURVE('',#16665,#16674,#16676,.T.);
#16674 = VERTEX_POINT('',#16675);
#16675 = CARTESIAN_POINT('',(77.617956144052,-132.1660741249,0.));
#16676 = LINE('',#16677,#16678);
#16677 = CARTESIAN_POINT('',(77.526515961172,-132.1330540589,0.));
#16678 = VECTOR('',#16679,1.);
#16679 = DIRECTION('',(0.940553899692,-0.339644463777,0.));
#16680 = ORIENTED_EDGE('',*,*,#16681,.T.);
#16681 = EDGE_CURVE('',#16674,#16455,#16682,.T.);
#16682 = CIRCLE('',#16683,7.620015240028E-02);
#16683 = AXIS2_PLACEMENT_3D('',#16684,#16685,#16686);
#16684 = CARTESIAN_POINT('',(77.59207518415,-132.2377444754,0.));
#16685 = DIRECTION('',(0.,0.,-1.));
#16686 = DIRECTION('',(0.339644463778,0.940553899691,0.));
#16687 = PLANE('',#16688);
#16688 = AXIS2_PLACEMENT_3D('',#16689,#16690,#16691);
#16689 = CARTESIAN_POINT('',(77.363026000868,-132.4220848434,0.));
#16690 = DIRECTION('',(-0.,-0.,-1.));
#16691 = DIRECTION('',(-1.,0.,0.));
#16692 = SHELL_BASED_SURFACE_MODEL('',(#16693));
#16693 = OPEN_SHELL('',(#16694));
#16694 = ADVANCED_FACE('',(#16695,#16789),#16815,.T.);
#16695 = FACE_BOUND('',#16696,.T.);
#16696 = EDGE_LOOP('',(#16697,#16707,#16715,#16724,#16732,#16741,#16749,
    #16757,#16766,#16774,#16782));
#16697 = ORIENTED_EDGE('',*,*,#16698,.T.);
#16698 = EDGE_CURVE('',#16699,#16701,#16703,.T.);
#16699 = VERTEX_POINT('',#16700);
#16700 = CARTESIAN_POINT('',(77.686055372111,-131.6713233426,0.));
#16701 = VERTEX_POINT('',#16702);
#16702 = CARTESIAN_POINT('',(77.54381508763,-131.6713233426,0.));
#16703 = LINE('',#16704,#16705);
#16704 = CARTESIAN_POINT('',(77.686055372111,-131.6713233426,0.));
#16705 = VECTOR('',#16706,1.);
#16706 = DIRECTION('',(-1.,0.,0.));
#16707 = ORIENTED_EDGE('',*,*,#16708,.T.);
#16708 = EDGE_CURVE('',#16701,#16709,#16711,.T.);
#16709 = VERTEX_POINT('',#16710);
#16710 = CARTESIAN_POINT('',(77.54381508763,-131.9024638049,0.));
#16711 = LINE('',#16712,#16713);
#16712 = CARTESIAN_POINT('',(77.54381508763,-131.6713233426,0.));
#16713 = VECTOR('',#16714,1.);
#16714 = DIRECTION('',(0.,-1.,0.));
#16715 = ORIENTED_EDGE('',*,*,#16716,.T.);
#16716 = EDGE_CURVE('',#16709,#16717,#16719,.T.);
#16717 = VERTEX_POINT('',#16718);
#16718 = CARTESIAN_POINT('',(77.423428190225,-131.9645443557,0.));
#16719 = CIRCLE('',#16720,7.62001524003E-02);
#16720 = AXIS2_PLACEMENT_3D('',#16721,#16722,#16723);
#16721 = CARTESIAN_POINT('',(77.46761493523,-131.9024638049,0.));
#16722 = DIRECTION('',(0.,0.,-1.));
#16723 = DIRECTION('',(1.,1.721262058347E-14,0.));
#16724 = ORIENTED_EDGE('',*,*,#16725,.T.);
#16725 = EDGE_CURVE('',#16717,#16726,#16728,.T.);
#16726 = VERTEX_POINT('',#16727);
#16727 = CARTESIAN_POINT('',(76.991627326624,-131.657203741,0.));
#16728 = LINE('',#16729,#16730);
#16729 = CARTESIAN_POINT('',(77.423428190225,-131.9645443557,0.));
#16730 = VECTOR('',#16731,1.);
#16731 = DIRECTION('',(-0.814703762098,0.579877383611,0.));
#16732 = ORIENTED_EDGE('',*,*,#16733,.T.);
#16733 = EDGE_CURVE('',#16726,#16734,#16736,.T.);
#16734 = VERTEX_POINT('',#16735);
#16735 = CARTESIAN_POINT('',(77.035814071628,-131.5189230378,0.));
#16736 = CIRCLE('',#16737,7.620015240031E-02);
#16737 = AXIS2_PLACEMENT_3D('',#16738,#16739,#16740);
#16738 = CARTESIAN_POINT('',(77.035814071628,-131.5951231902,0.));
#16739 = DIRECTION('',(0.,0.,-1.));
#16740 = DIRECTION('',(-0.579877383611,-0.814703762098,-0.));
#16741 = ORIENTED_EDGE('',*,*,#16742,.T.);
#16742 = EDGE_CURVE('',#16734,#16743,#16745,.T.);
#16743 = VERTEX_POINT('',#16744);
#16744 = CARTESIAN_POINT('',(77.39141478283,-131.5189230378,0.));
#16745 = LINE('',#16746,#16747);
#16746 = CARTESIAN_POINT('',(77.035814071628,-131.5189230378,0.));
#16747 = VECTOR('',#16748,1.);
#16748 = DIRECTION('',(1.,0.,0.));
#16749 = ORIENTED_EDGE('',*,*,#16750,.T.);
#16750 = EDGE_CURVE('',#16743,#16751,#16753,.T.);
#16751 = VERTEX_POINT('',#16752);
#16752 = CARTESIAN_POINT('',(77.39141478283,-131.4401828803,0.));
#16753 = LINE('',#16754,#16755);
#16754 = CARTESIAN_POINT('',(77.39141478283,-131.5189230378,0.));
#16755 = VECTOR('',#16756,1.);
#16756 = DIRECTION('',(0.,1.,0.));
#16757 = ORIENTED_EDGE('',*,*,#16758,.T.);
#16758 = EDGE_CURVE('',#16751,#16759,#16761,.T.);
#16759 = VERTEX_POINT('',#16760);
#16760 = CARTESIAN_POINT('',(77.54381508763,-131.4401828803,0.));
#16761 = CIRCLE('',#16762,7.620015240031E-02);
#16762 = AXIS2_PLACEMENT_3D('',#16763,#16764,#16765);
#16763 = CARTESIAN_POINT('',(77.46761493523,-131.4401828803,0.));
#16764 = DIRECTION('',(0.,0.,-1.));
#16765 = DIRECTION('',(-1.,1.110223024625E-16,0.));
#16766 = ORIENTED_EDGE('',*,*,#16767,.T.);
#16767 = EDGE_CURVE('',#16759,#16768,#16770,.T.);
#16768 = VERTEX_POINT('',#16769);
#16769 = CARTESIAN_POINT('',(77.54381508763,-131.5189230378,0.));
#16770 = LINE('',#16771,#16772);
#16771 = CARTESIAN_POINT('',(77.54381508763,-131.4401828803,0.));
#16772 = VECTOR('',#16773,1.);
#16773 = DIRECTION('',(0.,-1.,0.));
#16774 = ORIENTED_EDGE('',*,*,#16775,.T.);
#16775 = EDGE_CURVE('',#16768,#16776,#16778,.T.);
#16776 = VERTEX_POINT('',#16777);
#16777 = CARTESIAN_POINT('',(77.686055372111,-131.5189230378,0.));
#16778 = LINE('',#16779,#16780);
#16779 = CARTESIAN_POINT('',(77.54381508763,-131.5189230378,0.));
#16780 = VECTOR('',#16781,1.);
#16781 = DIRECTION('',(1.,0.,0.));
#16782 = ORIENTED_EDGE('',*,*,#16783,.T.);
#16783 = EDGE_CURVE('',#16776,#16699,#16784,.T.);
#16784 = CIRCLE('',#16785,7.62001524003E-02);
#16785 = AXIS2_PLACEMENT_3D('',#16786,#16787,#16788);
#16786 = CARTESIAN_POINT('',(77.686055372111,-131.5951231902,0.));
#16787 = DIRECTION('',(0.,0.,-1.));
#16788 = DIRECTION('',(1.110223024625E-16,1.,0.));
#16789 = FACE_BOUND('',#16790,.T.);
#16790 = EDGE_LOOP('',(#16791,#16801,#16809));
#16791 = ORIENTED_EDGE('',*,*,#16792,.T.);
#16792 = EDGE_CURVE('',#16793,#16795,#16797,.T.);
#16793 = VERTEX_POINT('',#16794);
#16794 = CARTESIAN_POINT('',(77.39141478283,-131.7546961094,0.));
#16795 = VERTEX_POINT('',#16796);
#16796 = CARTESIAN_POINT('',(77.39141478283,-131.6713233426,0.));
#16797 = LINE('',#16798,#16799);
#16798 = CARTESIAN_POINT('',(77.39141478283,-131.7546961094,0.));
#16799 = VECTOR('',#16800,1.);
#16800 = DIRECTION('',(0.,1.,0.));
#16801 = ORIENTED_EDGE('',*,*,#16802,.T.);
#16802 = EDGE_CURVE('',#16795,#16803,#16805,.T.);
#16803 = VERTEX_POINT('',#16804);
#16804 = CARTESIAN_POINT('',(77.274279490597,-131.6713233426,0.));
#16805 = LINE('',#16806,#16807);
#16806 = CARTESIAN_POINT('',(77.39141478283,-131.6713233426,0.));
#16807 = VECTOR('',#16808,1.);
#16808 = DIRECTION('',(-1.,0.,0.));
#16809 = ORIENTED_EDGE('',*,*,#16810,.T.);
#16810 = EDGE_CURVE('',#16803,#16793,#16811,.T.);
#16811 = LINE('',#16812,#16813);
#16812 = CARTESIAN_POINT('',(77.274279490597,-131.6713233426,0.));
#16813 = VECTOR('',#16814,1.);
#16814 = DIRECTION('',(0.814703762098,-0.579877383611,0.));
#16815 = PLANE('',#16816);
#16816 = AXIS2_PLACEMENT_3D('',#16817,#16818,#16819);
#16817 = CARTESIAN_POINT('',(77.385420959626,-131.6473452454,0.));
#16818 = DIRECTION('',(-0.,-0.,-1.));
#16819 = DIRECTION('',(-1.,0.,0.));
#16820 = SHELL_BASED_SURFACE_MODEL('',(#16821));
#16821 = OPEN_SHELL('',(#16822));
#16822 = ADVANCED_FACE('',(#16823),#17059,.T.);
#16823 = FACE_BOUND('',#16824,.T.);
#16824 = EDGE_LOOP('',(#16825,#16835,#16843,#16851,#16860,#16868,#16877,
    #16885,#16894,#16902,#16911,#16919,#16928,#16936,#16945,#16953,
    #16962,#16970,#16979,#16987,#16996,#17004,#17013,#17021,#17029,
    #17037,#17045,#17053));
#16825 = ORIENTED_EDGE('',*,*,#16826,.T.);
#16826 = EDGE_CURVE('',#16827,#16829,#16831,.T.);
#16827 = VERTEX_POINT('',#16828);
#16828 = CARTESIAN_POINT('',(77.717773047763,-144.51836798,0.));
#16829 = VERTEX_POINT('',#16830);
#16830 = CARTESIAN_POINT('',(77.754500710075,-144.4801099985,0.));
#16831 = LINE('',#16832,#16833);
#16832 = CARTESIAN_POINT('',(77.717773047763,-144.51836798,0.));
#16833 = VECTOR('',#16834,1.);
#16834 = DIRECTION('',(0.69253182819,0.721387321031,0.));
#16835 = ORIENTED_EDGE('',*,*,#16836,.T.);
#16836 = EDGE_CURVE('',#16829,#16837,#16839,.T.);
#16837 = VERTEX_POINT('',#16838);
#16838 = CARTESIAN_POINT('',(77.777495554991,-144.4164319664,0.));
#16839 = LINE('',#16840,#16841);
#16840 = CARTESIAN_POINT('',(77.754500710075,-144.4801099985,0.));
#16841 = VECTOR('',#16842,1.);
#16842 = DIRECTION('',(0.339644463777,0.940553899692,0.));
#16843 = ORIENTED_EDGE('',*,*,#16844,.T.);
#16844 = EDGE_CURVE('',#16837,#16845,#16847,.T.);
#16845 = VERTEX_POINT('',#16846);
#16846 = CARTESIAN_POINT('',(77.777495554991,-143.9649479298,0.));
#16847 = LINE('',#16848,#16849);
#16848 = CARTESIAN_POINT('',(77.777495554991,-144.4164319664,0.));
#16849 = VECTOR('',#16850,1.);
#16850 = DIRECTION('',(0.,1.,0.));
#16851 = ORIENTED_EDGE('',*,*,#16852,.T.);
#16852 = EDGE_CURVE('',#16845,#16853,#16855,.T.);
#16853 = VERTEX_POINT('',#16854);
#16854 = CARTESIAN_POINT('',(77.929895859792,-143.9649479298,0.));
#16855 = CIRCLE('',#16856,7.62001524003E-02);
#16856 = AXIS2_PLACEMENT_3D('',#16857,#16858,#16859);
#16857 = CARTESIAN_POINT('',(77.853695707391,-143.9649479298,0.));
#16858 = DIRECTION('',(0.,0.,-1.));
#16859 = DIRECTION('',(-1.,1.110223024625E-16,0.));
#16860 = ORIENTED_EDGE('',*,*,#16861,.T.);
#16861 = EDGE_CURVE('',#16853,#16862,#16864,.T.);
#16862 = VERTEX_POINT('',#16863);
#16863 = CARTESIAN_POINT('',(77.929895859792,-144.4297688595,0.));
#16864 = LINE('',#16865,#16866);
#16865 = CARTESIAN_POINT('',(77.929895859792,-143.9649479298,0.));
#16866 = VECTOR('',#16867,1.);
#16867 = DIRECTION('',(0.,-1.,0.));
#16868 = ORIENTED_EDGE('',*,*,#16869,.T.);
#16869 = EDGE_CURVE('',#16862,#16870,#16872,.T.);
#16870 = VERTEX_POINT('',#16871);
#16871 = CARTESIAN_POINT('',(77.925366057889,-144.4556498194,0.));
#16872 = CIRCLE('',#16873,7.620015240033E-02);
#16873 = AXIS2_PLACEMENT_3D('',#16874,#16875,#16876);
#16874 = CARTESIAN_POINT('',(77.853695707391,-144.4297688595,0.));
#16875 = DIRECTION('',(0.,0.,-1.));
#16876 = DIRECTION('',(1.,1.809370642449E-13,0.));
#16877 = ORIENTED_EDGE('',*,*,#16878,.T.);
#16878 = EDGE_CURVE('',#16870,#16879,#16881,.T.);
#16879 = VERTEX_POINT('',#16880);
#16880 = CARTESIAN_POINT('',(77.892345991849,-144.5470900023,0.));
#16881 = LINE('',#16882,#16883);
#16882 = CARTESIAN_POINT('',(77.925366057889,-144.4556498194,0.));
#16883 = VECTOR('',#16884,1.);
#16884 = DIRECTION('',(-0.339644463778,-0.940553899692,0.));
#16885 = ORIENTED_EDGE('',*,*,#16886,.T.);
#16886 = EDGE_CURVE('',#16879,#16887,#16889,.T.);
#16887 = VERTEX_POINT('',#16888);
#16888 = CARTESIAN_POINT('',(77.875645465153,-144.5739800732,0.));
#16889 = CIRCLE('',#16890,7.620015240037E-02);
#16890 = AXIS2_PLACEMENT_3D('',#16891,#16892,#16893);
#16891 = CARTESIAN_POINT('',(77.820675641351,-144.5212090424,0.));
#16892 = DIRECTION('',(0.,0.,-1.));
#16893 = DIRECTION('',(0.940553899692,-0.339644463777,0.));
#16894 = ORIENTED_EDGE('',*,*,#16895,.T.);
#16895 = EDGE_CURVE('',#16887,#16896,#16898,.T.);
#16896 = VERTEX_POINT('',#16897);
#16897 = CARTESIAN_POINT('',(77.814685343233,-144.6374802002,0.));
#16898 = LINE('',#16899,#16900);
#16899 = CARTESIAN_POINT('',(77.875645465153,-144.5739800732,0.));
#16900 = VECTOR('',#16901,1.);
#16901 = DIRECTION('',(-0.69253182819,-0.721387321031,0.));
#16902 = ORIENTED_EDGE('',*,*,#16903,.T.);
#16903 = EDGE_CURVE('',#16896,#16904,#16906,.T.);
#16904 = VERTEX_POINT('',#16905);
#16905 = CARTESIAN_POINT('',(77.783812123395,-144.6569989813,0.));
#16906 = CIRCLE('',#16907,7.620015240027E-02);
#16907 = AXIS2_PLACEMENT_3D('',#16908,#16909,#16910);
#16908 = CARTESIAN_POINT('',(77.759715519431,-144.5847091694,0.));
#16909 = DIRECTION('',(0.,0.,-1.));
#16910 = DIRECTION('',(0.721387321031,-0.69253182819,0.));
#16911 = ORIENTED_EDGE('',*,*,#16912,.T.);
#16912 = EDGE_CURVE('',#16904,#16913,#16915,.T.);
#16913 = VERTEX_POINT('',#16914);
#16914 = CARTESIAN_POINT('',(77.692371940514,-144.6874790422,0.));
#16915 = LINE('',#16916,#16917);
#16916 = CARTESIAN_POINT('',(77.783812123395,-144.6569989813,0.));
#16917 = VECTOR('',#16918,1.);
#16918 = DIRECTION('',(-0.948683298051,-0.316227766017,0.));
#16919 = ORIENTED_EDGE('',*,*,#16920,.T.);
#16920 = EDGE_CURVE('',#16913,#16921,#16923,.T.);
#16921 = VERTEX_POINT('',#16922);
#16922 = CARTESIAN_POINT('',(77.668275336551,-144.6913893827,0.));
#16923 = CIRCLE('',#16924,7.620015240033E-02);
#16924 = AXIS2_PLACEMENT_3D('',#16925,#16926,#16927);
#16925 = CARTESIAN_POINT('',(77.668275336551,-144.6151892303,0.));
#16926 = DIRECTION('',(0.,0.,-1.));
#16927 = DIRECTION('',(0.316227766017,-0.94868329805,0.));
#16928 = ORIENTED_EDGE('',*,*,#16929,.T.);
#16929 = EDGE_CURVE('',#16921,#16930,#16932,.T.);
#16930 = VERTEX_POINT('',#16931);
#16931 = CARTESIAN_POINT('',(77.60477520955,-144.6913893827,0.));
#16932 = LINE('',#16933,#16934);
#16933 = CARTESIAN_POINT('',(77.668275336551,-144.6913893827,0.));
#16934 = VECTOR('',#16935,1.);
#16935 = DIRECTION('',(-1.,0.,0.));
#16936 = ORIENTED_EDGE('',*,*,#16937,.T.);
#16937 = EDGE_CURVE('',#16930,#16938,#16940,.T.);
#16938 = VERTEX_POINT('',#16939);
#16939 = CARTESIAN_POINT('',(77.580678605587,-144.6874790422,0.));
#16940 = CIRCLE('',#16941,7.620015240022E-02);
#16941 = AXIS2_PLACEMENT_3D('',#16942,#16943,#16944);
#16942 = CARTESIAN_POINT('',(77.60477520955,-144.6151892303,0.));
#16943 = DIRECTION('',(0.,0.,-1.));
#16944 = DIRECTION('',(-1.985083251689E-13,-1.,-0.));
#16945 = ORIENTED_EDGE('',*,*,#16946,.T.);
#16946 = EDGE_CURVE('',#16938,#16947,#16949,.T.);
#16947 = VERTEX_POINT('',#16948);
#16948 = CARTESIAN_POINT('',(77.489238422706,-144.6569989813,0.));
#16949 = LINE('',#16950,#16951);
#16950 = CARTESIAN_POINT('',(77.580678605587,-144.6874790422,0.));
#16951 = VECTOR('',#16952,1.);
#16952 = DIRECTION('',(-0.948683298051,0.316227766017,0.));
#16953 = ORIENTED_EDGE('',*,*,#16954,.T.);
#16954 = EDGE_CURVE('',#16947,#16955,#16957,.T.);
#16955 = VERTEX_POINT('',#16956);
#16956 = CARTESIAN_POINT('',(77.45945338218,-144.6385908139,0.));
#16957 = CIRCLE('',#16958,7.62001524003E-02);
#16958 = AXIS2_PLACEMENT_3D('',#16959,#16960,#16961);
#16959 = CARTESIAN_POINT('',(77.51333502667,-144.5847091694,0.));
#16960 = DIRECTION('',(0.,0.,-1.));
#16961 = DIRECTION('',(-0.316227766017,-0.948683298051,-0.));
#16962 = ORIENTED_EDGE('',*,*,#16963,.T.);
#16963 = EDGE_CURVE('',#16955,#16964,#16966,.T.);
#16964 = VERTEX_POINT('',#16965);
#16965 = CARTESIAN_POINT('',(77.39595325518,-144.5750906869,0.));
#16966 = LINE('',#16967,#16968);
#16967 = CARTESIAN_POINT('',(77.45945338218,-144.6385908139,0.));
#16968 = VECTOR('',#16969,1.);
#16969 = DIRECTION('',(-0.707106781187,0.707106781187,0.));
#16970 = ORIENTED_EDGE('',*,*,#16971,.T.);
#16971 = EDGE_CURVE('',#16964,#16972,#16974,.T.);
#16972 = VERTEX_POINT('',#16973);
#16973 = CARTESIAN_POINT('',(77.377545087779,-144.5453056463,0.));
#16974 = CIRCLE('',#16975,7.620015240038E-02);
#16975 = AXIS2_PLACEMENT_3D('',#16976,#16977,#16978);
#16976 = CARTESIAN_POINT('',(77.44983489967,-144.5212090424,0.));
#16977 = DIRECTION('',(0.,0.,-1.));
#16978 = DIRECTION('',(-0.707106781186,-0.707106781187,-0.));
#16979 = ORIENTED_EDGE('',*,*,#16980,.T.);
#16980 = EDGE_CURVE('',#16972,#16981,#16983,.T.);
#16981 = VERTEX_POINT('',#16982);
#16982 = CARTESIAN_POINT('',(77.347065026819,-144.4538654635,0.));
#16983 = LINE('',#16984,#16985);
#16984 = CARTESIAN_POINT('',(77.377545087779,-144.5453056463,0.));
#16985 = VECTOR('',#16986,1.);
#16986 = DIRECTION('',(-0.316227766017,0.948683298051,0.));
#16987 = ORIENTED_EDGE('',*,*,#16988,.T.);
#16988 = EDGE_CURVE('',#16981,#16989,#16991,.T.);
#16989 = VERTEX_POINT('',#16990);
#16990 = CARTESIAN_POINT('',(77.343154686309,-144.4297688595,0.));
#16991 = CIRCLE('',#16992,7.620015240037E-02);
#16992 = AXIS2_PLACEMENT_3D('',#16993,#16994,#16995);
#16993 = CARTESIAN_POINT('',(77.41935483871,-144.4297688595,0.));
#16994 = DIRECTION('',(0.,0.,-1.));
#16995 = DIRECTION('',(-0.948683298051,-0.316227766017,-0.));
#16996 = ORIENTED_EDGE('',*,*,#16997,.T.);
#16997 = EDGE_CURVE('',#16989,#16998,#17000,.T.);
#16998 = VERTEX_POINT('',#16999);
#16999 = CARTESIAN_POINT('',(77.343154686309,-143.9649479298,0.));
#17000 = LINE('',#17001,#17002);
#17001 = CARTESIAN_POINT('',(77.343154686309,-144.4297688595,0.));
#17002 = VECTOR('',#17003,1.);
#17003 = DIRECTION('',(-3.057275137363E-14,1.,0.));
#17004 = ORIENTED_EDGE('',*,*,#17005,.T.);
#17005 = EDGE_CURVE('',#16998,#17006,#17008,.T.);
#17006 = VERTEX_POINT('',#17007);
#17007 = CARTESIAN_POINT('',(77.49555499111,-143.9649479298,0.));
#17008 = CIRCLE('',#17009,7.620015240031E-02);
#17009 = AXIS2_PLACEMENT_3D('',#17010,#17011,#17012);
#17010 = CARTESIAN_POINT('',(77.41935483871,-143.9649479298,0.));
#17011 = DIRECTION('',(0.,0.,-1.));
#17012 = DIRECTION('',(-1.,1.110223024625E-16,0.));
#17013 = ORIENTED_EDGE('',*,*,#17014,.T.);
#17014 = EDGE_CURVE('',#17006,#17015,#17017,.T.);
#17015 = VERTEX_POINT('',#17016);
#17016 = CARTESIAN_POINT('',(77.49555499111,-144.4174032771,0.));
#17017 = LINE('',#17018,#17019);
#17018 = CARTESIAN_POINT('',(77.49555499111,-143.9649479298,0.));
#17019 = VECTOR('',#17020,1.);
#17020 = DIRECTION('',(0.,-1.,0.));
#17021 = ORIENTED_EDGE('',*,*,#17022,.T.);
#17022 = EDGE_CURVE('',#17015,#17023,#17025,.T.);
#17023 = VERTEX_POINT('',#17024);
#17024 = CARTESIAN_POINT('',(77.516436274999,-144.4800471287,0.));
#17025 = LINE('',#17026,#17027);
#17026 = CARTESIAN_POINT('',(77.49555499111,-144.4174032771,0.));
#17027 = VECTOR('',#17028,1.);
#17028 = DIRECTION('',(0.316227766017,-0.948683298051,0.));
#17029 = ORIENTED_EDGE('',*,*,#17030,.T.);
#17030 = EDGE_CURVE('',#17023,#17031,#17033,.T.);
#17031 = VERTEX_POINT('',#17032);
#17032 = CARTESIAN_POINT('',(77.554496940321,-144.518107794,0.));
#17033 = LINE('',#17034,#17035);
#17034 = CARTESIAN_POINT('',(77.516436274999,-144.4800471287,0.));
#17035 = VECTOR('',#17036,1.);
#17036 = DIRECTION('',(0.707106781187,-0.707106781187,0.));
#17037 = ORIENTED_EDGE('',*,*,#17038,.T.);
#17038 = EDGE_CURVE('',#17031,#17039,#17041,.T.);
#17039 = VERTEX_POINT('',#17040);
#17040 = CARTESIAN_POINT('',(77.617140791986,-144.5389890779,0.));
#17041 = LINE('',#17042,#17043);
#17042 = CARTESIAN_POINT('',(77.554496940321,-144.518107794,0.));
#17043 = VECTOR('',#17044,1.);
#17044 = DIRECTION('',(0.94868329805,-0.316227766017,0.));
#17045 = ORIENTED_EDGE('',*,*,#17046,.T.);
#17046 = EDGE_CURVE('',#17039,#17047,#17049,.T.);
#17047 = VERTEX_POINT('',#17048);
#17048 = CARTESIAN_POINT('',(77.655909754115,-144.5389890779,0.));
#17049 = LINE('',#17050,#17051);
#17050 = CARTESIAN_POINT('',(77.617140791986,-144.5389890779,0.));
#17051 = VECTOR('',#17052,1.);
#17052 = DIRECTION('',(1.,0.,0.));
#17053 = ORIENTED_EDGE('',*,*,#17054,.T.);
#17054 = EDGE_CURVE('',#17047,#16827,#17055,.T.);
#17055 = LINE('',#17056,#17057);
#17056 = CARTESIAN_POINT('',(77.655909754115,-144.5389890779,0.));
#17057 = VECTOR('',#17058,1.);
#17058 = DIRECTION('',(0.948683298051,0.316227766017,0.));
#17059 = PLANE('',#17060);
#17060 = AXIS2_PLACEMENT_3D('',#17061,#17062,#17063);
#17061 = CARTESIAN_POINT('',(77.636335273423,-144.2921598591,0.));
#17062 = DIRECTION('',(-0.,-0.,-1.));
#17063 = DIRECTION('',(-1.,0.,0.));
#17064 = SHELL_BASED_SURFACE_MODEL('',(#17065));
#17065 = OPEN_SHELL('',(#17066));
#17066 = ADVANCED_FACE('',(#17067),#17130,.T.);
#17067 = FACE_BOUND('',#17068,.T.);
#17068 = EDGE_LOOP('',(#17069,#17080,#17089,#17097,#17106,#17114,#17123)
  );
#17069 = ORIENTED_EDGE('',*,*,#17070,.T.);
#17070 = EDGE_CURVE('',#17071,#17073,#17075,.T.);
#17071 = VERTEX_POINT('',#17072);
#17072 = CARTESIAN_POINT('',(78.126574390051,-144.019100527,0.));
#17073 = VERTEX_POINT('',#17074);
#17074 = CARTESIAN_POINT('',(78.245337108643,-143.9221109735,0.));
#17075 = CIRCLE('',#17076,0.269036464151);
#17076 = AXIS2_PLACEMENT_3D('',#17077,#17078,#17079);
#17077 = CARTESIAN_POINT('',(78.022836954905,-143.770868451,0.));
#17078 = DIRECTION('',(0.,0.,1.));
#17079 = DIRECTION('',(0.385588754569,-0.922670749699,0.));
#17080 = ORIENTED_EDGE('',*,*,#17081,.T.);
#17081 = EDGE_CURVE('',#17073,#17082,#17084,.T.);
#17082 = VERTEX_POINT('',#17083);
#17083 = CARTESIAN_POINT('',(78.384556769114,-143.9649479298,0.));
#17084 = CIRCLE('',#17085,7.62001524003E-02);
#17085 = AXIS2_PLACEMENT_3D('',#17086,#17087,#17088);
#17086 = CARTESIAN_POINT('',(78.308356616713,-143.9649479298,0.));
#17087 = DIRECTION('',(0.,0.,-1.));
#17088 = DIRECTION('',(-0.827026010915,0.562163657016,0.));
#17089 = ORIENTED_EDGE('',*,*,#17090,.T.);
#17090 = EDGE_CURVE('',#17082,#17091,#17093,.T.);
#17091 = VERTEX_POINT('',#17092);
#17092 = CARTESIAN_POINT('',(78.384556769114,-144.6151892303,0.));
#17093 = LINE('',#17094,#17095);
#17094 = CARTESIAN_POINT('',(78.384556769114,-143.9649479298,0.));
#17095 = VECTOR('',#17096,1.);
#17096 = DIRECTION('',(0.,-1.,0.));
#17097 = ORIENTED_EDGE('',*,*,#17098,.T.);
#17098 = EDGE_CURVE('',#17091,#17099,#17101,.T.);
#17099 = VERTEX_POINT('',#17100);
#17100 = CARTESIAN_POINT('',(78.232156464313,-144.6151892303,0.));
#17101 = CIRCLE('',#17102,7.62001524003E-02);
#17102 = AXIS2_PLACEMENT_3D('',#17103,#17104,#17105);
#17103 = CARTESIAN_POINT('',(78.308356616713,-144.6151892303,0.));
#17104 = DIRECTION('',(-0.,0.,-1.));
#17105 = DIRECTION('',(1.,-1.110223024625E-16,-0.));
#17106 = ORIENTED_EDGE('',*,*,#17107,.T.);
#17107 = EDGE_CURVE('',#17099,#17108,#17110,.T.);
#17108 = VERTEX_POINT('',#17109);
#17109 = CARTESIAN_POINT('',(78.232156464313,-144.1366474733,0.));
#17110 = LINE('',#17111,#17112);
#17111 = CARTESIAN_POINT('',(78.232156464313,-144.6151892303,0.));
#17112 = VECTOR('',#17113,1.);
#17113 = DIRECTION('',(0.,1.,0.));
#17114 = ORIENTED_EDGE('',*,*,#17115,.T.);
#17115 = EDGE_CURVE('',#17108,#17116,#17118,.T.);
#17116 = VERTEX_POINT('',#17117);
#17117 = CARTESIAN_POINT('',(78.185338233775,-144.1597158305,0.));
#17118 = CIRCLE('',#17119,0.421436768951);
#17119 = AXIS2_PLACEMENT_3D('',#17120,#17121,#17122);
#17120 = CARTESIAN_POINT('',(78.022836954905,-143.770868451,0.));
#17121 = DIRECTION('',(0.,0.,-1.));
#17122 = DIRECTION('',(0.496680699998,-0.86793333975,0.));
#17123 = ORIENTED_EDGE('',*,*,#17124,.T.);
#17124 = EDGE_CURVE('',#17116,#17071,#17125,.T.);
#17125 = CIRCLE('',#17126,7.620015240031E-02);
#17126 = AXIS2_PLACEMENT_3D('',#17127,#17128,#17129);
#17127 = CARTESIAN_POINT('',(78.155956311913,-144.0894081788,0.));
#17128 = DIRECTION('',(-0.,0.,-1.));
#17129 = DIRECTION('',(0.385588754569,-0.922670749699,-0.));
#17130 = PLANE('',#17131);
#17131 = AXIS2_PLACEMENT_3D('',#17132,#17133,#17134);
#17132 = CARTESIAN_POINT('',(78.282314737179,-144.2680881132,0.));
#17133 = DIRECTION('',(-0.,-0.,-1.));
#17134 = DIRECTION('',(-1.,0.,0.));
#17135 = SHELL_BASED_SURFACE_MODEL('',(#17136));
#17136 = OPEN_SHELL('',(#17137));
#17137 = ADVANCED_FACE('',(#17138,#17208),#17242,.T.);
#17138 = FACE_BOUND('',#17139,.T.);
#17139 = EDGE_LOOP('',(#17140,#17150,#17159,#17167,#17176,#17184,#17193,
    #17201));
#17140 = ORIENTED_EDGE('',*,*,#17141,.T.);
#17141 = EDGE_CURVE('',#17142,#17144,#17146,.T.);
#17142 = VERTEX_POINT('',#17143);
#17143 = CARTESIAN_POINT('',(78.168656337313,-138.1762763525,0.));
#17144 = VERTEX_POINT('',#17145);
#17145 = CARTESIAN_POINT('',(78.168656337313,-127.2542545085,0.));
#17146 = LINE('',#17147,#17148);
#17147 = CARTESIAN_POINT('',(78.168656337313,-138.1762763525,0.));
#17148 = VECTOR('',#17149,1.);
#17149 = DIRECTION('',(0.,1.,0.));
#17150 = ORIENTED_EDGE('',*,*,#17151,.T.);
#17151 = EDGE_CURVE('',#17144,#17152,#17154,.T.);
#17152 = VERTEX_POINT('',#17153);
#17153 = CARTESIAN_POINT('',(78.232156464313,-127.1907543815,0.));
#17154 = CIRCLE('',#17155,6.350012700025E-02);
#17155 = AXIS2_PLACEMENT_3D('',#17156,#17157,#17158);
#17156 = CARTESIAN_POINT('',(78.232156464313,-127.2542545085,0.));
#17157 = DIRECTION('',(0.,0.,-1.));
#17158 = DIRECTION('',(-1.,7.726817512298E-17,0.));
#17159 = ORIENTED_EDGE('',*,*,#17160,.T.);
#17160 = EDGE_CURVE('',#17152,#17161,#17163,.T.);
#17161 = VERTEX_POINT('',#17162);
#17162 = CARTESIAN_POINT('',(80.264160528321,-127.1907543815,0.));
#17163 = LINE('',#17164,#17165);
#17164 = CARTESIAN_POINT('',(78.232156464313,-127.1907543815,0.));
#17165 = VECTOR('',#17166,1.);
#17166 = DIRECTION('',(1.,0.,0.));
#17167 = ORIENTED_EDGE('',*,*,#17168,.T.);
#17168 = EDGE_CURVE('',#17161,#17169,#17171,.T.);
#17169 = VERTEX_POINT('',#17170);
#17170 = CARTESIAN_POINT('',(80.327660655321,-127.2542545085,0.));
#17171 = CIRCLE('',#17172,6.350012700025E-02);
#17172 = AXIS2_PLACEMENT_3D('',#17173,#17174,#17175);
#17173 = CARTESIAN_POINT('',(80.264160528321,-127.2542545085,0.));
#17174 = DIRECTION('',(0.,0.,-1.));
#17175 = DIRECTION('',(7.726817512298E-17,1.,0.));
#17176 = ORIENTED_EDGE('',*,*,#17177,.T.);
#17177 = EDGE_CURVE('',#17169,#17178,#17180,.T.);
#17178 = VERTEX_POINT('',#17179);
#17179 = CARTESIAN_POINT('',(80.327660655321,-138.1762763525,0.));
#17180 = LINE('',#17181,#17182);
#17181 = CARTESIAN_POINT('',(80.327660655321,-127.2542545085,0.));
#17182 = VECTOR('',#17183,1.);
#17183 = DIRECTION('',(0.,-1.,0.));
#17184 = ORIENTED_EDGE('',*,*,#17185,.T.);
#17185 = EDGE_CURVE('',#17178,#17186,#17188,.T.);
#17186 = VERTEX_POINT('',#17187);
#17187 = CARTESIAN_POINT('',(80.264160528321,-138.2397764795,0.));
#17188 = CIRCLE('',#17189,6.350012700026E-02);
#17189 = AXIS2_PLACEMENT_3D('',#17190,#17191,#17192);
#17190 = CARTESIAN_POINT('',(80.264160528321,-138.1762763525,0.));
#17191 = DIRECTION('',(0.,0.,-1.));
#17192 = DIRECTION('',(1.,-7.726817512298E-17,0.));
#17193 = ORIENTED_EDGE('',*,*,#17194,.T.);
#17194 = EDGE_CURVE('',#17186,#17195,#17197,.T.);
#17195 = VERTEX_POINT('',#17196);
#17196 = CARTESIAN_POINT('',(78.232156464313,-138.2397764795,0.));
#17197 = LINE('',#17198,#17199);
#17198 = CARTESIAN_POINT('',(80.264160528321,-138.2397764795,0.));
#17199 = VECTOR('',#17200,1.);
#17200 = DIRECTION('',(-1.,0.,0.));
#17201 = ORIENTED_EDGE('',*,*,#17202,.T.);
#17202 = EDGE_CURVE('',#17195,#17142,#17203,.T.);
#17203 = CIRCLE('',#17204,6.350012700025E-02);
#17204 = AXIS2_PLACEMENT_3D('',#17205,#17206,#17207);
#17205 = CARTESIAN_POINT('',(78.232156464313,-138.1762763525,0.));
#17206 = DIRECTION('',(0.,0.,-1.));
#17207 = DIRECTION('',(-7.726817512298E-17,-1.,-0.));
#17208 = FACE_BOUND('',#17209,.T.);
#17209 = EDGE_LOOP('',(#17210,#17220,#17228,#17236));
#17210 = ORIENTED_EDGE('',*,*,#17211,.T.);
#17211 = EDGE_CURVE('',#17212,#17214,#17216,.T.);
#17212 = VERTEX_POINT('',#17213);
#17213 = CARTESIAN_POINT('',(80.200660401321,-138.1127762255,0.));
#17214 = VERTEX_POINT('',#17215);
#17215 = CARTESIAN_POINT('',(80.200660401321,-127.3177546355,0.));
#17216 = LINE('',#17217,#17218);
#17217 = CARTESIAN_POINT('',(80.200660401321,-138.1127762255,0.));
#17218 = VECTOR('',#17219,1.);
#17219 = DIRECTION('',(0.,1.,0.));
#17220 = ORIENTED_EDGE('',*,*,#17221,.T.);
#17221 = EDGE_CURVE('',#17214,#17222,#17224,.T.);
#17222 = VERTEX_POINT('',#17223);
#17223 = CARTESIAN_POINT('',(78.295656591313,-127.3177546355,0.));
#17224 = LINE('',#17225,#17226);
#17225 = CARTESIAN_POINT('',(80.200660401321,-127.3177546355,0.));
#17226 = VECTOR('',#17227,1.);
#17227 = DIRECTION('',(-1.,0.,0.));
#17228 = ORIENTED_EDGE('',*,*,#17229,.T.);
#17229 = EDGE_CURVE('',#17222,#17230,#17232,.T.);
#17230 = VERTEX_POINT('',#17231);
#17231 = CARTESIAN_POINT('',(78.295656591313,-138.1127762255,0.));
#17232 = LINE('',#17233,#17234);
#17233 = CARTESIAN_POINT('',(78.295656591313,-127.3177546355,0.));
#17234 = VECTOR('',#17235,1.);
#17235 = DIRECTION('',(0.,-1.,0.));
#17236 = ORIENTED_EDGE('',*,*,#17237,.T.);
#17237 = EDGE_CURVE('',#17230,#17212,#17238,.T.);
#17238 = LINE('',#17239,#17240);
#17239 = CARTESIAN_POINT('',(78.295656591313,-138.1127762255,0.));
#17240 = VECTOR('',#17241,1.);
#17241 = DIRECTION('',(1.,0.,0.));
#17242 = PLANE('',#17243);
#17243 = AXIS2_PLACEMENT_3D('',#17244,#17245,#17246);
#17244 = CARTESIAN_POINT('',(79.248158496317,-132.7152654305,0.));
#17245 = DIRECTION('',(-0.,-0.,-1.));
#17246 = DIRECTION('',(-1.,0.,0.));
#17247 = ( GEOMETRIC_REPRESENTATION_CONTEXT(3) 
GLOBAL_UNCERTAINTY_ASSIGNED_CONTEXT((#17251)) 
GLOBAL_UNIT_ASSIGNED_CONTEXT((#17248,#17249,#17250)) 
REPRESENTATION_CONTEXT('Context #1',
  '3D Context with UNIT and UNCERTAINTY') );
#17248 = ( LENGTH_UNIT() NAMED_UNIT(*) SI_UNIT(.MILLI.,.METRE.) );
#17249 = ( NAMED_UNIT(*) PLANE_ANGLE_UNIT() SI_UNIT($,.RADIAN.) );
#17250 = ( NAMED_UNIT(*) SI_UNIT($,.STERADIAN.) SOLID_ANGLE_UNIT() );
#17251 = UNCERTAINTY_MEASURE_WITH_UNIT(LENGTH_MEASURE(1.E-07),#17248,
  'distance_accuracy_value','confusion accuracy');
#17252 = CONTEXT_DEPENDENT_SHAPE_REPRESENTATION(#17253,#17255);
#17253 = ( REPRESENTATION_RELATIONSHIP('','',#3083,#10) 
REPRESENTATION_RELATIONSHIP_WITH_TRANSFORMATION(#17254) 
SHAPE_REPRESENTATION_RELATIONSHIP() );
#17254 = ITEM_DEFINED_TRANSFORMATION('','',#11,#27);
#17255 = PRODUCT_DEFINITION_SHAPE('Placement','Placement of an item',
  #17256);
#17256 = NEXT_ASSEMBLY_USAGE_OCCURRENCE('4','=>[0:1:1:5]','',#5,#3078,$
  );
#17257 = PRODUCT_RELATED_PRODUCT_CATEGORY('part',$,(#3080));
#17258 = SHAPE_DEFINITION_REPRESENTATION(#17259,#17265);
#17259 = PRODUCT_DEFINITION_SHAPE('','',#17260);
#17260 = PRODUCT_DEFINITION('design','',#17261,#17264);
#17261 = PRODUCT_DEFINITION_FORMATION('','',#17262);
#17262 = PRODUCT('BottomSilkscreen~TWu6','BottomSilkscreen~TWu6','',(
    #17263));
#17263 = PRODUCT_CONTEXT('',#2,'mechanical');
#17264 = PRODUCT_DEFINITION_CONTEXT('part definition',#2,'design');
#17265 = MANIFOLD_SURFACE_SHAPE_REPRESENTATION('',(#11,#17266),#17378);
#17266 = SHELL_BASED_SURFACE_MODEL('',(#17267));
#17267 = OPEN_SHELL('',(#17268));
#17268 = ADVANCED_FACE('',(#17269,#17339),#17373,.T.);
#17269 = FACE_BOUND('',#17270,.T.);
#17270 = EDGE_LOOP('',(#17271,#17281,#17290,#17298,#17307,#17315,#17324,
    #17332));
#17271 = ORIENTED_EDGE('',*,*,#17272,.T.);
#17272 = EDGE_CURVE('',#17273,#17275,#17277,.T.);
#17273 = VERTEX_POINT('',#17274);
#17274 = CARTESIAN_POINT('',(78.182156464313,-138.1762763525,0.));
#17275 = VERTEX_POINT('',#17276);
#17276 = CARTESIAN_POINT('',(78.182156464313,-127.2542545085,0.));
#17277 = LINE('',#17278,#17279);
#17278 = CARTESIAN_POINT('',(78.182156464313,-138.1762763525,0.));
#17279 = VECTOR('',#17280,1.);
#17280 = DIRECTION('',(0.,1.,0.));
#17281 = ORIENTED_EDGE('',*,*,#17282,.T.);
#17282 = EDGE_CURVE('',#17275,#17283,#17285,.T.);
#17283 = VERTEX_POINT('',#17284);
#17284 = CARTESIAN_POINT('',(78.232156464313,-127.2042545085,0.));
#17285 = CIRCLE('',#17286,5.E-02);
#17286 = AXIS2_PLACEMENT_3D('',#17287,#17288,#17289);
#17287 = CARTESIAN_POINT('',(78.232156464313,-127.2542545085,0.));
#17288 = DIRECTION('',(0.,0.,-1.));
#17289 = DIRECTION('',(-1.,9.813077866774E-17,0.));
#17290 = ORIENTED_EDGE('',*,*,#17291,.T.);
#17291 = EDGE_CURVE('',#17283,#17292,#17294,.T.);
#17292 = VERTEX_POINT('',#17293);
#17293 = CARTESIAN_POINT('',(80.264160528321,-127.2042545085,0.));
#17294 = LINE('',#17295,#17296);
#17295 = CARTESIAN_POINT('',(78.232156464313,-127.2042545085,0.));
#17296 = VECTOR('',#17297,1.);
#17297 = DIRECTION('',(1.,0.,0.));
#17298 = ORIENTED_EDGE('',*,*,#17299,.T.);
#17299 = EDGE_CURVE('',#17292,#17300,#17302,.T.);
#17300 = VERTEX_POINT('',#17301);
#17301 = CARTESIAN_POINT('',(80.314160528321,-127.2542545085,0.));
#17302 = CIRCLE('',#17303,5.E-02);
#17303 = AXIS2_PLACEMENT_3D('',#17304,#17305,#17306);
#17304 = CARTESIAN_POINT('',(80.264160528321,-127.2542545085,0.));
#17305 = DIRECTION('',(0.,0.,-1.));
#17306 = DIRECTION('',(9.813077866774E-17,1.,0.));
#17307 = ORIENTED_EDGE('',*,*,#17308,.T.);
#17308 = EDGE_CURVE('',#17300,#17309,#17311,.T.);
#17309 = VERTEX_POINT('',#17310);
#17310 = CARTESIAN_POINT('',(80.314160528321,-138.1762763525,0.));
#17311 = LINE('',#17312,#17313);
#17312 = CARTESIAN_POINT('',(80.314160528321,-127.2542545085,0.));
#17313 = VECTOR('',#17314,1.);
#17314 = DIRECTION('',(0.,-1.,0.));
#17315 = ORIENTED_EDGE('',*,*,#17316,.T.);
#17316 = EDGE_CURVE('',#17309,#17317,#17319,.T.);
#17317 = VERTEX_POINT('',#17318);
#17318 = CARTESIAN_POINT('',(80.264160528321,-138.2262763525,0.));
#17319 = CIRCLE('',#17320,5.E-02);
#17320 = AXIS2_PLACEMENT_3D('',#17321,#17322,#17323);
#17321 = CARTESIAN_POINT('',(80.264160528321,-138.1762763525,0.));
#17322 = DIRECTION('',(0.,0.,-1.));
#17323 = DIRECTION('',(1.,1.419952367322E-13,0.));
#17324 = ORIENTED_EDGE('',*,*,#17325,.T.);
#17325 = EDGE_CURVE('',#17317,#17326,#17328,.T.);
#17326 = VERTEX_POINT('',#17327);
#17327 = CARTESIAN_POINT('',(78.232156464313,-138.2262763525,0.));
#17328 = LINE('',#17329,#17330);
#17329 = CARTESIAN_POINT('',(80.264160528321,-138.2262763525,0.));
#17330 = VECTOR('',#17331,1.);
#17331 = DIRECTION('',(-1.,0.,0.));
#17332 = ORIENTED_EDGE('',*,*,#17333,.T.);
#17333 = EDGE_CURVE('',#17326,#17273,#17334,.T.);
#17334 = CIRCLE('',#17335,5.000000000001E-02);
#17335 = AXIS2_PLACEMENT_3D('',#17336,#17337,#17338);
#17336 = CARTESIAN_POINT('',(78.232156464313,-138.1762763525,0.));
#17337 = DIRECTION('',(0.,0.,-1.));
#17338 = DIRECTION('',(-1.421914982895E-13,-1.,-0.));
#17339 = FACE_BOUND('',#17340,.T.);
#17340 = EDGE_LOOP('',(#17341,#17351,#17359,#17367));
#17341 = ORIENTED_EDGE('',*,*,#17342,.T.);
#17342 = EDGE_CURVE('',#17343,#17345,#17347,.T.);
#17343 = VERTEX_POINT('',#17344);
#17344 = CARTESIAN_POINT('',(80.214160528321,-138.1262763525,0.));
#17345 = VERTEX_POINT('',#17346);
#17346 = CARTESIAN_POINT('',(80.214160528321,-127.3042545085,0.));
#17347 = LINE('',#17348,#17349);
#17348 = CARTESIAN_POINT('',(80.214160528321,-138.1262763525,0.));
#17349 = VECTOR('',#17350,1.);
#17350 = DIRECTION('',(0.,1.,0.));
#17351 = ORIENTED_EDGE('',*,*,#17352,.T.);
#17352 = EDGE_CURVE('',#17345,#17353,#17355,.T.);
#17353 = VERTEX_POINT('',#17354);
#17354 = CARTESIAN_POINT('',(78.282156464313,-127.3042545085,0.));
#17355 = LINE('',#17356,#17357);
#17356 = CARTESIAN_POINT('',(80.214160528321,-127.3042545085,0.));
#17357 = VECTOR('',#17358,1.);
#17358 = DIRECTION('',(-1.,0.,0.));
#17359 = ORIENTED_EDGE('',*,*,#17360,.T.);
#17360 = EDGE_CURVE('',#17353,#17361,#17363,.T.);
#17361 = VERTEX_POINT('',#17362);
#17362 = CARTESIAN_POINT('',(78.282156464313,-138.1262763525,0.));
#17363 = LINE('',#17364,#17365);
#17364 = CARTESIAN_POINT('',(78.282156464313,-127.3042545085,0.));
#17365 = VECTOR('',#17366,1.);
#17366 = DIRECTION('',(0.,-1.,0.));
#17367 = ORIENTED_EDGE('',*,*,#17368,.T.);
#17368 = EDGE_CURVE('',#17361,#17343,#17369,.T.);
#17369 = LINE('',#17370,#17371);
#17370 = CARTESIAN_POINT('',(78.282156464313,-138.1262763525,0.));
#17371 = VECTOR('',#17372,1.);
#17372 = DIRECTION('',(1.,0.,0.));
#17373 = PLANE('',#17374);
#17374 = AXIS2_PLACEMENT_3D('',#17375,#17376,#17377);
#17375 = CARTESIAN_POINT('',(79.248158496317,-132.7152654305,0.));
#17376 = DIRECTION('',(-0.,-0.,-1.));
#17377 = DIRECTION('',(-1.,0.,0.));
#17378 = ( GEOMETRIC_REPRESENTATION_CONTEXT(3) 
GLOBAL_UNCERTAINTY_ASSIGNED_CONTEXT((#17382)) 
GLOBAL_UNIT_ASSIGNED_CONTEXT((#17379,#17380,#17381)) 
REPRESENTATION_CONTEXT('Context #1',
  '3D Context with UNIT and UNCERTAINTY') );
#17379 = ( LENGTH_UNIT() NAMED_UNIT(*) SI_UNIT(.MILLI.,.METRE.) );
#17380 = ( NAMED_UNIT(*) PLANE_ANGLE_UNIT() SI_UNIT($,.RADIAN.) );
#17381 = ( NAMED_UNIT(*) SI_UNIT($,.STERADIAN.) SOLID_ANGLE_UNIT() );
#17382 = UNCERTAINTY_MEASURE_WITH_UNIT(LENGTH_MEASURE(1.E-07),#17379,
  'distance_accuracy_value','confusion accuracy');
#17383 = CONTEXT_DEPENDENT_SHAPE_REPRESENTATION(#17384,#17386);
#17384 = ( REPRESENTATION_RELATIONSHIP('','',#17265,#10) 
REPRESENTATION_RELATIONSHIP_WITH_TRANSFORMATION(#17385) 
SHAPE_REPRESENTATION_RELATIONSHIP() );
#17385 = ITEM_DEFINED_TRANSFORMATION('','',#11,#31);
#17386 = PRODUCT_DEFINITION_SHAPE('Placement','Placement of an item',
  #17387);
#17387 = NEXT_ASSEMBLY_USAGE_OCCURRENCE('5','=>[0:1:1:6]','',#5,#17260,$
  );
#17388 = PRODUCT_RELATED_PRODUCT_CATEGORY('part',$,(#17262));
#17389 = SHAPE_DEFINITION_REPRESENTATION(#17390,#17396);
#17390 = PRODUCT_DEFINITION_SHAPE('','',#17391);
#17391 = PRODUCT_DEFINITION('design','',#17392,#17395);
#17392 = PRODUCT_DEFINITION_FORMATION('','',#17393);
#17393 = PRODUCT('TopFpcStiffener~TWu6','TopFpcStiffener~TWu6','',(
    #17394));
#17394 = PRODUCT_CONTEXT('',#2,'mechanical');
#17395 = PRODUCT_DEFINITION_CONTEXT('part definition',#2,'design');
#17396 = SHAPE_REPRESENTATION('',(#11),#17397);
#17397 = ( GEOMETRIC_REPRESENTATION_CONTEXT(3) 
GLOBAL_UNCERTAINTY_ASSIGNED_CONTEXT((#17401)) 
GLOBAL_UNIT_ASSIGNED_CONTEXT((#17398,#17399,#17400)) 
REPRESENTATION_CONTEXT('Context #1',
  '3D Context with UNIT and UNCERTAINTY') );
#17398 = ( LENGTH_UNIT() NAMED_UNIT(*) SI_UNIT(.MILLI.,.METRE.) );
#17399 = ( NAMED_UNIT(*) PLANE_ANGLE_UNIT() SI_UNIT($,.RADIAN.) );
#17400 = ( NAMED_UNIT(*) SI_UNIT($,.STERADIAN.) SOLID_ANGLE_UNIT() );
#17401 = UNCERTAINTY_MEASURE_WITH_UNIT(LENGTH_MEASURE(1.E-07),#17398,
  'distance_accuracy_value','confusion accuracy');
#17402 = CONTEXT_DEPENDENT_SHAPE_REPRESENTATION(#17403,#17405);
#17403 = ( REPRESENTATION_RELATIONSHIP('','',#17396,#10) 
REPRESENTATION_RELATIONSHIP_WITH_TRANSFORMATION(#17404) 
SHAPE_REPRESENTATION_RELATIONSHIP() );
#17404 = ITEM_DEFINED_TRANSFORMATION('','',#11,#35);
#17405 = PRODUCT_DEFINITION_SHAPE('Placement','Placement of an item',
  #17406);
#17406 = NEXT_ASSEMBLY_USAGE_OCCURRENCE('6','=>[0:1:1:7]','',#5,#17391,$
  );
#17407 = PRODUCT_RELATED_PRODUCT_CATEGORY('part',$,(#17393));
#17408 = SHAPE_DEFINITION_REPRESENTATION(#17409,#17415);
#17409 = PRODUCT_DEFINITION_SHAPE('','',#17410);
#17410 = PRODUCT_DEFINITION('design','',#17411,#17414);
#17411 = PRODUCT_DEFINITION_FORMATION('','',#17412);
#17412 = PRODUCT('BottomFpcStiffener~TWu6','BottomFpcStiffener~TWu6','',
  (#17413));
#17413 = PRODUCT_CONTEXT('',#2,'mechanical');
#17414 = PRODUCT_DEFINITION_CONTEXT('part definition',#2,'design');
#17415 = SHAPE_REPRESENTATION('',(#11),#17416);
#17416 = ( GEOMETRIC_REPRESENTATION_CONTEXT(3) 
GLOBAL_UNCERTAINTY_ASSIGNED_CONTEXT((#17420)) 
GLOBAL_UNIT_ASSIGNED_CONTEXT((#17417,#17418,#17419)) 
REPRESENTATION_CONTEXT('Context #1',
  '3D Context with UNIT and UNCERTAINTY') );
#17417 = ( LENGTH_UNIT() NAMED_UNIT(*) SI_UNIT(.MILLI.,.METRE.) );
#17418 = ( NAMED_UNIT(*) PLANE_ANGLE_UNIT() SI_UNIT($,.RADIAN.) );
#17419 = ( NAMED_UNIT(*) SI_UNIT($,.STERADIAN.) SOLID_ANGLE_UNIT() );
#17420 = UNCERTAINTY_MEASURE_WITH_UNIT(LENGTH_MEASURE(1.E-07),#17417,
  'distance_accuracy_value','confusion accuracy');
#17421 = CONTEXT_DEPENDENT_SHAPE_REPRESENTATION(#17422,#17424);
#17422 = ( REPRESENTATION_RELATIONSHIP('','',#17415,#10) 
REPRESENTATION_RELATIONSHIP_WITH_TRANSFORMATION(#17423) 
SHAPE_REPRESENTATION_RELATIONSHIP() );
#17423 = ITEM_DEFINED_TRANSFORMATION('','',#11,#39);
#17424 = PRODUCT_DEFINITION_SHAPE('Placement','Placement of an item',
  #17425);
#17425 = NEXT_ASSEMBLY_USAGE_OCCURRENCE('7','=>[0:1:1:8]','',#5,#17410,$
  );
#17426 = PRODUCT_RELATED_PRODUCT_CATEGORY('part',$,(#17412));
#17427 = SHAPE_DEFINITION_REPRESENTATION(#17428,#17434);
#17428 = PRODUCT_DEFINITION_SHAPE('','',#17429);
#17429 = PRODUCT_DEFINITION('design','',#17430,#17433);
#17430 = PRODUCT_DEFINITION_FORMATION('','',#17431);
#17431 = PRODUCT(
'U1~ESP32-C3_SUPERMINI:MODULE_ESP32-C3_
SUPERMINI~ESP32-C3-SUPERMINI~TWu6',
'U1~ESP32-C3_SUPERMINI:MODULE_ESP32-C3_
SUPERMINI~ESP32-C3-SUPERMINI~TWu6','',(#17432));
#17432 = PRODUCT_CONTEXT('',#2,'mechanical');
#17433 = PRODUCT_DEFINITION_CONTEXT('part definition',#2,'design');
#17434 = SHAPE_REPRESENTATION('',(#11,#17435),#17439);
#17435 = AXIS2_PLACEMENT_3D('',#17436,#17437,#17438);
#17436 = CARTESIAN_POINT('',(0.,0.,0.));
#17437 = DIRECTION('',(0.,0.,1.));
#17438 = DIRECTION('',(1.,0.,-0.));
#17439 = ( GEOMETRIC_REPRESENTATION_CONTEXT(3) 
GLOBAL_UNCERTAINTY_ASSIGNED_CONTEXT((#17443)) 
GLOBAL_UNIT_ASSIGNED_CONTEXT((#17440,#17441,#17442)) 
REPRESENTATION_CONTEXT('Context #1',
  '3D Context with UNIT and UNCERTAINTY') );
#17440 = ( LENGTH_UNIT() NAMED_UNIT(*) SI_UNIT(.MILLI.,.METRE.) );
#17441 = ( NAMED_UNIT(*) PLANE_ANGLE_UNIT() SI_UNIT($,.RADIAN.) );
#17442 = ( NAMED_UNIT(*) SI_UNIT($,.STERADIAN.) SOLID_ANGLE_UNIT() );
#17443 = UNCERTAINTY_MEASURE_WITH_UNIT(LENGTH_MEASURE(1.E-06),#17440,
  'distance_accuracy_value','confusion accuracy');
#17444 = CONTEXT_DEPENDENT_SHAPE_REPRESENTATION(#17445,#17447);
#17445 = ( REPRESENTATION_RELATIONSHIP('','',#17434,#10) 
REPRESENTATION_RELATIONSHIP_WITH_TRANSFORMATION(#17446) 
SHAPE_REPRESENTATION_RELATIONSHIP() );
#17446 = ITEM_DEFINED_TRANSFORMATION('','',#11,#43);
#17447 = PRODUCT_DEFINITION_SHAPE('Placement','Placement of an item',
  #17448);
#17448 = NEXT_ASSEMBLY_USAGE_OCCURRENCE('9','=>[0:1:1:10]','',#5,#17429,
  $);
#17449 = PRODUCT_RELATED_PRODUCT_CATEGORY('part',$,(#17431));
#17450 = SHAPE_DEFINITION_REPRESENTATION(#17451,#17457);
#17451 = PRODUCT_DEFINITION_SHAPE('','',#17452);
#17452 = PRODUCT_DEFINITION('design','',#17453,#17456);
#17453 = PRODUCT_DEFINITION_FORMATION('','',#17454);
#17454 = PRODUCT(
  'ESP32-C3_SUPERMINI:MODULE_ESP32-C3_SUPERMINI~ESP32-C3-SUPERMINI~TWu6'
  ,
  'ESP32-C3_SUPERMINI:MODULE_ESP32-C3_SUPERMINI~ESP32-C3-SUPERMINI~TWu6'
  ,'',(#17455));
#17455 = PRODUCT_CONTEXT('',#2,'mechanical');
#17456 = PRODUCT_DEFINITION_CONTEXT('part definition',#2,'design');
#17457 = ADVANCED_BREP_SHAPE_REPRESENTATION('',(#11,#17458),#17596);
#17458 = MANIFOLD_SOLID_BREP('',#17459);
#17459 = CLOSED_SHELL('',(#17460,#17496,#17532,#17552,#17572,#17584));
#17460 = ADVANCED_FACE('',(#17461),#17491,.F.);
#17461 = FACE_BOUND('',#17462,.F.);
#17462 = EDGE_LOOP('',(#17463,#17472,#17479,#17486));
#17463 = ORIENTED_EDGE('',*,*,#17464,.F.);
#17464 = EDGE_CURVE('',#17465,#17467,#17469,.T.);
#17465 = VERTEX_POINT('',#17466);
#17466 = CARTESIAN_POINT('',(-12.83423007065,15.187432025853,0.));
#17467 = VERTEX_POINT('',#17468);
#17468 = CARTESIAN_POINT('',(-12.83423007065,15.187432025853,
    7.634424073241));
#17469 = B_SPLINE_CURVE_WITH_KNOTS('',1,(#17470,#17471),.UNSPECIFIED.,
  .F.,.F.,(2,2),(0.,0.762001524003),.PIECEWISE_BEZIER_KNOTS.);
#17470 = CARTESIAN_POINT('',(-12.83423007065,15.187432025853,0.));
#17471 = CARTESIAN_POINT('',(-12.83423007065,15.187432025853,
    7.634424073241));
#17472 = ORIENTED_EDGE('',*,*,#17473,.T.);
#17473 = EDGE_CURVE('',#17465,#17474,#17476,.T.);
#17474 = VERTEX_POINT('',#17475);
#17475 = CARTESIAN_POINT('',(-5.199805997415,15.187432025853,0.));
#17476 = B_SPLINE_CURVE_WITH_KNOTS('',1,(#17477,#17478),.UNSPECIFIED.,
  .F.,.F.,(2,2),(0.,0.762001524003),.PIECEWISE_BEZIER_KNOTS.);
#17477 = CARTESIAN_POINT('',(-12.83423007065,15.187432025853,0.));
#17478 = CARTESIAN_POINT('',(-5.199805997415,15.187432025853,0.));
#17479 = ORIENTED_EDGE('',*,*,#17480,.T.);
#17480 = EDGE_CURVE('',#17474,#17481,#17483,.T.);
#17481 = VERTEX_POINT('',#17482);
#17482 = CARTESIAN_POINT('',(-5.199805997415,15.187432025853,
    7.634424073241));
#17483 = B_SPLINE_CURVE_WITH_KNOTS('',1,(#17484,#17485),.UNSPECIFIED.,
  .F.,.F.,(2,2),(0.,0.762001524003),.PIECEWISE_BEZIER_KNOTS.);
#17484 = CARTESIAN_POINT('',(-5.199805997415,15.187432025853,0.));
#17485 = CARTESIAN_POINT('',(-5.199805997415,15.187432025853,
    7.634424073241));
#17486 = ORIENTED_EDGE('',*,*,#17487,.F.);
#17487 = EDGE_CURVE('',#17467,#17481,#17488,.T.);
#17488 = B_SPLINE_CURVE_WITH_KNOTS('',1,(#17489,#17490),.UNSPECIFIED.,
  .F.,.F.,(2,2),(0.,0.762001524003),.PIECEWISE_BEZIER_KNOTS.);
#17489 = CARTESIAN_POINT('',(-12.83423007065,15.187432025853,
    7.634424073241));
#17490 = CARTESIAN_POINT('',(-5.199805997415,15.187432025853,
    7.634424073241));
#17491 = B_SPLINE_SURFACE_WITH_KNOTS('',1,1,(
    (#17492,#17493)
    ,(#17494,#17495
    )),.UNSPECIFIED.,.F.,.F.,.F.,(2,2),(2,2),(0.,0.762001524003),(
    -0.762001524003,0.),.PIECEWISE_BEZIER_KNOTS.);
#17492 = CARTESIAN_POINT('',(-5.199805997415,15.187432025853,0.));
#17493 = CARTESIAN_POINT('',(-12.83423007065,15.187432025853,0.));
#17494 = CARTESIAN_POINT('',(-5.199805997415,15.187432025853,
    7.634424073241));
#17495 = CARTESIAN_POINT('',(-12.83423007065,15.187432025853,
    7.634424073241));
#17496 = ADVANCED_FACE('',(#17497),#17527,.T.);
#17497 = FACE_BOUND('',#17498,.T.);
#17498 = EDGE_LOOP('',(#17499,#17508,#17515,#17522));
#17499 = ORIENTED_EDGE('',*,*,#17500,.F.);
#17500 = EDGE_CURVE('',#17501,#17503,#17505,.T.);
#17501 = VERTEX_POINT('',#17502);
#17502 = CARTESIAN_POINT('',(-12.83423007065,7.553007952612,0.));
#17503 = VERTEX_POINT('',#17504);
#17504 = CARTESIAN_POINT('',(-12.83423007065,7.553007952612,
    7.634424073241));
#17505 = B_SPLINE_CURVE_WITH_KNOTS('',1,(#17506,#17507),.UNSPECIFIED.,
  .F.,.F.,(2,2),(0.,0.762001524003),.PIECEWISE_BEZIER_KNOTS.);
#17506 = CARTESIAN_POINT('',(-12.83423007065,7.553007952612,0.));
#17507 = CARTESIAN_POINT('',(-12.83423007065,7.553007952612,
    7.634424073241));
#17508 = ORIENTED_EDGE('',*,*,#17509,.T.);
#17509 = EDGE_CURVE('',#17501,#17510,#17512,.T.);
#17510 = VERTEX_POINT('',#17511);
#17511 = CARTESIAN_POINT('',(-5.199805997415,7.553007952612,0.));
#17512 = B_SPLINE_CURVE_WITH_KNOTS('',1,(#17513,#17514),.UNSPECIFIED.,
  .F.,.F.,(2,2),(0.,0.762001524003),.PIECEWISE_BEZIER_KNOTS.);
#17513 = CARTESIAN_POINT('',(-12.83423007065,7.553007952612,0.));
#17514 = CARTESIAN_POINT('',(-5.199805997415,7.553007952612,0.));
#17515 = ORIENTED_EDGE('',*,*,#17516,.T.);
#17516 = EDGE_CURVE('',#17510,#17517,#17519,.T.);
#17517 = VERTEX_POINT('',#17518);
#17518 = CARTESIAN_POINT('',(-5.199805997415,7.553007952612,
    7.634424073241));
#17519 = B_SPLINE_CURVE_WITH_KNOTS('',1,(#17520,#17521),.UNSPECIFIED.,
  .F.,.F.,(2,2),(0.,0.762001524003),.PIECEWISE_BEZIER_KNOTS.);
#17520 = CARTESIAN_POINT('',(-5.199805997415,7.553007952612,0.));
#17521 = CARTESIAN_POINT('',(-5.199805997415,7.553007952612,
    7.634424073241));
#17522 = ORIENTED_EDGE('',*,*,#17523,.F.);
#17523 = EDGE_CURVE('',#17503,#17517,#17524,.T.);
#17524 = B_SPLINE_CURVE_WITH_KNOTS('',1,(#17525,#17526),.UNSPECIFIED.,
  .F.,.F.,(2,2),(0.,0.762001524003),.PIECEWISE_BEZIER_KNOTS.);
#17525 = CARTESIAN_POINT('',(-12.83423007065,7.553007952612,
    7.634424073241));
#17526 = CARTESIAN_POINT('',(-5.199805997415,7.553007952612,
    7.634424073241));
#17527 = B_SPLINE_SURFACE_WITH_KNOTS('',1,1,(
    (#17528,#17529)
    ,(#17530,#17531
    )),.UNSPECIFIED.,.F.,.F.,.F.,(2,2),(2,2),(0.,0.762001524003),(
    -0.762001524003,0.),.PIECEWISE_BEZIER_KNOTS.);
#17528 = CARTESIAN_POINT('',(-5.199805997415,7.553007952612,0.));
#17529 = CARTESIAN_POINT('',(-12.83423007065,7.553007952612,0.));
#17530 = CARTESIAN_POINT('',(-5.199805997415,7.553007952612,
    7.634424073241));
#17531 = CARTESIAN_POINT('',(-12.83423007065,7.553007952612,
    7.634424073241));
#17532 = ADVANCED_FACE('',(#17533),#17547,.F.);
#17533 = FACE_BOUND('',#17534,.F.);
#17534 = EDGE_LOOP('',(#17535,#17540,#17541,#17546));
#17535 = ORIENTED_EDGE('',*,*,#17536,.F.);
#17536 = EDGE_CURVE('',#17465,#17501,#17537,.T.);
#17537 = B_SPLINE_CURVE_WITH_KNOTS('',1,(#17538,#17539),.UNSPECIFIED.,
  .F.,.F.,(2,2),(0.,0.762001524003),.PIECEWISE_BEZIER_KNOTS.);
#17538 = CARTESIAN_POINT('',(-12.83423007065,15.187432025853,0.));
#17539 = CARTESIAN_POINT('',(-12.83423007065,7.553007952612,0.));
#17540 = ORIENTED_EDGE('',*,*,#17464,.T.);
#17541 = ORIENTED_EDGE('',*,*,#17542,.T.);
#17542 = EDGE_CURVE('',#17467,#17503,#17543,.T.);
#17543 = B_SPLINE_CURVE_WITH_KNOTS('',1,(#17544,#17545),.UNSPECIFIED.,
  .F.,.F.,(2,2),(0.,0.762001524003),.PIECEWISE_BEZIER_KNOTS.);
#17544 = CARTESIAN_POINT('',(-12.83423007065,15.187432025853,
    7.634424073241));
#17545 = CARTESIAN_POINT('',(-12.83423007065,7.553007952612,
    7.634424073241));
#17546 = ORIENTED_EDGE('',*,*,#17500,.F.);
#17547 = B_SPLINE_SURFACE_WITH_KNOTS('',1,1,(
    (#17548,#17549)
    ,(#17550,#17551
    )),.UNSPECIFIED.,.F.,.F.,.F.,(2,2),(2,2),(0.,0.762001524003),(0.,
    0.762001524003),.PIECEWISE_BEZIER_KNOTS.);
#17548 = CARTESIAN_POINT('',(-12.83423007065,15.187432025853,0.));
#17549 = CARTESIAN_POINT('',(-12.83423007065,7.553007952612,0.));
#17550 = CARTESIAN_POINT('',(-12.83423007065,15.187432025853,
    7.634424073241));
#17551 = CARTESIAN_POINT('',(-12.83423007065,7.553007952612,
    7.634424073241));
#17552 = ADVANCED_FACE('',(#17553),#17567,.T.);
#17553 = FACE_BOUND('',#17554,.T.);
#17554 = EDGE_LOOP('',(#17555,#17560,#17561,#17566));
#17555 = ORIENTED_EDGE('',*,*,#17556,.F.);
#17556 = EDGE_CURVE('',#17474,#17510,#17557,.T.);
#17557 = B_SPLINE_CURVE_WITH_KNOTS('',1,(#17558,#17559),.UNSPECIFIED.,
  .F.,.F.,(2,2),(0.,0.762001524003),.PIECEWISE_BEZIER_KNOTS.);
#17558 = CARTESIAN_POINT('',(-5.199805997415,15.187432025853,0.));
#17559 = CARTESIAN_POINT('',(-5.199805997415,7.553007952612,0.));
#17560 = ORIENTED_EDGE('',*,*,#17480,.T.);
#17561 = ORIENTED_EDGE('',*,*,#17562,.T.);
#17562 = EDGE_CURVE('',#17481,#17517,#17563,.T.);
#17563 = B_SPLINE_CURVE_WITH_KNOTS('',1,(#17564,#17565),.UNSPECIFIED.,
  .F.,.F.,(2,2),(0.,0.762001524003),.PIECEWISE_BEZIER_KNOTS.);
#17564 = CARTESIAN_POINT('',(-5.199805997415,15.187432025853,
    7.634424073241));
#17565 = CARTESIAN_POINT('',(-5.199805997415,7.553007952612,
    7.634424073241));
#17566 = ORIENTED_EDGE('',*,*,#17516,.F.);
#17567 = B_SPLINE_SURFACE_WITH_KNOTS('',1,1,(
    (#17568,#17569)
    ,(#17570,#17571
    )),.UNSPECIFIED.,.F.,.F.,.F.,(2,2),(2,2),(0.,0.762001524003),(0.,
    0.762001524003),.PIECEWISE_BEZIER_KNOTS.);
#17568 = CARTESIAN_POINT('',(-5.199805997415,15.187432025853,0.));
#17569 = CARTESIAN_POINT('',(-5.199805997415,7.553007952612,0.));
#17570 = CARTESIAN_POINT('',(-5.199805997415,15.187432025853,
    7.634424073241));
#17571 = CARTESIAN_POINT('',(-5.199805997415,7.553007952612,
    7.634424073241));
#17572 = ADVANCED_FACE('',(#17573),#17579,.F.);
#17573 = FACE_BOUND('',#17574,.F.);
#17574 = EDGE_LOOP('',(#17575,#17576,#17577,#17578));
#17575 = ORIENTED_EDGE('',*,*,#17473,.F.);
#17576 = ORIENTED_EDGE('',*,*,#17536,.T.);
#17577 = ORIENTED_EDGE('',*,*,#17509,.T.);
#17578 = ORIENTED_EDGE('',*,*,#17556,.F.);
#17579 = B_SPLINE_SURFACE_WITH_KNOTS('',1,1,(
    (#17580,#17581)
    ,(#17582,#17583
    )),.UNSPECIFIED.,.F.,.F.,.F.,(2,2),(2,2),(0.,0.762001524003),(0.,
    0.762001524003),.PIECEWISE_BEZIER_KNOTS.);
#17580 = CARTESIAN_POINT('',(-12.83423007065,15.187432025853,0.));
#17581 = CARTESIAN_POINT('',(-5.199805997415,15.187432025853,0.));
#17582 = CARTESIAN_POINT('',(-12.83423007065,7.553007952612,0.));
#17583 = CARTESIAN_POINT('',(-5.199805997415,7.553007952612,0.));
#17584 = ADVANCED_FACE('',(#17585),#17591,.T.);
#17585 = FACE_BOUND('',#17586,.T.);
#17586 = EDGE_LOOP('',(#17587,#17588,#17589,#17590));
#17587 = ORIENTED_EDGE('',*,*,#17487,.F.);
#17588 = ORIENTED_EDGE('',*,*,#17542,.T.);
#17589 = ORIENTED_EDGE('',*,*,#17523,.T.);
#17590 = ORIENTED_EDGE('',*,*,#17562,.F.);
#17591 = B_SPLINE_SURFACE_WITH_KNOTS('',1,1,(
    (#17592,#17593)
    ,(#17594,#17595
    )),.UNSPECIFIED.,.F.,.F.,.F.,(2,2),(2,2),(0.,0.762001524003),(0.,
    0.762001524003),.PIECEWISE_BEZIER_KNOTS.);
#17592 = CARTESIAN_POINT('',(-12.83423007065,15.187432025853,
    7.634424073241));
#17593 = CARTESIAN_POINT('',(-5.199805997415,15.187432025853,
    7.634424073241));
#17594 = CARTESIAN_POINT('',(-12.83423007065,7.553007952612,
    7.634424073241));
#17595 = CARTESIAN_POINT('',(-5.199805997415,7.553007952612,
    7.634424073241));
#17596 = ( GEOMETRIC_REPRESENTATION_CONTEXT(3) 
GLOBAL_UNCERTAINTY_ASSIGNED_CONTEXT((#17600)) 
GLOBAL_UNIT_ASSIGNED_CONTEXT((#17597,#17598,#17599)) 
REPRESENTATION_CONTEXT('Context #1',
  '3D Context with UNIT and UNCERTAINTY') );
#17597 = ( LENGTH_UNIT() NAMED_UNIT(*) SI_UNIT(.MILLI.,.METRE.) );
#17598 = ( NAMED_UNIT(*) PLANE_ANGLE_UNIT() SI_UNIT($,.RADIAN.) );
#17599 = ( NAMED_UNIT(*) SI_UNIT($,.STERADIAN.) SOLID_ANGLE_UNIT() );
#17600 = UNCERTAINTY_MEASURE_WITH_UNIT(LENGTH_MEASURE(1.E-06),#17597,
  'distance_accuracy_value','confusion accuracy');
#17601 = CONTEXT_DEPENDENT_SHAPE_REPRESENTATION(#17602,#17604);
#17602 = ( REPRESENTATION_RELATIONSHIP('','',#17457,#17434) 
REPRESENTATION_RELATIONSHIP_WITH_TRANSFORMATION(#17603) 
SHAPE_REPRESENTATION_RELATIONSHIP() );
#17603 = ITEM_DEFINED_TRANSFORMATION('','',#11,#17435);
#17604 = PRODUCT_DEFINITION_SHAPE('Placement','Placement of an item',
  #17605);
#17605 = NEXT_ASSEMBLY_USAGE_OCCURRENCE('8','=>[0:1:1:9]','',#17429,
  #17452,$);
#17606 = PRODUCT_RELATED_PRODUCT_CATEGORY('part',$,(#17454));
#17607 = SHAPE_DEFINITION_REPRESENTATION(#17608,#17614);
#17608 = PRODUCT_DEFINITION_SHAPE('','',#17609);
#17609 = PRODUCT_DEFINITION('design','',#17610,#17613);
#17610 = PRODUCT_DEFINITION_FORMATION('','',#17611);
#17611 = PRODUCT('BZ1~BUZZER_BEEPER:BUZZER_9X4MM~buzzer~TWu6',
  'BZ1~BUZZER_BEEPER:BUZZER_9X4MM~buzzer~TWu6','',(#17612));
#17612 = PRODUCT_CONTEXT('',#2,'mechanical');
#17613 = PRODUCT_DEFINITION_CONTEXT('part definition',#2,'design');
#17614 = SHAPE_REPRESENTATION('',(#11,#17615),#17619);
#17615 = AXIS2_PLACEMENT_3D('',#17616,#17617,#17618);
#17616 = CARTESIAN_POINT('',(0.,0.,0.));
#17617 = DIRECTION('',(0.,0.,1.));
#17618 = DIRECTION('',(1.,0.,-0.));
#17619 = ( GEOMETRIC_REPRESENTATION_CONTEXT(3) 
GLOBAL_UNCERTAINTY_ASSIGNED_CONTEXT((#17623)) 
GLOBAL_UNIT_ASSIGNED_CONTEXT((#17620,#17621,#17622)) 
REPRESENTATION_CONTEXT('Context #1',
  '3D Context with UNIT and UNCERTAINTY') );
#17620 = ( LENGTH_UNIT() NAMED_UNIT(*) SI_UNIT(.MILLI.,.METRE.) );
#17621 = ( NAMED_UNIT(*) PLANE_ANGLE_UNIT() SI_UNIT($,.RADIAN.) );
#17622 = ( NAMED_UNIT(*) SI_UNIT($,.STERADIAN.) SOLID_ANGLE_UNIT() );
#17623 = UNCERTAINTY_MEASURE_WITH_UNIT(LENGTH_MEASURE(1.E-04),#17620,
  'distance_accuracy_value','confusion accuracy');
#17624 = CONTEXT_DEPENDENT_SHAPE_REPRESENTATION(#17625,#17627);
#17625 = ( REPRESENTATION_RELATIONSHIP('','',#17614,#10) 
REPRESENTATION_RELATIONSHIP_WITH_TRANSFORMATION(#17626) 
SHAPE_REPRESENTATION_RELATIONSHIP() );
#17626 = ITEM_DEFINED_TRANSFORMATION('','',#11,#47);
#17627 = PRODUCT_DEFINITION_SHAPE('Placement','Placement of an item',
  #17628);
#17628 = NEXT_ASSEMBLY_USAGE_OCCURRENCE('11','=>[0:1:1:12]','',#5,#17609
  ,$);
#17629 = PRODUCT_RELATED_PRODUCT_CATEGORY('part',$,(#17611));
#17630 = SHAPE_DEFINITION_REPRESENTATION(#17631,#17637);
#17631 = PRODUCT_DEFINITION_SHAPE('','',#17632);
#17632 = PRODUCT_DEFINITION('design','',#17633,#17636);
#17633 = PRODUCT_DEFINITION_FORMATION('','',#17634);
#17634 = PRODUCT('BUZZER_BEEPER:BUZZER_9X4MM~buzzer~TWu6',
  'BUZZER_BEEPER:BUZZER_9X4MM~buzzer~TWu6','',(#17635));
#17635 = PRODUCT_CONTEXT('',#2,'mechanical');
#17636 = PRODUCT_DEFINITION_CONTEXT('part definition',#2,'design');
#17637 = ADVANCED_BREP_SHAPE_REPRESENTATION('',(#11,#17638),#17776);
#17638 = MANIFOLD_SOLID_BREP('',#17639);
#17639 = CLOSED_SHELL('',(#17640,#17676,#17712,#17732,#17752,#17764));
#17640 = ADVANCED_FACE('',(#17641),#17671,.F.);
#17641 = FACE_BOUND('',#17642,.F.);
#17642 = EDGE_LOOP('',(#17643,#17652,#17659,#17666));
#17643 = ORIENTED_EDGE('',*,*,#17644,.F.);
#17644 = EDGE_CURVE('',#17645,#17647,#17649,.T.);
#17645 = VERTEX_POINT('',#17646);
#17646 = CARTESIAN_POINT('',(-306.8806814953,-0.149785588551,
    -310.5806814953));
#17647 = VERTEX_POINT('',#17648);
#17648 = CARTESIAN_POINT('',(-306.8806814953,-621.3111485791,
    -310.5806814953));
#17649 = B_SPLINE_CURVE_WITH_KNOTS('',1,(#17650,#17651),.UNSPECIFIED.,
  .F.,.F.,(2,2),(0.,0.762001524003),.PIECEWISE_BEZIER_KNOTS.);
#17650 = CARTESIAN_POINT('',(-306.8806814953,-0.149785588551,
    -310.5806814953));
#17651 = CARTESIAN_POINT('',(-306.8806814953,-621.3111485791,
    -310.5806814953));
#17652 = ORIENTED_EDGE('',*,*,#17653,.T.);
#17653 = EDGE_CURVE('',#17645,#17654,#17656,.T.);
#17654 = VERTEX_POINT('',#17655);
#17655 = CARTESIAN_POINT('',(-306.8806814953,-0.149785588551,
    310.5806814953));
#17656 = B_SPLINE_CURVE_WITH_KNOTS('',1,(#17657,#17658),.UNSPECIFIED.,
  .F.,.F.,(2,2),(0.,0.762001524003),.PIECEWISE_BEZIER_KNOTS.);
#17657 = CARTESIAN_POINT('',(-306.8806814953,-0.149785588551,
    -310.5806814953));
#17658 = CARTESIAN_POINT('',(-306.8806814953,-0.149785588551,
    310.5806814953));
#17659 = ORIENTED_EDGE('',*,*,#17660,.T.);
#17660 = EDGE_CURVE('',#17654,#17661,#17663,.T.);
#17661 = VERTEX_POINT('',#17662);
#17662 = CARTESIAN_POINT('',(-306.8806814953,-621.3111485791,
    310.5806814953));
#17663 = B_SPLINE_CURVE_WITH_KNOTS('',1,(#17664,#17665),.UNSPECIFIED.,
  .F.,.F.,(2,2),(0.,0.762001524003),.PIECEWISE_BEZIER_KNOTS.);
#17664 = CARTESIAN_POINT('',(-306.8806814953,-0.149785588551,
    310.5806814953));
#17665 = CARTESIAN_POINT('',(-306.8806814953,-621.3111485791,
    310.5806814953));
#17666 = ORIENTED_EDGE('',*,*,#17667,.F.);
#17667 = EDGE_CURVE('',#17647,#17661,#17668,.T.);
#17668 = B_SPLINE_CURVE_WITH_KNOTS('',1,(#17669,#17670),.UNSPECIFIED.,
  .F.,.F.,(2,2),(0.,0.762001524003),.PIECEWISE_BEZIER_KNOTS.);
#17669 = CARTESIAN_POINT('',(-306.8806814953,-621.3111485791,
    -310.5806814953));
#17670 = CARTESIAN_POINT('',(-306.8806814953,-621.3111485791,
    310.5806814953));
#17671 = B_SPLINE_SURFACE_WITH_KNOTS('',1,1,(
    (#17672,#17673)
    ,(#17674,#17675
    )),.UNSPECIFIED.,.F.,.F.,.F.,(2,2),(2,2),(0.,0.762001524003),(
    -0.762001524003,0.),.PIECEWISE_BEZIER_KNOTS.);
#17672 = CARTESIAN_POINT('',(-306.8806814953,-0.149785588551,
    310.5806814953));
#17673 = CARTESIAN_POINT('',(-306.8806814953,-0.149785588551,
    -310.5806814953));
#17674 = CARTESIAN_POINT('',(-306.8806814953,-621.3111485791,
    310.5806814953));
#17675 = CARTESIAN_POINT('',(-306.8806814953,-621.3111485791,
    -310.5806814953));
#17676 = ADVANCED_FACE('',(#17677),#17707,.T.);
#17677 = FACE_BOUND('',#17678,.T.);
#17678 = EDGE_LOOP('',(#17679,#17688,#17695,#17702));
#17679 = ORIENTED_EDGE('',*,*,#17680,.F.);
#17680 = EDGE_CURVE('',#17681,#17683,#17685,.T.);
#17681 = VERTEX_POINT('',#17682);
#17682 = CARTESIAN_POINT('',(314.2806814953,-0.149785588551,
    -310.5806814953));
#17683 = VERTEX_POINT('',#17684);
#17684 = CARTESIAN_POINT('',(314.2806814953,-621.3111485791,
    -310.5806814953));
#17685 = B_SPLINE_CURVE_WITH_KNOTS('',1,(#17686,#17687),.UNSPECIFIED.,
  .F.,.F.,(2,2),(0.,0.762001524003),.PIECEWISE_BEZIER_KNOTS.);
#17686 = CARTESIAN_POINT('',(314.2806814953,-0.149785588551,
    -310.5806814953));
#17687 = CARTESIAN_POINT('',(314.2806814953,-621.3111485791,
    -310.5806814953));
#17688 = ORIENTED_EDGE('',*,*,#17689,.T.);
#17689 = EDGE_CURVE('',#17681,#17690,#17692,.T.);
#17690 = VERTEX_POINT('',#17691);
#17691 = CARTESIAN_POINT('',(314.2806814953,-0.149785588551,
    310.5806814953));
#17692 = B_SPLINE_CURVE_WITH_KNOTS('',1,(#17693,#17694),.UNSPECIFIED.,
  .F.,.F.,(2,2),(0.,0.762001524003),.PIECEWISE_BEZIER_KNOTS.);
#17693 = CARTESIAN_POINT('',(314.2806814953,-0.149785588551,
    -310.5806814953));
#17694 = CARTESIAN_POINT('',(314.2806814953,-0.149785588551,
    310.5806814953));
#17695 = ORIENTED_EDGE('',*,*,#17696,.T.);
#17696 = EDGE_CURVE('',#17690,#17697,#17699,.T.);
#17697 = VERTEX_POINT('',#17698);
#17698 = CARTESIAN_POINT('',(314.2806814953,-621.3111485791,
    310.5806814953));
#17699 = B_SPLINE_CURVE_WITH_KNOTS('',1,(#17700,#17701),.UNSPECIFIED.,
  .F.,.F.,(2,2),(0.,0.762001524003),.PIECEWISE_BEZIER_KNOTS.);
#17700 = CARTESIAN_POINT('',(314.2806814953,-0.149785588551,
    310.5806814953));
#17701 = CARTESIAN_POINT('',(314.2806814953,-621.3111485791,
    310.5806814953));
#17702 = ORIENTED_EDGE('',*,*,#17703,.F.);
#17703 = EDGE_CURVE('',#17683,#17697,#17704,.T.);
#17704 = B_SPLINE_CURVE_WITH_KNOTS('',1,(#17705,#17706),.UNSPECIFIED.,
  .F.,.F.,(2,2),(0.,0.762001524003),.PIECEWISE_BEZIER_KNOTS.);
#17705 = CARTESIAN_POINT('',(314.2806814953,-621.3111485791,
    -310.5806814953));
#17706 = CARTESIAN_POINT('',(314.2806814953,-621.3111485791,
    310.5806814953));
#17707 = B_SPLINE_SURFACE_WITH_KNOTS('',1,1,(
    (#17708,#17709)
    ,(#17710,#17711
    )),.UNSPECIFIED.,.F.,.F.,.F.,(2,2),(2,2),(0.,0.762001524003),(
    -0.762001524003,0.),.PIECEWISE_BEZIER_KNOTS.);
#17708 = CARTESIAN_POINT('',(314.2806814953,-0.149785588551,
    310.5806814953));
#17709 = CARTESIAN_POINT('',(314.2806814953,-0.149785588551,
    -310.5806814953));
#17710 = CARTESIAN_POINT('',(314.2806814953,-621.3111485791,
    310.5806814953));
#17711 = CARTESIAN_POINT('',(314.2806814953,-621.3111485791,
    -310.5806814953));
#17712 = ADVANCED_FACE('',(#17713),#17727,.F.);
#17713 = FACE_BOUND('',#17714,.F.);
#17714 = EDGE_LOOP('',(#17715,#17720,#17721,#17726));
#17715 = ORIENTED_EDGE('',*,*,#17716,.F.);
#17716 = EDGE_CURVE('',#17645,#17681,#17717,.T.);
#17717 = B_SPLINE_CURVE_WITH_KNOTS('',1,(#17718,#17719),.UNSPECIFIED.,
  .F.,.F.,(2,2),(0.,0.762001524003),.PIECEWISE_BEZIER_KNOTS.);
#17718 = CARTESIAN_POINT('',(-306.8806814953,-0.149785588551,
    -310.5806814953));
#17719 = CARTESIAN_POINT('',(314.2806814953,-0.149785588551,
    -310.5806814953));
#17720 = ORIENTED_EDGE('',*,*,#17644,.T.);
#17721 = ORIENTED_EDGE('',*,*,#17722,.T.);
#17722 = EDGE_CURVE('',#17647,#17683,#17723,.T.);
#17723 = B_SPLINE_CURVE_WITH_KNOTS('',1,(#17724,#17725),.UNSPECIFIED.,
  .F.,.F.,(2,2),(0.,0.762001524003),.PIECEWISE_BEZIER_KNOTS.);
#17724 = CARTESIAN_POINT('',(-306.8806814953,-621.3111485791,
    -310.5806814953));
#17725 = CARTESIAN_POINT('',(314.2806814953,-621.3111485791,
    -310.5806814953));
#17726 = ORIENTED_EDGE('',*,*,#17680,.F.);
#17727 = B_SPLINE_SURFACE_WITH_KNOTS('',1,1,(
    (#17728,#17729)
    ,(#17730,#17731
    )),.UNSPECIFIED.,.F.,.F.,.F.,(2,2),(2,2),(0.,0.762001524003),(0.,
    0.762001524003),.PIECEWISE_BEZIER_KNOTS.);
#17728 = CARTESIAN_POINT('',(-306.8806814953,-0.149785588551,
    -310.5806814953));
#17729 = CARTESIAN_POINT('',(314.2806814953,-0.149785588551,
    -310.5806814953));
#17730 = CARTESIAN_POINT('',(-306.8806814953,-621.3111485791,
    -310.5806814953));
#17731 = CARTESIAN_POINT('',(314.2806814953,-621.3111485791,
    -310.5806814953));
#17732 = ADVANCED_FACE('',(#17733),#17747,.T.);
#17733 = FACE_BOUND('',#17734,.T.);
#17734 = EDGE_LOOP('',(#17735,#17740,#17741,#17746));
#17735 = ORIENTED_EDGE('',*,*,#17736,.F.);
#17736 = EDGE_CURVE('',#17654,#17690,#17737,.T.);
#17737 = B_SPLINE_CURVE_WITH_KNOTS('',1,(#17738,#17739),.UNSPECIFIED.,
  .F.,.F.,(2,2),(0.,0.762001524003),.PIECEWISE_BEZIER_KNOTS.);
#17738 = CARTESIAN_POINT('',(-306.8806814953,-0.149785588551,
    310.5806814953));
#17739 = CARTESIAN_POINT('',(314.2806814953,-0.149785588551,
    310.5806814953));
#17740 = ORIENTED_EDGE('',*,*,#17660,.T.);
#17741 = ORIENTED_EDGE('',*,*,#17742,.T.);
#17742 = EDGE_CURVE('',#17661,#17697,#17743,.T.);
#17743 = B_SPLINE_CURVE_WITH_KNOTS('',1,(#17744,#17745),.UNSPECIFIED.,
  .F.,.F.,(2,2),(0.,0.762001524003),.PIECEWISE_BEZIER_KNOTS.);
#17744 = CARTESIAN_POINT('',(-306.8806814953,-621.3111485791,
    310.5806814953));
#17745 = CARTESIAN_POINT('',(314.2806814953,-621.3111485791,
    310.5806814953));
#17746 = ORIENTED_EDGE('',*,*,#17696,.F.);
#17747 = B_SPLINE_SURFACE_WITH_KNOTS('',1,1,(
    (#17748,#17749)
    ,(#17750,#17751
    )),.UNSPECIFIED.,.F.,.F.,.F.,(2,2),(2,2),(0.,0.762001524003),(0.,
    0.762001524003),.PIECEWISE_BEZIER_KNOTS.);
#17748 = CARTESIAN_POINT('',(-306.8806814953,-0.149785588551,
    310.5806814953));
#17749 = CARTESIAN_POINT('',(314.2806814953,-0.149785588551,
    310.5806814953));
#17750 = CARTESIAN_POINT('',(-306.8806814953,-621.3111485791,
    310.5806814953));
#17751 = CARTESIAN_POINT('',(314.2806814953,-621.3111485791,
    310.5806814953));
#17752 = ADVANCED_FACE('',(#17753),#17759,.F.);
#17753 = FACE_BOUND('',#17754,.F.);
#17754 = EDGE_LOOP('',(#17755,#17756,#17757,#17758));
#17755 = ORIENTED_EDGE('',*,*,#17653,.F.);
#17756 = ORIENTED_EDGE('',*,*,#17716,.T.);
#17757 = ORIENTED_EDGE('',*,*,#17689,.T.);
#17758 = ORIENTED_EDGE('',*,*,#17736,.F.);
#17759 = B_SPLINE_SURFACE_WITH_KNOTS('',1,1,(
    (#17760,#17761)
    ,(#17762,#17763
    )),.UNSPECIFIED.,.F.,.F.,.F.,(2,2),(2,2),(0.,0.762001524003),(0.,
    0.762001524003),.PIECEWISE_BEZIER_KNOTS.);
#17760 = CARTESIAN_POINT('',(-306.8806814953,-0.149785588551,
    -310.5806814953));
#17761 = CARTESIAN_POINT('',(-306.8806814953,-0.149785588551,
    310.5806814953));
#17762 = CARTESIAN_POINT('',(314.2806814953,-0.149785588551,
    -310.5806814953));
#17763 = CARTESIAN_POINT('',(314.2806814953,-0.149785588551,
    310.5806814953));
#17764 = ADVANCED_FACE('',(#17765),#17771,.T.);
#17765 = FACE_BOUND('',#17766,.T.);
#17766 = EDGE_LOOP('',(#17767,#17768,#17769,#17770));
#17767 = ORIENTED_EDGE('',*,*,#17667,.F.);
#17768 = ORIENTED_EDGE('',*,*,#17722,.T.);
#17769 = ORIENTED_EDGE('',*,*,#17703,.T.);
#17770 = ORIENTED_EDGE('',*,*,#17742,.F.);
#17771 = B_SPLINE_SURFACE_WITH_KNOTS('',1,1,(
    (#17772,#17773)
    ,(#17774,#17775
    )),.UNSPECIFIED.,.F.,.F.,.F.,(2,2),(2,2),(0.,0.762001524003),(0.,
    0.762001524003),.PIECEWISE_BEZIER_KNOTS.);
#17772 = CARTESIAN_POINT('',(-306.8806814953,-621.3111485791,
    -310.5806814953));
#17773 = CARTESIAN_POINT('',(-306.8806814953,-621.3111485791,
    310.5806814953));
#17774 = CARTESIAN_POINT('',(314.2806814953,-621.3111485791,
    -310.5806814953));
#17775 = CARTESIAN_POINT('',(314.2806814953,-621.3111485791,
    310.5806814953));
#17776 = ( GEOMETRIC_REPRESENTATION_CONTEXT(3) 
GLOBAL_UNCERTAINTY_ASSIGNED_CONTEXT((#17780)) 
GLOBAL_UNIT_ASSIGNED_CONTEXT((#17777,#17778,#17779)) 
REPRESENTATION_CONTEXT('Context #1',
  '3D Context with UNIT and UNCERTAINTY') );
#17777 = ( LENGTH_UNIT() NAMED_UNIT(*) SI_UNIT(.MILLI.,.METRE.) );
#17778 = ( NAMED_UNIT(*) PLANE_ANGLE_UNIT() SI_UNIT($,.RADIAN.) );
#17779 = ( NAMED_UNIT(*) SI_UNIT($,.STERADIAN.) SOLID_ANGLE_UNIT() );
#17780 = UNCERTAINTY_MEASURE_WITH_UNIT(LENGTH_MEASURE(1.E-04),#17777,
  'distance_accuracy_value','confusion accuracy');
#17781 = CONTEXT_DEPENDENT_SHAPE_REPRESENTATION(#17782,#17784);
#17782 = ( REPRESENTATION_RELATIONSHIP('','',#17637,#17614) 
REPRESENTATION_RELATIONSHIP_WITH_TRANSFORMATION(#17783) 
SHAPE_REPRESENTATION_RELATIONSHIP() );
#17783 = ITEM_DEFINED_TRANSFORMATION('','',#11,#17615);
#17784 = PRODUCT_DEFINITION_SHAPE('Placement','Placement of an item',
  #17785);
#17785 = NEXT_ASSEMBLY_USAGE_OCCURRENCE('10','=>[0:1:1:11]','',#17609,
  #17632,$);
#17786 = PRODUCT_RELATED_PRODUCT_CATEGORY('part',$,(#17634));
#17787 = MECHANICAL_DESIGN_GEOMETRIC_PRESENTATION_REPRESENTATION('',(
    #17788),#17378);
#17788 = STYLED_ITEM('color',(#17789),#17268);
#17789 = PRESENTATION_STYLE_ASSIGNMENT((#17790));
#17790 = SURFACE_STYLE_USAGE(.BOTH.,#17791);
#17791 = SURFACE_SIDE_STYLE('',(#17792));
#17792 = SURFACE_STYLE_FILL_AREA(#17793);
#17793 = FILL_AREA_STYLE('',(#17794));
#17794 = FILL_AREA_STYLE_COLOUR('',#17795);
#17795 = DRAUGHTING_PRE_DEFINED_COLOUR('white');
#17796 = MECHANICAL_DESIGN_GEOMETRIC_PRESENTATION_REPRESENTATION('',(
    #17797,#17807,#17815,#17822,#17829,#17836,#17843,#17850,#17857,
    #17864,#17871,#17878,#17885,#17892,#17899,#17906,#17913,#17920,
    #17927,#17934,#17941,#17948,#17955,#17962,#17969,#17976,#17983,
    #17990,#17997,#18004,#18011,#18018,#18025,#18032,#18039,#18046,
    #18053,#18060,#18067,#18074,#18081,#18088,#18095,#18102,#18109,
    #18116,#18123,#18130,#18137,#18144,#18151,#18158,#18165,#18172,
    #18179,#18186,#18193,#18200,#18207,#18214,#18221,#18228,#18235,
    #18242,#18249,#18256,#18263,#18270,#18277,#18284,#18291,#18298,
    #18305,#18312,#18319,#18326,#18333,#18340,#18347,#18354,#18361),
  #3027);
#17797 = STYLED_ITEM('color',(#17798),#65);
#17798 = PRESENTATION_STYLE_ASSIGNMENT((#17799,#17805));
#17799 = SURFACE_STYLE_USAGE(.BOTH.,#17800);
#17800 = SURFACE_SIDE_STYLE('',(#17801));
#17801 = SURFACE_STYLE_FILL_AREA(#17802);
#17802 = FILL_AREA_STYLE('',(#17803));
#17803 = FILL_AREA_STYLE_COLOUR('',#17804);
#17804 = COLOUR_RGB('',0.,0.377508427907,0.578582128266);
#17805 = CURVE_STYLE('',#17806,POSITIVE_LENGTH_MEASURE(0.1),#17804);
#17806 = DRAUGHTING_PRE_DEFINED_CURVE_FONT('continuous');
#17807 = OVER_RIDING_STYLED_ITEM('overriding color',(#17808),#67,#17797
  );
#17808 = PRESENTATION_STYLE_ASSIGNMENT((#17809));
#17809 = SURFACE_STYLE_USAGE(.BOTH.,#17810);
#17810 = SURFACE_SIDE_STYLE('',(#17811));
#17811 = SURFACE_STYLE_FILL_AREA(#17812);
#17812 = FILL_AREA_STYLE('',(#17813));
#17813 = FILL_AREA_STYLE_COLOUR('',#17814);
#17814 = COLOUR_RGB('',0.937179583391,0.9357410338,0.649182888601);
#17815 = OVER_RIDING_STYLED_ITEM('overriding color',(#17816),#107,#17797
  );
#17816 = PRESENTATION_STYLE_ASSIGNMENT((#17817));
#17817 = SURFACE_STYLE_USAGE(.BOTH.,#17818);
#17818 = SURFACE_SIDE_STYLE('',(#17819));
#17819 = SURFACE_STYLE_FILL_AREA(#17820);
#17820 = FILL_AREA_STYLE('',(#17821));
#17821 = FILL_AREA_STYLE_COLOUR('',#17814);
#17822 = OVER_RIDING_STYLED_ITEM('overriding color',(#17823),#138,#17797
  );
#17823 = PRESENTATION_STYLE_ASSIGNMENT((#17824));
#17824 = SURFACE_STYLE_USAGE(.BOTH.,#17825);
#17825 = SURFACE_SIDE_STYLE('',(#17826));
#17826 = SURFACE_STYLE_FILL_AREA(#17827);
#17827 = FILL_AREA_STYLE('',(#17828));
#17828 = FILL_AREA_STYLE_COLOUR('',#17814);
#17829 = OVER_RIDING_STYLED_ITEM('overriding color',(#17830),#169,#17797
  );
#17830 = PRESENTATION_STYLE_ASSIGNMENT((#17831));
#17831 = SURFACE_STYLE_USAGE(.BOTH.,#17832);
#17832 = SURFACE_SIDE_STYLE('',(#17833));
#17833 = SURFACE_STYLE_FILL_AREA(#17834);
#17834 = FILL_AREA_STYLE('',(#17835));
#17835 = FILL_AREA_STYLE_COLOUR('',#17814);
#17836 = OVER_RIDING_STYLED_ITEM('overriding color',(#17837),#191,#17797
  );
#17837 = PRESENTATION_STYLE_ASSIGNMENT((#17838));
#17838 = SURFACE_STYLE_USAGE(.BOTH.,#17839);
#17839 = SURFACE_SIDE_STYLE('',(#17840));
#17840 = SURFACE_STYLE_FILL_AREA(#17841);
#17841 = FILL_AREA_STYLE('',(#17842));
#17842 = FILL_AREA_STYLE_COLOUR('',#17814);
#17843 = OVER_RIDING_STYLED_ITEM('overriding color',(#17844),#233,#17797
  );
#17844 = PRESENTATION_STYLE_ASSIGNMENT((#17845));
#17845 = SURFACE_STYLE_USAGE(.BOTH.,#17846);
#17846 = SURFACE_SIDE_STYLE('',(#17847));
#17847 = SURFACE_STYLE_FILL_AREA(#17848);
#17848 = FILL_AREA_STYLE('',(#17849));
#17849 = FILL_AREA_STYLE_COLOUR('',#17814);
#17850 = OVER_RIDING_STYLED_ITEM('overriding color',(#17851),#257,#17797
  );
#17851 = PRESENTATION_STYLE_ASSIGNMENT((#17852));
#17852 = SURFACE_STYLE_USAGE(.BOTH.,#17853);
#17853 = SURFACE_SIDE_STYLE('',(#17854));
#17854 = SURFACE_STYLE_FILL_AREA(#17855);
#17855 = FILL_AREA_STYLE('',(#17856));
#17856 = FILL_AREA_STYLE_COLOUR('',#17814);
#17857 = OVER_RIDING_STYLED_ITEM('overriding color',(#17858),#299,#17797
  );
#17858 = PRESENTATION_STYLE_ASSIGNMENT((#17859));
#17859 = SURFACE_STYLE_USAGE(.BOTH.,#17860);
#17860 = SURFACE_SIDE_STYLE('',(#17861));
#17861 = SURFACE_STYLE_FILL_AREA(#17862);
#17862 = FILL_AREA_STYLE('',(#17863));
#17863 = FILL_AREA_STYLE_COLOUR('',#17814);
#17864 = OVER_RIDING_STYLED_ITEM('overriding color',(#17865),#323,#17797
  );
#17865 = PRESENTATION_STYLE_ASSIGNMENT((#17866));
#17866 = SURFACE_STYLE_USAGE(.BOTH.,#17867);
#17867 = SURFACE_SIDE_STYLE('',(#17868));
#17868 = SURFACE_STYLE_FILL_AREA(#17869);
#17869 = FILL_AREA_STYLE('',(#17870));
#17870 = FILL_AREA_STYLE_COLOUR('',#17814);
#17871 = OVER_RIDING_STYLED_ITEM('overriding color',(#17872),#365,#17797
  );
#17872 = PRESENTATION_STYLE_ASSIGNMENT((#17873));
#17873 = SURFACE_STYLE_USAGE(.BOTH.,#17874);
#17874 = SURFACE_SIDE_STYLE('',(#17875));
#17875 = SURFACE_STYLE_FILL_AREA(#17876);
#17876 = FILL_AREA_STYLE('',(#17877));
#17877 = FILL_AREA_STYLE_COLOUR('',#17814);
#17878 = OVER_RIDING_STYLED_ITEM('overriding color',(#17879),#389,#17797
  );
#17879 = PRESENTATION_STYLE_ASSIGNMENT((#17880));
#17880 = SURFACE_STYLE_USAGE(.BOTH.,#17881);
#17881 = SURFACE_SIDE_STYLE('',(#17882));
#17882 = SURFACE_STYLE_FILL_AREA(#17883);
#17883 = FILL_AREA_STYLE('',(#17884));
#17884 = FILL_AREA_STYLE_COLOUR('',#17814);
#17885 = OVER_RIDING_STYLED_ITEM('overriding color',(#17886),#431,#17797
  );
#17886 = PRESENTATION_STYLE_ASSIGNMENT((#17887));
#17887 = SURFACE_STYLE_USAGE(.BOTH.,#17888);
#17888 = SURFACE_SIDE_STYLE('',(#17889));
#17889 = SURFACE_STYLE_FILL_AREA(#17890);
#17890 = FILL_AREA_STYLE('',(#17891));
#17891 = FILL_AREA_STYLE_COLOUR('',#17814);
#17892 = OVER_RIDING_STYLED_ITEM('overriding color',(#17893),#455,#17797
  );
#17893 = PRESENTATION_STYLE_ASSIGNMENT((#17894));
#17894 = SURFACE_STYLE_USAGE(.BOTH.,#17895);
#17895 = SURFACE_SIDE_STYLE('',(#17896));
#17896 = SURFACE_STYLE_FILL_AREA(#17897);
#17897 = FILL_AREA_STYLE('',(#17898));
#17898 = FILL_AREA_STYLE_COLOUR('',#17814);
#17899 = OVER_RIDING_STYLED_ITEM('overriding color',(#17900),#497,#17797
  );
#17900 = PRESENTATION_STYLE_ASSIGNMENT((#17901));
#17901 = SURFACE_STYLE_USAGE(.BOTH.,#17902);
#17902 = SURFACE_SIDE_STYLE('',(#17903));
#17903 = SURFACE_STYLE_FILL_AREA(#17904);
#17904 = FILL_AREA_STYLE('',(#17905));
#17905 = FILL_AREA_STYLE_COLOUR('',#17814);
#17906 = OVER_RIDING_STYLED_ITEM('overriding color',(#17907),#521,#17797
  );
#17907 = PRESENTATION_STYLE_ASSIGNMENT((#17908));
#17908 = SURFACE_STYLE_USAGE(.BOTH.,#17909);
#17909 = SURFACE_SIDE_STYLE('',(#17910));
#17910 = SURFACE_STYLE_FILL_AREA(#17911);
#17911 = FILL_AREA_STYLE('',(#17912));
#17912 = FILL_AREA_STYLE_COLOUR('',#17814);
#17913 = OVER_RIDING_STYLED_ITEM('overriding color',(#17914),#563,#17797
  );
#17914 = PRESENTATION_STYLE_ASSIGNMENT((#17915));
#17915 = SURFACE_STYLE_USAGE(.BOTH.,#17916);
#17916 = SURFACE_SIDE_STYLE('',(#17917));
#17917 = SURFACE_STYLE_FILL_AREA(#17918);
#17918 = FILL_AREA_STYLE('',(#17919));
#17919 = FILL_AREA_STYLE_COLOUR('',#17814);
#17920 = OVER_RIDING_STYLED_ITEM('overriding color',(#17921),#587,#17797
  );
#17921 = PRESENTATION_STYLE_ASSIGNMENT((#17922));
#17922 = SURFACE_STYLE_USAGE(.BOTH.,#17923);
#17923 = SURFACE_SIDE_STYLE('',(#17924));
#17924 = SURFACE_STYLE_FILL_AREA(#17925);
#17925 = FILL_AREA_STYLE('',(#17926));
#17926 = FILL_AREA_STYLE_COLOUR('',#17814);
#17927 = OVER_RIDING_STYLED_ITEM('overriding color',(#17928),#629,#17797
  );
#17928 = PRESENTATION_STYLE_ASSIGNMENT((#17929));
#17929 = SURFACE_STYLE_USAGE(.BOTH.,#17930);
#17930 = SURFACE_SIDE_STYLE('',(#17931));
#17931 = SURFACE_STYLE_FILL_AREA(#17932);
#17932 = FILL_AREA_STYLE('',(#17933));
#17933 = FILL_AREA_STYLE_COLOUR('',#17814);
#17934 = OVER_RIDING_STYLED_ITEM('overriding color',(#17935),#653,#17797
  );
#17935 = PRESENTATION_STYLE_ASSIGNMENT((#17936));
#17936 = SURFACE_STYLE_USAGE(.BOTH.,#17937);
#17937 = SURFACE_SIDE_STYLE('',(#17938));
#17938 = SURFACE_STYLE_FILL_AREA(#17939);
#17939 = FILL_AREA_STYLE('',(#17940));
#17940 = FILL_AREA_STYLE_COLOUR('',#17814);
#17941 = OVER_RIDING_STYLED_ITEM('overriding color',(#17942),#695,#17797
  );
#17942 = PRESENTATION_STYLE_ASSIGNMENT((#17943));
#17943 = SURFACE_STYLE_USAGE(.BOTH.,#17944);
#17944 = SURFACE_SIDE_STYLE('',(#17945));
#17945 = SURFACE_STYLE_FILL_AREA(#17946);
#17946 = FILL_AREA_STYLE('',(#17947));
#17947 = FILL_AREA_STYLE_COLOUR('',#17814);
#17948 = OVER_RIDING_STYLED_ITEM('overriding color',(#17949),#719,#17797
  );
#17949 = PRESENTATION_STYLE_ASSIGNMENT((#17950));
#17950 = SURFACE_STYLE_USAGE(.BOTH.,#17951);
#17951 = SURFACE_SIDE_STYLE('',(#17952));
#17952 = SURFACE_STYLE_FILL_AREA(#17953);
#17953 = FILL_AREA_STYLE('',(#17954));
#17954 = FILL_AREA_STYLE_COLOUR('',#17814);
#17955 = OVER_RIDING_STYLED_ITEM('overriding color',(#17956),#761,#17797
  );
#17956 = PRESENTATION_STYLE_ASSIGNMENT((#17957));
#17957 = SURFACE_STYLE_USAGE(.BOTH.,#17958);
#17958 = SURFACE_SIDE_STYLE('',(#17959));
#17959 = SURFACE_STYLE_FILL_AREA(#17960);
#17960 = FILL_AREA_STYLE('',(#17961));
#17961 = FILL_AREA_STYLE_COLOUR('',#17814);
#17962 = OVER_RIDING_STYLED_ITEM('overriding color',(#17963),#785,#17797
  );
#17963 = PRESENTATION_STYLE_ASSIGNMENT((#17964));
#17964 = SURFACE_STYLE_USAGE(.BOTH.,#17965);
#17965 = SURFACE_SIDE_STYLE('',(#17966));
#17966 = SURFACE_STYLE_FILL_AREA(#17967);
#17967 = FILL_AREA_STYLE('',(#17968));
#17968 = FILL_AREA_STYLE_COLOUR('',#17814);
#17969 = OVER_RIDING_STYLED_ITEM('overriding color',(#17970),#827,#17797
  );
#17970 = PRESENTATION_STYLE_ASSIGNMENT((#17971));
#17971 = SURFACE_STYLE_USAGE(.BOTH.,#17972);
#17972 = SURFACE_SIDE_STYLE('',(#17973));
#17973 = SURFACE_STYLE_FILL_AREA(#17974);
#17974 = FILL_AREA_STYLE('',(#17975));
#17975 = FILL_AREA_STYLE_COLOUR('',#17814);
#17976 = OVER_RIDING_STYLED_ITEM('overriding color',(#17977),#851,#17797
  );
#17977 = PRESENTATION_STYLE_ASSIGNMENT((#17978));
#17978 = SURFACE_STYLE_USAGE(.BOTH.,#17979);
#17979 = SURFACE_SIDE_STYLE('',(#17980));
#17980 = SURFACE_STYLE_FILL_AREA(#17981);
#17981 = FILL_AREA_STYLE('',(#17982));
#17982 = FILL_AREA_STYLE_COLOUR('',#17814);
#17983 = OVER_RIDING_STYLED_ITEM('overriding color',(#17984),#893,#17797
  );
#17984 = PRESENTATION_STYLE_ASSIGNMENT((#17985));
#17985 = SURFACE_STYLE_USAGE(.BOTH.,#17986);
#17986 = SURFACE_SIDE_STYLE('',(#17987));
#17987 = SURFACE_STYLE_FILL_AREA(#17988);
#17988 = FILL_AREA_STYLE('',(#17989));
#17989 = FILL_AREA_STYLE_COLOUR('',#17814);
#17990 = OVER_RIDING_STYLED_ITEM('overriding color',(#17991),#917,#17797
  );
#17991 = PRESENTATION_STYLE_ASSIGNMENT((#17992));
#17992 = SURFACE_STYLE_USAGE(.BOTH.,#17993);
#17993 = SURFACE_SIDE_STYLE('',(#17994));
#17994 = SURFACE_STYLE_FILL_AREA(#17995);
#17995 = FILL_AREA_STYLE('',(#17996));
#17996 = FILL_AREA_STYLE_COLOUR('',#17814);
#17997 = OVER_RIDING_STYLED_ITEM('overriding color',(#17998),#959,#17797
  );
#17998 = PRESENTATION_STYLE_ASSIGNMENT((#17999));
#17999 = SURFACE_STYLE_USAGE(.BOTH.,#18000);
#18000 = SURFACE_SIDE_STYLE('',(#18001));
#18001 = SURFACE_STYLE_FILL_AREA(#18002);
#18002 = FILL_AREA_STYLE('',(#18003));
#18003 = FILL_AREA_STYLE_COLOUR('',#17814);
#18004 = OVER_RIDING_STYLED_ITEM('overriding color',(#18005),#983,#17797
  );
#18005 = PRESENTATION_STYLE_ASSIGNMENT((#18006));
#18006 = SURFACE_STYLE_USAGE(.BOTH.,#18007);
#18007 = SURFACE_SIDE_STYLE('',(#18008));
#18008 = SURFACE_STYLE_FILL_AREA(#18009);
#18009 = FILL_AREA_STYLE('',(#18010));
#18010 = FILL_AREA_STYLE_COLOUR('',#17814);
#18011 = OVER_RIDING_STYLED_ITEM('overriding color',(#18012),#1025,
  #17797);
#18012 = PRESENTATION_STYLE_ASSIGNMENT((#18013));
#18013 = SURFACE_STYLE_USAGE(.BOTH.,#18014);
#18014 = SURFACE_SIDE_STYLE('',(#18015));
#18015 = SURFACE_STYLE_FILL_AREA(#18016);
#18016 = FILL_AREA_STYLE('',(#18017));
#18017 = FILL_AREA_STYLE_COLOUR('',#17814);
#18018 = OVER_RIDING_STYLED_ITEM('overriding color',(#18019),#1049,
  #17797);
#18019 = PRESENTATION_STYLE_ASSIGNMENT((#18020));
#18020 = SURFACE_STYLE_USAGE(.BOTH.,#18021);
#18021 = SURFACE_SIDE_STYLE('',(#18022));
#18022 = SURFACE_STYLE_FILL_AREA(#18023);
#18023 = FILL_AREA_STYLE('',(#18024));
#18024 = FILL_AREA_STYLE_COLOUR('',#17814);
#18025 = OVER_RIDING_STYLED_ITEM('overriding color',(#18026),#1091,
  #17797);
#18026 = PRESENTATION_STYLE_ASSIGNMENT((#18027));
#18027 = SURFACE_STYLE_USAGE(.BOTH.,#18028);
#18028 = SURFACE_SIDE_STYLE('',(#18029));
#18029 = SURFACE_STYLE_FILL_AREA(#18030);
#18030 = FILL_AREA_STYLE('',(#18031));
#18031 = FILL_AREA_STYLE_COLOUR('',#17814);
#18032 = OVER_RIDING_STYLED_ITEM('overriding color',(#18033),#1115,
  #17797);
#18033 = PRESENTATION_STYLE_ASSIGNMENT((#18034));
#18034 = SURFACE_STYLE_USAGE(.BOTH.,#18035);
#18035 = SURFACE_SIDE_STYLE('',(#18036));
#18036 = SURFACE_STYLE_FILL_AREA(#18037);
#18037 = FILL_AREA_STYLE('',(#18038));
#18038 = FILL_AREA_STYLE_COLOUR('',#17814);
#18039 = OVER_RIDING_STYLED_ITEM('overriding color',(#18040),#1157,
  #17797);
#18040 = PRESENTATION_STYLE_ASSIGNMENT((#18041));
#18041 = SURFACE_STYLE_USAGE(.BOTH.,#18042);
#18042 = SURFACE_SIDE_STYLE('',(#18043));
#18043 = SURFACE_STYLE_FILL_AREA(#18044);
#18044 = FILL_AREA_STYLE('',(#18045));
#18045 = FILL_AREA_STYLE_COLOUR('',#17814);
#18046 = OVER_RIDING_STYLED_ITEM('overriding color',(#18047),#1181,
  #17797);
#18047 = PRESENTATION_STYLE_ASSIGNMENT((#18048));
#18048 = SURFACE_STYLE_USAGE(.BOTH.,#18049);
#18049 = SURFACE_SIDE_STYLE('',(#18050));
#18050 = SURFACE_STYLE_FILL_AREA(#18051);
#18051 = FILL_AREA_STYLE('',(#18052));
#18052 = FILL_AREA_STYLE_COLOUR('',#17814);
#18053 = OVER_RIDING_STYLED_ITEM('overriding color',(#18054),#1223,
  #17797);
#18054 = PRESENTATION_STYLE_ASSIGNMENT((#18055));
#18055 = SURFACE_STYLE_USAGE(.BOTH.,#18056);
#18056 = SURFACE_SIDE_STYLE('',(#18057));
#18057 = SURFACE_STYLE_FILL_AREA(#18058);
#18058 = FILL_AREA_STYLE('',(#18059));
#18059 = FILL_AREA_STYLE_COLOUR('',#17814);
#18060 = OVER_RIDING_STYLED_ITEM('overriding color',(#18061),#1247,
  #17797);
#18061 = PRESENTATION_STYLE_ASSIGNMENT((#18062));
#18062 = SURFACE_STYLE_USAGE(.BOTH.,#18063);
#18063 = SURFACE_SIDE_STYLE('',(#18064));
#18064 = SURFACE_STYLE_FILL_AREA(#18065);
#18065 = FILL_AREA_STYLE('',(#18066));
#18066 = FILL_AREA_STYLE_COLOUR('',#17814);
#18067 = OVER_RIDING_STYLED_ITEM('overriding color',(#18068),#1289,
  #17797);
#18068 = PRESENTATION_STYLE_ASSIGNMENT((#18069));
#18069 = SURFACE_STYLE_USAGE(.BOTH.,#18070);
#18070 = SURFACE_SIDE_STYLE('',(#18071));
#18071 = SURFACE_STYLE_FILL_AREA(#18072);
#18072 = FILL_AREA_STYLE('',(#18073));
#18073 = FILL_AREA_STYLE_COLOUR('',#17814);
#18074 = OVER_RIDING_STYLED_ITEM('overriding color',(#18075),#1313,
  #17797);
#18075 = PRESENTATION_STYLE_ASSIGNMENT((#18076));
#18076 = SURFACE_STYLE_USAGE(.BOTH.,#18077);
#18077 = SURFACE_SIDE_STYLE('',(#18078));
#18078 = SURFACE_STYLE_FILL_AREA(#18079);
#18079 = FILL_AREA_STYLE('',(#18080));
#18080 = FILL_AREA_STYLE_COLOUR('',#17814);
#18081 = OVER_RIDING_STYLED_ITEM('overriding color',(#18082),#1355,
  #17797);
#18082 = PRESENTATION_STYLE_ASSIGNMENT((#18083));
#18083 = SURFACE_STYLE_USAGE(.BOTH.,#18084);
#18084 = SURFACE_SIDE_STYLE('',(#18085));
#18085 = SURFACE_STYLE_FILL_AREA(#18086);
#18086 = FILL_AREA_STYLE('',(#18087));
#18087 = FILL_AREA_STYLE_COLOUR('',#17814);
#18088 = OVER_RIDING_STYLED_ITEM('overriding color',(#18089),#1379,
  #17797);
#18089 = PRESENTATION_STYLE_ASSIGNMENT((#18090));
#18090 = SURFACE_STYLE_USAGE(.BOTH.,#18091);
#18091 = SURFACE_SIDE_STYLE('',(#18092));
#18092 = SURFACE_STYLE_FILL_AREA(#18093);
#18093 = FILL_AREA_STYLE('',(#18094));
#18094 = FILL_AREA_STYLE_COLOUR('',#17814);
#18095 = OVER_RIDING_STYLED_ITEM('overriding color',(#18096),#1421,
  #17797);
#18096 = PRESENTATION_STYLE_ASSIGNMENT((#18097));
#18097 = SURFACE_STYLE_USAGE(.BOTH.,#18098);
#18098 = SURFACE_SIDE_STYLE('',(#18099));
#18099 = SURFACE_STYLE_FILL_AREA(#18100);
#18100 = FILL_AREA_STYLE('',(#18101));
#18101 = FILL_AREA_STYLE_COLOUR('',#17814);
#18102 = OVER_RIDING_STYLED_ITEM('overriding color',(#18103),#1445,
  #17797);
#18103 = PRESENTATION_STYLE_ASSIGNMENT((#18104));
#18104 = SURFACE_STYLE_USAGE(.BOTH.,#18105);
#18105 = SURFACE_SIDE_STYLE('',(#18106));
#18106 = SURFACE_STYLE_FILL_AREA(#18107);
#18107 = FILL_AREA_STYLE('',(#18108));
#18108 = FILL_AREA_STYLE_COLOUR('',#17814);
#18109 = OVER_RIDING_STYLED_ITEM('overriding color',(#18110),#1487,
  #17797);
#18110 = PRESENTATION_STYLE_ASSIGNMENT((#18111));
#18111 = SURFACE_STYLE_USAGE(.BOTH.,#18112);
#18112 = SURFACE_SIDE_STYLE('',(#18113));
#18113 = SURFACE_STYLE_FILL_AREA(#18114);
#18114 = FILL_AREA_STYLE('',(#18115));
#18115 = FILL_AREA_STYLE_COLOUR('',#17814);
#18116 = OVER_RIDING_STYLED_ITEM('overriding color',(#18117),#1511,
  #17797);
#18117 = PRESENTATION_STYLE_ASSIGNMENT((#18118));
#18118 = SURFACE_STYLE_USAGE(.BOTH.,#18119);
#18119 = SURFACE_SIDE_STYLE('',(#18120));
#18120 = SURFACE_STYLE_FILL_AREA(#18121);
#18121 = FILL_AREA_STYLE('',(#18122));
#18122 = FILL_AREA_STYLE_COLOUR('',#17814);
#18123 = OVER_RIDING_STYLED_ITEM('overriding color',(#18124),#1553,
  #17797);
#18124 = PRESENTATION_STYLE_ASSIGNMENT((#18125));
#18125 = SURFACE_STYLE_USAGE(.BOTH.,#18126);
#18126 = SURFACE_SIDE_STYLE('',(#18127));
#18127 = SURFACE_STYLE_FILL_AREA(#18128);
#18128 = FILL_AREA_STYLE('',(#18129));
#18129 = FILL_AREA_STYLE_COLOUR('',#17814);
#18130 = OVER_RIDING_STYLED_ITEM('overriding color',(#18131),#1577,
  #17797);
#18131 = PRESENTATION_STYLE_ASSIGNMENT((#18132));
#18132 = SURFACE_STYLE_USAGE(.BOTH.,#18133);
#18133 = SURFACE_SIDE_STYLE('',(#18134));
#18134 = SURFACE_STYLE_FILL_AREA(#18135);
#18135 = FILL_AREA_STYLE('',(#18136));
#18136 = FILL_AREA_STYLE_COLOUR('',#17814);
#18137 = OVER_RIDING_STYLED_ITEM('overriding color',(#18138),#1619,
  #17797);
#18138 = PRESENTATION_STYLE_ASSIGNMENT((#18139));
#18139 = SURFACE_STYLE_USAGE(.BOTH.,#18140);
#18140 = SURFACE_SIDE_STYLE('',(#18141));
#18141 = SURFACE_STYLE_FILL_AREA(#18142);
#18142 = FILL_AREA_STYLE('',(#18143));
#18143 = FILL_AREA_STYLE_COLOUR('',#17814);
#18144 = OVER_RIDING_STYLED_ITEM('overriding color',(#18145),#1643,
  #17797);
#18145 = PRESENTATION_STYLE_ASSIGNMENT((#18146));
#18146 = SURFACE_STYLE_USAGE(.BOTH.,#18147);
#18147 = SURFACE_SIDE_STYLE('',(#18148));
#18148 = SURFACE_STYLE_FILL_AREA(#18149);
#18149 = FILL_AREA_STYLE('',(#18150));
#18150 = FILL_AREA_STYLE_COLOUR('',#17814);
#18151 = OVER_RIDING_STYLED_ITEM('overriding color',(#18152),#1685,
  #17797);
#18152 = PRESENTATION_STYLE_ASSIGNMENT((#18153));
#18153 = SURFACE_STYLE_USAGE(.BOTH.,#18154);
#18154 = SURFACE_SIDE_STYLE('',(#18155));
#18155 = SURFACE_STYLE_FILL_AREA(#18156);
#18156 = FILL_AREA_STYLE('',(#18157));
#18157 = FILL_AREA_STYLE_COLOUR('',#17814);
#18158 = OVER_RIDING_STYLED_ITEM('overriding color',(#18159),#1709,
  #17797);
#18159 = PRESENTATION_STYLE_ASSIGNMENT((#18160));
#18160 = SURFACE_STYLE_USAGE(.BOTH.,#18161);
#18161 = SURFACE_SIDE_STYLE('',(#18162));
#18162 = SURFACE_STYLE_FILL_AREA(#18163);
#18163 = FILL_AREA_STYLE('',(#18164));
#18164 = FILL_AREA_STYLE_COLOUR('',#17814);
#18165 = OVER_RIDING_STYLED_ITEM('overriding color',(#18166),#1751,
  #17797);
#18166 = PRESENTATION_STYLE_ASSIGNMENT((#18167));
#18167 = SURFACE_STYLE_USAGE(.BOTH.,#18168);
#18168 = SURFACE_SIDE_STYLE('',(#18169));
#18169 = SURFACE_STYLE_FILL_AREA(#18170);
#18170 = FILL_AREA_STYLE('',(#18171));
#18171 = FILL_AREA_STYLE_COLOUR('',#17814);
#18172 = OVER_RIDING_STYLED_ITEM('overriding color',(#18173),#1775,
  #17797);
#18173 = PRESENTATION_STYLE_ASSIGNMENT((#18174));
#18174 = SURFACE_STYLE_USAGE(.BOTH.,#18175);
#18175 = SURFACE_SIDE_STYLE('',(#18176));
#18176 = SURFACE_STYLE_FILL_AREA(#18177);
#18177 = FILL_AREA_STYLE('',(#18178));
#18178 = FILL_AREA_STYLE_COLOUR('',#17814);
#18179 = OVER_RIDING_STYLED_ITEM('overriding color',(#18180),#1817,
  #17797);
#18180 = PRESENTATION_STYLE_ASSIGNMENT((#18181));
#18181 = SURFACE_STYLE_USAGE(.BOTH.,#18182);
#18182 = SURFACE_SIDE_STYLE('',(#18183));
#18183 = SURFACE_STYLE_FILL_AREA(#18184);
#18184 = FILL_AREA_STYLE('',(#18185));
#18185 = FILL_AREA_STYLE_COLOUR('',#17814);
#18186 = OVER_RIDING_STYLED_ITEM('overriding color',(#18187),#1841,
  #17797);
#18187 = PRESENTATION_STYLE_ASSIGNMENT((#18188));
#18188 = SURFACE_STYLE_USAGE(.BOTH.,#18189);
#18189 = SURFACE_SIDE_STYLE('',(#18190));
#18190 = SURFACE_STYLE_FILL_AREA(#18191);
#18191 = FILL_AREA_STYLE('',(#18192));
#18192 = FILL_AREA_STYLE_COLOUR('',#17814);
#18193 = OVER_RIDING_STYLED_ITEM('overriding color',(#18194),#1883,
  #17797);
#18194 = PRESENTATION_STYLE_ASSIGNMENT((#18195));
#18195 = SURFACE_STYLE_USAGE(.BOTH.,#18196);
#18196 = SURFACE_SIDE_STYLE('',(#18197));
#18197 = SURFACE_STYLE_FILL_AREA(#18198);
#18198 = FILL_AREA_STYLE('',(#18199));
#18199 = FILL_AREA_STYLE_COLOUR('',#17814);
#18200 = OVER_RIDING_STYLED_ITEM('overriding color',(#18201),#1907,
  #17797);
#18201 = PRESENTATION_STYLE_ASSIGNMENT((#18202));
#18202 = SURFACE_STYLE_USAGE(.BOTH.,#18203);
#18203 = SURFACE_SIDE_STYLE('',(#18204));
#18204 = SURFACE_STYLE_FILL_AREA(#18205);
#18205 = FILL_AREA_STYLE('',(#18206));
#18206 = FILL_AREA_STYLE_COLOUR('',#17814);
#18207 = OVER_RIDING_STYLED_ITEM('overriding color',(#18208),#1949,
  #17797);
#18208 = PRESENTATION_STYLE_ASSIGNMENT((#18209));
#18209 = SURFACE_STYLE_USAGE(.BOTH.,#18210);
#18210 = SURFACE_SIDE_STYLE('',(#18211));
#18211 = SURFACE_STYLE_FILL_AREA(#18212);
#18212 = FILL_AREA_STYLE('',(#18213));
#18213 = FILL_AREA_STYLE_COLOUR('',#17814);
#18214 = OVER_RIDING_STYLED_ITEM('overriding color',(#18215),#1973,
  #17797);
#18215 = PRESENTATION_STYLE_ASSIGNMENT((#18216));
#18216 = SURFACE_STYLE_USAGE(.BOTH.,#18217);
#18217 = SURFACE_SIDE_STYLE('',(#18218));
#18218 = SURFACE_STYLE_FILL_AREA(#18219);
#18219 = FILL_AREA_STYLE('',(#18220));
#18220 = FILL_AREA_STYLE_COLOUR('',#17814);
#18221 = OVER_RIDING_STYLED_ITEM('overriding color',(#18222),#2015,
  #17797);
#18222 = PRESENTATION_STYLE_ASSIGNMENT((#18223));
#18223 = SURFACE_STYLE_USAGE(.BOTH.,#18224);
#18224 = SURFACE_SIDE_STYLE('',(#18225));
#18225 = SURFACE_STYLE_FILL_AREA(#18226);
#18226 = FILL_AREA_STYLE('',(#18227));
#18227 = FILL_AREA_STYLE_COLOUR('',#17814);
#18228 = OVER_RIDING_STYLED_ITEM('overriding color',(#18229),#2039,
  #17797);
#18229 = PRESENTATION_STYLE_ASSIGNMENT((#18230));
#18230 = SURFACE_STYLE_USAGE(.BOTH.,#18231);
#18231 = SURFACE_SIDE_STYLE('',(#18232));
#18232 = SURFACE_STYLE_FILL_AREA(#18233);
#18233 = FILL_AREA_STYLE('',(#18234));
#18234 = FILL_AREA_STYLE_COLOUR('',#17814);
#18235 = OVER_RIDING_STYLED_ITEM('overriding color',(#18236),#2081,
  #17797);
#18236 = PRESENTATION_STYLE_ASSIGNMENT((#18237));
#18237 = SURFACE_STYLE_USAGE(.BOTH.,#18238);
#18238 = SURFACE_SIDE_STYLE('',(#18239));
#18239 = SURFACE_STYLE_FILL_AREA(#18240);
#18240 = FILL_AREA_STYLE('',(#18241));
#18241 = FILL_AREA_STYLE_COLOUR('',#17814);
#18242 = OVER_RIDING_STYLED_ITEM('overriding color',(#18243),#2105,
  #17797);
#18243 = PRESENTATION_STYLE_ASSIGNMENT((#18244));
#18244 = SURFACE_STYLE_USAGE(.BOTH.,#18245);
#18245 = SURFACE_SIDE_STYLE('',(#18246));
#18246 = SURFACE_STYLE_FILL_AREA(#18247);
#18247 = FILL_AREA_STYLE('',(#18248));
#18248 = FILL_AREA_STYLE_COLOUR('',#17814);
#18249 = OVER_RIDING_STYLED_ITEM('overriding color',(#18250),#2147,
  #17797);
#18250 = PRESENTATION_STYLE_ASSIGNMENT((#18251));
#18251 = SURFACE_STYLE_USAGE(.BOTH.,#18252);
#18252 = SURFACE_SIDE_STYLE('',(#18253));
#18253 = SURFACE_STYLE_FILL_AREA(#18254);
#18254 = FILL_AREA_STYLE('',(#18255));
#18255 = FILL_AREA_STYLE_COLOUR('',#17814);
#18256 = OVER_RIDING_STYLED_ITEM('overriding color',(#18257),#2171,
  #17797);
#18257 = PRESENTATION_STYLE_ASSIGNMENT((#18258));
#18258 = SURFACE_STYLE_USAGE(.BOTH.,#18259);
#18259 = SURFACE_SIDE_STYLE('',(#18260));
#18260 = SURFACE_STYLE_FILL_AREA(#18261);
#18261 = FILL_AREA_STYLE('',(#18262));
#18262 = FILL_AREA_STYLE_COLOUR('',#17814);
#18263 = OVER_RIDING_STYLED_ITEM('overriding color',(#18264),#2213,
  #17797);
#18264 = PRESENTATION_STYLE_ASSIGNMENT((#18265));
#18265 = SURFACE_STYLE_USAGE(.BOTH.,#18266);
#18266 = SURFACE_SIDE_STYLE('',(#18267));
#18267 = SURFACE_STYLE_FILL_AREA(#18268);
#18268 = FILL_AREA_STYLE('',(#18269));
#18269 = FILL_AREA_STYLE_COLOUR('',#17814);
#18270 = OVER_RIDING_STYLED_ITEM('overriding color',(#18271),#2237,
  #17797);
#18271 = PRESENTATION_STYLE_ASSIGNMENT((#18272));
#18272 = SURFACE_STYLE_USAGE(.BOTH.,#18273);
#18273 = SURFACE_SIDE_STYLE('',(#18274));
#18274 = SURFACE_STYLE_FILL_AREA(#18275);
#18275 = FILL_AREA_STYLE('',(#18276));
#18276 = FILL_AREA_STYLE_COLOUR('',#17814);
#18277 = OVER_RIDING_STYLED_ITEM('overriding color',(#18278),#2279,
  #17797);
#18278 = PRESENTATION_STYLE_ASSIGNMENT((#18279));
#18279 = SURFACE_STYLE_USAGE(.BOTH.,#18280);
#18280 = SURFACE_SIDE_STYLE('',(#18281));
#18281 = SURFACE_STYLE_FILL_AREA(#18282);
#18282 = FILL_AREA_STYLE('',(#18283));
#18283 = FILL_AREA_STYLE_COLOUR('',#17814);
#18284 = OVER_RIDING_STYLED_ITEM('overriding color',(#18285),#2303,
  #17797);
#18285 = PRESENTATION_STYLE_ASSIGNMENT((#18286));
#18286 = SURFACE_STYLE_USAGE(.BOTH.,#18287);
#18287 = SURFACE_SIDE_STYLE('',(#18288));
#18288 = SURFACE_STYLE_FILL_AREA(#18289);
#18289 = FILL_AREA_STYLE('',(#18290));
#18290 = FILL_AREA_STYLE_COLOUR('',#17814);
#18291 = OVER_RIDING_STYLED_ITEM('overriding color',(#18292),#2345,
  #17797);
#18292 = PRESENTATION_STYLE_ASSIGNMENT((#18293));
#18293 = SURFACE_STYLE_USAGE(.BOTH.,#18294);
#18294 = SURFACE_SIDE_STYLE('',(#18295));
#18295 = SURFACE_STYLE_FILL_AREA(#18296);
#18296 = FILL_AREA_STYLE('',(#18297));
#18297 = FILL_AREA_STYLE_COLOUR('',#17814);
#18298 = OVER_RIDING_STYLED_ITEM('overriding color',(#18299),#2369,
  #17797);
#18299 = PRESENTATION_STYLE_ASSIGNMENT((#18300));
#18300 = SURFACE_STYLE_USAGE(.BOTH.,#18301);
#18301 = SURFACE_SIDE_STYLE('',(#18302));
#18302 = SURFACE_STYLE_FILL_AREA(#18303);
#18303 = FILL_AREA_STYLE('',(#18304));
#18304 = FILL_AREA_STYLE_COLOUR('',#17814);
#18305 = OVER_RIDING_STYLED_ITEM('overriding color',(#18306),#2411,
  #17797);
#18306 = PRESENTATION_STYLE_ASSIGNMENT((#18307));
#18307 = SURFACE_STYLE_USAGE(.BOTH.,#18308);
#18308 = SURFACE_SIDE_STYLE('',(#18309));
#18309 = SURFACE_STYLE_FILL_AREA(#18310);
#18310 = FILL_AREA_STYLE('',(#18311));
#18311 = FILL_AREA_STYLE_COLOUR('',#17814);
#18312 = OVER_RIDING_STYLED_ITEM('overriding color',(#18313),#2435,
  #17797);
#18313 = PRESENTATION_STYLE_ASSIGNMENT((#18314));
#18314 = SURFACE_STYLE_USAGE(.BOTH.,#18315);
#18315 = SURFACE_SIDE_STYLE('',(#18316));
#18316 = SURFACE_STYLE_FILL_AREA(#18317);
#18317 = FILL_AREA_STYLE('',(#18318));
#18318 = FILL_AREA_STYLE_COLOUR('',#17814);
#18319 = OVER_RIDING_STYLED_ITEM('overriding color',(#18320),#2477,
  #17797);
#18320 = PRESENTATION_STYLE_ASSIGNMENT((#18321));
#18321 = SURFACE_STYLE_USAGE(.BOTH.,#18322);
#18322 = SURFACE_SIDE_STYLE('',(#18323));
#18323 = SURFACE_STYLE_FILL_AREA(#18324);
#18324 = FILL_AREA_STYLE('',(#18325));
#18325 = FILL_AREA_STYLE_COLOUR('',#17814);
#18326 = OVER_RIDING_STYLED_ITEM('overriding color',(#18327),#2501,
  #17797);
#18327 = PRESENTATION_STYLE_ASSIGNMENT((#18328));
#18328 = SURFACE_STYLE_USAGE(.BOTH.,#18329);
#18329 = SURFACE_SIDE_STYLE('',(#18330));
#18330 = SURFACE_STYLE_FILL_AREA(#18331);
#18331 = FILL_AREA_STYLE('',(#18332));
#18332 = FILL_AREA_STYLE_COLOUR('',#17814);
#18333 = OVER_RIDING_STYLED_ITEM('overriding color',(#18334),#2543,
  #17797);
#18334 = PRESENTATION_STYLE_ASSIGNMENT((#18335));
#18335 = SURFACE_STYLE_USAGE(.BOTH.,#18336);
#18336 = SURFACE_SIDE_STYLE('',(#18337));
#18337 = SURFACE_STYLE_FILL_AREA(#18338);
#18338 = FILL_AREA_STYLE('',(#18339));
#18339 = FILL_AREA_STYLE_COLOUR('',#17814);
#18340 = OVER_RIDING_STYLED_ITEM('overriding color',(#18341),#2567,
  #17797);
#18341 = PRESENTATION_STYLE_ASSIGNMENT((#18342));
#18342 = SURFACE_STYLE_USAGE(.BOTH.,#18343);
#18343 = SURFACE_SIDE_STYLE('',(#18344));
#18344 = SURFACE_STYLE_FILL_AREA(#18345);
#18345 = FILL_AREA_STYLE('',(#18346));
#18346 = FILL_AREA_STYLE_COLOUR('',#17814);
#18347 = OVER_RIDING_STYLED_ITEM('overriding color',(#18348),#2609,
  #17797);
#18348 = PRESENTATION_STYLE_ASSIGNMENT((#18349));
#18349 = SURFACE_STYLE_USAGE(.BOTH.,#18350);
#18350 = SURFACE_SIDE_STYLE('',(#18351));
#18351 = SURFACE_STYLE_FILL_AREA(#18352);
#18352 = FILL_AREA_STYLE('',(#18353));
#18353 = FILL_AREA_STYLE_COLOUR('',#17814);
#18354 = OVER_RIDING_STYLED_ITEM('overriding color',(#18355),#2633,
  #17797);
#18355 = PRESENTATION_STYLE_ASSIGNMENT((#18356));
#18356 = SURFACE_STYLE_USAGE(.BOTH.,#18357);
#18357 = SURFACE_SIDE_STYLE('',(#18358));
#18358 = SURFACE_STYLE_FILL_AREA(#18359);
#18359 = FILL_AREA_STYLE('',(#18360));
#18360 = FILL_AREA_STYLE_COLOUR('',#17814);
#18361 = OVER_RIDING_STYLED_ITEM('overriding color',(#18362),#2675,
  #17797);
#18362 = PRESENTATION_STYLE_ASSIGNMENT((#18363));
#18363 = SURFACE_STYLE_USAGE(.BOTH.,#18364);
#18364 = SURFACE_SIDE_STYLE('',(#18365));
#18365 = SURFACE_STYLE_FILL_AREA(#18366);
#18366 = FILL_AREA_STYLE('',(#18367));
#18367 = FILL_AREA_STYLE_COLOUR('',#17814);
#18368 = MECHANICAL_DESIGN_GEOMETRIC_PRESENTATION_REPRESENTATION('',(
    #18369,#18376,#18383,#18390,#18397,#18404,#18411,#18418,#18425,
    #18432,#18439,#18446,#18453,#18460,#18467,#18474,#18481,#18488,
    #18495,#18502,#18509,#18516,#18523,#18530,#18537,#18544,#18551,
    #18558,#18565,#18572,#18579,#18586,#18593,#18600,#18607,#18614,
    #18621,#18628,#18635,#18642,#18649,#18656,#18663,#18670,#18677,
    #18684,#18691,#18698,#18705,#18712,#18719,#18726,#18733,#18740,
    #18747,#18754,#18761,#18768,#18775,#18782,#18789,#18796,#18803,
    #18810,#18817,#18824,#18831,#18838,#18845,#18852),#17247);
#18369 = STYLED_ITEM('color',(#18370),#3086);
#18370 = PRESENTATION_STYLE_ASSIGNMENT((#18371));
#18371 = SURFACE_STYLE_USAGE(.BOTH.,#18372);
#18372 = SURFACE_SIDE_STYLE('',(#18373));
#18373 = SURFACE_STYLE_FILL_AREA(#18374);
#18374 = FILL_AREA_STYLE('',(#18375));
#18375 = FILL_AREA_STYLE_COLOUR('',#17795);
#18376 = STYLED_ITEM('color',(#18377),#3196);
#18377 = PRESENTATION_STYLE_ASSIGNMENT((#18378));
#18378 = SURFACE_STYLE_USAGE(.BOTH.,#18379);
#18379 = SURFACE_SIDE_STYLE('',(#18380));
#18380 = SURFACE_STYLE_FILL_AREA(#18381);
#18381 = FILL_AREA_STYLE('',(#18382));
#18382 = FILL_AREA_STYLE_COLOUR('',#17795);
#18383 = STYLED_ITEM('color',(#18384),#3306);
#18384 = PRESENTATION_STYLE_ASSIGNMENT((#18385));
#18385 = SURFACE_STYLE_USAGE(.BOTH.,#18386);
#18386 = SURFACE_SIDE_STYLE('',(#18387));
#18387 = SURFACE_STYLE_FILL_AREA(#18388);
#18388 = FILL_AREA_STYLE('',(#18389));
#18389 = FILL_AREA_STYLE_COLOUR('',#17795);
#18390 = STYLED_ITEM('color',(#18391),#3777);
#18391 = PRESENTATION_STYLE_ASSIGNMENT((#18392));
#18392 = SURFACE_STYLE_USAGE(.BOTH.,#18393);
#18393 = SURFACE_SIDE_STYLE('',(#18394));
#18394 = SURFACE_STYLE_FILL_AREA(#18395);
#18395 = FILL_AREA_STYLE('',(#18396));
#18396 = FILL_AREA_STYLE_COLOUR('',#17795);
#18397 = STYLED_ITEM('color',(#18398),#3821);
#18398 = PRESENTATION_STYLE_ASSIGNMENT((#18399));
#18399 = SURFACE_STYLE_USAGE(.BOTH.,#18400);
#18400 = SURFACE_SIDE_STYLE('',(#18401));
#18401 = SURFACE_STYLE_FILL_AREA(#18402);
#18402 = FILL_AREA_STYLE('',(#18403));
#18403 = FILL_AREA_STYLE_COLOUR('',#17795);
#18404 = STYLED_ITEM('color',(#18405),#4087);
#18405 = PRESENTATION_STYLE_ASSIGNMENT((#18406));
#18406 = SURFACE_STYLE_USAGE(.BOTH.,#18407);
#18407 = SURFACE_SIDE_STYLE('',(#18408));
#18408 = SURFACE_STYLE_FILL_AREA(#18409);
#18409 = FILL_AREA_STYLE('',(#18410));
#18410 = FILL_AREA_STYLE_COLOUR('',#17795);
#18411 = STYLED_ITEM('color',(#18412),#4131);
#18412 = PRESENTATION_STYLE_ASSIGNMENT((#18413));
#18413 = SURFACE_STYLE_USAGE(.BOTH.,#18414);
#18414 = SURFACE_SIDE_STYLE('',(#18415));
#18415 = SURFACE_STYLE_FILL_AREA(#18416);
#18416 = FILL_AREA_STYLE('',(#18417));
#18417 = FILL_AREA_STYLE_COLOUR('',#17795);
#18418 = STYLED_ITEM('color',(#18419),#4258);
#18419 = PRESENTATION_STYLE_ASSIGNMENT((#18420));
#18420 = SURFACE_STYLE_USAGE(.BOTH.,#18421);
#18421 = SURFACE_SIDE_STYLE('',(#18422));
#18422 = SURFACE_STYLE_FILL_AREA(#18423);
#18423 = FILL_AREA_STYLE('',(#18424));
#18424 = FILL_AREA_STYLE_COLOUR('',#17795);
#18425 = STYLED_ITEM('color',(#18426),#4502);
#18426 = PRESENTATION_STYLE_ASSIGNMENT((#18427));
#18427 = SURFACE_STYLE_USAGE(.BOTH.,#18428);
#18428 = SURFACE_SIDE_STYLE('',(#18429));
#18429 = SURFACE_STYLE_FILL_AREA(#18430);
#18430 = FILL_AREA_STYLE('',(#18431));
#18431 = FILL_AREA_STYLE_COLOUR('',#17795);
#18432 = STYLED_ITEM('color',(#18433),#4696);
#18433 = PRESENTATION_STYLE_ASSIGNMENT((#18434));
#18434 = SURFACE_STYLE_USAGE(.BOTH.,#18435);
#18435 = SURFACE_SIDE_STYLE('',(#18436));
#18436 = SURFACE_STYLE_FILL_AREA(#18437);
#18437 = FILL_AREA_STYLE('',(#18438));
#18438 = FILL_AREA_STYLE_COLOUR('',#17795);
#18439 = STYLED_ITEM('color',(#18440),#4808);
#18440 = PRESENTATION_STYLE_ASSIGNMENT((#18441));
#18441 = SURFACE_STYLE_USAGE(.BOTH.,#18442);
#18442 = SURFACE_SIDE_STYLE('',(#18443));
#18443 = SURFACE_STYLE_FILL_AREA(#18444);
#18444 = FILL_AREA_STYLE('',(#18445));
#18445 = FILL_AREA_STYLE_COLOUR('',#17795);
#18446 = STYLED_ITEM('color',(#18447),#5260);
#18447 = PRESENTATION_STYLE_ASSIGNMENT((#18448));
#18448 = SURFACE_STYLE_USAGE(.BOTH.,#18449);
#18449 = SURFACE_SIDE_STYLE('',(#18450));
#18450 = SURFACE_STYLE_FILL_AREA(#18451);
#18451 = FILL_AREA_STYLE('',(#18452));
#18452 = FILL_AREA_STYLE_COLOUR('',#17795);
#18453 = STYLED_ITEM('color',(#18454),#5304);
#18454 = PRESENTATION_STYLE_ASSIGNMENT((#18455));
#18455 = SURFACE_STYLE_USAGE(.BOTH.,#18456);
#18456 = SURFACE_SIDE_STYLE('',(#18457));
#18457 = SURFACE_STYLE_FILL_AREA(#18458);
#18458 = FILL_AREA_STYLE('',(#18459));
#18459 = FILL_AREA_STYLE_COLOUR('',#17795);
#18460 = STYLED_ITEM('color',(#18461),#5398);
#18461 = PRESENTATION_STYLE_ASSIGNMENT((#18462));
#18462 = SURFACE_STYLE_USAGE(.BOTH.,#18463);
#18463 = SURFACE_SIDE_STYLE('',(#18464));
#18464 = SURFACE_STYLE_FILL_AREA(#18465);
#18465 = FILL_AREA_STYLE('',(#18466));
#18466 = FILL_AREA_STYLE_COLOUR('',#17795);
#18467 = STYLED_ITEM('color',(#18468),#5475);
#18468 = PRESENTATION_STYLE_ASSIGNMENT((#18469));
#18469 = SURFACE_STYLE_USAGE(.BOTH.,#18470);
#18470 = SURFACE_SIDE_STYLE('',(#18471));
#18471 = SURFACE_STYLE_FILL_AREA(#18472);
#18472 = FILL_AREA_STYLE('',(#18473));
#18473 = FILL_AREA_STYLE_COLOUR('',#17795);
#18474 = STYLED_ITEM('color',(#18475),#5585);
#18475 = PRESENTATION_STYLE_ASSIGNMENT((#18476));
#18476 = SURFACE_STYLE_USAGE(.BOTH.,#18477);
#18477 = SURFACE_SIDE_STYLE('',(#18478));
#18478 = SURFACE_STYLE_FILL_AREA(#18479);
#18479 = FILL_AREA_STYLE('',(#18480));
#18480 = FILL_AREA_STYLE_COLOUR('',#17795);
#18481 = STYLED_ITEM('color',(#18482),#5662);
#18482 = PRESENTATION_STYLE_ASSIGNMENT((#18483));
#18483 = SURFACE_STYLE_USAGE(.BOTH.,#18484);
#18484 = SURFACE_SIDE_STYLE('',(#18485));
#18485 = SURFACE_STYLE_FILL_AREA(#18486);
#18486 = FILL_AREA_STYLE('',(#18487));
#18487 = FILL_AREA_STYLE_COLOUR('',#17795);
#18488 = STYLED_ITEM('color',(#18489),#5955);
#18489 = PRESENTATION_STYLE_ASSIGNMENT((#18490));
#18490 = SURFACE_STYLE_USAGE(.BOTH.,#18491);
#18491 = SURFACE_SIDE_STYLE('',(#18492));
#18492 = SURFACE_STYLE_FILL_AREA(#18493);
#18493 = FILL_AREA_STYLE('',(#18494));
#18494 = FILL_AREA_STYLE_COLOUR('',#17795);
#18495 = STYLED_ITEM('color',(#18496),#6221);
#18496 = PRESENTATION_STYLE_ASSIGNMENT((#18497));
#18497 = SURFACE_STYLE_USAGE(.BOTH.,#18498);
#18498 = SURFACE_SIDE_STYLE('',(#18499));
#18499 = SURFACE_STYLE_FILL_AREA(#18500);
#18500 = FILL_AREA_STYLE('',(#18501));
#18501 = FILL_AREA_STYLE_COLOUR('',#17795);
#18502 = STYLED_ITEM('color',(#18503),#6619);
#18503 = PRESENTATION_STYLE_ASSIGNMENT((#18504));
#18504 = SURFACE_STYLE_USAGE(.BOTH.,#18505);
#18505 = SURFACE_SIDE_STYLE('',(#18506));
#18506 = SURFACE_STYLE_FILL_AREA(#18507);
#18507 = FILL_AREA_STYLE('',(#18508));
#18508 = FILL_AREA_STYLE_COLOUR('',#17795);
#18509 = STYLED_ITEM('color',(#18510),#6688);
#18510 = PRESENTATION_STYLE_ASSIGNMENT((#18511));
#18511 = SURFACE_STYLE_USAGE(.BOTH.,#18512);
#18512 = SURFACE_SIDE_STYLE('',(#18513));
#18513 = SURFACE_STYLE_FILL_AREA(#18514);
#18514 = FILL_AREA_STYLE('',(#18515));
#18515 = FILL_AREA_STYLE_COLOUR('',#17795);
#18516 = STYLED_ITEM('color',(#18517),#6798);
#18517 = PRESENTATION_STYLE_ASSIGNMENT((#18518));
#18518 = SURFACE_STYLE_USAGE(.BOTH.,#18519);
#18519 = SURFACE_SIDE_STYLE('',(#18520));
#18520 = SURFACE_STYLE_FILL_AREA(#18521);
#18521 = FILL_AREA_STYLE('',(#18522));
#18522 = FILL_AREA_STYLE_COLOUR('',#17795);
#18523 = STYLED_ITEM('color',(#18524),#6883);
#18524 = PRESENTATION_STYLE_ASSIGNMENT((#18525));
#18525 = SURFACE_STYLE_USAGE(.BOTH.,#18526);
#18526 = SURFACE_SIDE_STYLE('',(#18527));
#18527 = SURFACE_STYLE_FILL_AREA(#18528);
#18528 = FILL_AREA_STYLE('',(#18529));
#18529 = FILL_AREA_STYLE_COLOUR('',#17795);
#18530 = STYLED_ITEM('color',(#18531),#6960);
#18531 = PRESENTATION_STYLE_ASSIGNMENT((#18532));
#18532 = SURFACE_STYLE_USAGE(.BOTH.,#18533);
#18533 = SURFACE_SIDE_STYLE('',(#18534));
#18534 = SURFACE_STYLE_FILL_AREA(#18535);
#18535 = FILL_AREA_STYLE('',(#18536));
#18536 = FILL_AREA_STYLE_COLOUR('',#17795);
#18537 = STYLED_ITEM('color',(#18538),#7226);
#18538 = PRESENTATION_STYLE_ASSIGNMENT((#18539));
#18539 = SURFACE_STYLE_USAGE(.BOTH.,#18540);
#18540 = SURFACE_SIDE_STYLE('',(#18541));
#18541 = SURFACE_STYLE_FILL_AREA(#18542);
#18542 = FILL_AREA_STYLE('',(#18543));
#18543 = FILL_AREA_STYLE_COLOUR('',#17795);
#18544 = STYLED_ITEM('color',(#18545),#7336);
#18545 = PRESENTATION_STYLE_ASSIGNMENT((#18546));
#18546 = SURFACE_STYLE_USAGE(.BOTH.,#18547);
#18547 = SURFACE_SIDE_STYLE('',(#18548));
#18548 = SURFACE_STYLE_FILL_AREA(#18549);
#18549 = FILL_AREA_STYLE('',(#18550));
#18550 = FILL_AREA_STYLE_COLOUR('',#17795);
#18551 = STYLED_ITEM('color',(#18552),#7413);
#18552 = PRESENTATION_STYLE_ASSIGNMENT((#18553));
#18553 = SURFACE_STYLE_USAGE(.BOTH.,#18554);
#18554 = SURFACE_SIDE_STYLE('',(#18555));
#18555 = SURFACE_STYLE_FILL_AREA(#18556);
#18556 = FILL_AREA_STYLE('',(#18557));
#18557 = FILL_AREA_STYLE_COLOUR('',#17795);
#18558 = STYLED_ITEM('color',(#18559),#7805);
#18559 = PRESENTATION_STYLE_ASSIGNMENT((#18560));
#18560 = SURFACE_STYLE_USAGE(.BOTH.,#18561);
#18561 = SURFACE_SIDE_STYLE('',(#18562));
#18562 = SURFACE_STYLE_FILL_AREA(#18563);
#18563 = FILL_AREA_STYLE('',(#18564));
#18564 = FILL_AREA_STYLE_COLOUR('',#17795);
#18565 = STYLED_ITEM('color',(#18566),#8071);
#18566 = PRESENTATION_STYLE_ASSIGNMENT((#18567));
#18567 = SURFACE_STYLE_USAGE(.BOTH.,#18568);
#18568 = SURFACE_SIDE_STYLE('',(#18569));
#18569 = SURFACE_STYLE_FILL_AREA(#18570);
#18570 = FILL_AREA_STYLE('',(#18571));
#18571 = FILL_AREA_STYLE_COLOUR('',#17795);
#18572 = STYLED_ITEM('color',(#18573),#8140);
#18573 = PRESENTATION_STYLE_ASSIGNMENT((#18574));
#18574 = SURFACE_STYLE_USAGE(.BOTH.,#18575);
#18575 = SURFACE_SIDE_STYLE('',(#18576));
#18576 = SURFACE_STYLE_FILL_AREA(#18577);
#18577 = FILL_AREA_STYLE('',(#18578));
#18578 = FILL_AREA_STYLE_COLOUR('',#17795);
#18579 = STYLED_ITEM('color',(#18580),#8538);
#18580 = PRESENTATION_STYLE_ASSIGNMENT((#18581));
#18581 = SURFACE_STYLE_USAGE(.BOTH.,#18582);
#18582 = SURFACE_SIDE_STYLE('',(#18583));
#18583 = SURFACE_STYLE_FILL_AREA(#18584);
#18584 = FILL_AREA_STYLE('',(#18585));
#18585 = FILL_AREA_STYLE_COLOUR('',#17795);
#18586 = STYLED_ITEM('color',(#18587),#8930);
#18587 = PRESENTATION_STYLE_ASSIGNMENT((#18588));
#18588 = SURFACE_STYLE_USAGE(.BOTH.,#18589);
#18589 = SURFACE_SIDE_STYLE('',(#18590));
#18590 = SURFACE_STYLE_FILL_AREA(#18591);
#18591 = FILL_AREA_STYLE('',(#18592));
#18592 = FILL_AREA_STYLE_COLOUR('',#17795);
#18593 = STYLED_ITEM('color',(#18594),#9307);
#18594 = PRESENTATION_STYLE_ASSIGNMENT((#18595));
#18595 = SURFACE_STYLE_USAGE(.BOTH.,#18596);
#18596 = SURFACE_SIDE_STYLE('',(#18597));
#18597 = SURFACE_STYLE_FILL_AREA(#18598);
#18598 = FILL_AREA_STYLE('',(#18599));
#18599 = FILL_AREA_STYLE_COLOUR('',#17795);
#18600 = STYLED_ITEM('color',(#18601),#9401);
#18601 = PRESENTATION_STYLE_ASSIGNMENT((#18602));
#18602 = SURFACE_STYLE_USAGE(.BOTH.,#18603);
#18603 = SURFACE_SIDE_STYLE('',(#18604));
#18604 = SURFACE_STYLE_FILL_AREA(#18605);
#18605 = FILL_AREA_STYLE('',(#18606));
#18606 = FILL_AREA_STYLE_COLOUR('',#17795);
#18607 = STYLED_ITEM('color',(#18608),#9667);
#18608 = PRESENTATION_STYLE_ASSIGNMENT((#18609));
#18609 = SURFACE_STYLE_USAGE(.BOTH.,#18610);
#18610 = SURFACE_SIDE_STYLE('',(#18611));
#18611 = SURFACE_STYLE_FILL_AREA(#18612);
#18612 = FILL_AREA_STYLE('',(#18613));
#18613 = FILL_AREA_STYLE_COLOUR('',#17795);
#18614 = STYLED_ITEM('color',(#18615),#9713);
#18615 = PRESENTATION_STYLE_ASSIGNMENT((#18616));
#18616 = SURFACE_STYLE_USAGE(.BOTH.,#18617);
#18617 = SURFACE_SIDE_STYLE('',(#18618));
#18618 = SURFACE_STYLE_FILL_AREA(#18619);
#18619 = FILL_AREA_STYLE('',(#18620));
#18620 = FILL_AREA_STYLE_COLOUR('',#17795);
#18621 = STYLED_ITEM('color',(#18622),#9759);
#18622 = PRESENTATION_STYLE_ASSIGNMENT((#18623));
#18623 = SURFACE_STYLE_USAGE(.BOTH.,#18624);
#18624 = SURFACE_SIDE_STYLE('',(#18625));
#18625 = SURFACE_STYLE_FILL_AREA(#18626);
#18626 = FILL_AREA_STYLE('',(#18627));
#18627 = FILL_AREA_STYLE_COLOUR('',#17795);
#18628 = STYLED_ITEM('color',(#18629),#9878);
#18629 = PRESENTATION_STYLE_ASSIGNMENT((#18630));
#18630 = SURFACE_STYLE_USAGE(.BOTH.,#18631);
#18631 = SURFACE_SIDE_STYLE('',(#18632));
#18632 = SURFACE_STYLE_FILL_AREA(#18633);
#18633 = FILL_AREA_STYLE('',(#18634));
#18634 = FILL_AREA_STYLE_COLOUR('',#17795);
#18635 = STYLED_ITEM('color',(#18636),#9922);
#18636 = PRESENTATION_STYLE_ASSIGNMENT((#18637));
#18637 = SURFACE_STYLE_USAGE(.BOTH.,#18638);
#18638 = SURFACE_SIDE_STYLE('',(#18639));
#18639 = SURFACE_STYLE_FILL_AREA(#18640);
#18640 = FILL_AREA_STYLE('',(#18641));
#18641 = FILL_AREA_STYLE_COLOUR('',#17795);
#18642 = STYLED_ITEM('color',(#18643),#10166);
#18643 = PRESENTATION_STYLE_ASSIGNMENT((#18644));
#18644 = SURFACE_STYLE_USAGE(.BOTH.,#18645);
#18645 = SURFACE_SIDE_STYLE('',(#18646));
#18646 = SURFACE_STYLE_FILL_AREA(#18647);
#18647 = FILL_AREA_STYLE('',(#18648));
#18648 = FILL_AREA_STYLE_COLOUR('',#17795);
#18649 = STYLED_ITEM('color',(#18650),#10235);
#18650 = PRESENTATION_STYLE_ASSIGNMENT((#18651));
#18651 = SURFACE_STYLE_USAGE(.BOTH.,#18652);
#18652 = SURFACE_SIDE_STYLE('',(#18653));
#18653 = SURFACE_STYLE_FILL_AREA(#18654);
#18654 = FILL_AREA_STYLE('',(#18655));
#18655 = FILL_AREA_STYLE_COLOUR('',#17795);
#18656 = STYLED_ITEM('color',(#18657),#10501);
#18657 = PRESENTATION_STYLE_ASSIGNMENT((#18658));
#18658 = SURFACE_STYLE_USAGE(.BOTH.,#18659);
#18659 = SURFACE_SIDE_STYLE('',(#18660));
#18660 = SURFACE_STYLE_FILL_AREA(#18661);
#18661 = FILL_AREA_STYLE('',(#18662));
#18662 = FILL_AREA_STYLE_COLOUR('',#17795);
#18663 = STYLED_ITEM('color',(#18664),#10767);
#18664 = PRESENTATION_STYLE_ASSIGNMENT((#18665));
#18665 = SURFACE_STYLE_USAGE(.BOTH.,#18666);
#18666 = SURFACE_SIDE_STYLE('',(#18667));
#18667 = SURFACE_STYLE_FILL_AREA(#18668);
#18668 = FILL_AREA_STYLE('',(#18669));
#18669 = FILL_AREA_STYLE_COLOUR('',#17795);
#18670 = STYLED_ITEM('color',(#18671),#11011);
#18671 = PRESENTATION_STYLE_ASSIGNMENT((#18672));
#18672 = SURFACE_STYLE_USAGE(.BOTH.,#18673);
#18673 = SURFACE_SIDE_STYLE('',(#18674));
#18674 = SURFACE_STYLE_FILL_AREA(#18675);
#18675 = FILL_AREA_STYLE('',(#18676));
#18676 = FILL_AREA_STYLE_COLOUR('',#17795);
#18677 = STYLED_ITEM('color',(#18678),#11527);
#18678 = PRESENTATION_STYLE_ASSIGNMENT((#18679));
#18679 = SURFACE_STYLE_USAGE(.BOTH.,#18680);
#18680 = SURFACE_SIDE_STYLE('',(#18681));
#18681 = SURFACE_STYLE_FILL_AREA(#18682);
#18682 = FILL_AREA_STYLE('',(#18683));
#18683 = FILL_AREA_STYLE_COLOUR('',#17795);
#18684 = STYLED_ITEM('color',(#18685),#11929);
#18685 = PRESENTATION_STYLE_ASSIGNMENT((#18686));
#18686 = SURFACE_STYLE_USAGE(.BOTH.,#18687);
#18687 = SURFACE_SIDE_STYLE('',(#18688));
#18688 = SURFACE_STYLE_FILL_AREA(#18689);
#18689 = FILL_AREA_STYLE('',(#18690));
#18690 = FILL_AREA_STYLE_COLOUR('',#17795);
#18691 = STYLED_ITEM('color',(#18692),#12245);
#18692 = PRESENTATION_STYLE_ASSIGNMENT((#18693));
#18693 = SURFACE_STYLE_USAGE(.BOTH.,#18694);
#18694 = SURFACE_SIDE_STYLE('',(#18695));
#18695 = SURFACE_STYLE_FILL_AREA(#18696);
#18696 = FILL_AREA_STYLE('',(#18697));
#18697 = FILL_AREA_STYLE_COLOUR('',#17795);
#18698 = STYLED_ITEM('color',(#18699),#12561);
#18699 = PRESENTATION_STYLE_ASSIGNMENT((#18700));
#18700 = SURFACE_STYLE_USAGE(.BOTH.,#18701);
#18701 = SURFACE_SIDE_STYLE('',(#18702));
#18702 = SURFACE_STYLE_FILL_AREA(#18703);
#18703 = FILL_AREA_STYLE('',(#18704));
#18704 = FILL_AREA_STYLE_COLOUR('',#17795);
#18705 = STYLED_ITEM('color',(#18706),#12680);
#18706 = PRESENTATION_STYLE_ASSIGNMENT((#18707));
#18707 = SURFACE_STYLE_USAGE(.BOTH.,#18708);
#18708 = SURFACE_SIDE_STYLE('',(#18709));
#18709 = SURFACE_STYLE_FILL_AREA(#18710);
#18710 = FILL_AREA_STYLE('',(#18711));
#18711 = FILL_AREA_STYLE_COLOUR('',#17795);
#18712 = STYLED_ITEM('color',(#18713),#12904);
#18713 = PRESENTATION_STYLE_ASSIGNMENT((#18714));
#18714 = SURFACE_STYLE_USAGE(.BOTH.,#18715);
#18715 = SURFACE_SIDE_STYLE('',(#18716));
#18716 = SURFACE_STYLE_FILL_AREA(#18717);
#18717 = FILL_AREA_STYLE('',(#18718));
#18718 = FILL_AREA_STYLE_COLOUR('',#17795);
#18719 = STYLED_ITEM('color',(#18720),#13096);
#18720 = PRESENTATION_STYLE_ASSIGNMENT((#18721));
#18721 = SURFACE_STYLE_USAGE(.BOTH.,#18722);
#18722 = SURFACE_SIDE_STYLE('',(#18723));
#18723 = SURFACE_STYLE_FILL_AREA(#18724);
#18724 = FILL_AREA_STYLE('',(#18725));
#18725 = FILL_AREA_STYLE_COLOUR('',#17795);
#18726 = STYLED_ITEM('color',(#18727),#13223);
#18727 = PRESENTATION_STYLE_ASSIGNMENT((#18728));
#18728 = SURFACE_STYLE_USAGE(.BOTH.,#18729);
#18729 = SURFACE_SIDE_STYLE('',(#18730));
#18730 = SURFACE_STYLE_FILL_AREA(#18731);
#18731 = FILL_AREA_STYLE('',(#18732));
#18732 = FILL_AREA_STYLE_COLOUR('',#17795);
#18733 = STYLED_ITEM('color',(#18734),#13623);
#18734 = PRESENTATION_STYLE_ASSIGNMENT((#18735));
#18735 = SURFACE_STYLE_USAGE(.BOTH.,#18736);
#18736 = SURFACE_SIDE_STYLE('',(#18737));
#18737 = SURFACE_STYLE_FILL_AREA(#18738);
#18738 = FILL_AREA_STYLE('',(#18739));
#18739 = FILL_AREA_STYLE_COLOUR('',#17795);
#18740 = STYLED_ITEM('color',(#18741),#13847);
#18741 = PRESENTATION_STYLE_ASSIGNMENT((#18742));
#18742 = SURFACE_STYLE_USAGE(.BOTH.,#18743);
#18743 = SURFACE_SIDE_STYLE('',(#18744));
#18744 = SURFACE_STYLE_FILL_AREA(#18745);
#18745 = FILL_AREA_STYLE('',(#18746));
#18746 = FILL_AREA_STYLE_COLOUR('',#17795);
#18747 = STYLED_ITEM('color',(#18748),#14208);
#18748 = PRESENTATION_STYLE_ASSIGNMENT((#18749));
#18749 = SURFACE_STYLE_USAGE(.BOTH.,#18750);
#18750 = SURFACE_SIDE_STYLE('',(#18751));
#18751 = SURFACE_STYLE_FILL_AREA(#18752);
#18752 = FILL_AREA_STYLE('',(#18753));
#18753 = FILL_AREA_STYLE_COLOUR('',#17795);
#18754 = STYLED_ITEM('color',(#18755),#14506);
#18755 = PRESENTATION_STYLE_ASSIGNMENT((#18756));
#18756 = SURFACE_STYLE_USAGE(.BOTH.,#18757);
#18757 = SURFACE_SIDE_STYLE('',(#18758));
#18758 = SURFACE_STYLE_FILL_AREA(#18759);
#18759 = FILL_AREA_STYLE('',(#18760));
#18760 = FILL_AREA_STYLE_COLOUR('',#17795);
#18761 = STYLED_ITEM('color',(#18762),#14550);
#18762 = PRESENTATION_STYLE_ASSIGNMENT((#18763));
#18763 = SURFACE_STYLE_USAGE(.BOTH.,#18764);
#18764 = SURFACE_SIDE_STYLE('',(#18765));
#18765 = SURFACE_STYLE_FILL_AREA(#18766);
#18766 = FILL_AREA_STYLE('',(#18767));
#18767 = FILL_AREA_STYLE_COLOUR('',#17795);
#18768 = STYLED_ITEM('color',(#18769),#14848);
#18769 = PRESENTATION_STYLE_ASSIGNMENT((#18770));
#18770 = SURFACE_STYLE_USAGE(.BOTH.,#18771);
#18771 = SURFACE_SIDE_STYLE('',(#18772));
#18772 = SURFACE_STYLE_FILL_AREA(#18773);
#18773 = FILL_AREA_STYLE('',(#18774));
#18774 = FILL_AREA_STYLE_COLOUR('',#17795);
#18775 = STYLED_ITEM('color',(#18776),#15209);
#18776 = PRESENTATION_STYLE_ASSIGNMENT((#18777));
#18777 = SURFACE_STYLE_USAGE(.BOTH.,#18778);
#18778 = SURFACE_SIDE_STYLE('',(#18779));
#18779 = SURFACE_STYLE_FILL_AREA(#18780);
#18780 = FILL_AREA_STYLE('',(#18781));
#18781 = FILL_AREA_STYLE_COLOUR('',#17795);
#18782 = STYLED_ITEM('color',(#18783),#15293);
#18783 = PRESENTATION_STYLE_ASSIGNMENT((#18784));
#18784 = SURFACE_STYLE_USAGE(.BOTH.,#18785);
#18785 = SURFACE_SIDE_STYLE('',(#18786));
#18786 = SURFACE_STYLE_FILL_AREA(#18787);
#18787 = FILL_AREA_STYLE('',(#18788));
#18788 = FILL_AREA_STYLE_COLOUR('',#17795);
#18789 = STYLED_ITEM('color',(#18790),#15407);
#18790 = PRESENTATION_STYLE_ASSIGNMENT((#18791));
#18791 = SURFACE_STYLE_USAGE(.BOTH.,#18792);
#18792 = SURFACE_SIDE_STYLE('',(#18793));
#18793 = SURFACE_STYLE_FILL_AREA(#18794);
#18794 = FILL_AREA_STYLE('',(#18795));
#18795 = FILL_AREA_STYLE_COLOUR('',#17795);
#18796 = STYLED_ITEM('color',(#18797),#15713);
#18797 = PRESENTATION_STYLE_ASSIGNMENT((#18798));
#18798 = SURFACE_STYLE_USAGE(.BOTH.,#18799);
#18799 = SURFACE_SIDE_STYLE('',(#18800));
#18800 = SURFACE_STYLE_FILL_AREA(#18801);
#18801 = FILL_AREA_STYLE('',(#18802));
#18802 = FILL_AREA_STYLE_COLOUR('',#17795);
#18803 = STYLED_ITEM('color',(#18804),#15957);
#18804 = PRESENTATION_STYLE_ASSIGNMENT((#18805));
#18805 = SURFACE_STYLE_USAGE(.BOTH.,#18806);
#18806 = SURFACE_SIDE_STYLE('',(#18807));
#18807 = SURFACE_STYLE_FILL_AREA(#18808);
#18808 = FILL_AREA_STYLE('',(#18809));
#18809 = FILL_AREA_STYLE_COLOUR('',#17795);
#18810 = STYLED_ITEM('color',(#18811),#16285);
#18811 = PRESENTATION_STYLE_ASSIGNMENT((#18812));
#18812 = SURFACE_STYLE_USAGE(.BOTH.,#18813);
#18813 = SURFACE_SIDE_STYLE('',(#18814));
#18814 = SURFACE_STYLE_FILL_AREA(#18815);
#18815 = FILL_AREA_STYLE('',(#18816));
#18816 = FILL_AREA_STYLE_COLOUR('',#17795);
#18817 = STYLED_ITEM('color',(#18818),#16379);
#18818 = PRESENTATION_STYLE_ASSIGNMENT((#18819));
#18819 = SURFACE_STYLE_USAGE(.BOTH.,#18820);
#18820 = SURFACE_SIDE_STYLE('',(#18821));
#18821 = SURFACE_STYLE_FILL_AREA(#18822);
#18822 = FILL_AREA_STYLE('',(#18823));
#18823 = FILL_AREA_STYLE_COLOUR('',#17795);
#18824 = STYLED_ITEM('color',(#18825),#16450);
#18825 = PRESENTATION_STYLE_ASSIGNMENT((#18826));
#18826 = SURFACE_STYLE_USAGE(.BOTH.,#18827);
#18827 = SURFACE_SIDE_STYLE('',(#18828));
#18828 = SURFACE_STYLE_FILL_AREA(#18829);
#18829 = FILL_AREA_STYLE('',(#18830));
#18830 = FILL_AREA_STYLE_COLOUR('',#17795);
#18831 = STYLED_ITEM('color',(#18832),#16694);
#18832 = PRESENTATION_STYLE_ASSIGNMENT((#18833));
#18833 = SURFACE_STYLE_USAGE(.BOTH.,#18834);
#18834 = SURFACE_SIDE_STYLE('',(#18835));
#18835 = SURFACE_STYLE_FILL_AREA(#18836);
#18836 = FILL_AREA_STYLE('',(#18837));
#18837 = FILL_AREA_STYLE_COLOUR('',#17795);
#18838 = STYLED_ITEM('color',(#18839),#16822);
#18839 = PRESENTATION_STYLE_ASSIGNMENT((#18840));
#18840 = SURFACE_STYLE_USAGE(.BOTH.,#18841);
#18841 = SURFACE_SIDE_STYLE('',(#18842));
#18842 = SURFACE_STYLE_FILL_AREA(#18843);
#18843 = FILL_AREA_STYLE('',(#18844));
#18844 = FILL_AREA_STYLE_COLOUR('',#17795);
#18845 = STYLED_ITEM('color',(#18846),#17066);
#18846 = PRESENTATION_STYLE_ASSIGNMENT((#18847));
#18847 = SURFACE_STYLE_USAGE(.BOTH.,#18848);
#18848 = SURFACE_SIDE_STYLE('',(#18849));
#18849 = SURFACE_STYLE_FILL_AREA(#18850);
#18850 = FILL_AREA_STYLE('',(#18851));
#18851 = FILL_AREA_STYLE_COLOUR('',#17795);
#18852 = STYLED_ITEM('color',(#18853),#17137);
#18853 = PRESENTATION_STYLE_ASSIGNMENT((#18854));
#18854 = SURFACE_STYLE_USAGE(.BOTH.,#18855);
#18855 = SURFACE_SIDE_STYLE('',(#18856));
#18856 = SURFACE_STYLE_FILL_AREA(#18857);
#18857 = FILL_AREA_STYLE('',(#18858));
#18858 = FILL_AREA_STYLE_COLOUR('',#17795);
ENDSEC;
END-ISO-10303-21;
